ISO-10303-21;
HEADER;
FILE_DESCRIPTION(('STEP AP242'),'1');
FILE_NAME('1734366-1.stp','2022-07-27T08:03:54',('TraceParts'),('TraceParts S.A.'),'Spatial InterOp 3D',' ',' ');
FILE_SCHEMA(('AP242_MANAGED_MODEL_BASED_3D_ENGINEERING_MIM_LF  {1 0 10303 442 1 1 4}'));
ENDSEC;
DATA;
#1=MECHANICAL_DESIGN_GEOMETRIC_PRESENTATION_REPRESENTATION(' ',(#11,#12),#7);
#2=PRODUCT_DEFINITION_CONTEXT('',#13,'design');
#3=APPLICATION_PROTOCOL_DEFINITION('INTERNATIONAL STANDARD','ap242_managed_model_based_3d_engineering',2014,#13);
#4=PRODUCT_CATEGORY_RELATIONSHIP('NONE','NONE',#14,#15);
#5=SHAPE_DEFINITION_REPRESENTATION(#16,#17);
#6=SHAPE_DEFINITION_REPRESENTATION(#16,#18);
#7= (GEOMETRIC_REPRESENTATION_CONTEXT(3)GLOBAL_UNCERTAINTY_ASSIGNED_CONTEXT((#21))GLOBAL_UNIT_ASSIGNED_CONTEXT((#23,#24,#25))REPRESENTATION_CONTEXT('NONE','WORKSPACE'));
#11=STYLED_ITEM('',(#27),#28);
#12=STYLED_ITEM('',(#29),#30);
#13=APPLICATION_CONTEXT('managed model based 3d engineering');
#14=PRODUCT_CATEGORY('part','NONE');
#15=PRODUCT_RELATED_PRODUCT_CATEGORY('detail',' ',(#31));
#16=PRODUCT_DEFINITION_SHAPE('NONE','NONE',#32);
#17=ADVANCED_BREP_SHAPE_REPRESENTATION('1734366-1_1',(#33,#34),#7);
#18=GEOMETRICALLY_BOUNDED_SURFACE_SHAPE_REPRESENTATION('1',(#35,#36),#7);
#21=UNCERTAINTY_MEASURE_WITH_UNIT(LENGTH_MEASURE(1.0E-06),#23,'','');
#23= (CONVERSION_BASED_UNIT('MILLIMETRE',#39)LENGTH_UNIT()NAMED_UNIT(#42));
#24= (NAMED_UNIT(#44)PLANE_ANGLE_UNIT()SI_UNIT($,.RADIAN.));
#25= (NAMED_UNIT(#44)SOLID_ANGLE_UNIT()SI_UNIT($,.STERADIAN.));
#27=PRESENTATION_STYLE_ASSIGNMENT((#50));
#28=TRIMMED_CURVE('A_1',#51,(PARAMETER_VALUE(0.0)),(PARAMETER_VALUE(1.0)),.T.,.UNSPECIFIED.);
#29=PRESENTATION_STYLE_ASSIGNMENT((#52));
#30=TRIMMED_CURVE('A_2',#53,(PARAMETER_VALUE(0.0)),(PARAMETER_VALUE(1.0)),.T.,.UNSPECIFIED.);
#31=PRODUCT('1734366-1_1','1734366-1_1','PART-1734366-1_1-DESC',(#54));
#32=PRODUCT_DEFINITION('','NONE',#55,#2);
#33=MANIFOLD_SOLID_BREP('1734366-1_1',#56);
#34=AXIS2_PLACEMENT_3D('',#57,#58,#59);
#35=GEOMETRIC_SET('1',(#60,#61));
#36=AXIS2_PLACEMENT_3D('',#62,#63,#64);
#39=LENGTH_MEASURE_WITH_UNIT(LENGTH_MEASURE(1.0),#65);
#42=DIMENSIONAL_EXPONENTS(1.0,0.0,0.0,0.0,0.0,0.0,0.0);
#44=DIMENSIONAL_EXPONENTS(0.0,0.0,0.0,0.0,0.0,0.0,0.0);
#50=CURVE_STYLE('',#66,POSITIVE_LENGTH_MEASURE(0.02),#67);
#51=LINE('',#68,#69);
#52=CURVE_STYLE('',#70,POSITIVE_LENGTH_MEASURE(0.02),#71);
#53=LINE('',#72,#73);
#54=PRODUCT_CONTEXT('',#13,'mechanical');
#55=PRODUCT_DEFINITION_FORMATION_WITH_SPECIFIED_SOURCE(' ','NONE',#31,.NOT_KNOWN.);
#56=CLOSED_SHELL('',(#74,#75,#76,#77,#78,#79,#80,#81,#82,#83,#84,#85,#86,#87,#88,#89,#90,#91,#92,#93,#94,#95,#96,#97,#98,#99,#100,#101,#102,#103,#104,#105,#106,#107,#108,#109,#110,#111,#112,#113,#114,#115,#116,#117,#118,#119,#120,#121,#122,#123,#124,#125,#126,#127,#128,#129,#130,#131,#132,#133,#134,#135,#136,#137,#138,#139,#140,#141,#142,#143,#144,#145,#146,#147,#148,#149,#150,#151,#152,#153,#154,#155,#156,#157,#158,#159,#160,#161,#162,#163,#164,#165,#166,#167,#168,#169,#170,#171,#172,#173,#174,#175,#176,#177,#178,#179,#180,#181,#182,#183,#184,#185,#186,#187,#188,#189,#190,#191,#192,#193,#194,#195,#196,#197,#198,#199,#200,#201,#202,#203,#204,#205,#206,#207,#208,#209,#210,#211,#212,#213,#214,#215,#216,#217,#218,#219,#220,#221,#222,#223,#224,#225,#226,#227,#228,#229,#230,#231,#232,#233,#234,#235,#236,#237,#238,#239,#240,#241,#242,#243,#244,#245,#246,#247,#248,#249,#250,#251,#252,#253,#254,#255,#256,#257,#258,#259,#260,#261,#262,#263,#264,#265,#266,#267,#268,#269,#270,#271,#272,#273,#274,#275,#276,#277,#278,#279,#280,#281,#282,#283,#284,#285,#286,#287,#288,#289,#290,#291,#292,#293,#294,#295,#296,#297,#298,#299,#300,#301,#302,#303,#304,#305,#306,#307,#308,#309,#310,#311,#312,#313,#314,#315,#316,#317,#318,#319,#320,#321,#322,#323,#324,#325,#326,#327,#328,#329,#330,#331,#332,#333,#334,#335,#336,#337,#338,#339,#340,#341,#342,#343,#344,#345,#346,#347,#348,#349,#350,#351,#352,#353,#354,#355,#356,#357,#358,#359,#360,#361,#362,#363,#364,#365,#366,#367,#368,#369,#370,#371,#372,#373,#374,#375,#376,#377,#378,#379,#380,#381,#382,#383,#384,#385,#386,#387,#388,#389,#390,#391,#392,#393,#394,#395,#396,#397,#398,#399,#400,#401,#402,#403,#404,#405,#406,#407,#408));
#57=CARTESIAN_POINT('',(0.0,0.0,0.0));
#58=DIRECTION('',(0.0,0.0,1.0));
#59=DIRECTION('',(1.0,0.0,0.0));
#60=COMPOSITE_CURVE('1734366-1_2',(#409),.U.);
#61=COMPOSITE_CURVE('1734366-1_3',(#410),.U.);
#62=CARTESIAN_POINT('',(0.0,0.0,0.0));
#63=DIRECTION('',(0.0,0.0,1.0));
#64=DIRECTION('',(1.0,0.0,0.0));
#65= (NAMED_UNIT(#42)LENGTH_UNIT()SI_UNIT(.MILLI.,.METRE.));
#66=DRAUGHTING_PRE_DEFINED_CURVE_FONT('continuous');
#67=COLOUR_RGB('',0.0,0.0,0.941176474094391);
#68=CARTESIAN_POINT('',(-6.55,1.29,-15.0));
#69=VECTOR('',#412,13.1);
#70=DRAUGHTING_PRE_DEFINED_CURVE_FONT('continuous');
#71=COLOUR_RGB('',0.0,0.0,0.941176474094391);
#72=CARTESIAN_POINT('',(-6.55,-1.42,-15.0));
#73=VECTOR('',#413,13.1);
#74=ADVANCED_FACE('',(#414),#415,.F.);
#75=ADVANCED_FACE('',(#416),#417,.F.);
#76=ADVANCED_FACE('',(#418),#419,.F.);
#77=ADVANCED_FACE('',(#420),#421,.F.);
#78=ADVANCED_FACE('',(#422,#423),#424,.F.);
#79=ADVANCED_FACE('',(#425),#426,.F.);
#80=ADVANCED_FACE('',(#427),#428,.F.);
#81=ADVANCED_FACE('',(#429,#430),#431,.T.);
#82=ADVANCED_FACE('',(#432),#433,.T.);
#83=ADVANCED_FACE('',(#434),#435,.T.);
#84=ADVANCED_FACE('',(#436,#437),#438,.F.);
#85=ADVANCED_FACE('',(#439),#440,.F.);
#86=ADVANCED_FACE('',(#441),#442,.F.);
#87=ADVANCED_FACE('',(#443),#444,.F.);
#88=ADVANCED_FACE('',(#445),#446,.F.);
#89=ADVANCED_FACE('',(#447),#448,.T.);
#90=ADVANCED_FACE('',(#449),#450,.T.);
#91=ADVANCED_FACE('',(#451),#452,.T.);
#92=ADVANCED_FACE('',(#453),#454,.F.);
#93=ADVANCED_FACE('',(#455),#456,.F.);
#94=ADVANCED_FACE('',(#457),#458,.F.);
#95=ADVANCED_FACE('',(#459),#460,.T.);
#96=ADVANCED_FACE('',(#461),#462,.T.);
#97=ADVANCED_FACE('',(#463),#464,.T.);
#98=ADVANCED_FACE('',(#465),#466,.T.);
#99=ADVANCED_FACE('',(#467),#468,.T.);
#100=ADVANCED_FACE('',(#469),#470,.T.);
#101=ADVANCED_FACE('',(#471),#472,.T.);
#102=ADVANCED_FACE('',(#473),#474,.F.);
#103=ADVANCED_FACE('',(#475),#476,.F.);
#104=ADVANCED_FACE('',(#477),#478,.F.);
#105=ADVANCED_FACE('',(#479),#480,.F.);
#106=ADVANCED_FACE('',(#481),#482,.F.);
#107=ADVANCED_FACE('',(#483),#484,.F.);
#108=ADVANCED_FACE('',(#485),#486,.F.);
#109=ADVANCED_FACE('',(#487),#488,.F.);
#110=ADVANCED_FACE('',(#489),#490,.F.);
#111=ADVANCED_FACE('',(#491),#492,.F.);
#112=ADVANCED_FACE('',(#493,#494),#495,.F.);
#113=ADVANCED_FACE('',(#496),#497,.F.);
#114=ADVANCED_FACE('',(#498),#499,.T.);
#115=ADVANCED_FACE('',(#500),#501,.F.);
#116=ADVANCED_FACE('',(#502),#503,.F.);
#117=ADVANCED_FACE('',(#504),#505,.T.);
#118=ADVANCED_FACE('',(#506),#507,.F.);
#119=ADVANCED_FACE('',(#508),#509,.T.);
#120=ADVANCED_FACE('',(#510),#511,.T.);
#121=ADVANCED_FACE('',(#512),#513,.F.);
#122=ADVANCED_FACE('',(#514),#515,.F.);
#123=ADVANCED_FACE('',(#516),#517,.T.);
#124=ADVANCED_FACE('',(#518),#519,.T.);
#125=ADVANCED_FACE('',(#520),#521,.T.);
#126=ADVANCED_FACE('',(#522),#523,.T.);
#127=ADVANCED_FACE('',(#524),#525,.T.);
#128=ADVANCED_FACE('',(#526),#527,.T.);
#129=ADVANCED_FACE('',(#528),#529,.T.);
#130=ADVANCED_FACE('',(#530),#531,.F.);
#131=ADVANCED_FACE('',(#532,#533,#534),#535,.F.);
#132=ADVANCED_FACE('',(#536),#537,.F.);
#133=ADVANCED_FACE('',(#538),#539,.F.);
#134=ADVANCED_FACE('',(#540,#541,#542),#543,.F.);
#135=ADVANCED_FACE('',(#544),#545,.F.);
#136=ADVANCED_FACE('',(#546),#547,.F.);
#137=ADVANCED_FACE('',(#548,#549,#550),#551,.T.);
#138=ADVANCED_FACE('',(#552),#553,.F.);
#139=ADVANCED_FACE('',(#554),#555,.F.);
#140=ADVANCED_FACE('',(#556),#557,.F.);
#141=ADVANCED_FACE('',(#558),#559,.F.);
#142=ADVANCED_FACE('',(#560),#561,.F.);
#143=ADVANCED_FACE('',(#562),#563,.F.);
#144=ADVANCED_FACE('',(#564,#565,#566),#567,.T.);
#145=ADVANCED_FACE('',(#568),#569,.T.);
#146=ADVANCED_FACE('',(#570),#571,.T.);
#147=ADVANCED_FACE('',(#572),#573,.T.);
#148=ADVANCED_FACE('',(#574),#575,.T.);
#149=ADVANCED_FACE('',(#576),#577,.F.);
#150=ADVANCED_FACE('',(#578),#579,.T.);
#151=ADVANCED_FACE('',(#580),#581,.T.);
#152=ADVANCED_FACE('',(#582),#583,.T.);
#153=ADVANCED_FACE('',(#584),#585,.F.);
#154=ADVANCED_FACE('',(#586),#587,.T.);
#155=ADVANCED_FACE('',(#588),#589,.T.);
#156=ADVANCED_FACE('',(#590),#591,.T.);
#157=ADVANCED_FACE('',(#592),#593,.T.);
#158=ADVANCED_FACE('',(#594),#595,.T.);
#159=ADVANCED_FACE('',(#596),#597,.T.);
#160=ADVANCED_FACE('',(#598),#599,.T.);
#161=ADVANCED_FACE('',(#600),#601,.F.);
#162=ADVANCED_FACE('',(#602),#603,.T.);
#163=ADVANCED_FACE('',(#604),#605,.T.);
#164=ADVANCED_FACE('',(#606),#607,.F.);
#165=ADVANCED_FACE('',(#608),#609,.T.);
#166=ADVANCED_FACE('',(#610),#611,.F.);
#167=ADVANCED_FACE('',(#612),#613,.F.);
#168=ADVANCED_FACE('',(#614),#615,.F.);
#169=ADVANCED_FACE('',(#616),#617,.F.);
#170=ADVANCED_FACE('',(#618),#619,.F.);
#171=ADVANCED_FACE('',(#620),#621,.F.);
#172=ADVANCED_FACE('',(#622),#623,.F.);
#173=ADVANCED_FACE('',(#624),#625,.F.);
#174=ADVANCED_FACE('',(#626),#627,.F.);
#175=ADVANCED_FACE('',(#628),#629,.F.);
#176=ADVANCED_FACE('',(#630),#631,.T.);
#177=ADVANCED_FACE('',(#632),#633,.T.);
#178=ADVANCED_FACE('',(#634),#635,.T.);
#179=ADVANCED_FACE('',(#636),#637,.T.);
#180=ADVANCED_FACE('',(#638),#639,.T.);
#181=ADVANCED_FACE('',(#640),#641,.T.);
#182=ADVANCED_FACE('',(#642),#643,.T.);
#183=ADVANCED_FACE('',(#644),#645,.T.);
#184=ADVANCED_FACE('',(#646),#647,.T.);
#185=ADVANCED_FACE('',(#648),#649,.F.);
#186=ADVANCED_FACE('',(#650),#651,.T.);
#187=ADVANCED_FACE('',(#652),#653,.T.);
#188=ADVANCED_FACE('',(#654),#655,.T.);
#189=ADVANCED_FACE('',(#656),#657,.T.);
#190=ADVANCED_FACE('',(#658),#659,.T.);
#191=ADVANCED_FACE('',(#660),#661,.T.);
#192=ADVANCED_FACE('',(#662),#663,.T.);
#193=ADVANCED_FACE('',(#664),#665,.F.);
#194=ADVANCED_FACE('',(#666),#667,.F.);
#195=ADVANCED_FACE('',(#668),#669,.T.);
#196=ADVANCED_FACE('',(#670),#671,.T.);
#197=ADVANCED_FACE('',(#672),#673,.T.);
#198=ADVANCED_FACE('',(#674),#675,.T.);
#199=ADVANCED_FACE('',(#676),#677,.T.);
#200=ADVANCED_FACE('',(#678),#679,.T.);
#201=ADVANCED_FACE('',(#680),#681,.T.);
#202=ADVANCED_FACE('',(#682),#683,.T.);
#203=ADVANCED_FACE('',(#684),#685,.T.);
#204=ADVANCED_FACE('',(#686),#687,.F.);
#205=ADVANCED_FACE('',(#688),#689,.T.);
#206=ADVANCED_FACE('',(#690),#691,.T.);
#207=ADVANCED_FACE('',(#692),#693,.T.);
#208=ADVANCED_FACE('',(#694),#695,.F.);
#209=ADVANCED_FACE('',(#696),#697,.T.);
#210=ADVANCED_FACE('',(#698),#699,.T.);
#211=ADVANCED_FACE('',(#700),#701,.T.);
#212=ADVANCED_FACE('',(#702),#703,.T.);
#213=ADVANCED_FACE('',(#704),#705,.T.);
#214=ADVANCED_FACE('',(#706),#707,.T.);
#215=ADVANCED_FACE('',(#708),#709,.F.);
#216=ADVANCED_FACE('',(#710),#711,.F.);
#217=ADVANCED_FACE('',(#712),#713,.T.);
#218=ADVANCED_FACE('',(#714),#715,.F.);
#219=ADVANCED_FACE('',(#716),#717,.F.);
#220=ADVANCED_FACE('',(#718),#719,.F.);
#221=ADVANCED_FACE('',(#720),#721,.T.);
#222=ADVANCED_FACE('',(#722),#723,.T.);
#223=ADVANCED_FACE('',(#724),#725,.F.);
#224=ADVANCED_FACE('',(#726),#727,.F.);
#225=ADVANCED_FACE('',(#728),#729,.T.);
#226=ADVANCED_FACE('',(#730),#731,.T.);
#227=ADVANCED_FACE('',(#732),#733,.T.);
#228=ADVANCED_FACE('',(#734),#735,.T.);
#229=ADVANCED_FACE('',(#736),#737,.T.);
#230=ADVANCED_FACE('',(#738),#739,.T.);
#231=ADVANCED_FACE('',(#740),#741,.T.);
#232=ADVANCED_FACE('',(#742),#743,.T.);
#233=ADVANCED_FACE('',(#744),#745,.F.);
#234=ADVANCED_FACE('',(#746),#747,.T.);
#235=ADVANCED_FACE('',(#748),#749,.T.);
#236=ADVANCED_FACE('',(#750),#751,.T.);
#237=ADVANCED_FACE('',(#752),#753,.T.);
#238=ADVANCED_FACE('',(#754),#755,.T.);
#239=ADVANCED_FACE('',(#756),#757,.T.);
#240=ADVANCED_FACE('',(#758),#759,.T.);
#241=ADVANCED_FACE('',(#760),#761,.T.);
#242=ADVANCED_FACE('',(#762),#763,.F.);
#243=ADVANCED_FACE('',(#764),#765,.T.);
#244=ADVANCED_FACE('',(#766),#767,.F.);
#245=ADVANCED_FACE('',(#768),#769,.T.);
#246=ADVANCED_FACE('',(#770),#771,.T.);
#247=ADVANCED_FACE('',(#772),#773,.T.);
#248=ADVANCED_FACE('',(#774),#775,.T.);
#249=ADVANCED_FACE('',(#776),#777,.F.);
#250=ADVANCED_FACE('',(#778),#779,.T.);
#251=ADVANCED_FACE('',(#780),#781,.T.);
#252=ADVANCED_FACE('',(#782),#783,.F.);
#253=ADVANCED_FACE('',(#784),#785,.T.);
#254=ADVANCED_FACE('',(#786),#787,.T.);
#255=ADVANCED_FACE('',(#788),#789,.T.);
#256=ADVANCED_FACE('',(#790),#791,.T.);
#257=ADVANCED_FACE('',(#792),#793,.F.);
#258=ADVANCED_FACE('',(#794),#795,.F.);
#259=ADVANCED_FACE('',(#796),#797,.T.);
#260=ADVANCED_FACE('',(#798),#799,.F.);
#261=ADVANCED_FACE('',(#800),#801,.T.);
#262=ADVANCED_FACE('',(#802,#803,#804,#805,#806),#807,.T.);
#263=ADVANCED_FACE('',(#808),#809,.T.);
#264=ADVANCED_FACE('',(#810),#811,.F.);
#265=ADVANCED_FACE('',(#812),#813,.T.);
#266=ADVANCED_FACE('',(#814),#815,.T.);
#267=ADVANCED_FACE('',(#816),#817,.T.);
#268=ADVANCED_FACE('',(#818),#819,.T.);
#269=ADVANCED_FACE('',(#820),#821,.F.);
#270=ADVANCED_FACE('',(#822),#823,.F.);
#271=ADVANCED_FACE('',(#824),#825,.F.);
#272=ADVANCED_FACE('',(#826),#827,.T.);
#273=ADVANCED_FACE('',(#828),#829,.T.);
#274=ADVANCED_FACE('',(#830),#831,.F.);
#275=ADVANCED_FACE('',(#832),#833,.F.);
#276=ADVANCED_FACE('',(#834),#835,.F.);
#277=ADVANCED_FACE('',(#836),#837,.F.);
#278=ADVANCED_FACE('',(#838),#839,.T.);
#279=ADVANCED_FACE('',(#840),#841,.T.);
#280=ADVANCED_FACE('',(#842),#843,.F.);
#281=ADVANCED_FACE('',(#844),#845,.F.);
#282=ADVANCED_FACE('',(#846),#847,.T.);
#283=ADVANCED_FACE('',(#848),#849,.F.);
#284=ADVANCED_FACE('',(#850),#851,.T.);
#285=ADVANCED_FACE('',(#852),#853,.T.);
#286=ADVANCED_FACE('',(#854),#855,.F.);
#287=ADVANCED_FACE('',(#856),#857,.F.);
#288=ADVANCED_FACE('',(#858),#859,.T.);
#289=ADVANCED_FACE('',(#860),#861,.F.);
#290=ADVANCED_FACE('',(#862),#863,.T.);
#291=ADVANCED_FACE('',(#864),#865,.T.);
#292=ADVANCED_FACE('',(#866),#867,.T.);
#293=ADVANCED_FACE('',(#868),#869,.T.);
#294=ADVANCED_FACE('',(#870),#871,.T.);
#295=ADVANCED_FACE('',(#872),#873,.F.);
#296=ADVANCED_FACE('',(#874),#875,.T.);
#297=ADVANCED_FACE('',(#876),#877,.T.);
#298=ADVANCED_FACE('',(#878),#879,.T.);
#299=ADVANCED_FACE('',(#880),#881,.T.);
#300=ADVANCED_FACE('',(#882),#883,.T.);
#301=ADVANCED_FACE('',(#884),#885,.T.);
#302=ADVANCED_FACE('',(#886),#887,.F.);
#303=ADVANCED_FACE('',(#888),#889,.T.);
#304=ADVANCED_FACE('',(#890),#891,.F.);
#305=ADVANCED_FACE('',(#892),#893,.T.);
#306=ADVANCED_FACE('',(#894),#895,.T.);
#307=ADVANCED_FACE('',(#896),#897,.F.);
#308=ADVANCED_FACE('',(#898),#899,.F.);
#309=ADVANCED_FACE('',(#900),#901,.F.);
#310=ADVANCED_FACE('',(#902),#903,.T.);
#311=ADVANCED_FACE('',(#904),#905,.T.);
#312=ADVANCED_FACE('',(#906),#907,.T.);
#313=ADVANCED_FACE('',(#908),#909,.F.);
#314=ADVANCED_FACE('',(#910),#911,.F.);
#315=ADVANCED_FACE('',(#912),#913,.T.);
#316=ADVANCED_FACE('',(#914),#915,.T.);
#317=ADVANCED_FACE('',(#916),#917,.T.);
#318=ADVANCED_FACE('',(#918),#919,.F.);
#319=ADVANCED_FACE('',(#920),#921,.F.);
#320=ADVANCED_FACE('',(#922),#923,.T.);
#321=ADVANCED_FACE('',(#924),#925,.T.);
#322=ADVANCED_FACE('',(#926),#927,.T.);
#323=ADVANCED_FACE('',(#928),#929,.F.);
#324=ADVANCED_FACE('',(#930),#931,.F.);
#325=ADVANCED_FACE('',(#932),#933,.T.);
#326=ADVANCED_FACE('',(#934),#935,.T.);
#327=ADVANCED_FACE('',(#936),#937,.T.);
#328=ADVANCED_FACE('',(#938),#939,.F.);
#329=ADVANCED_FACE('',(#940),#941,.F.);
#330=ADVANCED_FACE('',(#942),#943,.F.);
#331=ADVANCED_FACE('',(#944),#945,.T.);
#332=ADVANCED_FACE('',(#946),#947,.F.);
#333=ADVANCED_FACE('',(#948),#949,.T.);
#334=ADVANCED_FACE('',(#950),#951,.T.);
#335=ADVANCED_FACE('',(#952),#953,.T.);
#336=ADVANCED_FACE('',(#954),#955,.F.);
#337=ADVANCED_FACE('',(#956),#957,.F.);
#338=ADVANCED_FACE('',(#958,#959),#960,.T.);
#339=ADVANCED_FACE('',(#961),#962,.F.);
#340=ADVANCED_FACE('',(#963),#964,.F.);
#341=ADVANCED_FACE('',(#965),#966,.T.);
#342=ADVANCED_FACE('',(#967),#968,.F.);
#343=ADVANCED_FACE('',(#969),#970,.F.);
#344=ADVANCED_FACE('',(#971),#972,.T.);
#345=ADVANCED_FACE('',(#973),#974,.F.);
#346=ADVANCED_FACE('',(#975),#976,.T.);
#347=ADVANCED_FACE('',(#977),#978,.T.);
#348=ADVANCED_FACE('',(#979,#980,#981,#982,#983),#984,.T.);
#349=ADVANCED_FACE('',(#985),#986,.F.);
#350=ADVANCED_FACE('',(#987),#988,.T.);
#351=ADVANCED_FACE('',(#989),#990,.T.);
#352=ADVANCED_FACE('',(#991),#992,.F.);
#353=ADVANCED_FACE('',(#993),#994,.F.);
#354=ADVANCED_FACE('',(#995),#996,.T.);
#355=ADVANCED_FACE('',(#997),#998,.T.);
#356=ADVANCED_FACE('',(#999),#1000,.F.);
#357=ADVANCED_FACE('',(#1001),#1002,.F.);
#358=ADVANCED_FACE('',(#1003),#1004,.T.);
#359=ADVANCED_FACE('',(#1005),#1006,.T.);
#360=ADVANCED_FACE('',(#1007),#1008,.F.);
#361=ADVANCED_FACE('',(#1009),#1010,.F.);
#362=ADVANCED_FACE('',(#1011),#1012,.T.);
#363=ADVANCED_FACE('',(#1013),#1014,.T.);
#364=ADVANCED_FACE('',(#1015),#1016,.F.);
#365=ADVANCED_FACE('',(#1017),#1018,.F.);
#366=ADVANCED_FACE('',(#1019),#1020,.T.);
#367=ADVANCED_FACE('',(#1021),#1022,.T.);
#368=ADVANCED_FACE('',(#1023),#1024,.F.);
#369=ADVANCED_FACE('',(#1025),#1026,.F.);
#370=ADVANCED_FACE('',(#1027),#1028,.F.);
#371=ADVANCED_FACE('',(#1029),#1030,.F.);
#372=ADVANCED_FACE('',(#1031),#1032,.T.);
#373=ADVANCED_FACE('',(#1033),#1034,.T.);
#374=ADVANCED_FACE('',(#1035),#1036,.F.);
#375=ADVANCED_FACE('',(#1037),#1038,.T.);
#376=ADVANCED_FACE('',(#1039),#1040,.T.);
#377=ADVANCED_FACE('',(#1041),#1042,.T.);
#378=ADVANCED_FACE('',(#1043),#1044,.T.);
#379=ADVANCED_FACE('',(#1045),#1046,.F.);
#380=ADVANCED_FACE('',(#1047),#1048,.T.);
#381=ADVANCED_FACE('',(#1049),#1050,.F.);
#382=ADVANCED_FACE('',(#1051),#1052,.F.);
#383=ADVANCED_FACE('',(#1053),#1054,.T.);
#384=ADVANCED_FACE('',(#1055),#1056,.F.);
#385=ADVANCED_FACE('',(#1057),#1058,.F.);
#386=ADVANCED_FACE('',(#1059),#1060,.F.);
#387=ADVANCED_FACE('',(#1061),#1062,.F.);
#388=ADVANCED_FACE('',(#1063),#1064,.T.);
#389=ADVANCED_FACE('',(#1065),#1066,.T.);
#390=ADVANCED_FACE('',(#1067),#1068,.T.);
#391=ADVANCED_FACE('',(#1069),#1070,.T.);
#392=ADVANCED_FACE('',(#1071),#1072,.T.);
#393=ADVANCED_FACE('',(#1073),#1074,.T.);
#394=ADVANCED_FACE('',(#1075),#1076,.T.);
#395=ADVANCED_FACE('',(#1077),#1078,.T.);
#396=ADVANCED_FACE('',(#1079),#1080,.F.);
#397=ADVANCED_FACE('',(#1081),#1082,.T.);
#398=ADVANCED_FACE('',(#1083),#1084,.T.);
#399=ADVANCED_FACE('',(#1085),#1086,.T.);
#400=ADVANCED_FACE('',(#1087),#1088,.T.);
#401=ADVANCED_FACE('',(#1089),#1090,.T.);
#402=ADVANCED_FACE('',(#1091),#1092,.T.);
#403=ADVANCED_FACE('',(#1093),#1094,.T.);
#404=ADVANCED_FACE('',(#1095),#1096,.F.);
#405=ADVANCED_FACE('',(#1097),#1098,.F.);
#406=ADVANCED_FACE('',(#1099),#1100,.T.);
#407=ADVANCED_FACE('',(#1101),#1102,.T.);
#408=ADVANCED_FACE('',(#1103),#1104,.T.);
#409=COMPOSITE_CURVE_SEGMENT(.CONTINUOUS.,.T.,#28);
#410=COMPOSITE_CURVE_SEGMENT(.CONTINUOUS.,.T.,#30);
#412=DIRECTION('',(1.0,0.0,0.0));
#413=DIRECTION('',(1.0,0.0,0.0));
#414=FACE_OUTER_BOUND('',#1105,.T.);
#415=CYLINDRICAL_SURFACE('',#1106,0.8961365110571);
#416=FACE_OUTER_BOUND('',#1107,.T.);
#417=CYLINDRICAL_SURFACE('',#1108,0.8961365110571);
#418=FACE_OUTER_BOUND('',#1109,.T.);
#419=CYLINDRICAL_SURFACE('',#1110,0.8961365110571);
#420=FACE_OUTER_BOUND('',#1111,.T.);
#421=CYLINDRICAL_SURFACE('',#1112,0.8961365110571);
#422=FACE_OUTER_BOUND('',#1113,.T.);
#423=FACE_BOUND('',#1114,.T.);
#424=PLANE('',#1115);
#425=FACE_OUTER_BOUND('',#1116,.T.);
#426=PLANE('',#1117);
#427=FACE_OUTER_BOUND('',#1118,.T.);
#428=PLANE('',#1119);
#429=FACE_OUTER_BOUND('',#1120,.T.);
#430=FACE_BOUND('',#1121,.T.);
#431=PLANE('',#1122);
#432=FACE_OUTER_BOUND('',#1123,.T.);
#433=PLANE('',#1124);
#434=FACE_OUTER_BOUND('',#1125,.T.);
#435=PLANE('',#1126);
#436=FACE_OUTER_BOUND('',#1127,.T.);
#437=FACE_BOUND('',#1128,.T.);
#438=PLANE('',#1129);
#439=FACE_OUTER_BOUND('',#1130,.T.);
#440=PLANE('',#1131);
#441=FACE_OUTER_BOUND('',#1132,.T.);
#442=PLANE('',#1133);
#443=FACE_OUTER_BOUND('',#1134,.T.);
#444=PLANE('',#1135);
#445=FACE_OUTER_BOUND('',#1136,.T.);
#446=PLANE('',#1137);
#447=FACE_OUTER_BOUND('',#1138,.T.);
#448=B_SPLINE_SURFACE_WITH_KNOTS('',3,3,((#1139,#1140,#1141,#1142),(#1143,#1144,#1145,#1146),(#1147,#1148,#1149,#1150),(#1151,#1152,#1153,#1154)),.UNSPECIFIED.,.F.,.F.,.F.,(4,4),(4,4),(-8.1209459570707E-05,1.00000061886987),(-3.94897742214185E-05,0.103117078012468),.UNSPECIFIED.);
#449=FACE_OUTER_BOUND('',#1155,.T.);
#450=B_SPLINE_SURFACE_WITH_KNOTS('',3,3,((#1156,#1157,#1158,#1159),(#1160,#1161,#1162,#1163),(#1164,#1165,#1166,#1167),(#1168,#1169,#1170,#1171)),.UNSPECIFIED.,.F.,.F.,.F.,(4,4),(4,4),(-0.0016325207362504,1.00163252073625),(-0.00163178552122863,0.104705121097184),.UNSPECIFIED.);
#451=FACE_OUTER_BOUND('',#1172,.T.);
#452=B_SPLINE_SURFACE_WITH_KNOTS('',3,3,((#1173,#1174,#1175,#1176),(#1177,#1178,#1179,#1180),(#1181,#1182,#1183,#1184),(#1185,#1186,#1187,#1188)),.UNSPECIFIED.,.F.,.F.,.F.,(4,4),(4,4),(-6.18869452766326E-07,1.00008120945997),(-3.94897742035398E-05,0.103117078012449),.UNSPECIFIED.);
#453=FACE_OUTER_BOUND('',#1189,.T.);
#454=CYLINDRICAL_SURFACE('',#1190,0.32);
#455=FACE_OUTER_BOUND('',#1191,.T.);
#456=PLANE('',#1192);
#457=FACE_OUTER_BOUND('',#1193,.T.);
#458=PLANE('',#1194);
#459=FACE_OUTER_BOUND('',#1195,.T.);
#460=PLANE('',#1196);
#461=FACE_OUTER_BOUND('',#1197,.T.);
#462=PLANE('',#1198);
#463=FACE_OUTER_BOUND('',#1199,.T.);
#464=B_SPLINE_SURFACE_WITH_KNOTS('',3,3,((#1200,#1201,#1202,#1203,#1204),(#1205,#1206,#1207,#1208,#1209),(#1210,#1211,#1212,#1213,#1214),(#1215,#1216,#1217,#1218,#1219)),.UNSPECIFIED.,.F.,.F.,.F.,(4,4),(4,1,4),(-0.0354702623103082,1.00004363339408),(-0.0244438965768,0.836971658034,1.698387212645),.UNSPECIFIED.);
#465=FACE_OUTER_BOUND('',#1220,.T.);
#466=CYLINDRICAL_SURFACE('',#1221,0.64);
#467=FACE_OUTER_BOUND('',#1222,.T.);
#468=B_SPLINE_SURFACE_WITH_KNOTS('',3,3,((#1223,#1224,#1225,#1226,#1227),(#1228,#1229,#1230,#1231,#1232),(#1233,#1234,#1235,#1236,#1237),(#1238,#1239,#1240,#1241,#1242)),.UNSPECIFIED.,.F.,.F.,.F.,(4,4),(4,1,4),(-4.36333943576681E-05,1.03547026231003),(-0.0244438965768,0.836971658034,1.698387212645),.UNSPECIFIED.);
#469=FACE_OUTER_BOUND('',#1243,.T.);
#470=B_SPLINE_SURFACE_WITH_KNOTS('',3,3,((#1244,#1245,#1246,#1247,#1248),(#1249,#1250,#1251,#1252,#1253),(#1254,#1255,#1256,#1257,#1258),(#1259,#1260,#1261,#1262,#1263)),.UNSPECIFIED.,.F.,.F.,.F.,(4,4),(4,1,4),(-0.02004697864049,1.02004697864),(-0.0244438965768,0.836971658034,1.698387212645),.UNSPECIFIED.);
#471=FACE_OUTER_BOUND('',#1264,.T.);
#472=PLANE('',#1265);
#473=FACE_OUTER_BOUND('',#1266,.T.);
#474=PLANE('',#1267);
#475=FACE_OUTER_BOUND('',#1268,.T.);
#476=PLANE('',#1269);
#477=FACE_OUTER_BOUND('',#1270,.T.);
#478=CYLINDRICAL_SURFACE('',#1271,0.25);
#479=FACE_OUTER_BOUND('',#1272,.T.);
#480=CYLINDRICAL_SURFACE('',#1273,0.25);
#481=FACE_OUTER_BOUND('',#1274,.T.);
#482=PLANE('',#1275);
#483=FACE_OUTER_BOUND('',#1276,.T.);
#484=PLANE('',#1277);
#485=FACE_OUTER_BOUND('',#1278,.T.);
#486=CYLINDRICAL_SURFACE('',#1279,0.25);
#487=FACE_OUTER_BOUND('',#1280,.T.);
#488=CYLINDRICAL_SURFACE('',#1281,0.25);
#489=FACE_OUTER_BOUND('',#1282,.T.);
#490=PLANE('',#1283);
#491=FACE_OUTER_BOUND('',#1284,.T.);
#492=PLANE('',#1285);
#493=FACE_OUTER_BOUND('',#1286,.T.);
#494=FACE_BOUND('',#1287,.T.);
#495=PLANE('',#1288);
#496=FACE_OUTER_BOUND('',#1289,.T.);
#497=PLANE('',#1290);
#498=FACE_OUTER_BOUND('',#1291,.T.);
#499=PLANE('',#1292);
#500=FACE_OUTER_BOUND('',#1293,.T.);
#501=PLANE('',#1294);
#502=FACE_OUTER_BOUND('',#1295,.T.);
#503=PLANE('',#1296);
#504=FACE_OUTER_BOUND('',#1297,.T.);
#505=B_SPLINE_SURFACE_WITH_KNOTS('',3,3,((#1298,#1299,#1300,#1301),(#1302,#1303,#1304,#1305),(#1306,#1307,#1308,#1309),(#1310,#1311,#1312,#1313)),.UNSPECIFIED.,.F.,.F.,.F.,(4,4),(4,4),(-6.19080304057139E-07,1.00008281812746),(-4.02859513131661E-05,0.103122076579453),.UNSPECIFIED.);
#506=FACE_OUTER_BOUND('',#1314,.T.);
#507=CYLINDRICAL_SURFACE('',#1315,0.32);
#508=FACE_OUTER_BOUND('',#1316,.T.);
#509=B_SPLINE_SURFACE_WITH_KNOTS('',3,3,((#1317,#1318,#1319,#1320),(#1321,#1322,#1323,#1324),(#1325,#1326,#1327,#1328),(#1329,#1330,#1331,#1332)),.UNSPECIFIED.,.F.,.F.,.F.,(4,4),(4,4),(-8.28181275938105E-05,1.00000061908015),(-4.02859513054541E-05,0.103122076579443),.UNSPECIFIED.);
#510=FACE_OUTER_BOUND('',#1333,.T.);
#511=B_SPLINE_SURFACE_WITH_KNOTS('',3,3,((#1334,#1335,#1336,#1337),(#1338,#1339,#1340,#1341),(#1342,#1343,#1344,#1345),(#1346,#1347,#1348,#1349)),.UNSPECIFIED.,.F.,.F.,.F.,(4,4),(4,4),(-0.0016329227719663,1.00163292277197),(-0.00163217792501553,0.104709676314025),.UNSPECIFIED.);
#512=FACE_OUTER_BOUND('',#1350,.T.);
#513=PLANE('',#1351);
#514=FACE_OUTER_BOUND('',#1352,.T.);
#515=PLANE('',#1353);
#516=FACE_OUTER_BOUND('',#1354,.T.);
#517=PLANE('',#1355);
#518=FACE_OUTER_BOUND('',#1356,.T.);
#519=PLANE('',#1357);
#520=FACE_OUTER_BOUND('',#1358,.T.);
#521=B_SPLINE_SURFACE_WITH_KNOTS('',3,3,((#1359,#1360,#1361,#1362,#1363),(#1364,#1365,#1366,#1367,#1368),(#1369,#1370,#1371,#1372,#1373),(#1374,#1375,#1376,#1377,#1378)),.UNSPECIFIED.,.F.,.F.,.F.,(4,4),(4,1,4),(-3.60985537168504E-05,1.00319133229996),(-0.02413225969916,0.7791865452114,1.582505350122),.UNSPECIFIED.);
#522=FACE_OUTER_BOUND('',#1379,.T.);
#523=B_SPLINE_SURFACE_WITH_KNOTS('',3,3,((#1380,#1381,#1382,#1383,#1384),(#1385,#1386,#1387,#1388,#1389),(#1390,#1391,#1392,#1393,#1394),(#1395,#1396,#1397,#1398,#1399)),.UNSPECIFIED.,.F.,.F.,.F.,(4,4),(4,1,4),(-0.02004697864049,1.02004697864),(-0.02413225969916,0.7791865452114,1.582505350122),.UNSPECIFIED.);
#524=FACE_OUTER_BOUND('',#1400,.T.);
#525=B_SPLINE_SURFACE_WITH_KNOTS('',3,3,((#1401,#1402,#1403,#1404,#1405),(#1406,#1407,#1408,#1409,#1410),(#1411,#1412,#1413,#1414,#1415),(#1416,#1417,#1418,#1419,#1420)),.UNSPECIFIED.,.F.,.F.,.F.,(4,4),(4,1,4),(-0.00319133229959357,1.0000360985541),(-0.02413225969916,0.7791865452114,1.582505350122),.UNSPECIFIED.);
#526=FACE_OUTER_BOUND('',#1421,.T.);
#527=CYLINDRICAL_SURFACE('',#1422,0.644298245614);
#528=FACE_OUTER_BOUND('',#1423,.T.);
#529=PLANE('',#1424);
#530=FACE_OUTER_BOUND('',#1425,.T.);
#531=CYLINDRICAL_SURFACE('',#1426,0.338);
#532=FACE_OUTER_BOUND('',#1427,.T.);
#533=FACE_BOUND('',#1428,.T.);
#534=FACE_BOUND('',#1429,.T.);
#535=PLANE('',#1430);
#536=FACE_OUTER_BOUND('',#1431,.T.);
#537=PLANE('',#1432);
#538=FACE_OUTER_BOUND('',#1433,.T.);
#539=PLANE('',#1434);
#540=FACE_OUTER_BOUND('',#1435,.T.);
#541=FACE_BOUND('',#1436,.T.);
#542=FACE_BOUND('',#1437,.T.);
#543=PLANE('',#1438);
#544=FACE_OUTER_BOUND('',#1439,.T.);
#545=PLANE('',#1440);
#546=FACE_OUTER_BOUND('',#1441,.T.);
#547=PLANE('',#1442);
#548=FACE_OUTER_BOUND('',#1443,.T.);
#549=FACE_BOUND('',#1444,.T.);
#550=FACE_BOUND('',#1445,.T.);
#551=PLANE('',#1446);
#552=FACE_OUTER_BOUND('',#1447,.T.);
#553=PLANE('',#1448);
#554=FACE_OUTER_BOUND('',#1449,.T.);
#555=PLANE('',#1450);
#556=FACE_OUTER_BOUND('',#1451,.T.);
#557=CYLINDRICAL_SURFACE('',#1452,0.8961365110571);
#558=FACE_OUTER_BOUND('',#1453,.T.);
#559=CYLINDRICAL_SURFACE('',#1454,0.8961365110571);
#560=FACE_OUTER_BOUND('',#1455,.T.);
#561=PLANE('',#1456);
#562=FACE_OUTER_BOUND('',#1457,.T.);
#563=PLANE('',#1458);
#564=FACE_OUTER_BOUND('',#1459,.T.);
#565=FACE_BOUND('',#1460,.T.);
#566=FACE_BOUND('',#1461,.T.);
#567=PLANE('',#1462);
#568=FACE_OUTER_BOUND('',#1463,.T.);
#569=B_SPLINE_SURFACE_WITH_KNOTS('',3,3,((#1464,#1465,#1466,#1467),(#1468,#1469,#1470,#1471),(#1472,#1473,#1474,#1475),(#1476,#1477,#1478,#1479)),.UNSPECIFIED.,.F.,.F.,.F.,(4,4),(4,4),(-0.00096842400079607,1.0009684240008),(-0.000960287974919981,0.0542117730151248),.UNSPECIFIED.);
#570=FACE_OUTER_BOUND('',#1480,.T.);
#571=B_SPLINE_SURFACE_WITH_KNOTS('',3,3,((#1481,#1482,#1483,#1484),(#1485,#1486,#1487,#1488),(#1489,#1490,#1491,#1492),(#1493,#1494,#1495,#1496)),.UNSPECIFIED.,.F.,.F.,.F.,(4,4),(4,4),(-0.0033333333335609,1.00333333333348),(-0.0033333333326219,0.0565806511716526),.UNSPECIFIED.);
#572=FACE_OUTER_BOUND('',#1497,.T.);
#573=B_SPLINE_SURFACE_WITH_KNOTS('',3,3,((#1498,#1499,#1500,#1501),(#1502,#1503,#1504,#1505),(#1506,#1507,#1508,#1509),(#1510,#1511,#1512,#1513)),.UNSPECIFIED.,.F.,.F.,.F.,(4,4),(4,4),(-0.000999948793555893,1.00099994879356),(-0.000999948793227024,0.0542460085777653),.UNSPECIFIED.);
#574=FACE_OUTER_BOUND('',#1514,.T.);
#575=B_SPLINE_SURFACE_WITH_KNOTS('',3,3,((#1515,#1516,#1517,#1518),(#1519,#1520,#1521,#1522),(#1523,#1524,#1525,#1526),(#1527,#1528,#1529,#1530)),.UNSPECIFIED.,.F.,.F.,.F.,(4,4),(4,4),(-0.00333333333345951,1.0033333333336),(-0.00333333333314302,0.0565806511716546),.UNSPECIFIED.);
#576=FACE_OUTER_BOUND('',#1531,.T.);
#577=PLANE('',#1532);
#578=FACE_OUTER_BOUND('',#1533,.T.);
#579=B_SPLINE_SURFACE_WITH_KNOTS('',3,3,((#1534,#1535,#1536,#1537),(#1538,#1539,#1540,#1541),(#1542,#1543,#1544,#1545),(#1546,#1547,#1548,#1549)),.UNSPECIFIED.,.F.,.F.,.F.,(4,4),(4,4),(-0.00100641842813004,1.00100641842813),(0.0522507038792079,4.37331052428193),.UNSPECIFIED.);
#580=FACE_OUTER_BOUND('',#1550,.T.);
#581=PLANE('',#1551);
#582=FACE_OUTER_BOUND('',#1552,.T.);
#583=B_SPLINE_SURFACE_WITH_KNOTS('',3,3,((#1553,#1554,#1555,#1556),(#1557,#1558,#1559,#1560),(#1561,#1562,#1563,#1564),(#1565,#1566,#1567,#1568)),.UNSPECIFIED.,.F.,.F.,.F.,(4,4),(4,4),(-0.00101143491725956,1.00101143491726),(0.0522459061542501,4.37331520450189),.UNSPECIFIED.);
#584=FACE_OUTER_BOUND('',#1569,.T.);
#585=CYLINDRICAL_SURFACE('',#1570,0.32);
#586=FACE_OUTER_BOUND('',#1571,.T.);
#587=B_SPLINE_SURFACE_WITH_KNOTS('',3,3,((#1572,#1573,#1574,#1575,#1576),(#1577,#1578,#1579,#1580,#1581),(#1582,#1583,#1584,#1585,#1586),(#1587,#1588,#1589,#1590,#1591)),.UNSPECIFIED.,.F.,.F.,.F.,(4,4),(4,1,4),(-0.0199328896438971,1.00044650937909),(-0.0197863529528794,0.5995029064948,1.21885197744194),.UNSPECIFIED.);
#588=FACE_OUTER_BOUND('',#1592,.T.);
#589=B_SPLINE_SURFACE_WITH_KNOTS('',3,3,((#1593,#1594,#1595,#1596,#1597),(#1598,#1599,#1600,#1601,#1602),(#1603,#1604,#1605,#1606,#1607),(#1608,#1609,#1610,#1611,#1612)),.UNSPECIFIED.,.F.,.F.,.F.,(4,4),(4,1,4),(-0.00161694644400748,1.00161694644401),(-0.00162328248229608,0.5995247382221,1.20068255791928),.UNSPECIFIED.);
#590=FACE_OUTER_BOUND('',#1613,.T.);
#591=B_SPLINE_SURFACE_WITH_KNOTS('',3,3,((#1614,#1615,#1616,#1617,#1618),(#1619,#1620,#1621,#1622,#1623),(#1624,#1625,#1626,#1627,#1628),(#1629,#1630,#1631,#1632,#1633)),.UNSPECIFIED.,.F.,.F.,.F.,(4,4),(4,1,4),(-0.000446509378872957,1.01993288972324),(-0.0197863530321078,0.5995029064948,1.21885197752116),.UNSPECIFIED.);
#592=FACE_OUTER_BOUND('',#1634,.T.);
#593=B_SPLINE_SURFACE_WITH_KNOTS('',3,3,((#1635,#1636,#1637,#1638,#1639,#1640,#1641),(#1642,#1643,#1644,#1645,#1646,#1647,#1648),(#1649,#1650,#1651,#1652,#1653,#1654,#1655),(#1656,#1657,#1658,#1659,#1660,#1661,#1662)),.UNSPECIFIED.,.F.,.F.,.F.,(4,4),(4,1,1,1,4),(-0.000510919202510786,1.03188037823048),(-0.02504741402924,0.4872000147166,0.9994474434624,1.511694872208,2.023942300954),.UNSPECIFIED.);
#594=FACE_OUTER_BOUND('',#1663,.T.);
#595=CYLINDRICAL_SURFACE('',#1664,0.63);
#596=FACE_OUTER_BOUND('',#1665,.T.);
#597=B_SPLINE_SURFACE_WITH_KNOTS('',3,3,((#1666,#1667,#1668,#1669,#1670,#1671,#1672),(#1673,#1674,#1675,#1676,#1677,#1678,#1679),(#1680,#1681,#1682,#1683,#1684,#1685,#1686),(#1687,#1688,#1689,#1690,#1691,#1692,#1693)),.UNSPECIFIED.,.F.,.F.,.F.,(4,4),(4,1,1,1,4),(-0.0318803782308796,1.00051091920211),(-0.02504741402924,0.4872000147166,0.9994474434624,1.511694872208,2.023942300954),.UNSPECIFIED.);
#598=FACE_OUTER_BOUND('',#1694,.T.);
#599=B_SPLINE_SURFACE_WITH_KNOTS('',3,3,((#1695,#1696,#1697,#1698,#1699),(#1700,#1701,#1702,#1703,#1704),(#1705,#1706,#1707,#1708,#1709),(#1710,#1711,#1712,#1713,#1714)),.UNSPECIFIED.,.F.,.F.,.F.,(4,4),(4,1,4),(-0.02,1.02),(-0.02504741402924,0.9994474434624,2.023942300954),.UNSPECIFIED.);
#600=FACE_OUTER_BOUND('',#1715,.T.);
#601=PLANE('',#1716);
#602=FACE_OUTER_BOUND('',#1717,.T.);
#603=PLANE('',#1718);
#604=FACE_OUTER_BOUND('',#1719,.T.);
#605=PLANE('',#1720);
#606=FACE_OUTER_BOUND('',#1721,.T.);
#607=PLANE('',#1722);
#608=FACE_OUTER_BOUND('',#1723,.T.);
#609=PLANE('',#1724);
#610=FACE_OUTER_BOUND('',#1725,.T.);
#611=PLANE('',#1726);
#612=FACE_OUTER_BOUND('',#1727,.T.);
#613=PLANE('',#1728);
#614=FACE_OUTER_BOUND('',#1729,.T.);
#615=PLANE('',#1730);
#616=FACE_OUTER_BOUND('',#1731,.T.);
#617=PLANE('',#1732);
#618=FACE_OUTER_BOUND('',#1733,.T.);
#619=CYLINDRICAL_SURFACE('',#1734,0.8961365110571);
#620=FACE_OUTER_BOUND('',#1735,.T.);
#621=CYLINDRICAL_SURFACE('',#1736,0.8961365110571);
#622=FACE_OUTER_BOUND('',#1737,.T.);
#623=PLANE('',#1738);
#624=FACE_OUTER_BOUND('',#1739,.T.);
#625=PLANE('',#1740);
#626=FACE_OUTER_BOUND('',#1741,.T.);
#627=PLANE('',#1742);
#628=FACE_OUTER_BOUND('',#1743,.T.);
#629=PLANE('',#1744);
#630=FACE_OUTER_BOUND('',#1745,.T.);
#631=B_SPLINE_SURFACE_WITH_KNOTS('',3,3,((#1746,#1747,#1748,#1749),(#1750,#1751,#1752,#1753),(#1754,#1755,#1756,#1757),(#1758,#1759,#1760,#1761)),.UNSPECIFIED.,.F.,.F.,.F.,(4,4),(4,4),(-0.00333333333348415,1.00333333333212),(-0.00333333333295916,0.0565794499470878),.UNSPECIFIED.);
#632=FACE_OUTER_BOUND('',#1762,.T.);
#633=B_SPLINE_SURFACE_WITH_KNOTS('',3,3,((#1763,#1764,#1765,#1766),(#1767,#1768,#1769,#1770),(#1771,#1772,#1773,#1774),(#1775,#1776,#1777,#1778)),.UNSPECIFIED.,.F.,.F.,.F.,(4,4),(4,4),(-0.000848261419628658,1.00084826141963),(-0.000841311844739021,0.0540963795106019),.UNSPECIFIED.);
#634=FACE_OUTER_BOUND('',#1779,.T.);
#635=B_SPLINE_SURFACE_WITH_KNOTS('',3,3,((#1780,#1781,#1782,#1783),(#1784,#1785,#1786,#1787),(#1788,#1789,#1790,#1791),(#1792,#1793,#1794,#1795)),.UNSPECIFIED.,.F.,.F.,.F.,(4,4),(4,4),(-0.00333333333207194,1.00333333333352),(-0.00333333333296229,0.0565794499470783),.UNSPECIFIED.);
#636=FACE_OUTER_BOUND('',#1796,.T.);
#637=B_SPLINE_SURFACE_WITH_KNOTS('',3,3,((#1797,#1798,#1799,#1800),(#1801,#1802,#1803,#1804),(#1805,#1806,#1807,#1808),(#1809,#1810,#1811,#1812)),.UNSPECIFIED.,.F.,.F.,.F.,(4,4),(4,4),(-0.00100104595281607,1.00100104595282),(-0.000998957616417231,0.0542491640434576),.UNSPECIFIED.);
#638=FACE_OUTER_BOUND('',#1813,.T.);
#639=B_SPLINE_SURFACE_WITH_KNOTS('',3,3,((#1814,#1815,#1816,#1817,#1818),(#1819,#1820,#1821,#1822,#1823),(#1824,#1825,#1826,#1827,#1828),(#1829,#1830,#1831,#1832,#1833)),.UNSPECIFIED.,.F.,.F.,.F.,(4,4),(4,1,4),(-0.0010010459529518,1.00100104595295),(0.0522470721370889,2.225281674199,4.39831523030626),.UNSPECIFIED.);
#640=FACE_OUTER_BOUND('',#1834,.T.);
#641=B_SPLINE_SURFACE_WITH_KNOTS('',3,3,((#1835,#1836,#1837,#1838,#1839),(#1840,#1841,#1842,#1843,#1844),(#1845,#1846,#1847,#1848,#1849),(#1850,#1851,#1852,#1853,#1854)),.UNSPECIFIED.,.F.,.F.,.F.,(4,4),(4,1,4),(-0.00333006420129961,1.00333006420088),(0.0499180538884213,2.225281674199,4.4005861822032),.UNSPECIFIED.);
#642=FACE_OUTER_BOUND('',#1855,.T.);
#643=B_SPLINE_SURFACE_WITH_KNOTS('',3,3,((#1856,#1857,#1858,#1859,#1860),(#1861,#1862,#1863,#1864,#1865),(#1866,#1867,#1868,#1869,#1870),(#1871,#1872,#1873,#1874,#1875)),.UNSPECIFIED.,.F.,.F.,.F.,(4,4),(4,1,4),(-0.000998910303469526,1.00099891030347),(0.0522492077866397,2.225281674199,4.39831293450462),.UNSPECIFIED.);
#644=FACE_OUTER_BOUND('',#1876,.T.);
#645=B_SPLINE_SURFACE_WITH_KNOTS('',3,3,((#1877,#1878,#1879,#1880,#1881),(#1882,#1883,#1884,#1885,#1886),(#1887,#1888,#1889,#1890,#1891),(#1892,#1893,#1894,#1895,#1896)),.UNSPECIFIED.,.F.,.F.,.F.,(4,4),(4,1,4),(-0.00333006420129123,1.00333006420149),(0.0499180538884529,2.225281674199,4.40058618220315),.UNSPECIFIED.);
#646=FACE_OUTER_BOUND('',#1897,.T.);
#647=B_SPLINE_SURFACE_WITH_KNOTS('',3,3,((#1898,#1899,#1900,#1901,#1902),(#1903,#1904,#1905,#1906,#1907),(#1908,#1909,#1910,#1911,#1912),(#1913,#1914,#1915,#1916,#1917)),.UNSPECIFIED.,.F.,.F.,.F.,(4,4),(4,1,4),(-0.000375027253446723,1.01915594203877),(-0.0190229674656526,0.5741240061194,1.16733341603386),.UNSPECIFIED.);
#648=FACE_OUTER_BOUND('',#1918,.T.);
#649=CYLINDRICAL_SURFACE('',#1919,0.32);
#650=FACE_OUTER_BOUND('',#1920,.T.);
#651=B_SPLINE_SURFACE_WITH_KNOTS('',3,3,((#1921,#1922,#1923,#1924,#1925),(#1926,#1927,#1928,#1929,#1930),(#1931,#1932,#1933,#1934,#1935),(#1936,#1937,#1938,#1939,#1940)),.UNSPECIFIED.,.F.,.F.,.F.,(4,4),(4,1,4),(-0.0191559419530201,1.00037502725329),(-0.0190229673797505,0.5741240061194,1.16733341594795),.UNSPECIFIED.);
#652=FACE_OUTER_BOUND('',#1941,.T.);
#653=B_SPLINE_SURFACE_WITH_KNOTS('',3,3,((#1942,#1943,#1944,#1945,#1946),(#1947,#1948,#1949,#1950,#1951),(#1952,#1953,#1954,#1955,#1956),(#1957,#1958,#1959,#1960,#1961)),.UNSPECIFIED.,.F.,.F.,.F.,(4,4),(4,1,4),(-0.00161907131921955,1.00161907131922),(-0.00161971407358299,0.5741467909236,1.14992729641064),.UNSPECIFIED.);
#654=FACE_OUTER_BOUND('',#1962,.T.);
#655=B_SPLINE_SURFACE_WITH_KNOTS('',3,3,((#1963,#1964,#1965,#1966,#1967),(#1968,#1969,#1970,#1971,#1972),(#1973,#1974,#1975,#1976,#1977),(#1978,#1979,#1980,#1981,#1982)),.UNSPECIFIED.,.F.,.F.,.F.,(4,4),(4,1,4),(-0.02,1.02),(-0.02504872414904,0.9994474353176,2.023943594784),.UNSPECIFIED.);
#656=FACE_OUTER_BOUND('',#1983,.T.);
#657=B_SPLINE_SURFACE_WITH_KNOTS('',3,3,((#1984,#1985,#1986,#1987,#1988,#1989,#1990),(#1991,#1992,#1993,#1994,#1995,#1996,#1997),(#1998,#1999,#2000,#2001,#2002,#2003,#2004),(#2005,#2006,#2007,#2008,#2009,#2010,#2011)),.UNSPECIFIED.,.F.,.F.,.F.,(4,4),(4,1,1,1,4),(-0.000510911701242399,1.03187983459943),(-0.02504872414905,0.4871993555843,0.9994474353176,1.511695515051,2.023943594784),.UNSPECIFIED.);
#658=FACE_OUTER_BOUND('',#2012,.T.);
#659=CYLINDRICAL_SURFACE('',#2013,0.63);
#660=FACE_OUTER_BOUND('',#2014,.T.);
#661=B_SPLINE_SURFACE_WITH_KNOTS('',3,3,((#2015,#2016,#2017,#2018,#2019,#2020,#2021),(#2022,#2023,#2024,#2025,#2026,#2027,#2028),(#2029,#2030,#2031,#2032,#2033,#2034,#2035),(#2036,#2037,#2038,#2039,#2040,#2041,#2042)),.UNSPECIFIED.,.F.,.F.,.F.,(4,4),(4,1,1,1,4),(-0.0318798345994822,1.00051091170119),(-0.02504872414904,0.4871993555843,0.9994474353176,1.511695515051,2.023943594784),.UNSPECIFIED.);
#662=FACE_OUTER_BOUND('',#2043,.T.);
#663=PLANE('',#2044);
#664=FACE_OUTER_BOUND('',#2045,.T.);
#665=PLANE('',#2046);
#666=FACE_OUTER_BOUND('',#2047,.T.);
#667=PLANE('',#2048);
#668=FACE_OUTER_BOUND('',#2049,.T.);
#669=PLANE('',#2050);
#670=FACE_OUTER_BOUND('',#2051,.T.);
#671=PLANE('',#2052);
#672=FACE_OUTER_BOUND('',#2053,.T.);
#673=B_SPLINE_SURFACE_WITH_KNOTS('',3,3,((#2054,#2055,#2056,#2057),(#2058,#2059,#2060,#2061),(#2062,#2063,#2064,#2065),(#2066,#2067,#2068,#2069)),.UNSPECIFIED.,.F.,.F.,.F.,(4,4),(4,4),(-0.00333333333355939,1.00333333333348),(-0.00333333333262192,0.0565806511716511),.UNSPECIFIED.);
#674=FACE_OUTER_BOUND('',#2070,.T.);
#675=B_SPLINE_SURFACE_WITH_KNOTS('',3,3,((#2071,#2072,#2073,#2074),(#2075,#2076,#2077,#2078),(#2079,#2080,#2081,#2082),(#2083,#2084,#2085,#2086)),.UNSPECIFIED.,.F.,.F.,.F.,(4,4),(4,4),(-0.000999948793557469,1.00099994879356),(-0.000999948793290899,0.0542460085777568),.UNSPECIFIED.);
#676=FACE_OUTER_BOUND('',#2087,.T.);
#677=B_SPLINE_SURFACE_WITH_KNOTS('',3,3,((#2088,#2089,#2090,#2091),(#2092,#2093,#2094,#2095),(#2096,#2097,#2098,#2099),(#2100,#2101,#2102,#2103)),.UNSPECIFIED.,.F.,.F.,.F.,(4,4),(4,4),(-0.00333333333343997,1.0033333333336),(-0.00333333333262764,0.0565806511716448),.UNSPECIFIED.);
#678=FACE_OUTER_BOUND('',#2104,.T.);
#679=B_SPLINE_SURFACE_WITH_KNOTS('',3,3,((#2105,#2106,#2107,#2108),(#2109,#2110,#2111,#2112),(#2113,#2114,#2115,#2116),(#2117,#2118,#2119,#2120)),.UNSPECIFIED.,.F.,.F.,.F.,(4,4),(4,4),(-0.000968424000796839,1.0009684240008),(-0.000960287974956077,0.0542117730151202),.UNSPECIFIED.);
#680=FACE_OUTER_BOUND('',#2121,.T.);
#681=B_SPLINE_SURFACE_WITH_KNOTS('',3,3,((#2122,#2123,#2124,#2125),(#2126,#2127,#2128,#2129),(#2130,#2131,#2132,#2133),(#2134,#2135,#2136,#2137)),.UNSPECIFIED.,.F.,.F.,.F.,(4,4),(4,4),(-0.00100641842812986,1.00100641842813),(0.0522507038792079,4.37331052428193),.UNSPECIFIED.);
#682=FACE_OUTER_BOUND('',#2138,.T.);
#683=PLANE('',#2139);
#684=FACE_OUTER_BOUND('',#2140,.T.);
#685=B_SPLINE_SURFACE_WITH_KNOTS('',3,3,((#2141,#2142,#2143,#2144),(#2145,#2146,#2147,#2148),(#2149,#2150,#2151,#2152),(#2153,#2154,#2155,#2156)),.UNSPECIFIED.,.F.,.F.,.F.,(4,4),(4,4),(-0.00101143491725914,1.00101143491726),(0.0522459061542511,4.37331520450189),.UNSPECIFIED.);
#686=FACE_OUTER_BOUND('',#2157,.T.);
#687=PLANE('',#2158);
#688=FACE_OUTER_BOUND('',#2159,.T.);
#689=B_SPLINE_SURFACE_WITH_KNOTS('',3,3,((#2160,#2161,#2162,#2163,#2164),(#2165,#2166,#2167,#2168,#2169),(#2170,#2171,#2172,#2173,#2174),(#2175,#2176,#2177,#2178,#2179)),.UNSPECIFIED.,.F.,.F.,.F.,(4,4),(4,1,4),(-0.0199328897207144,1.0004465093791),(-0.0197863530296999,0.5995029064948,1.21885197751875),.UNSPECIFIED.);
#690=FACE_OUTER_BOUND('',#2180,.T.);
#691=B_SPLINE_SURFACE_WITH_KNOTS('',3,3,((#2181,#2182,#2183,#2184,#2185),(#2186,#2187,#2188,#2189,#2190),(#2191,#2192,#2193,#2194,#2195),(#2196,#2197,#2198,#2199,#2200)),.UNSPECIFIED.,.F.,.F.,.F.,(4,4),(4,1,4),(-0.00161694644400632,1.00161694644401),(-0.00162328248229369,0.5995247382221,1.20068255791928),.UNSPECIFIED.);
#692=FACE_OUTER_BOUND('',#2201,.T.);
#693=B_SPLINE_SURFACE_WITH_KNOTS('',3,3,((#2202,#2203,#2204,#2205,#2206),(#2207,#2208,#2209,#2210,#2211),(#2212,#2213,#2214,#2215,#2216),(#2217,#2218,#2219,#2220,#2221)),.UNSPECIFIED.,.F.,.F.,.F.,(4,4),(4,1,4),(-0.000446509378882345,1.01993288972464),(-0.0197863530334848,0.5995029064948,1.21885197752254),.UNSPECIFIED.);
#694=FACE_OUTER_BOUND('',#2222,.T.);
#695=CYLINDRICAL_SURFACE('',#2223,0.32);
#696=FACE_OUTER_BOUND('',#2224,.T.);
#697=CYLINDRICAL_SURFACE('',#2225,0.63);
#698=FACE_OUTER_BOUND('',#2226,.T.);
#699=B_SPLINE_SURFACE_WITH_KNOTS('',3,3,((#2227,#2228,#2229,#2230,#2231,#2232,#2233),(#2234,#2235,#2236,#2237,#2238,#2239,#2240),(#2241,#2242,#2243,#2244,#2245,#2246,#2247),(#2248,#2249,#2250,#2251,#2252,#2253,#2254)),.UNSPECIFIED.,.F.,.F.,.F.,(4,4),(4,1,1,1,4),(-0.0318803782308813,1.00051091920211),(-0.02504741402924,0.4872000147166,0.9994474434624,1.511694872208,2.023942300954),.UNSPECIFIED.);
#700=FACE_OUTER_BOUND('',#2255,.T.);
#701=B_SPLINE_SURFACE_WITH_KNOTS('',3,3,((#2256,#2257,#2258,#2259,#2260),(#2261,#2262,#2263,#2264,#2265),(#2266,#2267,#2268,#2269,#2270),(#2271,#2272,#2273,#2274,#2275)),.UNSPECIFIED.,.F.,.F.,.F.,(4,4),(4,1,4),(-0.02,1.02),(-0.02504741402924,0.9994474434624,2.023942300954),.UNSPECIFIED.);
#702=FACE_OUTER_BOUND('',#2276,.T.);
#703=B_SPLINE_SURFACE_WITH_KNOTS('',3,3,((#2277,#2278,#2279,#2280,#2281,#2282,#2283),(#2284,#2285,#2286,#2287,#2288,#2289,#2290),(#2291,#2292,#2293,#2294,#2295,#2296,#2297),(#2298,#2299,#2300,#2301,#2302,#2303,#2304)),.UNSPECIFIED.,.F.,.F.,.F.,(4,4),(4,1,1,1,4),(-0.000510919202508197,1.03188037823048),(-0.02504741402924,0.4872000147166,0.9994474434624,1.511694872208,2.023942300954),.UNSPECIFIED.);
#704=FACE_OUTER_BOUND('',#2305,.T.);
#705=PLANE('',#2306);
#706=FACE_OUTER_BOUND('',#2307,.T.);
#707=PLANE('',#2308);
#708=FACE_OUTER_BOUND('',#2309,.T.);
#709=PLANE('',#2310);
#710=FACE_OUTER_BOUND('',#2311,.T.);
#711=PLANE('',#2312);
#712=FACE_OUTER_BOUND('',#2313,.T.);
#713=PLANE('',#2314);
#714=FACE_OUTER_BOUND('',#2315,.T.);
#715=CYLINDRICAL_SURFACE('',#2316,0.32);
#716=FACE_OUTER_BOUND('',#2317,.T.);
#717=CYLINDRICAL_SURFACE('',#2318,0.32);
#718=FACE_OUTER_BOUND('',#2319,.T.);
#719=CYLINDRICAL_SURFACE('',#2320,0.3);
#720=FACE_OUTER_BOUND('',#2321,.T.);
#721=PLANE('',#2322);
#722=FACE_OUTER_BOUND('',#2323,.T.);
#723=PLANE('',#2324);
#724=FACE_OUTER_BOUND('',#2325,.T.);
#725=CYLINDRICAL_SURFACE('',#2326,0.3);
#726=FACE_OUTER_BOUND('',#2327,.T.);
#727=PLANE('',#2328);
#728=FACE_OUTER_BOUND('',#2329,.T.);
#729=CYLINDRICAL_SURFACE('',#2330,0.3);
#730=FACE_OUTER_BOUND('',#2331,.T.);
#731=PLANE('',#2332);
#732=FACE_OUTER_BOUND('',#2333,.T.);
#733=PLANE('',#2334);
#734=FACE_OUTER_BOUND('',#2335,.T.);
#735=PLANE('',#2336);
#736=FACE_OUTER_BOUND('',#2337,.T.);
#737=PLANE('',#2338);
#738=FACE_OUTER_BOUND('',#2339,.T.);
#739=PLANE('',#2340);
#740=FACE_OUTER_BOUND('',#2341,.T.);
#741=PLANE('',#2342);
#742=FACE_OUTER_BOUND('',#2343,.T.);
#743=CYLINDRICAL_SURFACE('',#2344,0.3);
#744=FACE_OUTER_BOUND('',#2345,.T.);
#745=PLANE('',#2346);
#746=FACE_OUTER_BOUND('',#2347,.T.);
#747=PLANE('',#2348);
#748=FACE_OUTER_BOUND('',#2349,.T.);
#749=PLANE('',#2350);
#750=FACE_OUTER_BOUND('',#2351,.T.);
#751=PLANE('',#2352);
#752=FACE_OUTER_BOUND('',#2353,.T.);
#753=PLANE('',#2354);
#754=FACE_OUTER_BOUND('',#2355,.T.);
#755=PLANE('',#2356);
#756=FACE_OUTER_BOUND('',#2357,.T.);
#757=PLANE('',#2358);
#758=FACE_OUTER_BOUND('',#2359,.T.);
#759=PLANE('',#2360);
#760=FACE_OUTER_BOUND('',#2361,.T.);
#761=CYLINDRICAL_SURFACE('',#2362,0.3);
#762=FACE_OUTER_BOUND('',#2363,.T.);
#763=PLANE('',#2364);
#764=FACE_OUTER_BOUND('',#2365,.T.);
#765=CYLINDRICAL_SURFACE('',#2366,0.62);
#766=FACE_OUTER_BOUND('',#2367,.T.);
#767=CYLINDRICAL_SURFACE('',#2368,0.3);
#768=FACE_OUTER_BOUND('',#2369,.T.);
#769=PLANE('',#2370);
#770=FACE_OUTER_BOUND('',#2371,.T.);
#771=PLANE('',#2372);
#772=FACE_OUTER_BOUND('',#2373,.T.);
#773=PLANE('',#2374);
#774=FACE_OUTER_BOUND('',#2375,.T.);
#775=PLANE('',#2376);
#776=FACE_OUTER_BOUND('',#2377,.T.);
#777=CYLINDRICAL_SURFACE('',#2378,0.3);
#778=FACE_OUTER_BOUND('',#2379,.T.);
#779=CYLINDRICAL_SURFACE('',#2380,0.62);
#780=FACE_OUTER_BOUND('',#2381,.T.);
#781=CYLINDRICAL_SURFACE('',#2382,0.62);
#782=FACE_OUTER_BOUND('',#2383,.T.);
#783=PLANE('',#2384);
#784=FACE_OUTER_BOUND('',#2385,.T.);
#785=CYLINDRICAL_SURFACE('',#2386,0.3);
#786=FACE_OUTER_BOUND('',#2387,.T.);
#787=PLANE('',#2388);
#788=FACE_OUTER_BOUND('',#2389,.T.);
#789=PLANE('',#2390);
#790=FACE_OUTER_BOUND('',#2391,.T.);
#791=CYLINDRICAL_SURFACE('',#2392,0.3);
#792=FACE_OUTER_BOUND('',#2393,.T.);
#793=PLANE('',#2394);
#794=FACE_OUTER_BOUND('',#2395,.T.);
#795=CYLINDRICAL_SURFACE('',#2396,0.3);
#796=FACE_OUTER_BOUND('',#2397,.T.);
#797=CYLINDRICAL_SURFACE('',#2398,0.3);
#798=FACE_OUTER_BOUND('',#2399,.T.);
#799=PLANE('',#2400);
#800=FACE_OUTER_BOUND('',#2401,.T.);
#801=CYLINDRICAL_SURFACE('',#2402,0.638);
#802=FACE_OUTER_BOUND('',#2403,.T.);
#803=FACE_BOUND('',#2404,.T.);
#804=FACE_BOUND('',#2405,.T.);
#805=FACE_BOUND('',#2406,.T.);
#806=FACE_BOUND('',#2407,.T.);
#807=PLANE('',#2408);
#808=FACE_OUTER_BOUND('',#2409,.T.);
#809=CYLINDRICAL_SURFACE('',#2410,0.638);
#810=FACE_OUTER_BOUND('',#2411,.T.);
#811=PLANE('',#2412);
#812=FACE_OUTER_BOUND('',#2413,.T.);
#813=PLANE('',#2414);
#814=FACE_OUTER_BOUND('',#2415,.T.);
#815=PLANE('',#2416);
#816=FACE_OUTER_BOUND('',#2417,.T.);
#817=PLANE('',#2418);
#818=FACE_OUTER_BOUND('',#2419,.T.);
#819=PLANE('',#2420);
#820=FACE_OUTER_BOUND('',#2421,.T.);
#821=PLANE('',#2422);
#822=FACE_OUTER_BOUND('',#2423,.T.);
#823=PLANE('',#2424);
#824=FACE_OUTER_BOUND('',#2425,.T.);
#825=PLANE('',#2426);
#826=FACE_OUTER_BOUND('',#2427,.T.);
#827=PLANE('',#2428);
#828=FACE_OUTER_BOUND('',#2429,.T.);
#829=PLANE('',#2430);
#830=FACE_OUTER_BOUND('',#2431,.T.);
#831=PLANE('',#2432);
#832=FACE_OUTER_BOUND('',#2433,.T.);
#833=PLANE('',#2434);
#834=FACE_OUTER_BOUND('',#2435,.T.);
#835=PLANE('',#2436);
#836=FACE_OUTER_BOUND('',#2437,.T.);
#837=PLANE('',#2438);
#838=FACE_OUTER_BOUND('',#2439,.T.);
#839=(B_SPLINE_SURFACE(3,3,((#2441,#2442,#2443,#2444),(#2445,#2446,#2447,#2448),(#2449,#2450,#2451,#2452),(#2453,#2454,#2455,#2456)),.UNSPECIFIED.,.F.,.F.,.F.)B_SPLINE_SURFACE_WITH_KNOTS((4,4),(4,4),(0.0239774023974671,0.976022597602583),(0.8381463922565,0.9022901916298),.UNSPECIFIED.)RATIONAL_B_SPLINE_SURFACE(((1.84150243799836,1.84150243799836,1.84150243799836,1.84150243799836),(0.719499187333788,0.719499187333788,0.719499187333788,0.719499187333788),(0.719499187333846,0.719499187333846,0.719499187333846,0.719499187333846),(1.84150243799854,1.84150243799854,1.84150243799854,1.84150243799854)))BOUNDED_SURFACE()REPRESENTATION_ITEM('')GEOMETRIC_REPRESENTATION_ITEM()SURFACE());
#840=FACE_OUTER_BOUND('',#2463,.T.);
#841=PLANE('',#2464);
#842=FACE_OUTER_BOUND('',#2465,.T.);
#843=PLANE('',#2466);
#844=FACE_OUTER_BOUND('',#2467,.T.);
#845=PLANE('',#2468);
#846=FACE_OUTER_BOUND('',#2469,.T.);
#847=PLANE('',#2470);
#848=FACE_OUTER_BOUND('',#2471,.T.);
#849=CYLINDRICAL_SURFACE('',#2472,0.2);
#850=FACE_OUTER_BOUND('',#2473,.T.);
#851=PLANE('',#2474);
#852=FACE_OUTER_BOUND('',#2475,.T.);
#853=CYLINDRICAL_SURFACE('',#2476,0.36);
#854=FACE_OUTER_BOUND('',#2477,.T.);
#855=PLANE('',#2478);
#856=FACE_OUTER_BOUND('',#2479,.T.);
#857=PLANE('',#2480);
#858=FACE_OUTER_BOUND('',#2481,.T.);
#859=CYLINDRICAL_SURFACE('',#2482,0.34);
#860=FACE_OUTER_BOUND('',#2483,.T.);
#861=PLANE('',#2484);
#862=FACE_OUTER_BOUND('',#2485,.T.);
#863=CYLINDRICAL_SURFACE('',#2486,0.34);
#864=FACE_OUTER_BOUND('',#2487,.T.);
#865=CYLINDRICAL_SURFACE('',#2488,0.638);
#866=FACE_OUTER_BOUND('',#2489,.T.);
#867=PLANE('',#2490);
#868=FACE_OUTER_BOUND('',#2491,.T.);
#869=PLANE('',#2492);
#870=FACE_OUTER_BOUND('',#2493,.T.);
#871=CYLINDRICAL_SURFACE('',#2494,0.638);
#872=FACE_OUTER_BOUND('',#2495,.T.);
#873=CYLINDRICAL_SURFACE('',#2496,0.06);
#874=FACE_OUTER_BOUND('',#2497,.T.);
#875=PLANE('',#2498);
#876=FACE_OUTER_BOUND('',#2499,.T.);
#877=CYLINDRICAL_SURFACE('',#2500,0.5);
#878=FACE_OUTER_BOUND('',#2501,.T.);
#879=(B_SPLINE_SURFACE(3,3,((#2503,#2504,#2505,#2506),(#2507,#2508,#2509,#2510),(#2511,#2512,#2513,#2514),(#2515,#2516,#2517,#2518)),.UNSPECIFIED.,.F.,.F.,.F.)B_SPLINE_SURFACE_WITH_KNOTS((4,4),(4,4),(0.023977194903336,0.97602280509659),(0.8379370946039,0.9020809090338),.UNSPECIFIED.)RATIONAL_B_SPLINE_SURFACE(((1.84150317160578,1.84150317160578,1.84150317160578,1.84150317160578),(0.719498942798127,0.719498942798127,0.719498942798127,0.719498942798127),(0.719498942798039,0.719498942798039,0.719498942798039,0.719498942798039),(1.84150317160552,1.84150317160552,1.84150317160552,1.84150317160552)))BOUNDED_SURFACE()REPRESENTATION_ITEM('')GEOMETRIC_REPRESENTATION_ITEM()SURFACE());
#880=FACE_OUTER_BOUND('',#2525,.T.);
#881=PLANE('',#2526);
#882=FACE_OUTER_BOUND('',#2527,.T.);
#883=CYLINDRICAL_SURFACE('',#2528,0.5);
#884=FACE_OUTER_BOUND('',#2529,.T.);
#885=PLANE('',#2530);
#886=FACE_OUTER_BOUND('',#2531,.T.);
#887=CYLINDRICAL_SURFACE('',#2532,0.06);
#888=FACE_OUTER_BOUND('',#2533,.T.);
#889=PLANE('',#2534);
#890=FACE_OUTER_BOUND('',#2535,.T.);
#891=CYLINDRICAL_SURFACE('',#2536,0.2);
#892=FACE_OUTER_BOUND('',#2537,.T.);
#893=PLANE('',#2538);
#894=FACE_OUTER_BOUND('',#2539,.T.);
#895=CYLINDRICAL_SURFACE('',#2540,0.36);
#896=FACE_OUTER_BOUND('',#2541,.T.);
#897=PLANE('',#2542);
#898=FACE_OUTER_BOUND('',#2543,.T.);
#899=PLANE('',#2544);
#900=FACE_OUTER_BOUND('',#2545,.T.);
#901=PLANE('',#2546);
#902=FACE_OUTER_BOUND('',#2547,.T.);
#903=PLANE('',#2548);
#904=FACE_OUTER_BOUND('',#2549,.T.);
#905=PLANE('',#2550);
#906=FACE_OUTER_BOUND('',#2551,.T.);
#907=PLANE('',#2552);
#908=FACE_OUTER_BOUND('',#2553,.T.);
#909=PLANE('',#2554);
#910=FACE_OUTER_BOUND('',#2555,.T.);
#911=PLANE('',#2556);
#912=FACE_OUTER_BOUND('',#2557,.T.);
#913=PLANE('',#2558);
#914=FACE_OUTER_BOUND('',#2559,.T.);
#915=PLANE('',#2560);
#916=FACE_OUTER_BOUND('',#2561,.T.);
#917=PLANE('',#2562);
#918=FACE_OUTER_BOUND('',#2563,.T.);
#919=PLANE('',#2564);
#920=FACE_OUTER_BOUND('',#2565,.T.);
#921=PLANE('',#2566);
#922=FACE_OUTER_BOUND('',#2567,.T.);
#923=PLANE('',#2568);
#924=FACE_OUTER_BOUND('',#2569,.T.);
#925=PLANE('',#2570);
#926=FACE_OUTER_BOUND('',#2571,.T.);
#927=PLANE('',#2572);
#928=FACE_OUTER_BOUND('',#2573,.T.);
#929=PLANE('',#2574);
#930=FACE_OUTER_BOUND('',#2575,.T.);
#931=PLANE('',#2576);
#932=FACE_OUTER_BOUND('',#2577,.T.);
#933=PLANE('',#2578);
#934=FACE_OUTER_BOUND('',#2579,.T.);
#935=PLANE('',#2580);
#936=FACE_OUTER_BOUND('',#2581,.T.);
#937=PLANE('',#2582);
#938=FACE_OUTER_BOUND('',#2583,.T.);
#939=CYLINDRICAL_SURFACE('',#2584,0.3);
#940=FACE_OUTER_BOUND('',#2585,.T.);
#941=CYLINDRICAL_SURFACE('',#2586,0.32);
#942=FACE_OUTER_BOUND('',#2587,.T.);
#943=CYLINDRICAL_SURFACE('',#2588,0.3);
#944=FACE_OUTER_BOUND('',#2589,.T.);
#945=CYLINDRICAL_SURFACE('',#2590,0.62);
#946=FACE_OUTER_BOUND('',#2591,.T.);
#947=PLANE('',#2592);
#948=FACE_OUTER_BOUND('',#2593,.T.);
#949=CYLINDRICAL_SURFACE('',#2594,0.3);
#950=FACE_OUTER_BOUND('',#2595,.T.);
#951=PLANE('',#2596);
#952=FACE_OUTER_BOUND('',#2597,.T.);
#953=CYLINDRICAL_SURFACE('',#2598,0.3);
#954=FACE_OUTER_BOUND('',#2599,.T.);
#955=PLANE('',#2600);
#956=FACE_OUTER_BOUND('',#2601,.T.);
#957=CYLINDRICAL_SURFACE('',#2602,0.338);
#958=FACE_OUTER_BOUND('',#2603,.T.);
#959=FACE_BOUND('',#2604,.T.);
#960=PLANE('',#2605);
#961=FACE_OUTER_BOUND('',#2606,.T.);
#962=CYLINDRICAL_SURFACE('',#2607,0.338);
#963=FACE_OUTER_BOUND('',#2608,.T.);
#964=CYLINDRICAL_SURFACE('',#2609,0.338);
#965=FACE_OUTER_BOUND('',#2610,.T.);
#966=PLANE('',#2611);
#967=FACE_OUTER_BOUND('',#2612,.T.);
#968=PLANE('',#2613);
#969=FACE_OUTER_BOUND('',#2614,.T.);
#970=PLANE('',#2615);
#971=FACE_OUTER_BOUND('',#2616,.T.);
#972=PLANE('',#2617);
#973=FACE_OUTER_BOUND('',#2618,.T.);
#974=PLANE('',#2619);
#975=FACE_OUTER_BOUND('',#2620,.T.);
#976=CYLINDRICAL_SURFACE('',#2621,0.64);
#977=FACE_OUTER_BOUND('',#2622,.T.);
#978=PLANE('',#2623);
#979=FACE_OUTER_BOUND('',#2624,.T.);
#980=FACE_BOUND('',#2625,.T.);
#981=FACE_BOUND('',#2626,.T.);
#982=FACE_BOUND('',#2627,.T.);
#983=FACE_BOUND('',#2628,.T.);
#984=PLANE('',#2629);
#985=FACE_OUTER_BOUND('',#2630,.T.);
#986=PLANE('',#2631);
#987=FACE_OUTER_BOUND('',#2632,.T.);
#988=PLANE('',#2633);
#989=FACE_OUTER_BOUND('',#2634,.T.);
#990=CYLINDRICAL_SURFACE('',#2635,0.64);
#991=FACE_OUTER_BOUND('',#2636,.T.);
#992=PLANE('',#2637);
#993=FACE_OUTER_BOUND('',#2638,.T.);
#994=PLANE('',#2639);
#995=FACE_OUTER_BOUND('',#2640,.T.);
#996=PLANE('',#2641);
#997=FACE_OUTER_BOUND('',#2642,.T.);
#998=CYLINDRICAL_SURFACE('',#2643,1.27);
#999=FACE_OUTER_BOUND('',#2644,.T.);
#1000=PLANE('',#2645);
#1001=FACE_OUTER_BOUND('',#2646,.T.);
#1002=PLANE('',#2647);
#1003=FACE_OUTER_BOUND('',#2648,.T.);
#1004=PLANE('',#2649);
#1005=FACE_OUTER_BOUND('',#2650,.T.);
#1006=CYLINDRICAL_SURFACE('',#2651,1.27);
#1007=FACE_OUTER_BOUND('',#2652,.T.);
#1008=PLANE('',#2653);
#1009=FACE_OUTER_BOUND('',#2654,.T.);
#1010=PLANE('',#2655);
#1011=FACE_OUTER_BOUND('',#2656,.T.);
#1012=PLANE('',#2657);
#1013=FACE_OUTER_BOUND('',#2658,.T.);
#1014=CYLINDRICAL_SURFACE('',#2659,1.27);
#1015=FACE_OUTER_BOUND('',#2660,.T.);
#1016=PLANE('',#2661);
#1017=FACE_OUTER_BOUND('',#2662,.T.);
#1018=PLANE('',#2663);
#1019=FACE_OUTER_BOUND('',#2664,.T.);
#1020=PLANE('',#2665);
#1021=FACE_OUTER_BOUND('',#2666,.T.);
#1022=CYLINDRICAL_SURFACE('',#2667,1.27);
#1023=FACE_OUTER_BOUND('',#2668,.T.);
#1024=CYLINDRICAL_SURFACE('',#2669,0.3);
#1025=FACE_OUTER_BOUND('',#2670,.T.);
#1026=CYLINDRICAL_SURFACE('',#2671,0.32);
#1027=FACE_OUTER_BOUND('',#2672,.T.);
#1028=CYLINDRICAL_SURFACE('',#2673,0.32);
#1029=FACE_OUTER_BOUND('',#2674,.T.);
#1030=CYLINDRICAL_SURFACE('',#2675,0.3);
#1031=FACE_OUTER_BOUND('',#2676,.T.);
#1032=CYLINDRICAL_SURFACE('',#2677,0.62);
#1033=FACE_OUTER_BOUND('',#2678,.T.);
#1034=CYLINDRICAL_SURFACE('',#2679,0.62);
#1035=FACE_OUTER_BOUND('',#2680,.T.);
#1036=PLANE('',#2681);
#1037=FACE_OUTER_BOUND('',#2682,.T.);
#1038=CYLINDRICAL_SURFACE('',#2683,0.3);
#1039=FACE_OUTER_BOUND('',#2684,.T.);
#1040=PLANE('',#2685);
#1041=FACE_OUTER_BOUND('',#2686,.T.);
#1042=PLANE('',#2687);
#1043=FACE_OUTER_BOUND('',#2688,.T.);
#1044=CYLINDRICAL_SURFACE('',#2689,0.3);
#1045=FACE_OUTER_BOUND('',#2690,.T.);
#1046=PLANE('',#2691);
#1047=FACE_OUTER_BOUND('',#2692,.T.);
#1048=CYLINDRICAL_SURFACE('',#2693,0.3);
#1049=FACE_OUTER_BOUND('',#2694,.T.);
#1050=PLANE('',#2695);
#1051=FACE_OUTER_BOUND('',#2696,.T.);
#1052=CYLINDRICAL_SURFACE('',#2697,0.3);
#1053=FACE_OUTER_BOUND('',#2698,.T.);
#1054=CYLINDRICAL_SURFACE('',#2699,0.3);
#1055=FACE_OUTER_BOUND('',#2700,.T.);
#1056=PLANE('',#2701);
#1057=FACE_OUTER_BOUND('',#2702,.T.);
#1058=CYLINDRICAL_SURFACE('',#2703,0.3);
#1059=FACE_OUTER_BOUND('',#2704,.T.);
#1060=CYLINDRICAL_SURFACE('',#2705,0.3);
#1061=FACE_OUTER_BOUND('',#2706,.T.);
#1062=CYLINDRICAL_SURFACE('',#2707,0.32);
#1063=FACE_OUTER_BOUND('',#2708,.T.);
#1064=B_SPLINE_SURFACE_WITH_KNOTS('',3,3,((#2709,#2710,#2711,#2712),(#2713,#2714,#2715,#2716),(#2717,#2718,#2719,#2720),(#2721,#2722,#2723,#2724)),.UNSPECIFIED.,.F.,.F.,.F.,(4,4),(4,4),(-0.000848261419628862,1.00084826141963),(-0.000841311844739956,0.054096379510601),.UNSPECIFIED.);
#1065=FACE_OUTER_BOUND('',#2725,.T.);
#1066=B_SPLINE_SURFACE_WITH_KNOTS('',3,3,((#2726,#2727,#2728,#2729),(#2730,#2731,#2732,#2733),(#2734,#2735,#2736,#2737),(#2738,#2739,#2740,#2741)),.UNSPECIFIED.,.F.,.F.,.F.,(4,4),(4,4),(-0.00333333333207635,1.00333333333352),(-0.00333333333295956,0.0565794499470787),.UNSPECIFIED.);
#1067=FACE_OUTER_BOUND('',#2742,.T.);
#1068=B_SPLINE_SURFACE_WITH_KNOTS('',3,3,((#2743,#2744,#2745,#2746),(#2747,#2748,#2749,#2750),(#2751,#2752,#2753,#2754),(#2755,#2756,#2757,#2758)),.UNSPECIFIED.,.F.,.F.,.F.,(4,4),(4,4),(-0.0010010459528163,1.00100104595282),(-0.00099895761641723,0.0542491640434594),.UNSPECIFIED.);
#1069=FACE_OUTER_BOUND('',#2759,.T.);
#1070=B_SPLINE_SURFACE_WITH_KNOTS('',3,3,((#2760,#2761,#2762,#2763),(#2764,#2765,#2766,#2767),(#2768,#2769,#2770,#2771),(#2772,#2773,#2774,#2775)),.UNSPECIFIED.,.F.,.F.,.F.,(4,4),(4,4),(-0.00333333333348107,1.00333333333211),(-0.00333333333296307,0.0565794499470781),.UNSPECIFIED.);
#1071=FACE_OUTER_BOUND('',#2776,.T.);
#1072=B_SPLINE_SURFACE_WITH_KNOTS('',3,3,((#2777,#2778,#2779,#2780,#2781),(#2782,#2783,#2784,#2785,#2786),(#2787,#2788,#2789,#2790,#2791),(#2792,#2793,#2794,#2795,#2796)),.UNSPECIFIED.,.F.,.F.,.F.,(4,4),(4,1,4),(-0.00333006420130074,1.00333006420088),(0.0499180538884196,2.225281674199,4.4005861822032),.UNSPECIFIED.);
#1073=FACE_OUTER_BOUND('',#2797,.T.);
#1074=B_SPLINE_SURFACE_WITH_KNOTS('',3,3,((#2798,#2799,#2800,#2801,#2802),(#2803,#2804,#2805,#2806,#2807),(#2808,#2809,#2810,#2811,#2812),(#2813,#2814,#2815,#2816,#2817)),.UNSPECIFIED.,.F.,.F.,.F.,(4,4),(4,1,4),(-0.000998910303514354,1.00099891030351),(0.0522492077874784,2.225281674199,4.39831293450462),.UNSPECIFIED.);
#1075=FACE_OUTER_BOUND('',#2818,.T.);
#1076=B_SPLINE_SURFACE_WITH_KNOTS('',3,3,((#2819,#2820,#2821,#2822,#2823),(#2824,#2825,#2826,#2827,#2828),(#2829,#2830,#2831,#2832,#2833),(#2834,#2835,#2836,#2837,#2838)),.UNSPECIFIED.,.F.,.F.,.F.,(4,4),(4,1,4),(-0.00333006420128971,1.00333006420149),(0.0499180538884514,2.225281674199,4.40058618220315),.UNSPECIFIED.);
#1077=FACE_OUTER_BOUND('',#2839,.T.);
#1078=B_SPLINE_SURFACE_WITH_KNOTS('',3,3,((#2840,#2841,#2842,#2843,#2844),(#2845,#2846,#2847,#2848,#2849),(#2850,#2851,#2852,#2853,#2854),(#2855,#2856,#2857,#2858,#2859)),.UNSPECIFIED.,.F.,.F.,.F.,(4,4),(4,1,4),(-0.00100104595295217,1.00100104595295),(0.0522470721370869,2.225281674199,4.39831523030626),.UNSPECIFIED.);
#1079=FACE_OUTER_BOUND('',#2860,.T.);
#1080=CYLINDRICAL_SURFACE('',#2861,0.32);
#1081=FACE_OUTER_BOUND('',#2862,.T.);
#1082=B_SPLINE_SURFACE_WITH_KNOTS('',3,3,((#2863,#2864,#2865,#2866,#2867),(#2868,#2869,#2870,#2871,#2872),(#2873,#2874,#2875,#2876,#2877),(#2878,#2879,#2880,#2881,#2882)),.UNSPECIFIED.,.F.,.F.,.F.,(4,4),(4,1,4),(-0.0191559419636615,1.0003750272533),(-0.0190229673903978,0.5741240061194,1.1673334159586),.UNSPECIFIED.);
#1083=FACE_OUTER_BOUND('',#2883,.T.);
#1084=B_SPLINE_SURFACE_WITH_KNOTS('',3,3,((#2884,#2885,#2886,#2887,#2888),(#2889,#2890,#2891,#2892,#2893),(#2894,#2895,#2896,#2897,#2898),(#2899,#2900,#2901,#2902,#2903)),.UNSPECIFIED.,.F.,.F.,.F.,(4,4),(4,1,4),(-0.00161907131921932,1.00161907131922),(-0.00161971407358301,0.5741467909236,1.14992729641064),.UNSPECIFIED.);
#1085=FACE_OUTER_BOUND('',#2904,.T.);
#1086=B_SPLINE_SURFACE_WITH_KNOTS('',3,3,((#2905,#2906,#2907,#2908,#2909),(#2910,#2911,#2912,#2913,#2914),(#2915,#2916,#2917,#2918,#2919),(#2920,#2921,#2922,#2923,#2924)),.UNSPECIFIED.,.F.,.F.,.F.,(4,4),(4,1,4),(-0.000375027253439807,1.01915594196488),(-0.0190229673917636,0.5741240061194,1.16733341595997),.UNSPECIFIED.);
#1087=FACE_OUTER_BOUND('',#2925,.T.);
#1088=B_SPLINE_SURFACE_WITH_KNOTS('',3,3,((#2926,#2927,#2928,#2929,#2930,#2931,#2932),(#2933,#2934,#2935,#2936,#2937,#2938,#2939),(#2940,#2941,#2942,#2943,#2944,#2945,#2946),(#2947,#2948,#2949,#2950,#2951,#2952,#2953)),.UNSPECIFIED.,.F.,.F.,.F.,(4,4),(4,1,1,1,4),(-0.000510911701244295,1.03187983459943),(-0.02504872414905,0.4871993555843,0.9994474353176,1.511695515051,2.023943594784),.UNSPECIFIED.);
#1089=FACE_OUTER_BOUND('',#2954,.T.);
#1090=CYLINDRICAL_SURFACE('',#2955,0.63);
#1091=FACE_OUTER_BOUND('',#2956,.T.);
#1092=B_SPLINE_SURFACE_WITH_KNOTS('',3,3,((#2957,#2958,#2959,#2960,#2961,#2962,#2963),(#2964,#2965,#2966,#2967,#2968,#2969,#2970),(#2971,#2972,#2973,#2974,#2975,#2976,#2977),(#2978,#2979,#2980,#2981,#2982,#2983,#2984)),.UNSPECIFIED.,.F.,.F.,.F.,(4,4),(4,1,1,1,4),(-0.0318798345994841,1.00051091170119),(-0.02504872414904,0.4871993555843,0.9994474353176,1.511695515051,2.023943594784),.UNSPECIFIED.);
#1093=FACE_OUTER_BOUND('',#2985,.T.);
#1094=B_SPLINE_SURFACE_WITH_KNOTS('',3,3,((#2986,#2987,#2988,#2989,#2990),(#2991,#2992,#2993,#2994,#2995),(#2996,#2997,#2998,#2999,#3000),(#3001,#3002,#3003,#3004,#3005)),.UNSPECIFIED.,.F.,.F.,.F.,(4,4),(4,1,4),(-0.02,1.02),(-0.02504872414904,0.9994474353176,2.023943594784),.UNSPECIFIED.);
#1095=FACE_OUTER_BOUND('',#3006,.T.);
#1096=PLANE('',#3007);
#1097=FACE_OUTER_BOUND('',#3008,.T.);
#1098=PLANE('',#3009);
#1099=FACE_OUTER_BOUND('',#3010,.T.);
#1100=PLANE('',#3011);
#1101=FACE_OUTER_BOUND('',#3012,.T.);
#1102=PLANE('',#3013);
#1103=FACE_OUTER_BOUND('',#3014,.T.);
#1104=PLANE('',#3015);
#1105=EDGE_LOOP('',(#3016,#3017,#3018,#3019));
#1106=AXIS2_PLACEMENT_3D('',#3020,#3021,#3022);
#1107=EDGE_LOOP('',(#3023,#3024,#3025,#3026));
#1108=AXIS2_PLACEMENT_3D('',#3027,#3028,#3029);
#1109=EDGE_LOOP('',(#3030,#3031,#3032,#3033));
#1110=AXIS2_PLACEMENT_3D('',#3034,#3035,#3036);
#1111=EDGE_LOOP('',(#3037,#3038,#3039,#3040));
#1112=AXIS2_PLACEMENT_3D('',#3041,#3042,#3043);
#1113=EDGE_LOOP('',(#3044,#3045,#3046,#3047,#3048,#3049,#3050,#3051,#3052,#3053,#3054,#3055));
#1114=EDGE_LOOP('',(#3056,#3057,#3058,#3059,#3060,#3061,#3062,#3063));
#1115=AXIS2_PLACEMENT_3D('',#3064,#3065,#3066);
#1116=EDGE_LOOP('',(#3067,#3068,#3069,#3070));
#1117=AXIS2_PLACEMENT_3D('',#3071,#3072,#3073);
#1118=EDGE_LOOP('',(#3074,#3075,#3076,#3077));
#1119=AXIS2_PLACEMENT_3D('',#3078,#3079,#3080);
#1120=EDGE_LOOP('',(#3081,#3082,#3083,#3084,#3085,#3086,#3087,#3088,#3089,#3090,#3091,#3092));
#1121=EDGE_LOOP('',(#3093,#3094,#3095,#3096,#3097,#3098,#3099,#3100));
#1122=AXIS2_PLACEMENT_3D('',#3101,#3102,#3103);
#1123=EDGE_LOOP('',(#3104,#3105,#3106,#3107));
#1124=AXIS2_PLACEMENT_3D('',#3108,#3109,#3110);
#1125=EDGE_LOOP('',(#3111,#3112,#3113,#3114));
#1126=AXIS2_PLACEMENT_3D('',#3115,#3116,#3117);
#1127=EDGE_LOOP('',(#3118,#3119,#3120,#3121,#3122,#3123));
#1128=EDGE_LOOP('',(#3124,#3125,#3126,#3127,#3128,#3129,#3130,#3131,#3132,#3133));
#1129=AXIS2_PLACEMENT_3D('',#3134,#3135,#3136);
#1130=EDGE_LOOP('',(#3137,#3138,#3139,#3140));
#1131=AXIS2_PLACEMENT_3D('',#3141,#3142,#3143);
#1132=EDGE_LOOP('',(#3144,#3145,#3146,#3147));
#1133=AXIS2_PLACEMENT_3D('',#3148,#3149,#3150);
#1134=EDGE_LOOP('',(#3151,#3152,#3153,#3154));
#1135=AXIS2_PLACEMENT_3D('',#3155,#3156,#3157);
#1136=EDGE_LOOP('',(#3158,#3159,#3160,#3161));
#1137=AXIS2_PLACEMENT_3D('',#3162,#3163,#3164);
#1138=EDGE_LOOP('',(#3165,#3166,#3167,#3168));
#1139=CARTESIAN_POINT('',(6.55007407350407,-1.0240394069198,-1.61997389398969));
#1140=CARTESIAN_POINT('',(6.55009987092661,-1.0220437884516,-1.64103478054018));
#1141=CARTESIAN_POINT('',(6.54894965010509,-1.02290956578864,-1.6628671059264));
#1142=CARTESIAN_POINT('',(6.54687013810708,-1.02091339516966,-1.68383482699745));
#1143=CARTESIAN_POINT('',(6.45005158639949,-1.02403904198502,-1.61997837708841));
#1144=CARTESIAN_POINT('',(6.45007388675992,-1.0223615537325,-1.63772830761336));
#1145=CARTESIAN_POINT('',(6.44912204269622,-1.02259166209366,-1.65586870265681));
#1146=CARTESIAN_POINT('',(6.44734896683419,-1.02091380574094,-1.67353642259882));
#1147=CARTESIAN_POINT('',(6.35002681106787,-1.02403867705047,-1.61998286491151));
#1148=CARTESIAN_POINT('',(6.35004059927942,-1.02267931901385,-1.63438028318522));
#1149=CARTESIAN_POINT('',(6.34928296165609,-1.02227375839881,-1.64891102681598));
#1150=CARTESIAN_POINT('',(6.34782557260867,-1.02091421631224,-1.66323781293545));
#1151=CARTESIAN_POINT('',(6.249999673224,-1.02403831211516,-1.61998735749405));
#1152=CARTESIAN_POINT('',(6.24999980170669,-1.02299708429445,-1.63099070487147));
#1153=CARTESIAN_POINT('',(6.2494322044052,-1.02195585470319,-1.64199406022513));
#1154=CARTESIAN_POINT('',(6.24829988393394,-1.02091462688275,-1.65293899071948));
#1155=EDGE_LOOP('',(#3169,#3170,#3171,#3172));
#1156=CARTESIAN_POINT('',(6.55005843440271,1.02747772041296,-1.61900059312208));
#1157=CARTESIAN_POINT('',(6.55014060942547,1.02532118123349,-1.64068750771067));
#1158=CARTESIAN_POINT('',(6.54895045067779,1.02630904639154,-1.6632194542546));
#1159=CARTESIAN_POINT('',(6.54675956700999,1.02415217014055,-1.68480189793133));
#1160=CARTESIAN_POINT('',(6.55005843440271,0.342492573471125,-1.61900059312208));
#1161=CARTESIAN_POINT('',(6.55014060942547,0.341773727077866,-1.64068750771067));
#1162=CARTESIAN_POINT('',(6.54895045067779,0.342103015463964,-1.6632194542546));
#1163=CARTESIAN_POINT('',(6.54675956700999,0.341384056713573,-1.68480189793133));
#1164=CARTESIAN_POINT('',(6.55005843440271,-0.342492573471125,-1.61900059312208));
#1165=CARTESIAN_POINT('',(6.55014060942547,-0.341773727077866,-1.64068750771067));
#1166=CARTESIAN_POINT('',(6.54895045067779,-0.342103015463964,-1.6632194542546));
#1167=CARTESIAN_POINT('',(6.54675956700999,-0.341384056713574,-1.68480189793133));
#1168=CARTESIAN_POINT('',(6.55005843440271,-1.02747772041296,-1.61900059312208));
#1169=CARTESIAN_POINT('',(6.55014060942547,-1.02532118123349,-1.64068750771067));
#1170=CARTESIAN_POINT('',(6.54895045067779,-1.02630904639154,-1.6632194542546));
#1171=CARTESIAN_POINT('',(6.54675956700999,-1.02415217014055,-1.68480189793133));
#1172=EDGE_LOOP('',(#3173,#3174,#3175,#3176));
#1173=CARTESIAN_POINT('',(6.249999673224,1.02403831211516,-1.61998735749406));
#1174=CARTESIAN_POINT('',(6.24999980170669,1.02299708429445,-1.63099070487147));
#1175=CARTESIAN_POINT('',(6.2494322044052,1.02195585470319,-1.64199406022513));
#1176=CARTESIAN_POINT('',(6.24829988393394,1.02091462688276,-1.65293899071947));
#1177=CARTESIAN_POINT('',(6.35002681106787,1.02403867705047,-1.61998286491152));
#1178=CARTESIAN_POINT('',(6.35004059927942,1.02267931901385,-1.63438028318522));
#1179=CARTESIAN_POINT('',(6.34928296165609,1.02227375839881,-1.64891102681597));
#1180=CARTESIAN_POINT('',(6.34782557260867,1.02091421631224,-1.66323781293544));
#1181=CARTESIAN_POINT('',(6.45005158639949,1.02403904198502,-1.61997837708842));
#1182=CARTESIAN_POINT('',(6.45007388675992,1.0223615537325,-1.63772830761336));
#1183=CARTESIAN_POINT('',(6.44912204269621,1.02259166209366,-1.65586870265681));
#1184=CARTESIAN_POINT('',(6.44734896683419,1.02091380574094,-1.67353642259881));
#1185=CARTESIAN_POINT('',(6.55007407350407,1.0240394069198,-1.6199738939897));
#1186=CARTESIAN_POINT('',(6.55009987092661,1.0220437884516,-1.64103478054018));
#1187=CARTESIAN_POINT('',(6.54894965010509,1.02290956578864,-1.6628671059264));
#1188=CARTESIAN_POINT('',(6.54687013810708,1.02091339516966,-1.68383482699744));
#1189=EDGE_LOOP('',(#3177,#3178,#3179,#3180));
#1190=AXIS2_PLACEMENT_3D('',#3181,#3182,#3183);
#1191=EDGE_LOOP('',(#3184,#3185,#3186,#3187));
#1192=AXIS2_PLACEMENT_3D('',#3188,#3189,#3190);
#1193=EDGE_LOOP('',(#3191,#3192,#3193,#3194));
#1194=AXIS2_PLACEMENT_3D('',#3195,#3196,#3197);
#1195=EDGE_LOOP('',(#3198,#3199,#3200,#3201));
#1196=AXIS2_PLACEMENT_3D('',#3202,#3203,#3204);
#1197=EDGE_LOOP('',(#3205,#3206,#3207,#3208));
#1198=AXIS2_PLACEMENT_3D('',#3209,#3210,#3211);
#1199=EDGE_LOOP('',(#3212,#3213,#3214,#3215));
#1200=CARTESIAN_POINT('',(5.67411135806089,0.502879404438308,-7.0971910765667));
#1201=CARTESIAN_POINT('',(5.65032789763917,0.485178240419179,-7.28262703846631));
#1202=CARTESIAN_POINT('',(5.77315249000097,0.45008740019095,-7.67314516263192));
#1203=CARTESIAN_POINT('',(6.14899343152306,0.415619535582578,-7.83564509121811));
#1204=CARTESIAN_POINT('',(6.33596857198829,0.398541347183501,-7.83108601713937));
#1205=CARTESIAN_POINT('',(5.78198219651726,0.502625034774828,-7.11100250146753));
#1206=CARTESIAN_POINT('',(5.76222077082492,0.487954917237159,-7.26569746610183));
#1207=CARTESIAN_POINT('',(5.86519890240609,0.455894992730627,-7.59102424669452));
#1208=CARTESIAN_POINT('',(6.17802764787873,0.418395689361416,-7.72536783732656));
#1209=CARTESIAN_POINT('',(6.33325822890161,0.398286192961173,-7.72133293934427));
#1210=CARTESIAN_POINT('',(5.88985185911336,0.502370665111262,-7.12482310396218));
#1211=CARTESIAN_POINT('',(5.87412910431315,0.490731594055141,-7.24866805555828));
#1212=CARTESIAN_POINT('',(5.95707898882536,0.461702585270304,-7.50871765108515));
#1213=CARTESIAN_POINT('',(6.20695999652879,0.421171843140169,-7.61509579132453));
#1214=CARTESIAN_POINT('',(6.33055725247016,0.398031038738844,-7.61157963103205));
#1215=CARTESIAN_POINT('',(5.997720344677,0.502116295447776,-7.13865288389788));
#1216=CARTESIAN_POINT('',(5.9860529248018,0.493508270873207,-7.23153881059962));
#1217=CARTESIAN_POINT('',(6.04879223535729,0.467510177809981,-7.42622583948811));
#1218=CARTESIAN_POINT('',(6.23579047645961,0.423947996919002,-7.50482892592548));
#1219=CARTESIAN_POINT('',(6.32786564272134,0.397775884516431,-7.50182609339981));
#1220=EDGE_LOOP('',(#3216,#3217,#3218,#3219));
#1221=AXIS2_PLACEMENT_3D('',#3220,#3221,#3222);
#1222=EDGE_LOOP('',(#3223,#3224,#3225,#3226));
#1223=CARTESIAN_POINT('',(5.997720344677,-0.502116295447776,-7.13865288389788));
#1224=CARTESIAN_POINT('',(5.9860529248018,-0.493508270873207,-7.23153881059962));
#1225=CARTESIAN_POINT('',(6.04879223535728,-0.467510177809981,-7.42622583948811));
#1226=CARTESIAN_POINT('',(6.23579047645961,-0.423947996919002,-7.50482892592548));
#1227=CARTESIAN_POINT('',(6.32786564272135,-0.397775884516431,-7.50182609339981));
#1228=CARTESIAN_POINT('',(5.88985185911336,-0.502370665111262,-7.12482310396218));
#1229=CARTESIAN_POINT('',(5.87412910431314,-0.490731594055141,-7.24866805555828));
#1230=CARTESIAN_POINT('',(5.95707898882536,-0.461702585270304,-7.50871765108515));
#1231=CARTESIAN_POINT('',(6.20695999652879,-0.421171843140169,-7.61509579132453));
#1232=CARTESIAN_POINT('',(6.33055725247016,-0.398031038738844,-7.61157963103205));
#1233=CARTESIAN_POINT('',(5.78198219651726,-0.502625034774828,-7.11100250146753));
#1234=CARTESIAN_POINT('',(5.76222077082492,-0.487954917237159,-7.26569746610183));
#1235=CARTESIAN_POINT('',(5.86519890240609,-0.455894992730627,-7.59102424669452));
#1236=CARTESIAN_POINT('',(6.17802764787873,-0.418395689361416,-7.72536783732656));
#1237=CARTESIAN_POINT('',(6.33325822890161,-0.398286192961173,-7.72133293934427));
#1238=CARTESIAN_POINT('',(5.67411135806089,-0.502879404438308,-7.0971910765667));
#1239=CARTESIAN_POINT('',(5.65032789763917,-0.485178240419179,-7.28262703846631));
#1240=CARTESIAN_POINT('',(5.77315249000098,-0.45008740019095,-7.67314516263193));
#1241=CARTESIAN_POINT('',(6.14899343152306,-0.415619535582578,-7.83564509121811));
#1242=CARTESIAN_POINT('',(6.33596857198829,-0.398541347183501,-7.83108601713937));
#1243=EDGE_LOOP('',(#3227,#3228,#3229,#3230));
#1244=CARTESIAN_POINT('',(5.997706708931,0.5222481581918,-7.138651135664));
#1245=CARTESIAN_POINT('',(5.986038776417,0.5132946053283,-7.231540975922));
#1246=CARTESIAN_POINT('',(6.048780641809,0.4862537473302,-7.426236267347));
#1247=CARTESIAN_POINT('',(6.235786831974,0.4409453847904,-7.504842864852));
#1248=CARTESIAN_POINT('',(6.32786598297,0.4137243273851,-7.501839967437));
#1249=CARTESIAN_POINT('',(5.997706708931,0.1740827193973,-7.138651135664));
#1250=CARTESIAN_POINT('',(5.986038776417,0.1710982017761,-7.231540975922));
#1251=CARTESIAN_POINT('',(6.048780641809,0.1620845824434,-7.426236267347));
#1252=CARTESIAN_POINT('',(6.235786831974,0.1469817949301,-7.504842864852));
#1253=CARTESIAN_POINT('',(6.32786598297,0.1379081091284,-7.501839967437));
#1254=CARTESIAN_POINT('',(5.997706708931,-0.1740827193973,-7.138651135664));
#1255=CARTESIAN_POINT('',(5.986038776417,-0.1710982017761,-7.231540975922));
#1256=CARTESIAN_POINT('',(6.048780641809,-0.1620845824434,-7.426236267347));
#1257=CARTESIAN_POINT('',(6.235786831974,-0.1469817949301,-7.504842864852));
#1258=CARTESIAN_POINT('',(6.32786598297,-0.1379081091284,-7.501839967437));
#1259=CARTESIAN_POINT('',(5.997706708931,-0.5222481581918,-7.138651135664));
#1260=CARTESIAN_POINT('',(5.986038776417,-0.5132946053283,-7.231540975922));
#1261=CARTESIAN_POINT('',(6.048780641809,-0.4862537473302,-7.426236267347));
#1262=CARTESIAN_POINT('',(6.235786831974,-0.4409453847904,-7.504842864852));
#1263=CARTESIAN_POINT('',(6.32786598297,-0.4137243273851,-7.501839967437));
#1264=EDGE_LOOP('',(#3231,#3232,#3233,#3234));
#1265=AXIS2_PLACEMENT_3D('',#3235,#3236,#3237);
#1266=EDGE_LOOP('',(#3238,#3239,#3240,#3241));
#1267=AXIS2_PLACEMENT_3D('',#3242,#3243,#3244);
#1268=EDGE_LOOP('',(#3245,#3246,#3247,#3248));
#1269=AXIS2_PLACEMENT_3D('',#3249,#3250,#3251);
#1270=EDGE_LOOP('',(#3252,#3253,#3254,#3255));
#1271=AXIS2_PLACEMENT_3D('',#3256,#3257,#3258);
#1272=EDGE_LOOP('',(#3259,#3260,#3261,#3262));
#1273=AXIS2_PLACEMENT_3D('',#3263,#3264,#3265);
#1274=EDGE_LOOP('',(#3266,#3267,#3268,#3269));
#1275=AXIS2_PLACEMENT_3D('',#3270,#3271,#3272);
#1276=EDGE_LOOP('',(#3273,#3274,#3275,#3276));
#1277=AXIS2_PLACEMENT_3D('',#3277,#3278,#3279);
#1278=EDGE_LOOP('',(#3280,#3281,#3282,#3283));
#1279=AXIS2_PLACEMENT_3D('',#3284,#3285,#3286);
#1280=EDGE_LOOP('',(#3287,#3288,#3289,#3290));
#1281=AXIS2_PLACEMENT_3D('',#3291,#3292,#3293);
#1282=EDGE_LOOP('',(#3294,#3295,#3296,#3297));
#1283=AXIS2_PLACEMENT_3D('',#3298,#3299,#3300);
#1284=EDGE_LOOP('',(#3301,#3302,#3303,#3304));
#1285=AXIS2_PLACEMENT_3D('',#3305,#3306,#3307);
#1286=EDGE_LOOP('',(#3308,#3309,#3310,#3311,#3312,#3313));
#1287=EDGE_LOOP('',(#3314,#3315,#3316,#3317,#3318,#3319,#3320,#3321,#3322,#3323));
#1288=AXIS2_PLACEMENT_3D('',#3324,#3325,#3326);
#1289=EDGE_LOOP('',(#3327,#3328,#3329,#3330));
#1290=AXIS2_PLACEMENT_3D('',#3331,#3332,#3333);
#1291=EDGE_LOOP('',(#3334,#3335,#3336,#3337));
#1292=AXIS2_PLACEMENT_3D('',#3338,#3339,#3340);
#1293=EDGE_LOOP('',(#3341,#3342,#3343,#3344));
#1294=AXIS2_PLACEMENT_3D('',#3345,#3346,#3347);
#1295=EDGE_LOOP('',(#3348,#3349,#3350,#3351));
#1296=AXIS2_PLACEMENT_3D('',#3352,#3353,#3354);
#1297=EDGE_LOOP('',(#3355,#3356,#3357,#3358));
#1298=CARTESIAN_POINT('',(-6.24999967306796,-1.02401509442249,-1.61998710271481));
#1299=CARTESIAN_POINT('',(-6.24999981023547,-1.02296304481103,-1.63099106819273));
#1300=CARTESIAN_POINT('',(-6.2494321579468,-1.02191099341044,-1.64199504209775));
#1301=CARTESIAN_POINT('',(-6.24829971920804,-1.02085894379879,-1.65294058175567));
#1302=CARTESIAN_POINT('',(-6.35002714125276,-1.02401547037983,-1.61998252577948));
#1303=CARTESIAN_POINT('',(-6.3500410222308,-1.02264213349162,-1.63437985556789));
#1304=CARTESIAN_POINT('',(-6.34928314731758,-1.02223204588329,-1.64891320692067));
#1305=CARTESIAN_POINT('',(-6.34782599805681,-1.02085852131081,-1.66323996186682));
#1306=CARTESIAN_POINT('',(-6.45005219847086,-1.02401584633718,-1.61997795485726));
#1307=CARTESIAN_POINT('',(-6.45007457116962,-1.02232122217222,-1.6377262459081));
#1308=CARTESIAN_POINT('',(-6.44912222438215,-1.02255309835616,-1.65587290855616));
#1309=CARTESIAN_POINT('',(-6.44734993667152,-1.02085809882285,-1.6735391243351));
#1310=CARTESIAN_POINT('',(-6.55007492209466,-1.02401622229457,-1.61997338991112));
#1311=CARTESIAN_POINT('',(-6.55010067238365,-1.022000310853,-1.64103024169288));
#1312=CARTESIAN_POINT('',(-6.54894960002744,-1.02287415082952,-1.6628741659219));
#1313=CARTESIAN_POINT('',(-6.54687160947203,-1.02085767633515,-1.6838380767438));
#1314=EDGE_LOOP('',(#3359,#3360,#3361,#3362));
#1315=AXIS2_PLACEMENT_3D('',#3363,#3364,#3365);
#1316=EDGE_LOOP('',(#3366,#3367,#3368,#3369));
#1317=CARTESIAN_POINT('',(-6.55007492209466,1.02401622229457,-1.61997338991112));
#1318=CARTESIAN_POINT('',(-6.55010067238365,1.022000310853,-1.64103024169288));
#1319=CARTESIAN_POINT('',(-6.54894960002745,1.02287415082952,-1.6628741659219));
#1320=CARTESIAN_POINT('',(-6.54687160947203,1.02085767633515,-1.6838380767438));
#1321=CARTESIAN_POINT('',(-6.45005219847086,1.02401584633717,-1.61997795485726));
#1322=CARTESIAN_POINT('',(-6.45007457116962,1.02232122217222,-1.6377262459081));
#1323=CARTESIAN_POINT('',(-6.44912222438215,1.02255309835616,-1.65587290855616));
#1324=CARTESIAN_POINT('',(-6.44734993667152,1.02085809882285,-1.67353912433509));
#1325=CARTESIAN_POINT('',(-6.35002714125277,1.02401547037983,-1.61998252577948));
#1326=CARTESIAN_POINT('',(-6.35004102223081,1.02264213349162,-1.63437985556789));
#1327=CARTESIAN_POINT('',(-6.34928314731758,1.02223204588329,-1.64891320692067));
#1328=CARTESIAN_POINT('',(-6.34782599805682,1.02085852131081,-1.66323996186682));
#1329=CARTESIAN_POINT('',(-6.24999967306797,1.02401509442249,-1.61998710271482));
#1330=CARTESIAN_POINT('',(-6.24999981023548,1.02296304481103,-1.63099106819273));
#1331=CARTESIAN_POINT('',(-6.24943215794681,1.02191099341044,-1.64199504209775));
#1332=CARTESIAN_POINT('',(-6.24829971920805,1.02085894379879,-1.65294058175567));
#1333=EDGE_LOOP('',(#3370,#3371,#3372,#3373));
#1334=CARTESIAN_POINT('',(-6.55005901915816,-1.02745621644179,-1.61900060539877));
#1335=CARTESIAN_POINT('',(-6.55014151609325,-1.02527782240989,-1.64068266817827));
#1336=CARTESIAN_POINT('',(-6.54895042350703,-1.02627489966777,-1.66322684589756));
#1337=CARTESIAN_POINT('',(-6.54676086538635,-1.02409616179213,-1.6848046110223));
#1338=CARTESIAN_POINT('',(-6.55005901915816,-0.342485405480535,-1.61900060539877));
#1339=CARTESIAN_POINT('',(-6.55014151609325,-0.341759274136574,-1.64068266817827));
#1340=CARTESIAN_POINT('',(-6.54895042350703,-0.342091633222667,-1.66322684589756));
#1341=CARTESIAN_POINT('',(-6.54676086538635,-0.341365387264068,-1.6848046110223));
#1342=CARTESIAN_POINT('',(-6.55005901915816,0.342485405480535,-1.61900060539877));
#1343=CARTESIAN_POINT('',(-6.55014151609325,0.341759274136574,-1.64068266817827));
#1344=CARTESIAN_POINT('',(-6.54895042350703,0.342091633222667,-1.66322684589756));
#1345=CARTESIAN_POINT('',(-6.54676086538635,0.341365387264068,-1.6848046110223));
#1346=CARTESIAN_POINT('',(-6.55005901915816,1.02745621644179,-1.61900060539877));
#1347=CARTESIAN_POINT('',(-6.55014151609325,1.02527782240989,-1.64068266817827));
#1348=CARTESIAN_POINT('',(-6.54895042350703,1.02627489966777,-1.66322684589756));
#1349=CARTESIAN_POINT('',(-6.54676086538635,1.02409616179213,-1.6848046110223));
#1350=EDGE_LOOP('',(#3374,#3375,#3376,#3377));
#1351=AXIS2_PLACEMENT_3D('',#3378,#3379,#3380);
#1352=EDGE_LOOP('',(#3381,#3382,#3383,#3384));
#1353=AXIS2_PLACEMENT_3D('',#3385,#3386,#3387);
#1354=EDGE_LOOP('',(#3388,#3389,#3390,#3391));
#1355=AXIS2_PLACEMENT_3D('',#3392,#3393,#3394);
#1356=EDGE_LOOP('',(#3395,#3396,#3397,#3398));
#1357=AXIS2_PLACEMENT_3D('',#3399,#3400,#3401);
#1358=EDGE_LOOP('',(#3402,#3403,#3404,#3405));
#1359=CARTESIAN_POINT('',(-5.9978933525819,0.496740140162181,-7.13822552707819));
#1360=CARTESIAN_POINT('',(-5.98690231830508,0.488537039720572,-7.22596128798145));
#1361=CARTESIAN_POINT('',(-6.04011447173957,0.463839023876285,-7.40938443416555));
#1362=CARTESIAN_POINT('',(-6.20775493890808,0.422557378109399,-7.49761922880502));
#1363=CARTESIAN_POINT('',(-6.29450655828026,0.397770647745365,-7.5048595076165));
#1364=CARTESIAN_POINT('',(-5.89333273414423,0.496986262163977,-7.12485263741937));
#1365=CARTESIAN_POINT('',(-5.87868315061297,0.486010530095797,-7.24057262108656));
#1366=CARTESIAN_POINT('',(-5.9482398815383,0.458540009645924,-7.48290091300261));
#1367=CARTESIAN_POINT('',(-6.16970724862651,0.420031376568798,-7.60070306543704));
#1368=CARTESIAN_POINT('',(-6.28480209631191,0.398017531873389,-7.61077940610965));
#1369=CARTESIAN_POINT('',(-5.78877100826909,0.497232384165848,-7.11148840368737));
#1370=CARTESIAN_POINT('',(-5.77047767191206,0.483484020471022,-7.25509540225248));
#1371=CARTESIAN_POINT('',(-5.85622921773166,0.453240995415563,-7.55624758030048));
#1372=CARTESIAN_POINT('',(-6.1315693305172,0.417505375028121,-7.70378100246309));
#1373=CARTESIAN_POINT('',(-6.2751064299617,0.398264416001487,-7.71670011083982));
#1374=CARTESIAN_POINT('',(-5.68420817603086,0.497478506167643,-7.09813282601809));
#1375=CARTESIAN_POINT('',(-5.66228585909608,0.480957510846247,-7.26952962823343));
#1376=CARTESIAN_POINT('',(-5.7640829214661,0.447941981185202,-7.62942408202701));
#1377=CARTESIAN_POINT('',(-6.09334118271755,0.414979373487521,-7.80685306342656));
#1378=CARTESIAN_POINT('',(-6.26541955933079,0.39851130012951,-7.82262162071297));
#1379=EDGE_LOOP('',(#3406,#3407,#3408,#3409));
#1380=CARTESIAN_POINT('',(-5.997882065549,-0.516656445755,-7.138224083511));
#1381=CARTESIAN_POINT('',(-5.986890636342,-0.5081241392567,-7.225962865234));
#1382=CARTESIAN_POINT('',(-6.040104554129,-0.4824355709364,-7.409392370069));
#1383=CARTESIAN_POINT('',(-6.207750831763,-0.4394990919685,-7.497630356423));
#1384=CARTESIAN_POINT('',(-6.29450551071,-0.4137188748227,-7.50487094138));
#1385=CARTESIAN_POINT('',(-5.997882065549,-0.1722188152517,-7.138224083511));
#1386=CARTESIAN_POINT('',(-5.986890636342,-0.1693747130856,-7.225962865234));
#1387=CARTESIAN_POINT('',(-6.040104554129,-0.1608118569788,-7.409392370069));
#1388=CARTESIAN_POINT('',(-6.207750831763,-0.1464996973228,-7.497630356423));
#1389=CARTESIAN_POINT('',(-6.29450551071,-0.1379062916076,-7.50487094138));
#1390=CARTESIAN_POINT('',(-5.997882065549,0.1722188152517,-7.138224083511));
#1391=CARTESIAN_POINT('',(-5.986890636342,0.1693747130856,-7.225962865234));
#1392=CARTESIAN_POINT('',(-6.040104554129,0.1608118569788,-7.409392370069));
#1393=CARTESIAN_POINT('',(-6.207750831763,0.1464996973228,-7.497630356423));
#1394=CARTESIAN_POINT('',(-6.29450551071,0.1379062916076,-7.50487094138));
#1395=CARTESIAN_POINT('',(-5.997882065549,0.516656445755,-7.138224083511));
#1396=CARTESIAN_POINT('',(-5.986890636342,0.5081241392567,-7.225962865234));
#1397=CARTESIAN_POINT('',(-6.040104554129,0.4824355709364,-7.409392370069));
#1398=CARTESIAN_POINT('',(-6.207750831763,0.4394990919685,-7.497630356423));
#1399=CARTESIAN_POINT('',(-6.29450551071,0.4137188748227,-7.50487094138));
#1400=EDGE_LOOP('',(#3410,#3411,#3412,#3413));
#1401=CARTESIAN_POINT('',(-5.68420817603085,-0.497478506167644,-7.09813282601809));
#1402=CARTESIAN_POINT('',(-5.66228585909607,-0.480957510846247,-7.26952962823343));
#1403=CARTESIAN_POINT('',(-5.7640829214661,-0.447941981185202,-7.62942408202702));
#1404=CARTESIAN_POINT('',(-6.09334118271755,-0.414979373487521,-7.80685306342657));
#1405=CARTESIAN_POINT('',(-6.26541955933079,-0.39851130012951,-7.82262162071298));
#1406=CARTESIAN_POINT('',(-5.78877100826909,-0.497232384165848,-7.11148840368737));
#1407=CARTESIAN_POINT('',(-5.77047767191206,-0.483484020471022,-7.25509540225248));
#1408=CARTESIAN_POINT('',(-5.85622921773166,-0.453240995415563,-7.55624758030049));
#1409=CARTESIAN_POINT('',(-6.1315693305172,-0.417505375028121,-7.70378100246309));
#1410=CARTESIAN_POINT('',(-6.2751064299617,-0.398264416001487,-7.71670011083982));
#1411=CARTESIAN_POINT('',(-5.89333273414423,-0.496986262163977,-7.12485263741937));
#1412=CARTESIAN_POINT('',(-5.87868315061298,-0.486010530095797,-7.24057262108656));
#1413=CARTESIAN_POINT('',(-5.9482398815383,-0.458540009645924,-7.48290091300261));
#1414=CARTESIAN_POINT('',(-6.16970724862651,-0.420031376568798,-7.60070306543704));
#1415=CARTESIAN_POINT('',(-6.28480209631191,-0.398017531873389,-7.61077940610965));
#1416=CARTESIAN_POINT('',(-5.9978933525819,-0.496740140162181,-7.13822552707819));
#1417=CARTESIAN_POINT('',(-5.98690231830508,-0.488537039720572,-7.22596128798145));
#1418=CARTESIAN_POINT('',(-6.04011447173958,-0.463839023876285,-7.40938443416555));
#1419=CARTESIAN_POINT('',(-6.20775493890808,-0.422557378109399,-7.49761922880501));
#1420=CARTESIAN_POINT('',(-6.29450655828026,-0.397770647745365,-7.50485950761649));
#1421=EDGE_LOOP('',(#3414,#3415,#3416,#3417));
#1422=AXIS2_PLACEMENT_3D('',#3418,#3419,#3420);
#1423=EDGE_LOOP('',(#3421,#3422,#3423,#3424));
#1424=AXIS2_PLACEMENT_3D('',#3425,#3426,#3427);
#1425=EDGE_LOOP('',(#3428,#3429,#3430,#3431));
#1426=AXIS2_PLACEMENT_3D('',#3432,#3433,#3434);
#1427=EDGE_LOOP('',(#3435,#3436,#3437,#3438,#3439,#3440,#3441,#3442));
#1428=EDGE_LOOP('',(#3443,#3444,#3445,#3446,#3447,#3448,#3449));
#1429=EDGE_LOOP('',(#3450,#3451,#3452,#3453,#3454,#3455,#3456));
#1430=AXIS2_PLACEMENT_3D('',#3457,#3458,#3459);
#1431=EDGE_LOOP('',(#3460,#3461,#3462,#3463));
#1432=AXIS2_PLACEMENT_3D('',#3464,#3465,#3466);
#1433=EDGE_LOOP('',(#3467,#3468,#3469,#3470));
#1434=AXIS2_PLACEMENT_3D('',#3471,#3472,#3473);
#1435=EDGE_LOOP('',(#3474,#3475,#3476,#3477,#3478,#3479,#3480,#3481));
#1436=EDGE_LOOP('',(#3482,#3483,#3484,#3485,#3486,#3487,#3488));
#1437=EDGE_LOOP('',(#3489,#3490,#3491,#3492,#3493,#3494,#3495));
#1438=AXIS2_PLACEMENT_3D('',#3496,#3497,#3498);
#1439=EDGE_LOOP('',(#3499,#3500,#3501,#3502));
#1440=AXIS2_PLACEMENT_3D('',#3503,#3504,#3505);
#1441=EDGE_LOOP('',(#3506,#3507,#3508,#3509));
#1442=AXIS2_PLACEMENT_3D('',#3510,#3511,#3512);
#1443=EDGE_LOOP('',(#3513,#3514,#3515,#3516,#3517,#3518,#3519,#3520));
#1444=EDGE_LOOP('',(#3521,#3522,#3523,#3524,#3525,#3526,#3527));
#1445=EDGE_LOOP('',(#3528,#3529,#3530,#3531,#3532,#3533,#3534));
#1446=AXIS2_PLACEMENT_3D('',#3535,#3536,#3537);
#1447=EDGE_LOOP('',(#3538,#3539,#3540,#3541));
#1448=AXIS2_PLACEMENT_3D('',#3542,#3543,#3544);
#1449=EDGE_LOOP('',(#3545,#3546,#3547,#3548));
#1450=AXIS2_PLACEMENT_3D('',#3549,#3550,#3551);
#1451=EDGE_LOOP('',(#3552,#3553,#3554,#3555));
#1452=AXIS2_PLACEMENT_3D('',#3556,#3557,#3558);
#1453=EDGE_LOOP('',(#3559,#3560,#3561,#3562));
#1454=AXIS2_PLACEMENT_3D('',#3563,#3564,#3565);
#1455=EDGE_LOOP('',(#3566,#3567,#3568,#3569));
#1456=AXIS2_PLACEMENT_3D('',#3570,#3571,#3572);
#1457=EDGE_LOOP('',(#3573,#3574,#3575,#3576));
#1458=AXIS2_PLACEMENT_3D('',#3577,#3578,#3579);
#1459=EDGE_LOOP('',(#3580,#3581,#3582,#3583,#3584,#3585,#3586,#3587,#3588,#3589,#3590,#3591));
#1460=EDGE_LOOP('',(#3592,#3593,#3594,#3595,#3596,#3597,#3598));
#1461=EDGE_LOOP('',(#3599,#3600,#3601,#3602,#3603,#3604,#3605));
#1462=AXIS2_PLACEMENT_3D('',#3606,#3607,#3608);
#1463=EDGE_LOOP('',(#3609,#3610,#3611,#3612));
#1464=CARTESIAN_POINT('',(-1.71031413295175,2.85999032820561,-8.02824808293281));
#1465=CARTESIAN_POINT('',(-1.7125247119275,2.86017800879827,-8.00909733693356));
#1466=CARTESIAN_POINT('',(-1.71483075416441,2.86022470233225,-7.98995798046923));
#1467=CARTESIAN_POINT('',(-1.71723225966252,2.86013040880807,-7.97083317507118));
#1468=CARTESIAN_POINT('',(-2.57010471098398,2.85999032820561,-8.02824808293281));
#1469=CARTESIAN_POINT('',(-2.57084157064268,2.86017800879827,-8.00909733693356));
#1470=CARTESIAN_POINT('',(-2.57161025138796,2.86022470233225,-7.98995798046923));
#1471=CARTESIAN_POINT('',(-2.57241075322078,2.86013040880807,-7.97083317507118));
#1472=CARTESIAN_POINT('',(-3.42989528901602,2.85999032820561,-8.02824808293281));
#1473=CARTESIAN_POINT('',(-3.42915842935732,2.86017800879827,-8.00909733693356));
#1474=CARTESIAN_POINT('',(-3.42838974861204,2.86022470233225,-7.98995798046923));
#1475=CARTESIAN_POINT('',(-3.42758924677922,2.86013040880807,-7.97083317507118));
#1476=CARTESIAN_POINT('',(-4.28968586704825,2.85999032820562,-8.02824808293281));
#1477=CARTESIAN_POINT('',(-4.2874752880725,2.86017800879827,-8.00909733693356));
#1478=CARTESIAN_POINT('',(-4.28516924583559,2.86022470233225,-7.98995798046923));
#1479=CARTESIAN_POINT('',(-4.28276774033748,2.86013040880807,-7.97083317507118));
#1480=EDGE_LOOP('',(#3613,#3614,#3615,#3616));
#1481=CARTESIAN_POINT('',(-1.71250527512944,2.5589744861431,-8.0305810703435));
#1482=CARTESIAN_POINT('',(-1.71500518865692,2.55913636530892,-8.01061206954404));
#1483=CARTESIAN_POINT('',(-1.71750458314506,2.55913619841972,-7.99064220170627));
#1484=CARTESIAN_POINT('',(-1.72000345859492,2.55897398547534,-7.97067541196972));
#1485=CARTESIAN_POINT('',(-1.71251122561401,2.65963809006301,-8.0306272583346));
#1486=CARTESIAN_POINT('',(-1.71497338709798,2.65981839783974,-8.01038127440367));
#1487=CARTESIAN_POINT('',(-1.71747278108233,2.65983524903531,-7.99013896075866));
#1488=CARTESIAN_POINT('',(-1.72000940756666,2.65968864364854,-7.96990429687682));
#1489=CARTESIAN_POINT('',(-1.71251717609869,2.76030169398291,-8.03067347655716));
#1490=CARTESIAN_POINT('',(-1.71494158553957,2.7605004303705,-8.010150317702));
#1491=CARTESIAN_POINT('',(-1.71744097901908,2.76053429965026,-7.98963555814417));
#1492=CARTESIAN_POINT('',(-1.72001535653832,2.7604033018216,-7.96913321202412));
#1493=CARTESIAN_POINT('',(-1.71252312658326,2.86096529790295,-8.03071972501193));
#1494=CARTESIAN_POINT('',(-1.71490978398063,2.8611824629019,-8.00991919943959));
#1495=CARTESIAN_POINT('',(-1.7174091769564,2.86123335026526,-7.98913199386234));
#1496=CARTESIAN_POINT('',(-1.72002130551073,2.86111795999466,-7.96836215741212));
#1497=EDGE_LOOP('',(#3617,#3618,#3619,#3620));
#1498=CARTESIAN_POINT('',(-4.28977690195765,2.55999265312089,-8.02824809156535));
#1499=CARTESIAN_POINT('',(-4.28746750887357,2.56013044917975,-8.00983232784334));
#1500=CARTESIAN_POINT('',(-4.28515823848965,2.56013045431371,-7.99141599590199));
#1501=CARTESIAN_POINT('',(-4.28284909080643,2.55999266852175,-7.97300218900368));
#1502=CARTESIAN_POINT('',(-3.42992563398616,2.55999265312089,-8.02824809156535));
#1503=CARTESIAN_POINT('',(-3.42915583629139,2.56013044917975,-8.00983232784334));
#1504=CARTESIAN_POINT('',(-3.42838607949638,2.56013045431371,-7.99141599590198));
#1505=CARTESIAN_POINT('',(-3.42761636360208,2.55999266852175,-7.97300218900368));
#1506=CARTESIAN_POINT('',(-2.57007436601384,2.55999265312089,-8.02824809156535));
#1507=CARTESIAN_POINT('',(-2.57084416370861,2.56013044917975,-8.00983232784334));
#1508=CARTESIAN_POINT('',(-2.57161392050362,2.56013045431371,-7.99141599590198));
#1509=CARTESIAN_POINT('',(-2.57238363639792,2.55999266852175,-7.97300218900368));
#1510=CARTESIAN_POINT('',(-1.71022309804235,2.55999265312089,-8.02824809156535));
#1511=CARTESIAN_POINT('',(-1.71253249112643,2.56013044917975,-8.00983232784333));
#1512=CARTESIAN_POINT('',(-1.71484176151035,2.56013045431371,-7.99141599590198));
#1513=CARTESIAN_POINT('',(-1.71715090919357,2.55999266852175,-7.97300218900368));
#1514=EDGE_LOOP('',(#3621,#3622,#3623,#3624));
#1515=CARTESIAN_POINT('',(-4.28747687341681,2.86096529790295,-8.03071972501179));
#1516=CARTESIAN_POINT('',(-4.28509021601942,2.8611824629019,-8.00991919943992));
#1517=CARTESIAN_POINT('',(-4.28259082304362,2.86123335026527,-7.98913199386252));
#1518=CARTESIAN_POINT('',(-4.27997869448927,2.86111795999466,-7.96836215741212));
#1519=CARTESIAN_POINT('',(-4.28748282390137,2.76030169398291,-8.0306734765577));
#1520=CARTESIAN_POINT('',(-4.28505841446048,2.7605004303705,-8.01015031770237));
#1521=CARTESIAN_POINT('',(-4.28255902098094,2.76053429965026,-7.98963555814436));
#1522=CARTESIAN_POINT('',(-4.27998464346168,2.7604033018216,-7.96913321202412));
#1523=CARTESIAN_POINT('',(-4.28748877438606,2.659638090063,-8.03062725833516));
#1524=CARTESIAN_POINT('',(-4.28502661290207,2.65981839783974,-8.01038127440405));
#1525=CARTESIAN_POINT('',(-4.28252721891769,2.65983524903531,-7.99013896075884));
#1526=CARTESIAN_POINT('',(-4.27999059243334,2.65968864364854,-7.96990429687682));
#1527=CARTESIAN_POINT('',(-4.28749472487063,2.5589744861431,-8.03058107034406));
#1528=CARTESIAN_POINT('',(-4.28499481134313,2.55913636530892,-8.01061206954441));
#1529=CARTESIAN_POINT('',(-4.28249541685497,2.55913619841972,-7.99064220170645));
#1530=CARTESIAN_POINT('',(-4.27999654140508,2.55897398547534,-7.97067541196971));
#1531=EDGE_LOOP('',(#3625,#3626,#3627,#3628));
#1532=AXIS2_PLACEMENT_3D('',#3629,#3630,#3631);
#1533=EDGE_LOOP('',(#3632,#3633,#3634,#3635));
#1534=CARTESIAN_POINT('',(-1.71688408334532,2.86013987998397,-7.97283314000172));
#1535=CARTESIAN_POINT('',(-1.89758260837603,2.85341622178608,-6.53188004152511));
#1536=CARTESIAN_POINT('',(-2.07803529765549,2.82588308754848,-5.0908919607473));
#1537=CARTESIAN_POINT('',(-2.25874960282553,2.80876078117061,-3.64989911266975));
#1538=CARTESIAN_POINT('',(-2.57229469444872,2.86013987998397,-7.97283314000172));
#1539=CARTESIAN_POINT('',(-2.63252753612506,2.85341622178608,-6.53188004152511));
#1540=CARTESIAN_POINT('',(-2.69267843255182,2.82588308754848,-5.0908919607473));
#1541=CARTESIAN_POINT('',(-2.75291653427489,2.80876078117061,-3.64989911266975));
#1542=CARTESIAN_POINT('',(-3.42770530555128,2.86013987998397,-7.97283314000172));
#1543=CARTESIAN_POINT('',(-3.36747246387495,2.85341622178608,-6.53188004152511));
#1544=CARTESIAN_POINT('',(-3.30732156744818,2.82588308754848,-5.0908919607473));
#1545=CARTESIAN_POINT('',(-3.24708346572511,2.80876078117061,-3.64989911266975));
#1546=CARTESIAN_POINT('',(-4.28311591665468,2.86013987998397,-7.97283314000172));
#1547=CARTESIAN_POINT('',(-4.10241739162398,2.85341622178608,-6.53188004152511));
#1548=CARTESIAN_POINT('',(-3.92196470234451,2.82588308754848,-5.0908919607473));
#1549=CARTESIAN_POINT('',(-3.74125039717447,2.80876078117061,-3.64989911266975));
#1550=EDGE_LOOP('',(#3636,#3637,#3638,#3639));
#1551=AXIS2_PLACEMENT_3D('',#3640,#3641,#3642);
#1552=EDGE_LOOP('',(#3643,#3644,#3645,#3646));
#1553=CARTESIAN_POINT('',(-4.28312930638407,2.5600072244215,-7.97500213455852));
#1554=CARTESIAN_POINT('',(-4.10251455963824,2.54962927082059,-6.53475688911761));
#1555=CARTESIAN_POINT('',(-3.92188129750882,2.51845819915247,-5.09458894482228));
#1556=CARTESIAN_POINT('',(-3.74125729629137,2.49768730301923,-3.6543823365097));
#1557=CARTESIAN_POINT('',(-3.42770976879499,2.5600072244215,-7.97500213455852));
#1558=CARTESIAN_POINT('',(-3.36750485321303,2.54962927082059,-6.53475688911761));
#1559=CARTESIAN_POINT('',(-3.30729376583599,2.51845819915247,-5.09458894482228));
#1560=CARTESIAN_POINT('',(-3.24708576543074,2.49768730301923,-3.6543823365097));
#1561=CARTESIAN_POINT('',(-2.57229023120501,2.5600072244215,-7.97500213455852));
#1562=CARTESIAN_POINT('',(-2.63249514678697,2.54962927082059,-6.53475688911761));
#1563=CARTESIAN_POINT('',(-2.69270623416401,2.51845819915247,-5.09458894482228));
#1564=CARTESIAN_POINT('',(-2.75291423456926,2.49768730301923,-3.6543823365097));
#1565=CARTESIAN_POINT('',(-1.71687069361593,2.5600072244215,-7.97500213455852));
#1566=CARTESIAN_POINT('',(-1.89748544036176,2.54962927082059,-6.53475688911761));
#1567=CARTESIAN_POINT('',(-2.07811870249118,2.51845819915247,-5.09458894482228));
#1568=CARTESIAN_POINT('',(-2.25874270370863,2.49768730301923,-3.6543823365097));
#1569=EDGE_LOOP('',(#3647,#3648,#3649,#3650));
#1570=AXIS2_PLACEMENT_3D('',#3651,#3652,#3653);
#1571=EDGE_LOOP('',(#3654,#3655,#3656,#3657));
#1572=CARTESIAN_POINT('',(-3.7414676492364,2.81499878494841,-3.66312555498968));
#1573=CARTESIAN_POINT('',(-3.72457218997828,2.81592911615204,-3.53475722846123));
#1574=CARTESIAN_POINT('',(-3.71589926426356,2.7348599310266,-3.26734150040836));
#1575=CARTESIAN_POINT('',(-3.70720427605301,2.51057587189364,-3.10078786120937));
#1576=CARTESIAN_POINT('',(-3.69028269408227,2.38939319167509,-3.05778230432257));
#1577=CARTESIAN_POINT('',(-3.74120453925887,2.7091961371789,-3.66270381803638));
#1578=CARTESIAN_POINT('',(-3.72718647830045,2.70994567629162,-3.55458848003495));
#1579=CARTESIAN_POINT('',(-3.71589175324434,2.64181047778834,-3.3329225070473));
#1580=CARTESIAN_POINT('',(-3.70458232307673,2.45616385511076,-3.19402799753612));
#1581=CARTESIAN_POINT('',(-3.6905465845261,2.35410150686989,-3.15790077724062));
#1582=CARTESIAN_POINT('',(-3.74094142928133,2.60339366041763,-3.6622336736479));
#1583=CARTESIAN_POINT('',(-3.7298007666226,2.60394732705048,-3.57489877951273));
#1584=CARTESIAN_POINT('',(-3.71588424222432,2.54899669099395,-3.39833580031277));
#1585=CARTESIAN_POINT('',(-3.70196037010044,2.40129220808712,-3.28711996333827));
#1586=CARTESIAN_POINT('',(-3.69081047496993,2.31885580099966,-3.25803548010396));
#1587=CARTESIAN_POINT('',(-3.7406783193038,2.49759138493627,-3.66171512178483));
#1588=CARTESIAN_POINT('',(-3.73241505494477,2.49793316044244,-3.59568810228347));
#1589=CARTESIAN_POINT('',(-3.71587673120507,2.45641916706995,-3.46358095709924));
#1590=CARTESIAN_POINT('',(-3.69933841712417,2.34596064610077,-3.3800646294651));
#1591=CARTESIAN_POINT('',(-3.69107436541376,2.28365608441061,-3.35818638403418));
#1592=EDGE_LOOP('',(#3658,#3659,#3660,#3661));
#1593=CARTESIAN_POINT('',(-2.25759492373633,2.80878131547414,-3.65189891493904));
#1594=CARTESIAN_POINT('',(-2.27319118643804,2.80742563945389,-3.5281847564057));
#1595=CARTESIAN_POINT('',(-2.28178604968604,2.72730212372628,-3.27266303312039));
#1596=CARTESIAN_POINT('',(-2.29040300194975,2.51388120912041,-3.11101950637777));
#1597=CARTESIAN_POINT('',(-2.30602197661608,2.39786885513124,-3.06749391687176));
#1598=CARTESIAN_POINT('',(-2.75253164124518,2.80878131547414,-3.65189891493904));
#1599=CARTESIAN_POINT('',(-2.75773039547964,2.80742563945389,-3.5281847564057));
#1600=CARTESIAN_POINT('',(-2.76059534989565,2.72730212372628,-3.27266303312039));
#1601=CARTESIAN_POINT('',(-2.76346766731688,2.51388120912041,-3.11101950637777));
#1602=CARTESIAN_POINT('',(-2.76867399220537,2.39786885513124,-3.06749391687176));
#1603=CARTESIAN_POINT('',(-3.24746835875482,2.80878131547414,-3.65189891493904));
#1604=CARTESIAN_POINT('',(-3.24226960452036,2.80742563945389,-3.5281847564057));
#1605=CARTESIAN_POINT('',(-3.23940465010435,2.72730212372628,-3.27266303312039));
#1606=CARTESIAN_POINT('',(-3.23653233268312,2.51388120912041,-3.11101950637777));
#1607=CARTESIAN_POINT('',(-3.23132600779462,2.39786885513124,-3.06749391687176));
#1608=CARTESIAN_POINT('',(-3.74240507626367,2.80878131547415,-3.65189891493904));
#1609=CARTESIAN_POINT('',(-3.72680881356196,2.80742563945389,-3.5281847564057));
#1610=CARTESIAN_POINT('',(-3.71821395031395,2.72730212372628,-3.27266303312039));
#1611=CARTESIAN_POINT('',(-3.70959699805025,2.51388120912041,-3.11101950637777));
#1612=CARTESIAN_POINT('',(-3.69397802338392,2.39786885513124,-3.06749391687176));
#1613=EDGE_LOOP('',(#3662,#3663,#3664,#3665));
#1614=CARTESIAN_POINT('',(-2.25932168069303,2.49759138493614,-3.66171512181017));
#1615=CARTESIAN_POINT('',(-2.26758494505311,2.49793316044776,-3.59568810230037));
#1616=CARTESIAN_POINT('',(-2.28412326879493,2.45641916707436,-3.46358095709613));
#1617=CARTESIAN_POINT('',(-2.30066158287795,2.34596064608664,-3.38006462945442));
#1618=CARTESIAN_POINT('',(-2.30892563458941,2.2836560843867,-3.35818638402578));
#1619=CARTESIAN_POINT('',(-2.25905857071437,2.60339366042562,-3.66223367368146));
#1620=CARTESIAN_POINT('',(-2.27019923337582,2.60394732706573,-3.57489877953371));
#1621=CARTESIAN_POINT('',(-2.28411575777568,2.54899669100706,-3.39833580030353));
#1622=CARTESIAN_POINT('',(-2.29803962990113,2.40129220807252,-3.28711996331684));
#1623=CARTESIAN_POINT('',(-2.30918952503437,2.31885580097076,-3.25803548008503));
#1624=CARTESIAN_POINT('',(-2.25879546073571,2.70919613719502,-3.66270381807795));
#1625=CARTESIAN_POINT('',(-2.27281352169851,2.70994567631677,-3.55458848006016));
#1626=CARTESIAN_POINT('',(-2.28410824675566,2.64181047781025,-3.33292250703186));
#1627=CARTESIAN_POINT('',(-2.29541767692431,2.45616385509552,-3.19402799750392));
#1628=CARTESIAN_POINT('',(-2.30945341547933,2.35410150683619,-3.15790077721122));
#1629=CARTESIAN_POINT('',(-2.25853235075706,2.81499878497266,-3.66312555503905));
#1630=CARTESIAN_POINT('',(-2.27542781002122,2.81592911618707,-3.53475722849083));
#1631=CARTESIAN_POINT('',(-2.28410073573643,2.73485993105741,-3.26734150038665));
#1632=CARTESIAN_POINT('',(-2.2927957239475,2.51057587187761,-3.10078786116638));
#1633=CARTESIAN_POINT('',(-2.30971730592429,2.3893931916368,-3.05778230428278));
#1634=EDGE_LOOP('',(#3666,#3667,#3668,#3669));
#1635=CARTESIAN_POINT('',(-2.30615819743646,2.30445463847714,-3.36569456913911));
#1636=CARTESIAN_POINT('',(-2.3196243812206,2.20274060433364,-3.33059804875619));
#1637=CARTESIAN_POINT('',(-2.34655139167185,2.01782660151114,-3.20720024090084));
#1638=CARTESIAN_POINT('',(-2.38693388514848,1.86668709247946,-2.90983806660605));
#1639=CARTESIAN_POINT('',(-2.42731640557546,1.88074363399392,-2.57656635818789));
#1640=CARTESIAN_POINT('',(-2.45424346992718,1.99774545771013,-2.38753984184218));
#1641=CARTESIAN_POINT('',(-2.46770968964554,2.07571166781638,-2.31338567238437));
#1642=CARTESIAN_POINT('',(-2.30650558638152,2.3395135760412,-3.26418989657768));
#1643=CARTESIAN_POINT('',(-2.31751610951191,2.25492725275336,-3.23496249154877));
#1644=CARTESIAN_POINT('',(-2.34314009316359,2.10161362160262,-3.13223733817327));
#1645=CARTESIAN_POINT('',(-2.38697141199745,1.97694491193545,-2.88580592568772));
#1646=CARTESIAN_POINT('',(-2.4307846053628,1.98882650571153,-2.61009639982016));
#1647=CARTESIAN_POINT('',(-2.45637233808192,2.08576793238993,-2.4534946291784));
#1648=CARTESIAN_POINT('',(-2.46735869392172,2.1505122902144,-2.39198388506287));
#1649=CARTESIAN_POINT('',(-2.30685297532663,2.37455671267571,-3.16267976918773));
#1650=CARTESIAN_POINT('',(-2.31540783780322,2.30721071020147,-3.13935735444637));
#1651=CARTESIAN_POINT('',(-2.33972879465617,2.18550803243279,-3.05741465618574));
#1652=CARTESIAN_POINT('',(-2.38700893884562,2.08716545957037,-2.86178084897508));
#1653=CARTESIAN_POINT('',(-2.43425280515097,2.0969496526688,-2.64345142498942));
#1654=CARTESIAN_POINT('',(-2.45850120623582,2.17386714266967,-2.51938039402392));
#1655=CARTESIAN_POINT('',(-2.46700769819874,2.2253005902229,-2.4705938211922));
#1656=CARTESIAN_POINT('',(-2.30720036427259,2.40958404710811,-3.06116419065977));
#1657=CARTESIAN_POINT('',(-2.31329956609453,2.35959099277083,-3.04378258876427));
#1658=CARTESIAN_POINT('',(-2.33631749614877,2.26950951171129,-2.98273246009462));
#1659=CARTESIAN_POINT('',(-2.38704646569465,2.1973489197186,-2.8377627982609));
#1660=CARTESIAN_POINT('',(-2.43772100493915,2.20511265972512,-2.67663132138781));
#1661=CARTESIAN_POINT('',(-2.46063007438971,2.2620431242467,-2.58519717490348));
#1662=CARTESIAN_POINT('',(-2.46665670247577,2.30007656508754,-2.54921547787523));
#1663=EDGE_LOOP('',(#3670,#3671,#3672,#3673));
#1664=AXIS2_PLACEMENT_3D('',#3674,#3675,#3676);
#1665=EDGE_LOOP('',(#3677,#3678,#3679,#3680));
#1666=CARTESIAN_POINT('',(-3.69279963572741,2.40958404710811,-3.06116419065977));
#1667=CARTESIAN_POINT('',(-3.68670043390547,2.35959099277083,-3.04378258876427));
#1668=CARTESIAN_POINT('',(-3.66368250385123,2.26950951171129,-2.98273246009462));
#1669=CARTESIAN_POINT('',(-3.61295353430535,2.1973489197186,-2.8377627982609));
#1670=CARTESIAN_POINT('',(-3.56227899506085,2.20511265972512,-2.67663132138781));
#1671=CARTESIAN_POINT('',(-3.53936992561029,2.2620431242467,-2.58519717490348));
#1672=CARTESIAN_POINT('',(-3.53334329752423,2.30007656508754,-2.54921547787523));
#1673=CARTESIAN_POINT('',(-3.69314702467337,2.37455671267571,-3.16267976918773));
#1674=CARTESIAN_POINT('',(-3.68459216219678,2.30721071020147,-3.13935735444637));
#1675=CARTESIAN_POINT('',(-3.66027120534383,2.18550803243279,-3.05741465618574));
#1676=CARTESIAN_POINT('',(-3.61299106115437,2.08716545957037,-2.86178084897508));
#1677=CARTESIAN_POINT('',(-3.56574719484903,2.0969496526688,-2.64345142498942));
#1678=CARTESIAN_POINT('',(-3.54149879376418,2.17386714266967,-2.51938039402392));
#1679=CARTESIAN_POINT('',(-3.53299230180126,2.2253005902229,-2.4705938211922));
#1680=CARTESIAN_POINT('',(-3.69349441361848,2.3395135760412,-3.26418989657768));
#1681=CARTESIAN_POINT('',(-3.68248389048809,2.25492725275336,-3.23496249154877));
#1682=CARTESIAN_POINT('',(-3.65685990683641,2.10161362160262,-3.13223733817327));
#1683=CARTESIAN_POINT('',(-3.61302858800255,1.97694491193545,-2.88580592568772));
#1684=CARTESIAN_POINT('',(-3.5692153946372,1.98882650571153,-2.61009639982016));
#1685=CARTESIAN_POINT('',(-3.54362766191808,2.08576793238993,-2.4534946291784));
#1686=CARTESIAN_POINT('',(-3.53264130607828,2.1505122902144,-2.39198388506287));
#1687=CARTESIAN_POINT('',(-3.69384180256354,2.30445463847714,-3.36569456913911));
#1688=CARTESIAN_POINT('',(-3.6803756187794,2.20274060433364,-3.3305980487562));
#1689=CARTESIAN_POINT('',(-3.65344860832815,2.01782660151114,-3.20720024090084));
#1690=CARTESIAN_POINT('',(-3.61306611485152,1.86668709247946,-2.90983806660605));
#1691=CARTESIAN_POINT('',(-3.57268359442454,1.88074363399392,-2.57656635818789));
#1692=CARTESIAN_POINT('',(-3.54575653007282,1.99774545771013,-2.38753984184218));
#1693=CARTESIAN_POINT('',(-3.53229031035446,2.07571166781638,-2.31338567238437));
#1694=EDGE_LOOP('',(#3681,#3682,#3683,#3684));
#1695=CARTESIAN_POINT('',(-2.279454909305,2.406339055903,-3.070568618074));
#1696=CARTESIAN_POINT('',(-2.292614435296,2.30313842378,-3.034704900781));
#1697=CARTESIAN_POINT('',(-2.36255213806,2.142926027858,-2.848900486824));
#1698=CARTESIAN_POINT('',(-2.432343551223,2.214600118517,-2.616267400032));
#1699=CARTESIAN_POINT('',(-2.445356787612,2.29314925419,-2.541931970294));
#1700=CARTESIAN_POINT('',(-2.759818303102,2.406339055903,-3.070568618074));
#1701=CARTESIAN_POINT('',(-2.764204811765,2.30313842378,-3.034704900781));
#1702=CARTESIAN_POINT('',(-2.787517379353,2.142926027858,-2.848900486824));
#1703=CARTESIAN_POINT('',(-2.810781183741,2.214600118517,-2.616267400032));
#1704=CARTESIAN_POINT('',(-2.815118929204,2.29314925419,-2.541931970294));
#1705=CARTESIAN_POINT('',(-3.240181696898,2.406339055903,-3.070568618074));
#1706=CARTESIAN_POINT('',(-3.235795188235,2.30313842378,-3.034704900781));
#1707=CARTESIAN_POINT('',(-3.212482620647,2.142926027858,-2.848900486824));
#1708=CARTESIAN_POINT('',(-3.189218816259,2.214600118517,-2.616267400032));
#1709=CARTESIAN_POINT('',(-3.184881070796,2.29314925419,-2.541931970294));
#1710=CARTESIAN_POINT('',(-3.720545090695,2.406339055903,-3.070568618074));
#1711=CARTESIAN_POINT('',(-3.707385564704,2.30313842378,-3.034704900781));
#1712=CARTESIAN_POINT('',(-3.63744786194,2.142926027858,-2.848900486824));
#1713=CARTESIAN_POINT('',(-3.567656448777,2.214600118517,-2.616267400032));
#1714=CARTESIAN_POINT('',(-3.554643212388,2.29314925419,-2.541931970294));
#1715=EDGE_LOOP('',(#3685,#3686,#3687,#3688));
#1716=AXIS2_PLACEMENT_3D('',#3689,#3690,#3691);
#1717=EDGE_LOOP('',(#3692,#3693,#3694,#3695));
#1718=AXIS2_PLACEMENT_3D('',#3696,#3697,#3698);
#1719=EDGE_LOOP('',(#3699,#3700,#3701,#3702));
#1720=AXIS2_PLACEMENT_3D('',#3703,#3704,#3705);
#1721=EDGE_LOOP('',(#3706,#3707,#3708,#3709));
#1722=AXIS2_PLACEMENT_3D('',#3710,#3711,#3712);
#1723=EDGE_LOOP('',(#3713,#3714,#3715,#3716));
#1724=AXIS2_PLACEMENT_3D('',#3717,#3718,#3719);
#1725=EDGE_LOOP('',(#3720,#3721,#3722,#3723));
#1726=AXIS2_PLACEMENT_3D('',#3724,#3725,#3726);
#1727=EDGE_LOOP('',(#3727,#3728,#3729,#3730));
#1728=AXIS2_PLACEMENT_3D('',#3731,#3732,#3733);
#1729=EDGE_LOOP('',(#3734,#3735,#3736,#3737));
#1730=AXIS2_PLACEMENT_3D('',#3738,#3739,#3740);
#1731=EDGE_LOOP('',(#3741,#3742,#3743,#3744));
#1732=AXIS2_PLACEMENT_3D('',#3745,#3746,#3747);
#1733=EDGE_LOOP('',(#3748,#3749,#3750,#3751));
#1734=AXIS2_PLACEMENT_3D('',#3752,#3753,#3754);
#1735=EDGE_LOOP('',(#3755,#3756,#3757,#3758));
#1736=AXIS2_PLACEMENT_3D('',#3759,#3760,#3761);
#1737=EDGE_LOOP('',(#3762,#3763,#3764,#3765));
#1738=AXIS2_PLACEMENT_3D('',#3766,#3767,#3768);
#1739=EDGE_LOOP('',(#3769,#3770,#3771,#3772));
#1740=AXIS2_PLACEMENT_3D('',#3773,#3774,#3775);
#1741=EDGE_LOOP('',(#3776,#3777,#3778,#3779));
#1742=AXIS2_PLACEMENT_3D('',#3780,#3781,#3782);
#1743=EDGE_LOOP('',(#3783,#3784,#3785,#3786));
#1744=AXIS2_PLACEMENT_3D('',#3787,#3788,#3789);
#1745=EDGE_LOOP('',(#3790,#3791,#3792,#3793));
#1746=CARTESIAN_POINT('',(4.28741466770936,-2.8608570029649,-8.03121057177481));
#1747=CARTESIAN_POINT('',(4.28542252417139,-2.86176121608948,-8.00746691974485));
#1748=CARTESIAN_POINT('',(4.28292628183589,-2.86181206590846,-7.98378423809161));
#1749=CARTESIAN_POINT('',(4.27992594070472,-2.86100955242233,-7.96025650632238));
#1750=CARTESIAN_POINT('',(4.28744139721557,-2.7601996019277,-8.03100000644994));
#1751=CARTESIAN_POINT('',(4.28527967534962,-2.76104603301586,-8.00851960499329));
#1752=CARTESIAN_POINT('',(4.28278342734933,-2.76107988475505,-7.98606979044278));
#1753=CARTESIAN_POINT('',(4.27995265321603,-2.76030115714477,-7.96374000814139));
#1754=CARTESIAN_POINT('',(4.28746812672175,-2.65954220088984,-8.03079013560795));
#1755=CARTESIAN_POINT('',(4.28513682652785,-2.6603308499421,-8.00956857915516));
#1756=CARTESIAN_POINT('',(4.28264057286282,-2.66034770360101,-7.9883516244504));
#1757=CARTESIAN_POINT('',(4.27997936572795,-2.65959276186708,-7.9672242051833));
#1758=CARTESIAN_POINT('',(4.28749485622728,-2.55888479985197,-8.03058095924884));
#1759=CARTESIAN_POINT('',(4.28499397770603,-2.55961566686843,-8.01061384223047));
#1760=CARTESIAN_POINT('',(4.28249771837625,-2.55961552244759,-7.99062974011455));
#1761=CARTESIAN_POINT('',(4.28000607823926,-2.55888436658952,-7.97070909744872));
#1762=EDGE_LOOP('',(#3794,#3795,#3796,#3797));
#1763=CARTESIAN_POINT('',(1.71065276685271,-2.85996542627998,-8.02824757628856));
#1764=CARTESIAN_POINT('',(1.71252252073424,-2.86072896418207,-8.00649185465113));
#1765=CARTESIAN_POINT('',(1.7148154301033,-2.86077531980278,-7.98479042950583));
#1766=CARTESIAN_POINT('',(1.71753149496046,-2.86010449314323,-7.96321572405129));
#1767=CARTESIAN_POINT('',(2.57021758895075,-2.85996542627998,-8.02824757628856));
#1768=CARTESIAN_POINT('',(2.57084084024496,-2.86072896418207,-8.00649185465113));
#1769=CARTESIAN_POINT('',(2.57160514336783,-2.86077531980278,-7.98479042950583));
#1770=CARTESIAN_POINT('',(2.57251049832038,-2.86010449314323,-7.96321572405129));
#1771=CARTESIAN_POINT('',(3.42978241104925,-2.85996542627998,-8.02824757628856));
#1772=CARTESIAN_POINT('',(3.42915915975504,-2.86072896418207,-8.00649185465113));
#1773=CARTESIAN_POINT('',(3.42839485663217,-2.86077531980278,-7.98479042950583));
#1774=CARTESIAN_POINT('',(3.42748950167962,-2.86010449314323,-7.96321572405129));
#1775=CARTESIAN_POINT('',(4.28934723314728,-2.85996542627998,-8.02824757628856));
#1776=CARTESIAN_POINT('',(4.28747747926576,-2.86072896418207,-8.00649185465113));
#1777=CARTESIAN_POINT('',(4.28518456989671,-2.86077531980278,-7.98479042950583));
#1778=CARTESIAN_POINT('',(4.28246850503954,-2.86010449314323,-7.96321572405129));
#1779=EDGE_LOOP('',(#3798,#3799,#3800,#3801));
#1780=CARTESIAN_POINT('',(1.71250514377272,-2.55888479985197,-8.03058095924884));
#1781=CARTESIAN_POINT('',(1.71500602229397,-2.55961566686843,-8.01061384223047));
#1782=CARTESIAN_POINT('',(1.71750228162375,-2.55961552244759,-7.99062974011455));
#1783=CARTESIAN_POINT('',(1.71999392176074,-2.55888436658952,-7.97070909744872));
#1784=CARTESIAN_POINT('',(1.71253187327825,-2.65954220088984,-8.03079013560795));
#1785=CARTESIAN_POINT('',(1.71486317347215,-2.6603308499421,-8.00956857915516));
#1786=CARTESIAN_POINT('',(1.71735942713718,-2.66034770360101,-7.98835162445041));
#1787=CARTESIAN_POINT('',(1.72002063427205,-2.65959276186708,-7.9672242051833));
#1788=CARTESIAN_POINT('',(1.71255860278443,-2.7601996019277,-8.03100000644994));
#1789=CARTESIAN_POINT('',(1.71472032465038,-2.76104603301586,-8.00851960499329));
#1790=CARTESIAN_POINT('',(1.71721657265067,-2.76107988475505,-7.98606979044278));
#1791=CARTESIAN_POINT('',(1.72004734678397,-2.76030115714477,-7.96374000814139));
#1792=CARTESIAN_POINT('',(1.71258533229064,-2.8608570029649,-8.03121057177481));
#1793=CARTESIAN_POINT('',(1.71457747582861,-2.86176121608948,-8.00746691974485));
#1794=CARTESIAN_POINT('',(1.71707371816411,-2.86181206590846,-7.98378423809161));
#1795=CARTESIAN_POINT('',(1.72007405929528,-2.86100955242233,-7.96025650632238));
#1796=EDGE_LOOP('',(#3802,#3803,#3804,#3805));
#1797=CARTESIAN_POINT('',(4.28977957420182,-2.55996687388878,-8.02824757867678));
#1798=CARTESIAN_POINT('',(4.28747055857409,-2.56058880806998,-8.00982246849563));
#1799=CARTESIAN_POINT('',(4.28516404345077,-2.5605887845604,-7.99138576432727));
#1800=CARTESIAN_POINT('',(4.28286002883284,-2.55996680336004,-7.97300058099405));
#1801=CARTESIAN_POINT('',(3.42992652473364,-2.55996687388878,-8.02824757867678));
#1802=CARTESIAN_POINT('',(3.42915685285773,-2.56058880806998,-8.00982246849563));
#1803=CARTESIAN_POINT('',(3.42838801448331,-2.5605887845604,-7.99138576432727));
#1804=CARTESIAN_POINT('',(3.42762000961087,-2.55996680336004,-7.97300058099405));
#1805=CARTESIAN_POINT('',(2.57007347526636,-2.55996687388878,-8.02824757867678));
#1806=CARTESIAN_POINT('',(2.57084314714227,-2.56058880806998,-8.00982246849563));
#1807=CARTESIAN_POINT('',(2.57161198551669,-2.5605887845604,-7.99138576432727));
#1808=CARTESIAN_POINT('',(2.57237999038913,-2.55996680336004,-7.97300058099405));
#1809=CARTESIAN_POINT('',(1.71022042579818,-2.55996687388878,-8.02824757867678));
#1810=CARTESIAN_POINT('',(1.71252944142591,-2.56058880806998,-8.00982246849563));
#1811=CARTESIAN_POINT('',(1.71483595654924,-2.5605887845604,-7.99138576432728));
#1812=CARTESIAN_POINT('',(1.71713997116716,-2.55996680336004,-7.97300058099405));
#1813=EDGE_LOOP('',(#3806,#3807,#3808,#3809));
#1814=CARTESIAN_POINT('',(4.28311051611619,-2.56003256902387,-7.97499946906783));
#1815=CARTESIAN_POINT('',(4.19248489089602,-2.53647690167755,-7.25179556655003));
#1816=CARTESIAN_POINT('',(4.01104395072623,-2.44208650511753,-5.80560668617278));
#1817=CARTESIAN_POINT('',(3.82950817668344,-2.32415868552083,-4.36096625329878));
#1818=CARTESIAN_POINT('',(3.73878776116613,-2.2769904175702,-3.63815939126523));
#1819=CARTESIAN_POINT('',(3.42770350537233,-2.56003256902387,-7.97499946906783));
#1820=CARTESIAN_POINT('',(3.39749496363172,-2.53647690167755,-7.25179556655003));
#1821=CARTESIAN_POINT('',(3.33701465024237,-2.44208650511753,-5.80560668617278));
#1822=CARTESIAN_POINT('',(3.27650272556115,-2.32415868552083,-4.36096625329878));
#1823=CARTESIAN_POINT('',(3.2462625870551,-2.2769904175702,-3.63815939126523));
#1824=CARTESIAN_POINT('',(2.57229649462767,-2.56003256902387,-7.97499946906783));
#1825=CARTESIAN_POINT('',(2.60250503636828,-2.53647690167754,-7.25179556655002));
#1826=CARTESIAN_POINT('',(2.66298534975763,-2.44208650511753,-5.80560668617278));
#1827=CARTESIAN_POINT('',(2.72349727443885,-2.32415868552083,-4.36096625329878));
#1828=CARTESIAN_POINT('',(2.7537374129449,-2.2769904175702,-3.63815939126523));
#1829=CARTESIAN_POINT('',(1.71688948388381,-2.56003256902386,-7.97499946906783));
#1830=CARTESIAN_POINT('',(1.80751510910397,-2.53647690167754,-7.25179556655002));
#1831=CARTESIAN_POINT('',(1.98895604927377,-2.44208650511753,-5.80560668617278));
#1832=CARTESIAN_POINT('',(2.17049182331656,-2.32415868552083,-4.36096625329878));
#1833=CARTESIAN_POINT('',(2.26121223883387,-2.2769904175702,-3.63815939126523));
#1834=EDGE_LOOP('',(#3810,#3811,#3812,#3813));
#1835=CARTESIAN_POINT('',(4.28083844659014,-2.86123449816928,-7.96751481440829));
#1836=CARTESIAN_POINT('',(4.19010232290735,-2.83950123588135,-7.24192507058045));
#1837=CARTESIAN_POINT('',(4.00904128371953,-2.74849059572833,-5.79072585836954));
#1838=CARTESIAN_POINT('',(3.82787034142319,-2.63383273741221,-4.34090299376183));
#1839=CARTESIAN_POINT('',(3.73702679434523,-2.58837660867959,-3.61555120893981));
#1840=CARTESIAN_POINT('',(4.28083814803636,-2.76052592730228,-7.97079566944501));
#1841=CARTESIAN_POINT('',(4.19016718765303,-2.73819170476537,-7.24574447222433));
#1842=CARTESIAN_POINT('',(4.00903626000514,-2.64602155196967,-5.79570873501858));
#1843=CARTESIAN_POINT('',(3.82780046533016,-2.53022423179427,-4.34710804853944));
#1844=CARTESIAN_POINT('',(3.73702711028765,-2.48418726912655,-3.62235439723629));
#1845=CARTESIAN_POINT('',(4.28083784948176,-2.6598173564168,-7.97407652418037));
#1846=CARTESIAN_POINT('',(4.19023205239872,-2.63688217790711,-7.24956393911007));
#1847=CARTESIAN_POINT('',(4.00903123628991,-2.54355251128134,-5.80069165871719));
#1848=CARTESIAN_POINT('',(3.82773058923801,-2.4266157248326,-4.35331308273425));
#1849=CARTESIAN_POINT('',(3.73702742623011,-2.37999792957914,-3.62915758562526));
#1850=CARTESIAN_POINT('',(4.28083755092802,-2.55910878551044,-7.9773573786151));
#1851=CARTESIAN_POINT('',(4.1902969171453,-2.53557265530832,-7.25338347123597));
#1852=CARTESIAN_POINT('',(4.00902621257554,-2.44108347366422,-5.80567462946537));
#1853=CARTESIAN_POINT('',(3.82766071314588,-2.32300721652807,-4.35951809634797));
#1854=CARTESIAN_POINT('',(3.73702774217258,-2.27580859003821,-3.63596077410683));
#1855=EDGE_LOOP('',(#3814,#3815,#3816,#3817));
#1856=CARTESIAN_POINT('',(1.71689495369581,-2.8601650863913,-7.96521473087413));
#1857=CARTESIAN_POINT('',(1.80771384004735,-2.83839828140377,-7.24040783841461));
#1858=CARTESIAN_POINT('',(1.98894535641015,-2.74745980772435,-5.79075673140649));
#1859=CARTESIAN_POINT('',(2.1702867125088,-2.63292434063623,-4.34247964164985));
#1860=CARTESIAN_POINT('',(2.2612153879023,-2.58748518890899,-3.61789273670713));
#1861=CARTESIAN_POINT('',(2.57229831789831,-2.8601650863913,-7.96521473087413));
#1862=CARTESIAN_POINT('',(2.6025712800155,-2.83839828140377,-7.24040783841461));
#1863=CARTESIAN_POINT('',(2.66298178547034,-2.74745980772435,-5.79075673140649));
#1864=CARTESIAN_POINT('',(2.72342890416961,-2.63292434063623,-4.34247964164985));
#1865=CARTESIAN_POINT('',(2.75373846263438,-2.58748518890899,-3.61789273670713));
#1866=CARTESIAN_POINT('',(3.42770168210169,-2.8601650863913,-7.96521473087413));
#1867=CARTESIAN_POINT('',(3.3974287199845,-2.83839828140377,-7.24040783841461));
#1868=CARTESIAN_POINT('',(3.33701821452966,-2.74745980772435,-5.79075673140649));
#1869=CARTESIAN_POINT('',(3.27657109583039,-2.63292434063623,-4.34247964164985));
#1870=CARTESIAN_POINT('',(3.24626153736562,-2.58748518890899,-3.61789273670713));
#1871=CARTESIAN_POINT('',(4.28310504630419,-2.8601650863913,-7.96521473087413));
#1872=CARTESIAN_POINT('',(4.19228615995265,-2.83839828140377,-7.24040783841461));
#1873=CARTESIAN_POINT('',(4.01105464358985,-2.74745980772435,-5.79075673140649));
#1874=CARTESIAN_POINT('',(3.8297132874912,-2.63292434063623,-4.34247964164985));
#1875=CARTESIAN_POINT('',(3.7387846120977,-2.58748518890899,-3.61789273670713));
#1876=EDGE_LOOP('',(#3818,#3819,#3820,#3821));
#1877=CARTESIAN_POINT('',(1.71916244907198,-2.55910878551044,-7.97735737861511));
#1878=CARTESIAN_POINT('',(1.8097030828547,-2.53557265530832,-7.25338347123597));
#1879=CARTESIAN_POINT('',(1.99097378742446,-2.44108347366423,-5.80567462946539));
#1880=CARTESIAN_POINT('',(2.17233928685412,-2.32300721652807,-4.35951809634801));
#1881=CARTESIAN_POINT('',(2.26297225782742,-2.27580859003733,-3.63596077410689));
#1882=CARTESIAN_POINT('',(1.71916215051824,-2.6598173564168,-7.97407652418037));
#1883=CARTESIAN_POINT('',(1.80976794760128,-2.63688217790711,-7.24956393911007));
#1884=CARTESIAN_POINT('',(1.99096876371009,-2.54355251128134,-5.8006916587172));
#1885=CARTESIAN_POINT('',(2.17226941076199,-2.4266157248326,-4.35331308273429));
#1886=CARTESIAN_POINT('',(2.26297257376988,-2.37999792957912,-3.62915758562532));
#1887=CARTESIAN_POINT('',(1.71916185196364,-2.76052592730229,-7.97079566944501));
#1888=CARTESIAN_POINT('',(1.80983281234697,-2.73819170476537,-7.24574447222433));
#1889=CARTESIAN_POINT('',(1.99096373999485,-2.64602155196967,-5.7957087350186));
#1890=CARTESIAN_POINT('',(2.17219953466983,-2.53022423179427,-4.34710804853948));
#1891=CARTESIAN_POINT('',(2.26297288971235,-2.48418726912656,-3.62235439723634));
#1892=CARTESIAN_POINT('',(1.71916155340986,-2.86123449816928,-7.9675148144083));
#1893=CARTESIAN_POINT('',(1.80989767709265,-2.83950123588136,-7.24192507058045));
#1894=CARTESIAN_POINT('',(1.99095871628047,-2.74849059572833,-5.79072585836956));
#1895=CARTESIAN_POINT('',(2.17212965857681,-2.63383273741221,-4.34090299376186));
#1896=CARTESIAN_POINT('',(2.26297320565476,-2.5883766086796,-3.61555120893987));
#1897=EDGE_LOOP('',(#3822,#3823,#3824,#3825));
#1898=CARTESIAN_POINT('',(2.26180280233839,-2.2772774877837,-3.64524056562513));
#1899=CARTESIAN_POINT('',(2.2697080534612,-2.27434719285307,-3.58206352605839));
#1900=CARTESIAN_POINT('',(2.28552822757993,-2.22992990124866,-3.45762515855686));
#1901=CARTESIAN_POINT('',(2.30134839438591,-2.12355676628495,-3.37924863330267));
#1902=CARTESIAN_POINT('',(2.30925446939528,-2.06389385912555,-3.35824631936973));
#1903=CARTESIAN_POINT('',(2.26155025264862,-2.38289557908959,-3.64031532067813));
#1904=CARTESIAN_POINT('',(2.27220745673764,-2.37911724471894,-3.55675909668466));
#1905=CARTESIAN_POINT('',(2.2855213935065,-2.32026125287045,-3.39046805270247));
#1906=CARTESIAN_POINT('',(2.29884194879436,-2.17806472826575,-3.28611691025807));
#1907=CARTESIAN_POINT('',(2.30950773626485,-2.09913950146951,-3.25820299391204));
#1908=CARTESIAN_POINT('',(2.26129770295961,-2.48851146020296,-3.63534374261893));
#1909=CARTESIAN_POINT('',(2.27470686001406,-2.48389570859536,-3.53191180759463));
#1910=CARTESIAN_POINT('',(2.28551455943386,-2.41080614531678,-3.32315072307275));
#1911=CARTESIAN_POINT('',(2.29633550320206,-2.23213417015883,-3.19284442414104));
#1912=CARTESIAN_POINT('',(2.30976100313436,-2.13442918136914,-3.1581752347058));
#1913=CARTESIAN_POINT('',(2.26104515326978,-2.59412510443575,-3.63032583293701));
#1914=CARTESIAN_POINT('',(2.27720626328965,-2.58868345207299,-3.50752163888371));
#1915=CARTESIAN_POINT('',(2.28550772536126,-2.50156400908526,-3.2556735954638));
#1916=CARTESIAN_POINT('',(2.29382905761055,-2.28576536324136,-3.09943034323224));
#1917=CARTESIAN_POINT('',(2.3100142700031,-2.16976288959545,-3.05816306722304));
#1918=EDGE_LOOP('',(#3826,#3827,#3828,#3829));
#1919=AXIS2_PLACEMENT_3D('',#3830,#3831,#3832);
#1920=EDGE_LOOP('',(#3833,#3834,#3835,#3836));
#1921=CARTESIAN_POINT('',(3.73895484672313,-2.59412510440669,-3.63032583288492));
#1922=CARTESIAN_POINT('',(3.72279373670978,-2.58868345203389,-3.5075216388534));
#1923=CARTESIAN_POINT('',(3.71449227463874,-2.501564009053,-3.25567359548778));
#1924=CARTESIAN_POINT('',(3.70617094239002,-2.28576536325905,-3.09943034327848));
#1925=CARTESIAN_POINT('',(3.689985730004,-2.16976288963692,-3.05816306726624));
#1926=CARTESIAN_POINT('',(3.73870229703453,-2.48851146018316,-3.63534374257482));
#1927=CARTESIAN_POINT('',(3.7252931399848,-2.48389570856712,-3.53191180756858));
#1928=CARTESIAN_POINT('',(3.71448544056613,-2.41080614529388,-3.32315072308977));
#1929=CARTESIAN_POINT('',(3.70366449679909,-2.23213417017559,-3.19284442417563));
#1930=CARTESIAN_POINT('',(3.69023899687151,-2.13442918140564,-3.15817523473772));
#1931=CARTESIAN_POINT('',(3.73844974734673,-2.38289557907905,-3.64031532064224));
#1932=CARTESIAN_POINT('',(3.72779254326064,-2.37911724470159,-3.55675909666271));
#1933=CARTESIAN_POINT('',(3.7144786064935,-2.3202612528568,-3.39046805271261));
#1934=CARTESIAN_POINT('',(3.70115805120735,-2.17806472828175,-3.28611691028102));
#1935=CARTESIAN_POINT('',(3.6904922637398,-2.09913950150083,-3.25820299393259));
#1936=CARTESIAN_POINT('',(3.73819719765818,-2.27727748778243,-3.64524056559768));
#1937=CARTESIAN_POINT('',(3.73029194653651,-2.27434719284664,-3.58206352604037));
#1938=CARTESIAN_POINT('',(3.71447177242007,-2.22992990124418,-3.4576251585602));
#1939=CARTESIAN_POINT('',(3.69865160561638,-2.12355676630036,-3.37924863331402));
#1940=CARTESIAN_POINT('',(3.69074553060816,-2.06389385915147,-3.35824631937885));
#1941=EDGE_LOOP('',(#3837,#3838,#3839,#3840));
#1942=CARTESIAN_POINT('',(2.26004979369699,-2.58760728526827,-3.61988890945576));
#1943=CARTESIAN_POINT('',(2.27497351233196,-2.58030176426786,-3.50160214894168));
#1944=CARTESIAN_POINT('',(2.28319448092222,-2.49455471938294,-3.26087864646631));
#1945=CARTESIAN_POINT('',(2.29143559085373,-2.28899436727757,-3.10917323208546));
#1946=CARTESIAN_POINT('',(2.30638034010626,-2.17787145998597,-3.0674869519597));
#1947=CARTESIAN_POINT('',(2.75334993123263,-2.58760728526827,-3.61988890945576));
#1948=CARTESIAN_POINT('',(2.75832450411095,-2.58030176426786,-3.50160214894168));
#1949=CARTESIAN_POINT('',(2.7610648269744,-2.49455471938294,-3.26087864646631));
#1950=CARTESIAN_POINT('',(2.76381186361792,-2.28899436727757,-3.10917323208546));
#1951=CARTESIAN_POINT('',(2.76879344670237,-2.17787145998597,-3.0674869519597));
#1952=CARTESIAN_POINT('',(3.24665006876737,-2.58760728526827,-3.61988890945576));
#1953=CARTESIAN_POINT('',(3.24167549588907,-2.58030176426786,-3.50160214894168));
#1954=CARTESIAN_POINT('',(3.23893517302658,-2.49455471938294,-3.26087864646631));
#1955=CARTESIAN_POINT('',(3.23618813638211,-2.28899436727757,-3.10917323208546));
#1956=CARTESIAN_POINT('',(3.23120655329763,-2.17787145998597,-3.0674869519597));
#1957=CARTESIAN_POINT('',(3.73995020630301,-2.58760728526827,-3.61988890945576));
#1958=CARTESIAN_POINT('',(3.72502648766806,-2.58030176426786,-3.50160214894168));
#1959=CARTESIAN_POINT('',(3.71680551907876,-2.49455471938294,-3.26087864646631));
#1960=CARTESIAN_POINT('',(3.70856440914629,-2.28899436727757,-3.10917323208546));
#1961=CARTESIAN_POINT('',(3.69361965989374,-2.17787145998597,-3.0674869519597));
#1962=EDGE_LOOP('',(#3841,#3842,#3843,#3844));
#1963=CARTESIAN_POINT('',(2.279830829804,-2.18634173313,-3.070561782902));
#1964=CARTESIAN_POINT('',(2.292973511437,-2.083144768642,-3.034699788082));
#1965=CARTESIAN_POINT('',(2.362825318786,-1.922930975836,-2.848900486462));
#1966=CARTESIAN_POINT('',(2.432531198016,-1.994604710235,-2.616267947169));
#1967=CARTESIAN_POINT('',(2.445527951531,-2.07315176767,-2.541934188614));
#1968=CARTESIAN_POINT('',(2.759943609935,-2.18634173313,-3.070561782902));
#1969=CARTESIAN_POINT('',(2.764324503812,-2.083144768642,-3.034699788082));
#1970=CARTESIAN_POINT('',(2.787608439595,-1.922930975836,-2.848900486462));
#1971=CARTESIAN_POINT('',(2.810843732672,-1.994604710235,-2.616267947169));
#1972=CARTESIAN_POINT('',(2.815175983844,-2.07315176767,-2.541934188614));
#1973=CARTESIAN_POINT('',(3.240056390065,-2.18634173313,-3.070561782902));
#1974=CARTESIAN_POINT('',(3.235675496188,-2.083144768642,-3.034699788082));
#1975=CARTESIAN_POINT('',(3.212391560405,-1.922930975836,-2.848900486462));
#1976=CARTESIAN_POINT('',(3.189156267328,-1.994604710235,-2.616267947169));
#1977=CARTESIAN_POINT('',(3.184824016156,-2.07315176767,-2.541934188614));
#1978=CARTESIAN_POINT('',(3.720169170196,-2.18634173313,-3.070561782902));
#1979=CARTESIAN_POINT('',(3.707026488563,-2.083144768642,-3.034699788082));
#1980=CARTESIAN_POINT('',(3.637174681214,-1.922930975836,-2.848900486462));
#1981=CARTESIAN_POINT('',(3.567468801984,-1.994604710235,-2.616267947169));
#1982=CARTESIAN_POINT('',(3.554472048469,-2.07315176767,-2.541934188614));
#1983=EDGE_LOOP('',(#3845,#3846,#3847,#3848));
#1984=CARTESIAN_POINT('',(2.30652081313381,-2.08445541856018,-3.36569483979449));
#1985=CARTESIAN_POINT('',(2.31997039142491,-1.98274120817296,-3.3305984076537));
#1986=CARTESIAN_POINT('',(2.34686419737899,-1.79782683350284,-3.20720061354794));
#1987=CARTESIAN_POINT('',(2.38719689381244,-1.64668702193541,-2.9098380873172));
#1988=CARTESIAN_POINT('',(2.4275296171291,-1.66074368855758,-2.57656593333342));
#1989=CARTESIAN_POINT('',(2.45442347685044,-1.77774585340112,-2.38753927413867));
#1990=CARTESIAN_POINT('',(2.46787309098539,-1.85571225913739,-2.31338511088598));
#1991=CARTESIAN_POINT('',(2.30686780508326,-2.11951495411354,-3.26418776409649));
#1992=CARTESIAN_POINT('',(2.31786465011732,-2.03492939945308,-3.23496079403159));
#1993=CARTESIAN_POINT('',(2.3434569634151,-1.88161609413532,-3.13223683137985));
#1994=CARTESIAN_POINT('',(2.38723432787081,-1.75694650767548,-2.88580565677535));
#1995=CARTESIAN_POINT('',(2.43099361165673,-1.7688280630346,-2.61009569540411));
#1996=CARTESIAN_POINT('',(2.45654976361497,-1.86576954852411,-2.45349453447574));
#1997=CARTESIAN_POINT('',(2.46752250109042,-1.93051347490094,-2.39198426537386));
#1998=CARTESIAN_POINT('',(2.30721479703272,-2.15455872599121,-3.16267524646076));
#1999=CARTESIAN_POINT('',(2.31575890881053,-2.08721416604124,-3.13935352667653));
#2000=CARTESIAN_POINT('',(2.34004972945043,-1.96551248624824,-3.05741293215658));
#2001=CARTESIAN_POINT('',(2.38727176192837,-1.86716881236463,-2.8617802745663));
#2002=CARTESIAN_POINT('',(2.43445760618431,-1.87695261419423,-2.64345086652326));
#2003=CARTESIAN_POINT('',(2.45867605038029,-1.95386979251598,-2.51938094079791));
#2004=CARTESIAN_POINT('',(2.46717191119465,-2.00530239758798,-2.47059511538617));
#2005=CARTESIAN_POINT('',(2.30756178898217,-2.18958673292555,-3.06115729055978));
#2006=CARTESIAN_POINT('',(2.31365316750289,-2.1395955239549,-3.04377655713493));
#2007=CARTESIAN_POINT('',(2.3366424954866,-2.04951568910853,-2.98272917975177));
#2008=CARTESIAN_POINT('',(2.38730919598678,-1.97735411944217,-2.83776190266643));
#2009=CARTESIAN_POINT('',(2.43792160071104,-1.98511692891959,-2.67663133493299));
#2010=CARTESIAN_POINT('',(2.46080233714476,-2.04204662090198,-2.58519853144224));
#2011=CARTESIAN_POINT('',(2.46682132129973,-2.08007902445564,-2.54921765803891));
#2012=EDGE_LOOP('',(#3849,#3850,#3851,#3852));
#2013=AXIS2_PLACEMENT_3D('',#3853,#3854,#3855);
#2014=EDGE_LOOP('',(#3856,#3857,#3858,#3859));
#2015=CARTESIAN_POINT('',(3.69243821101783,-2.18958673292555,-3.06115729055978));
#2016=CARTESIAN_POINT('',(3.68634683249711,-2.1395955239549,-3.04377655713494));
#2017=CARTESIAN_POINT('',(3.6633575045134,-2.04951568910853,-2.98272917975177));
#2018=CARTESIAN_POINT('',(3.61269080401322,-1.97735411944217,-2.83776190266643));
#2019=CARTESIAN_POINT('',(3.56207839928896,-1.98511692891959,-2.67663133493299));
#2020=CARTESIAN_POINT('',(3.53919766285524,-2.04204662090198,-2.58519853144224));
#2021=CARTESIAN_POINT('',(3.53317867870027,-2.08007902445564,-2.54921765803891));
#2022=CARTESIAN_POINT('',(3.69278520296729,-2.15455872599121,-3.16267524646076));
#2023=CARTESIAN_POINT('',(3.68424109118947,-2.08721416604124,-3.13935352667653));
#2024=CARTESIAN_POINT('',(3.65995027054957,-1.96551248624824,-3.05741293215658));
#2025=CARTESIAN_POINT('',(3.61272823807163,-1.86716881236463,-2.8617802745663));
#2026=CARTESIAN_POINT('',(3.56554239381569,-1.87695261419423,-2.64345086652326));
#2027=CARTESIAN_POINT('',(3.54132394961971,-1.95386979251598,-2.51938094079791));
#2028=CARTESIAN_POINT('',(3.53282808880535,-2.00530239758798,-2.47059511538617));
#2029=CARTESIAN_POINT('',(3.69313219491674,-2.11951495411354,-3.26418776409649));
#2030=CARTESIAN_POINT('',(3.68213534988268,-2.03492939945308,-3.23496079403159));
#2031=CARTESIAN_POINT('',(3.6565430365849,-1.88161609413532,-3.13223683137985));
#2032=CARTESIAN_POINT('',(3.61276567212919,-1.75694650767548,-2.88580565677535));
#2033=CARTESIAN_POINT('',(3.56900638834327,-1.7688280630346,-2.61009569540411));
#2034=CARTESIAN_POINT('',(3.54345023638503,-1.86576954852411,-2.45349453447574));
#2035=CARTESIAN_POINT('',(3.53247749890958,-1.93051347490094,-2.39198426537386));
#2036=CARTESIAN_POINT('',(3.69347918686619,-2.08445541856018,-3.36569483979449));
#2037=CARTESIAN_POINT('',(3.68002960857509,-1.98274120817296,-3.3305984076537));
#2038=CARTESIAN_POINT('',(3.65313580262101,-1.79782683350284,-3.20720061354793));
#2039=CARTESIAN_POINT('',(3.61280310618756,-1.64668702193541,-2.9098380873172));
#2040=CARTESIAN_POINT('',(3.5724703828709,-1.66074368855758,-2.57656593333342));
#2041=CARTESIAN_POINT('',(3.54557652314956,-1.77774585340112,-2.38753927413867));
#2042=CARTESIAN_POINT('',(3.53212690901461,-1.85571225913739,-2.31338511088598));
#2043=EDGE_LOOP('',(#3860,#3861,#3862,#3863));
#2044=AXIS2_PLACEMENT_3D('',#3864,#3865,#3866);
#2045=EDGE_LOOP('',(#3867,#3868,#3869,#3870));
#2046=AXIS2_PLACEMENT_3D('',#3871,#3872,#3873);
#2047=EDGE_LOOP('',(#3874,#3875,#3876,#3877));
#2048=AXIS2_PLACEMENT_3D('',#3878,#3879,#3880);
#2049=EDGE_LOOP('',(#3881,#3882,#3883,#3884));
#2050=AXIS2_PLACEMENT_3D('',#3885,#3886,#3887);
#2051=EDGE_LOOP('',(#3888,#3889,#3890,#3891));
#2052=AXIS2_PLACEMENT_3D('',#3892,#3893,#3894);
#2053=EDGE_LOOP('',(#3895,#3896,#3897,#3898));
#2054=CARTESIAN_POINT('',(4.28749472487056,2.5589744861431,-8.03058107034351));
#2055=CARTESIAN_POINT('',(4.28499481134308,2.55913636530892,-8.01061206954405));
#2056=CARTESIAN_POINT('',(4.28249541685494,2.55913619841972,-7.99064220170627));
#2057=CARTESIAN_POINT('',(4.27999654140508,2.55897398547534,-7.97067541196972));
#2058=CARTESIAN_POINT('',(4.28748877438599,2.65963809006301,-8.03062725833461));
#2059=CARTESIAN_POINT('',(4.28502661290202,2.65981839783974,-8.01038127440367));
#2060=CARTESIAN_POINT('',(4.28252721891767,2.65983524903531,-7.99013896075866));
#2061=CARTESIAN_POINT('',(4.27999059243334,2.65968864364854,-7.96990429687682));
#2062=CARTESIAN_POINT('',(4.28748282390131,2.76030169398291,-8.03067347655717));
#2063=CARTESIAN_POINT('',(4.28505841446043,2.7605004303705,-8.010150317702));
#2064=CARTESIAN_POINT('',(4.28255902098092,2.76053429965026,-7.98963555814418));
#2065=CARTESIAN_POINT('',(4.27998464346168,2.76040330182159,-7.96913321202412));
#2066=CARTESIAN_POINT('',(4.28747687341674,2.86096529790295,-8.03071972501193));
#2067=CARTESIAN_POINT('',(4.28509021601937,2.8611824629019,-8.00991919943959));
#2068=CARTESIAN_POINT('',(4.2825908230436,2.86123335026526,-7.98913199386234));
#2069=CARTESIAN_POINT('',(4.27997869448927,2.86111795999466,-7.96836215741212));
#2070=EDGE_LOOP('',(#3899,#3900,#3901,#3902));
#2071=CARTESIAN_POINT('',(1.71022309804235,2.55999265312089,-8.02824809156535));
#2072=CARTESIAN_POINT('',(1.71253249112643,2.56013044917975,-8.00983232784333));
#2073=CARTESIAN_POINT('',(1.71484176151035,2.56013045431371,-7.99141599590198));
#2074=CARTESIAN_POINT('',(1.71715090919357,2.55999266852175,-7.97300218900368));
#2075=CARTESIAN_POINT('',(2.57007436601383,2.55999265312089,-8.02824809156535));
#2076=CARTESIAN_POINT('',(2.57084416370861,2.56013044917975,-8.00983232784333));
#2077=CARTESIAN_POINT('',(2.57161392050362,2.56013045431371,-7.99141599590198));
#2078=CARTESIAN_POINT('',(2.57238363639792,2.55999266852175,-7.97300218900368));
#2079=CARTESIAN_POINT('',(3.42992563398617,2.55999265312089,-8.02824809156535));
#2080=CARTESIAN_POINT('',(3.42915583629139,2.56013044917975,-8.00983232784333));
#2081=CARTESIAN_POINT('',(3.42838607949638,2.56013045431371,-7.99141599590198));
#2082=CARTESIAN_POINT('',(3.42761636360208,2.55999266852175,-7.97300218900368));
#2083=CARTESIAN_POINT('',(4.28977690195765,2.55999265312089,-8.02824809156535));
#2084=CARTESIAN_POINT('',(4.28746750887357,2.56013044917975,-8.00983232784333));
#2085=CARTESIAN_POINT('',(4.28515823848965,2.56013045431371,-7.99141599590198));
#2086=CARTESIAN_POINT('',(4.28284909080643,2.55999266852175,-7.97300218900368));
#2087=EDGE_LOOP('',(#3903,#3904,#3905,#3906));
#2088=CARTESIAN_POINT('',(1.71252312658326,2.86096529790295,-8.03071972501193));
#2089=CARTESIAN_POINT('',(1.71490978398063,2.8611824629019,-8.00991919943959));
#2090=CARTESIAN_POINT('',(1.7174091769564,2.86123335026526,-7.98913199386233));
#2091=CARTESIAN_POINT('',(1.72002130551073,2.86111795999466,-7.96836215741211));
#2092=CARTESIAN_POINT('',(1.71251717609869,2.76030169398291,-8.03067347655717));
#2093=CARTESIAN_POINT('',(1.71494158553957,2.7605004303705,-8.01015031770199));
#2094=CARTESIAN_POINT('',(1.71744097901908,2.76053429965026,-7.98963555814417));
#2095=CARTESIAN_POINT('',(1.72001535653832,2.76040330182159,-7.96913321202412));
#2096=CARTESIAN_POINT('',(1.71251122561401,2.65963809006301,-8.0306272583346));
#2097=CARTESIAN_POINT('',(1.71497338709798,2.65981839783974,-8.01038127440367));
#2098=CARTESIAN_POINT('',(1.71747278108233,2.65983524903531,-7.99013896075866));
#2099=CARTESIAN_POINT('',(1.72000940756666,2.65968864364854,-7.96990429687681));
#2100=CARTESIAN_POINT('',(1.71250527512944,2.5589744861431,-8.03058107034351));
#2101=CARTESIAN_POINT('',(1.71500518865692,2.55913636530892,-8.01061206954404));
#2102=CARTESIAN_POINT('',(1.71750458314506,2.55913619841972,-7.99064220170627));
#2103=CARTESIAN_POINT('',(1.72000345859492,2.55897398547534,-7.97067541196971));
#2104=EDGE_LOOP('',(#3907,#3908,#3909,#3910));
#2105=CARTESIAN_POINT('',(4.28968586704825,2.85999032820562,-8.02824808293281));
#2106=CARTESIAN_POINT('',(4.2874752880725,2.86017800879827,-8.00909733693356));
#2107=CARTESIAN_POINT('',(4.28516924583559,2.86022470233225,-7.98995798046923));
#2108=CARTESIAN_POINT('',(4.28276774033749,2.86013040880807,-7.97083317507118));
#2109=CARTESIAN_POINT('',(3.42989528901602,2.85999032820562,-8.02824808293281));
#2110=CARTESIAN_POINT('',(3.42915842935732,2.86017800879827,-8.00909733693356));
#2111=CARTESIAN_POINT('',(3.42838974861204,2.86022470233225,-7.98995798046923));
#2112=CARTESIAN_POINT('',(3.42758924677923,2.86013040880807,-7.97083317507118));
#2113=CARTESIAN_POINT('',(2.57010471098398,2.85999032820562,-8.02824808293281));
#2114=CARTESIAN_POINT('',(2.57084157064268,2.86017800879827,-8.00909733693356));
#2115=CARTESIAN_POINT('',(2.57161025138796,2.86022470233225,-7.98995798046923));
#2116=CARTESIAN_POINT('',(2.57241075322078,2.86013040880807,-7.97083317507118));
#2117=CARTESIAN_POINT('',(1.71031413295175,2.85999032820562,-8.02824808293281));
#2118=CARTESIAN_POINT('',(1.7125247119275,2.86017800879827,-8.00909733693356));
#2119=CARTESIAN_POINT('',(1.71483075416441,2.86022470233225,-7.98995798046923));
#2120=CARTESIAN_POINT('',(1.71723225966252,2.86013040880807,-7.97083317507118));
#2121=EDGE_LOOP('',(#3911,#3912,#3913,#3914));
#2122=CARTESIAN_POINT('',(4.28311591665468,2.86013987998397,-7.97283314000172));
#2123=CARTESIAN_POINT('',(4.10241739162398,2.85341622178608,-6.53188004152511));
#2124=CARTESIAN_POINT('',(3.92196470234451,2.82588308754848,-5.0908919607473));
#2125=CARTESIAN_POINT('',(3.74125039717447,2.80876078117061,-3.64989911266975));
#2126=CARTESIAN_POINT('',(3.42770530555128,2.86013987998397,-7.97283314000172));
#2127=CARTESIAN_POINT('',(3.36747246387495,2.85341622178608,-6.53188004152511));
#2128=CARTESIAN_POINT('',(3.30732156744818,2.82588308754848,-5.0908919607473));
#2129=CARTESIAN_POINT('',(3.24708346572511,2.80876078117061,-3.64989911266975));
#2130=CARTESIAN_POINT('',(2.57229469444872,2.86013987998397,-7.97283314000172));
#2131=CARTESIAN_POINT('',(2.63252753612505,2.85341622178608,-6.53188004152511));
#2132=CARTESIAN_POINT('',(2.69267843255182,2.82588308754848,-5.0908919607473));
#2133=CARTESIAN_POINT('',(2.75291653427489,2.80876078117061,-3.64989911266975));
#2134=CARTESIAN_POINT('',(1.71688408334532,2.86013987998397,-7.97283314000172));
#2135=CARTESIAN_POINT('',(1.89758260837602,2.85341622178608,-6.53188004152511));
#2136=CARTESIAN_POINT('',(2.07803529765549,2.82588308754848,-5.0908919607473));
#2137=CARTESIAN_POINT('',(2.25874960282553,2.80876078117061,-3.64989911266975));
#2138=EDGE_LOOP('',(#3915,#3916,#3917,#3918));
#2139=AXIS2_PLACEMENT_3D('',#3919,#3920,#3921);
#2140=EDGE_LOOP('',(#3922,#3923,#3924,#3925));
#2141=CARTESIAN_POINT('',(1.71687069361593,2.5600072244215,-7.97500213455852));
#2142=CARTESIAN_POINT('',(1.89748544036176,2.54962927082059,-6.53475688911761));
#2143=CARTESIAN_POINT('',(2.07811870249118,2.51845819915247,-5.09458894482228));
#2144=CARTESIAN_POINT('',(2.25874270370863,2.49768730301923,-3.6543823365097));
#2145=CARTESIAN_POINT('',(2.57229023120501,2.5600072244215,-7.97500213455852));
#2146=CARTESIAN_POINT('',(2.63249514678697,2.54962927082059,-6.53475688911761));
#2147=CARTESIAN_POINT('',(2.69270623416401,2.51845819915247,-5.09458894482228));
#2148=CARTESIAN_POINT('',(2.75291423456926,2.49768730301923,-3.6543823365097));
#2149=CARTESIAN_POINT('',(3.42770976879499,2.5600072244215,-7.97500213455852));
#2150=CARTESIAN_POINT('',(3.36750485321303,2.54962927082059,-6.53475688911761));
#2151=CARTESIAN_POINT('',(3.30729376583599,2.51845819915247,-5.09458894482228));
#2152=CARTESIAN_POINT('',(3.24708576543074,2.49768730301923,-3.6543823365097));
#2153=CARTESIAN_POINT('',(4.28312930638407,2.5600072244215,-7.97500213455852));
#2154=CARTESIAN_POINT('',(4.10251455963824,2.54962927082059,-6.53475688911761));
#2155=CARTESIAN_POINT('',(3.92188129750882,2.51845819915247,-5.09458894482228));
#2156=CARTESIAN_POINT('',(3.74125729629137,2.49768730301923,-3.6543823365097));
#2157=EDGE_LOOP('',(#3926,#3927,#3928,#3929));
#2158=AXIS2_PLACEMENT_3D('',#3930,#3931,#3932);
#2159=EDGE_LOOP('',(#3933,#3934,#3935,#3936));
#2160=CARTESIAN_POINT('',(2.25853235075726,2.81499878497196,-3.66312555503755));
#2161=CARTESIAN_POINT('',(2.27542781002124,2.81592911618604,-3.53475722848992));
#2162=CARTESIAN_POINT('',(2.28410073573644,2.7348599310565,-3.26734150038729));
#2163=CARTESIAN_POINT('',(2.29279572394748,2.51057587187811,-3.10078786116766));
#2164=CARTESIAN_POINT('',(2.30971730592409,2.38939319163797,-3.05778230428396));
#2165=CARTESIAN_POINT('',(2.25879546073588,2.70919613719455,-3.66270381807669));
#2166=CARTESIAN_POINT('',(2.27281352169855,2.70994567631603,-3.55458848005939));
#2167=CARTESIAN_POINT('',(2.28410824675566,2.6418104778096,-3.33292250703232));
#2168=CARTESIAN_POINT('',(2.29541767692428,2.456163855096,-3.19402799750488));
#2169=CARTESIAN_POINT('',(2.30945341547916,2.35410150683722,-3.1579007772121));
#2170=CARTESIAN_POINT('',(2.2590585707145,2.60339366042538,-3.66223367368044));
#2171=CARTESIAN_POINT('',(2.27019923337587,2.60394732706528,-3.57489877953307));
#2172=CARTESIAN_POINT('',(2.28411575777568,2.54899669100667,-3.3983358003038));
#2173=CARTESIAN_POINT('',(2.29803962990109,2.40129220807297,-3.28711996331748));
#2174=CARTESIAN_POINT('',(2.30918952503424,2.31885580097164,-3.2580354800856));
#2175=CARTESIAN_POINT('',(2.25932168069312,2.49759138493614,-3.6617151218094));
#2176=CARTESIAN_POINT('',(2.26758494505318,2.49793316044759,-3.59568810229986));
#2177=CARTESIAN_POINT('',(2.28412326879493,2.45641916707423,-3.46358095709622));
#2178=CARTESIAN_POINT('',(2.30066158287789,2.34596064608707,-3.38006462945474));
#2179=CARTESIAN_POINT('',(2.30892563458931,2.28365608438743,-3.35818638402604));
#2180=EDGE_LOOP('',(#3937,#3938,#3939,#3940));
#2181=CARTESIAN_POINT('',(3.74240507626367,2.80878131547415,-3.65189891493904));
#2182=CARTESIAN_POINT('',(3.72680881356196,2.80742563945389,-3.5281847564057));
#2183=CARTESIAN_POINT('',(3.71821395031395,2.72730212372628,-3.27266303312039));
#2184=CARTESIAN_POINT('',(3.70959699805025,2.51388120912041,-3.11101950637777));
#2185=CARTESIAN_POINT('',(3.69397802338392,2.39786885513124,-3.06749391687176));
#2186=CARTESIAN_POINT('',(3.24746835875482,2.80878131547415,-3.65189891493904));
#2187=CARTESIAN_POINT('',(3.24226960452035,2.80742563945389,-3.5281847564057));
#2188=CARTESIAN_POINT('',(3.23940465010435,2.72730212372628,-3.27266303312039));
#2189=CARTESIAN_POINT('',(3.23653233268312,2.51388120912041,-3.11101950637777));
#2190=CARTESIAN_POINT('',(3.23132600779462,2.39786885513124,-3.06749391687176));
#2191=CARTESIAN_POINT('',(2.75253164124518,2.80878131547415,-3.65189891493904));
#2192=CARTESIAN_POINT('',(2.75773039547964,2.80742563945389,-3.5281847564057));
#2193=CARTESIAN_POINT('',(2.76059534989565,2.72730212372628,-3.27266303312039));
#2194=CARTESIAN_POINT('',(2.76346766731688,2.51388120912041,-3.11101950637777));
#2195=CARTESIAN_POINT('',(2.76867399220538,2.39786885513124,-3.06749391687176));
#2196=CARTESIAN_POINT('',(2.25759492373633,2.80878131547415,-3.65189891493904));
#2197=CARTESIAN_POINT('',(2.27319118643804,2.80742563945389,-3.5281847564057));
#2198=CARTESIAN_POINT('',(2.28178604968604,2.72730212372628,-3.27266303312039));
#2199=CARTESIAN_POINT('',(2.29040300194975,2.51388120912041,-3.11101950637777));
#2200=CARTESIAN_POINT('',(2.30602197661608,2.39786885513124,-3.06749391687176));
#2201=EDGE_LOOP('',(#3941,#3942,#3943,#3944));
#2202=CARTESIAN_POINT('',(3.74067831930703,2.49759138493613,-3.66171512181061));
#2203=CARTESIAN_POINT('',(3.73241505494692,2.49793316044784,-3.59568810230067));
#2204=CARTESIAN_POINT('',(3.71587673120507,2.45641916707444,-3.46358095709608));
#2205=CARTESIAN_POINT('',(3.69933841712201,2.3459606460864,-3.38006462945423));
#2206=CARTESIAN_POINT('',(3.69107436541054,2.28365608438629,-3.35818638402564));
#2207=CARTESIAN_POINT('',(3.74094142928571,2.60339366042576,-3.66223367368204));
#2208=CARTESIAN_POINT('',(3.72980076662421,2.603947327066,-3.57489877953407));
#2209=CARTESIAN_POINT('',(3.71588424222432,2.54899669100729,-3.39833580030337));
#2210=CARTESIAN_POINT('',(3.70196037009884,2.40129220807226,-3.28711996331646));
#2211=CARTESIAN_POINT('',(3.69081047496556,2.31885580097025,-3.2580354800847));
#2212=CARTESIAN_POINT('',(3.74120453926438,2.7091961371953,-3.66270381807867));
#2213=CARTESIAN_POINT('',(3.7271864783015,2.70994567631721,-3.55458848006059));
#2214=CARTESIAN_POINT('',(3.71589175324434,2.64181047781064,-3.33292250703159));
#2215=CARTESIAN_POINT('',(3.70458232307567,2.45616385509526,-3.19402799750336));
#2216=CARTESIAN_POINT('',(3.69054658452058,2.35410150683561,-3.15790077721071));
#2217=CARTESIAN_POINT('',(3.74146764924306,2.81499878497309,-3.66312555503991));
#2218=CARTESIAN_POINT('',(3.72457218997879,2.81592911618769,-3.53475722849134));
#2219=CARTESIAN_POINT('',(3.71589926426357,2.73485993105795,-3.26734150038627));
#2220=CARTESIAN_POINT('',(3.70720427605249,2.51057587187733,-3.10078786116562));
#2221=CARTESIAN_POINT('',(3.6902826940756,2.38939319163614,-3.05778230428208));
#2222=EDGE_LOOP('',(#3945,#3946,#3947,#3948));
#2223=AXIS2_PLACEMENT_3D('',#3949,#3950,#3951);
#2224=EDGE_LOOP('',(#3952,#3953,#3954,#3955));
#2225=AXIS2_PLACEMENT_3D('',#3956,#3957,#3958);
#2226=EDGE_LOOP('',(#3959,#3960,#3961,#3962));
#2227=CARTESIAN_POINT('',(2.30720036427259,2.40958404710811,-3.06116419065977));
#2228=CARTESIAN_POINT('',(2.31329956609453,2.35959099277083,-3.04378258876427));
#2229=CARTESIAN_POINT('',(2.33631749614877,2.26950951171129,-2.98273246009462));
#2230=CARTESIAN_POINT('',(2.38704646569465,2.1973489197186,-2.8377627982609));
#2231=CARTESIAN_POINT('',(2.43772100493915,2.20511265972512,-2.67663132138781));
#2232=CARTESIAN_POINT('',(2.46063007438971,2.2620431242467,-2.58519717490348));
#2233=CARTESIAN_POINT('',(2.46665670247577,2.30007656508754,-2.54921547787524));
#2234=CARTESIAN_POINT('',(2.30685297532663,2.37455671267571,-3.16267976918773));
#2235=CARTESIAN_POINT('',(2.31540783780322,2.30721071020147,-3.13935735444637));
#2236=CARTESIAN_POINT('',(2.33972879465617,2.18550803243279,-3.05741465618574));
#2237=CARTESIAN_POINT('',(2.38700893884562,2.08716545957037,-2.86178084897508));
#2238=CARTESIAN_POINT('',(2.43425280515097,2.0969496526688,-2.64345142498942));
#2239=CARTESIAN_POINT('',(2.45850120623582,2.17386714266967,-2.51938039402392));
#2240=CARTESIAN_POINT('',(2.46700769819874,2.2253005902229,-2.4705938211922));
#2241=CARTESIAN_POINT('',(2.30650558638152,2.3395135760412,-3.26418989657768));
#2242=CARTESIAN_POINT('',(2.31751610951191,2.25492725275336,-3.23496249154877));
#2243=CARTESIAN_POINT('',(2.34314009316359,2.10161362160262,-3.13223733817327));
#2244=CARTESIAN_POINT('',(2.38697141199745,1.97694491193545,-2.88580592568772));
#2245=CARTESIAN_POINT('',(2.4307846053628,1.98882650571153,-2.61009639982016));
#2246=CARTESIAN_POINT('',(2.45637233808192,2.08576793238993,-2.4534946291784));
#2247=CARTESIAN_POINT('',(2.46735869392172,2.1505122902144,-2.39198388506287));
#2248=CARTESIAN_POINT('',(2.30615819743646,2.30445463847714,-3.36569456913911));
#2249=CARTESIAN_POINT('',(2.3196243812206,2.20274060433364,-3.3305980487562));
#2250=CARTESIAN_POINT('',(2.34655139167185,2.01782660151114,-3.20720024090084));
#2251=CARTESIAN_POINT('',(2.38693388514848,1.86668709247946,-2.90983806660605));
#2252=CARTESIAN_POINT('',(2.42731640557546,1.88074363399392,-2.57656635818789));
#2253=CARTESIAN_POINT('',(2.45424346992718,1.99774545771013,-2.38753984184218));
#2254=CARTESIAN_POINT('',(2.46770968964554,2.07571166781638,-2.31338567238437));
#2255=EDGE_LOOP('',(#3963,#3964,#3965,#3966));
#2256=CARTESIAN_POINT('',(3.720545090695,2.406339055903,-3.070568618074));
#2257=CARTESIAN_POINT('',(3.707385564704,2.30313842378,-3.034704900781));
#2258=CARTESIAN_POINT('',(3.63744786194,2.142926027858,-2.848900486824));
#2259=CARTESIAN_POINT('',(3.567656448777,2.214600118517,-2.616267400032));
#2260=CARTESIAN_POINT('',(3.554643212388,2.29314925419,-2.541931970294));
#2261=CARTESIAN_POINT('',(3.240181696898,2.406339055903,-3.070568618074));
#2262=CARTESIAN_POINT('',(3.235795188235,2.30313842378,-3.034704900781));
#2263=CARTESIAN_POINT('',(3.212482620647,2.142926027858,-2.848900486824));
#2264=CARTESIAN_POINT('',(3.189218816259,2.214600118517,-2.616267400032));
#2265=CARTESIAN_POINT('',(3.184881070796,2.29314925419,-2.541931970294));
#2266=CARTESIAN_POINT('',(2.759818303102,2.406339055903,-3.070568618074));
#2267=CARTESIAN_POINT('',(2.764204811765,2.30313842378,-3.034704900781));
#2268=CARTESIAN_POINT('',(2.787517379353,2.142926027858,-2.848900486824));
#2269=CARTESIAN_POINT('',(2.810781183741,2.214600118517,-2.616267400032));
#2270=CARTESIAN_POINT('',(2.815118929204,2.29314925419,-2.541931970294));
#2271=CARTESIAN_POINT('',(2.279454909305,2.406339055903,-3.070568618074));
#2272=CARTESIAN_POINT('',(2.292614435296,2.30313842378,-3.034704900781));
#2273=CARTESIAN_POINT('',(2.36255213806,2.142926027858,-2.848900486824));
#2274=CARTESIAN_POINT('',(2.432343551223,2.214600118517,-2.616267400032));
#2275=CARTESIAN_POINT('',(2.445356787612,2.29314925419,-2.541931970294));
#2276=EDGE_LOOP('',(#3967,#3968,#3969,#3970));
#2277=CARTESIAN_POINT('',(3.69384180256354,2.30445463847714,-3.36569456913911));
#2278=CARTESIAN_POINT('',(3.6803756187794,2.20274060433364,-3.33059804875619));
#2279=CARTESIAN_POINT('',(3.65344860832815,2.01782660151114,-3.20720024090083));
#2280=CARTESIAN_POINT('',(3.61306611485152,1.86668709247947,-2.90983806660605));
#2281=CARTESIAN_POINT('',(3.57268359442454,1.88074363399392,-2.57656635818789));
#2282=CARTESIAN_POINT('',(3.54575653007282,1.99774545771013,-2.38753984184218));
#2283=CARTESIAN_POINT('',(3.53229031035446,2.07571166781638,-2.31338567238437));
#2284=CARTESIAN_POINT('',(3.69349441361848,2.3395135760412,-3.26418989657768));
#2285=CARTESIAN_POINT('',(3.68248389048809,2.25492725275336,-3.23496249154877));
#2286=CARTESIAN_POINT('',(3.65685990683641,2.10161362160262,-3.13223733817327));
#2287=CARTESIAN_POINT('',(3.61302858800255,1.97694491193545,-2.88580592568772));
#2288=CARTESIAN_POINT('',(3.5692153946372,1.98882650571153,-2.61009639982016));
#2289=CARTESIAN_POINT('',(3.54362766191808,2.08576793238993,-2.4534946291784));
#2290=CARTESIAN_POINT('',(3.53264130607828,2.1505122902144,-2.39198388506287));
#2291=CARTESIAN_POINT('',(3.69314702467337,2.37455671267571,-3.16267976918773));
#2292=CARTESIAN_POINT('',(3.68459216219678,2.30721071020147,-3.13935735444637));
#2293=CARTESIAN_POINT('',(3.66027120534383,2.18550803243279,-3.05741465618574));
#2294=CARTESIAN_POINT('',(3.61299106115438,2.08716545957037,-2.86178084897508));
#2295=CARTESIAN_POINT('',(3.56574719484903,2.0969496526688,-2.64345142498942));
#2296=CARTESIAN_POINT('',(3.54149879376418,2.17386714266967,-2.51938039402392));
#2297=CARTESIAN_POINT('',(3.53299230180126,2.2253005902229,-2.4705938211922));
#2298=CARTESIAN_POINT('',(3.69279963572741,2.40958404710811,-3.06116419065977));
#2299=CARTESIAN_POINT('',(3.68670043390547,2.35959099277083,-3.04378258876427));
#2300=CARTESIAN_POINT('',(3.66368250385123,2.26950951171129,-2.98273246009462));
#2301=CARTESIAN_POINT('',(3.61295353430535,2.1973489197186,-2.8377627982609));
#2302=CARTESIAN_POINT('',(3.56227899506085,2.20511265972512,-2.67663132138781));
#2303=CARTESIAN_POINT('',(3.53936992561029,2.2620431242467,-2.58519717490348));
#2304=CARTESIAN_POINT('',(3.53334329752423,2.30007656508754,-2.54921547787523));
#2305=EDGE_LOOP('',(#3971,#3972,#3973,#3974));
#2306=AXIS2_PLACEMENT_3D('',#3975,#3976,#3977);
#2307=EDGE_LOOP('',(#3978,#3979,#3980,#3981));
#2308=AXIS2_PLACEMENT_3D('',#3982,#3983,#3984);
#2309=EDGE_LOOP('',(#3985,#3986,#3987,#3988));
#2310=AXIS2_PLACEMENT_3D('',#3989,#3990,#3991);
#2311=EDGE_LOOP('',(#3992,#3993,#3994,#3995));
#2312=AXIS2_PLACEMENT_3D('',#3996,#3997,#3998);
#2313=EDGE_LOOP('',(#3999,#4000,#4001,#4002));
#2314=AXIS2_PLACEMENT_3D('',#4003,#4004,#4005);
#2315=EDGE_LOOP('',(#4006,#4007,#4008,#4009,#4010,#4011));
#2316=AXIS2_PLACEMENT_3D('',#4012,#4013,#4014);
#2317=EDGE_LOOP('',(#4015,#4016,#4017,#4018,#4019,#4020));
#2318=AXIS2_PLACEMENT_3D('',#4021,#4022,#4023);
#2319=EDGE_LOOP('',(#4024,#4025,#4026,#4027));
#2320=AXIS2_PLACEMENT_3D('',#4028,#4029,#4030);
#2321=EDGE_LOOP('',(#4031,#4032,#4033,#4034));
#2322=AXIS2_PLACEMENT_3D('',#4035,#4036,#4037);
#2323=EDGE_LOOP('',(#4038,#4039,#4040,#4041));
#2324=AXIS2_PLACEMENT_3D('',#4042,#4043,#4044);
#2325=EDGE_LOOP('',(#4045,#4046,#4047,#4048));
#2326=AXIS2_PLACEMENT_3D('',#4049,#4050,#4051);
#2327=EDGE_LOOP('',(#4052,#4053,#4054,#4055,#4056,#4057));
#2328=AXIS2_PLACEMENT_3D('',#4058,#4059,#4060);
#2329=EDGE_LOOP('',(#4061,#4062,#4063,#4064));
#2330=AXIS2_PLACEMENT_3D('',#4065,#4066,#4067);
#2331=EDGE_LOOP('',(#4068,#4069,#4070,#4071,#4072,#4073));
#2332=AXIS2_PLACEMENT_3D('',#4074,#4075,#4076);
#2333=EDGE_LOOP('',(#4077,#4078,#4079,#4080,#4081,#4082));
#2334=AXIS2_PLACEMENT_3D('',#4083,#4084,#4085);
#2335=EDGE_LOOP('',(#4086,#4087,#4088,#4089,#4090,#4091));
#2336=AXIS2_PLACEMENT_3D('',#4092,#4093,#4094);
#2337=EDGE_LOOP('',(#4095,#4096,#4097,#4098,#4099,#4100));
#2338=AXIS2_PLACEMENT_3D('',#4101,#4102,#4103);
#2339=EDGE_LOOP('',(#4104,#4105,#4106,#4107,#4108,#4109));
#2340=AXIS2_PLACEMENT_3D('',#4110,#4111,#4112);
#2341=EDGE_LOOP('',(#4113,#4114,#4115,#4116,#4117,#4118));
#2342=AXIS2_PLACEMENT_3D('',#4119,#4120,#4121);
#2343=EDGE_LOOP('',(#4122,#4123,#4124,#4125));
#2344=AXIS2_PLACEMENT_3D('',#4126,#4127,#4128);
#2345=EDGE_LOOP('',(#4129,#4130,#4131,#4132,#4133,#4134));
#2346=AXIS2_PLACEMENT_3D('',#4135,#4136,#4137);
#2347=EDGE_LOOP('',(#4138,#4139,#4140,#4141,#4142,#4143));
#2348=AXIS2_PLACEMENT_3D('',#4144,#4145,#4146);
#2349=EDGE_LOOP('',(#4147,#4148,#4149,#4150,#4151,#4152));
#2350=AXIS2_PLACEMENT_3D('',#4153,#4154,#4155);
#2351=EDGE_LOOP('',(#4156,#4157,#4158,#4159,#4160,#4161));
#2352=AXIS2_PLACEMENT_3D('',#4162,#4163,#4164);
#2353=EDGE_LOOP('',(#4165,#4166,#4167,#4168,#4169,#4170));
#2354=AXIS2_PLACEMENT_3D('',#4171,#4172,#4173);
#2355=EDGE_LOOP('',(#4174,#4175,#4176,#4177,#4178,#4179));
#2356=AXIS2_PLACEMENT_3D('',#4180,#4181,#4182);
#2357=EDGE_LOOP('',(#4183,#4184,#4185,#4186,#4187,#4188));
#2358=AXIS2_PLACEMENT_3D('',#4189,#4190,#4191);
#2359=EDGE_LOOP('',(#4192,#4193,#4194,#4195));
#2360=AXIS2_PLACEMENT_3D('',#4196,#4197,#4198);
#2361=EDGE_LOOP('',(#4199,#4200,#4201,#4202));
#2362=AXIS2_PLACEMENT_3D('',#4203,#4204,#4205);
#2363=EDGE_LOOP('',(#4206,#4207,#4208,#4209,#4210,#4211));
#2364=AXIS2_PLACEMENT_3D('',#4212,#4213,#4214);
#2365=EDGE_LOOP('',(#4215,#4216,#4217,#4218,#4219,#4220));
#2366=AXIS2_PLACEMENT_3D('',#4221,#4222,#4223);
#2367=EDGE_LOOP('',(#4224,#4225,#4226,#4227));
#2368=AXIS2_PLACEMENT_3D('',#4228,#4229,#4230);
#2369=EDGE_LOOP('',(#4231,#4232,#4233,#4234,#4235,#4236,#4237,#4238));
#2370=AXIS2_PLACEMENT_3D('',#4239,#4240,#4241);
#2371=EDGE_LOOP('',(#4242,#4243,#4244,#4245,#4246,#4247,#4248,#4249));
#2372=AXIS2_PLACEMENT_3D('',#4250,#4251,#4252);
#2373=EDGE_LOOP('',(#4253,#4254,#4255,#4256,#4257,#4258,#4259,#4260));
#2374=AXIS2_PLACEMENT_3D('',#4261,#4262,#4263);
#2375=EDGE_LOOP('',(#4264,#4265,#4266,#4267,#4268,#4269,#4270,#4271));
#2376=AXIS2_PLACEMENT_3D('',#4272,#4273,#4274);
#2377=EDGE_LOOP('',(#4275,#4276,#4277,#4278));
#2378=AXIS2_PLACEMENT_3D('',#4279,#4280,#4281);
#2379=EDGE_LOOP('',(#4282,#4283,#4284,#4285,#4286,#4287));
#2380=AXIS2_PLACEMENT_3D('',#4288,#4289,#4290);
#2381=EDGE_LOOP('',(#4291,#4292,#4293,#4294,#4295,#4296));
#2382=AXIS2_PLACEMENT_3D('',#4297,#4298,#4299);
#2383=EDGE_LOOP('',(#4300,#4301,#4302,#4303,#4304,#4305));
#2384=AXIS2_PLACEMENT_3D('',#4306,#4307,#4308);
#2385=EDGE_LOOP('',(#4309,#4310,#4311,#4312));
#2386=AXIS2_PLACEMENT_3D('',#4313,#4314,#4315);
#2387=EDGE_LOOP('',(#4316,#4317,#4318,#4319));
#2388=AXIS2_PLACEMENT_3D('',#4320,#4321,#4322);
#2389=EDGE_LOOP('',(#4323,#4324,#4325,#4326));
#2390=AXIS2_PLACEMENT_3D('',#4327,#4328,#4329);
#2391=EDGE_LOOP('',(#4330,#4331,#4332,#4333));
#2392=AXIS2_PLACEMENT_3D('',#4334,#4335,#4336);
#2393=EDGE_LOOP('',(#4337,#4338,#4339,#4340,#4341,#4342));
#2394=AXIS2_PLACEMENT_3D('',#4343,#4344,#4345);
#2395=EDGE_LOOP('',(#4346,#4347,#4348,#4349));
#2396=AXIS2_PLACEMENT_3D('',#4350,#4351,#4352);
#2397=EDGE_LOOP('',(#4353,#4354,#4355,#4356));
#2398=AXIS2_PLACEMENT_3D('',#4357,#4358,#4359);
#2399=EDGE_LOOP('',(#4360,#4361,#4362,#4363,#4364,#4365));
#2400=AXIS2_PLACEMENT_3D('',#4366,#4367,#4368);
#2401=EDGE_LOOP('',(#4369,#4370,#4371,#4372));
#2402=AXIS2_PLACEMENT_3D('',#4373,#4374,#4375);
#2403=EDGE_LOOP('',(#4376,#4377,#4378,#4379,#4380,#4381,#4382,#4383,#4384,#4385,#4386,#4387,#4388,#4389,#4390,#4391,#4392,#4393,#4394,#4395,#4396));
#2404=EDGE_LOOP('',(#4397,#4398,#4399,#4400));
#2405=EDGE_LOOP('',(#4401,#4402,#4403,#4404));
#2406=EDGE_LOOP('',(#4405,#4406,#4407,#4408));
#2407=EDGE_LOOP('',(#4409,#4410,#4411,#4412));
#2408=AXIS2_PLACEMENT_3D('',#4413,#4414,#4415);
#2409=EDGE_LOOP('',(#4416,#4417,#4418,#4419));
#2410=AXIS2_PLACEMENT_3D('',#4420,#4421,#4422);
#2411=EDGE_LOOP('',(#4423,#4424,#4425,#4426));
#2412=AXIS2_PLACEMENT_3D('',#4427,#4428,#4429);
#2413=EDGE_LOOP('',(#4430,#4431,#4432,#4433));
#2414=AXIS2_PLACEMENT_3D('',#4434,#4435,#4436);
#2415=EDGE_LOOP('',(#4437,#4438,#4439,#4440));
#2416=AXIS2_PLACEMENT_3D('',#4441,#4442,#4443);
#2417=EDGE_LOOP('',(#4444,#4445,#4446,#4447));
#2418=AXIS2_PLACEMENT_3D('',#4448,#4449,#4450);
#2419=EDGE_LOOP('',(#4451,#4452,#4453,#4454,#4455,#4456,#4457,#4458));
#2420=AXIS2_PLACEMENT_3D('',#4459,#4460,#4461);
#2421=EDGE_LOOP('',(#4462,#4463,#4464,#4465));
#2422=AXIS2_PLACEMENT_3D('',#4466,#4467,#4468);
#2423=EDGE_LOOP('',(#4469,#4470,#4471,#4472));
#2424=AXIS2_PLACEMENT_3D('',#4473,#4474,#4475);
#2425=EDGE_LOOP('',(#4476,#4477,#4478,#4479));
#2426=AXIS2_PLACEMENT_3D('',#4480,#4481,#4482);
#2427=EDGE_LOOP('',(#4483,#4484,#4485,#4486,#4487,#4488));
#2428=AXIS2_PLACEMENT_3D('',#4489,#4490,#4491);
#2429=EDGE_LOOP('',(#4492,#4493,#4494,#4495,#4496));
#2430=AXIS2_PLACEMENT_3D('',#4497,#4498,#4499);
#2431=EDGE_LOOP('',(#4500,#4501,#4502,#4503));
#2432=AXIS2_PLACEMENT_3D('',#4504,#4505,#4506);
#2433=EDGE_LOOP('',(#4507,#4508,#4509,#4510));
#2434=AXIS2_PLACEMENT_3D('',#4511,#4512,#4513);
#2435=EDGE_LOOP('',(#4514,#4515,#4516,#4517,#4518,#4519,#4520,#4521,#4522,#4523));
#2436=AXIS2_PLACEMENT_3D('',#4524,#4525,#4526);
#2437=EDGE_LOOP('',(#4527,#4528,#4529,#4530,#4531,#4532,#4533,#4534,#4535,#4536));
#2438=AXIS2_PLACEMENT_3D('',#4537,#4538,#4539);
#2439=EDGE_LOOP('',(#4540,#4541,#4542,#4543));
#2441=CARTESIAN_POINT('',(6.73245183625817,-1.99957219714531,-18.3173086089377));
#2442=CARTESIAN_POINT('',(6.82608357058986,-1.98874944515273,-18.4006157340718));
#2443=CARTESIAN_POINT('',(6.91971530492253,-1.97792669316016,-18.483922859206));
#2444=CARTESIAN_POINT('',(7.01334703925422,-1.96710394116758,-18.5672299843401));
#2445=CARTESIAN_POINT('',(6.07207197068221,-1.91445671509039,-19.0484744999987));
#2446=CARTESIAN_POINT('',(6.17803543441964,-1.90522338329022,-19.1181280593768));
#2447=CARTESIAN_POINT('',(6.28399889815713,-1.89599005149006,-19.1877816187549));
#2448=CARTESIAN_POINT('',(6.38996236189455,-1.88675671968989,-19.2574351781329));
#2449=CARTESIAN_POINT('',(6.07207197068229,-0.925543284909243,-19.0484744999986));
#2450=CARTESIAN_POINT('',(6.17803543441972,-0.934776616709498,-19.1181280593767));
#2451=CARTESIAN_POINT('',(6.28399889815721,-0.944009948509753,-19.1877816187548));
#2452=CARTESIAN_POINT('',(6.38996236189464,-0.953243280310001,-19.2574351781328));
#2453=CARTESIAN_POINT('',(6.73245183625821,-0.840427802855069,-18.3173086089376));
#2454=CARTESIAN_POINT('',(6.8260835705899,-0.85125055484755,-18.4006157340718));
#2455=CARTESIAN_POINT('',(6.91971530492257,-0.862073306840031,-18.4839228592059));
#2456=CARTESIAN_POINT('',(7.01334703925426,-0.872896058832414,-18.5672299843401));
#2463=EDGE_LOOP('',(#4544,#4545,#4546,#4547));
#2464=AXIS2_PLACEMENT_3D('',#4548,#4549,#4550);
#2465=EDGE_LOOP('',(#4551,#4552,#4553,#4554,#4555,#4556,#4557,#4558,#4559,#4560));
#2466=AXIS2_PLACEMENT_3D('',#4561,#4562,#4563);
#2467=EDGE_LOOP('',(#4564,#4565,#4566,#4567,#4568,#4569,#4570,#4571,#4572,#4573));
#2468=AXIS2_PLACEMENT_3D('',#4574,#4575,#4576);
#2469=EDGE_LOOP('',(#4577,#4578,#4579,#4580));
#2470=AXIS2_PLACEMENT_3D('',#4581,#4582,#4583);
#2471=EDGE_LOOP('',(#4584,#4585,#4586,#4587));
#2472=AXIS2_PLACEMENT_3D('',#4588,#4589,#4590);
#2473=EDGE_LOOP('',(#4591,#4592,#4593,#4594));
#2474=AXIS2_PLACEMENT_3D('',#4595,#4596,#4597);
#2475=EDGE_LOOP('',(#4598,#4599,#4600,#4601));
#2476=AXIS2_PLACEMENT_3D('',#4602,#4603,#4604);
#2477=EDGE_LOOP('',(#4605,#4606,#4607,#4608,#4609,#4610,#4611,#4612));
#2478=AXIS2_PLACEMENT_3D('',#4613,#4614,#4615);
#2479=EDGE_LOOP('',(#4616,#4617,#4618,#4619,#4620,#4621,#4622,#4623));
#2480=AXIS2_PLACEMENT_3D('',#4624,#4625,#4626);
#2481=EDGE_LOOP('',(#4627,#4628,#4629,#4630));
#2482=AXIS2_PLACEMENT_3D('',#4631,#4632,#4633);
#2483=EDGE_LOOP('',(#4634,#4635,#4636,#4637));
#2484=AXIS2_PLACEMENT_3D('',#4638,#4639,#4640);
#2485=EDGE_LOOP('',(#4641,#4642,#4643,#4644));
#2486=AXIS2_PLACEMENT_3D('',#4645,#4646,#4647);
#2487=EDGE_LOOP('',(#4648,#4649,#4650,#4651,#4652,#4653));
#2488=AXIS2_PLACEMENT_3D('',#4654,#4655,#4656);
#2489=EDGE_LOOP('',(#4657,#4658,#4659));
#2490=AXIS2_PLACEMENT_3D('',#4660,#4661,#4662);
#2491=EDGE_LOOP('',(#4663,#4664,#4665));
#2492=AXIS2_PLACEMENT_3D('',#4666,#4667,#4668);
#2493=EDGE_LOOP('',(#4669,#4670,#4671,#4672,#4673,#4674));
#2494=AXIS2_PLACEMENT_3D('',#4675,#4676,#4677);
#2495=EDGE_LOOP('',(#4678,#4679,#4680,#4681));
#2496=AXIS2_PLACEMENT_3D('',#4682,#4683,#4684);
#2497=EDGE_LOOP('',(#4685,#4686,#4687,#4688));
#2498=AXIS2_PLACEMENT_3D('',#4689,#4690,#4691);
#2499=EDGE_LOOP('',(#4692,#4693,#4694,#4695));
#2500=AXIS2_PLACEMENT_3D('',#4696,#4697,#4698);
#2501=EDGE_LOOP('',(#4699,#4700,#4701,#4702));
#2503=CARTESIAN_POINT('',(-6.73245200496057,-0.840427781111302,-18.3173084221521));
#2504=CARTESIAN_POINT('',(-6.8260837581206,-0.851250536050215,-18.4006155703316));
#2505=CARTESIAN_POINT('',(-6.91971551128066,-0.862073290989228,-18.483922718511));
#2506=CARTESIAN_POINT('',(-7.01334726444167,-0.872896045928141,-18.5672298666805));
#2507=CARTESIAN_POINT('',(-6.07207160231238,-0.925542901329054,-19.0484749078541));
#2508=CARTESIAN_POINT('',(-6.17803509780136,-0.934776242459494,-19.1181284759668));
#2509=CARTESIAN_POINT('',(-6.28399859329128,-0.944009583590029,-19.1877820440794));
#2510=CARTESIAN_POINT('',(-6.38996208878032,-0.953242924720469,-19.2574356121821));
#2511=CARTESIAN_POINT('',(-6.07207160231225,-1.91445709867052,-19.0484749078542));
#2512=CARTESIAN_POINT('',(-6.17803509780123,-1.90522375754018,-19.1181284759669));
#2513=CARTESIAN_POINT('',(-6.28399859329115,-1.89599041640984,-19.1877820440796));
#2514=CARTESIAN_POINT('',(-6.3899620887802,-1.88675707527949,-19.2574356121823));
#2515=CARTESIAN_POINT('',(-6.73245200496051,-1.99957221888907,-18.3173084221522));
#2516=CARTESIAN_POINT('',(-6.82608375812055,-1.98874946395016,-18.4006155703316));
#2517=CARTESIAN_POINT('',(-6.91971551128061,-1.97792670901125,-18.4839227185111));
#2518=CARTESIAN_POINT('',(-7.01334726444161,-1.96710395407234,-18.5672298666805));
#2525=EDGE_LOOP('',(#4703,#4704,#4705,#4706));
#2526=AXIS2_PLACEMENT_3D('',#4707,#4708,#4709);
#2527=EDGE_LOOP('',(#4710,#4711,#4712,#4713));
#2528=AXIS2_PLACEMENT_3D('',#4714,#4715,#4716);
#2529=EDGE_LOOP('',(#4717,#4718,#4719,#4720));
#2530=AXIS2_PLACEMENT_3D('',#4721,#4722,#4723);
#2531=EDGE_LOOP('',(#4724,#4725,#4726,#4727));
#2532=AXIS2_PLACEMENT_3D('',#4728,#4729,#4730);
#2533=EDGE_LOOP('',(#4731,#4732,#4733,#4734));
#2534=AXIS2_PLACEMENT_3D('',#4735,#4736,#4737);
#2535=EDGE_LOOP('',(#4738,#4739,#4740,#4741));
#2536=AXIS2_PLACEMENT_3D('',#4742,#4743,#4744);
#2537=EDGE_LOOP('',(#4745,#4746,#4747,#4748));
#2538=AXIS2_PLACEMENT_3D('',#4749,#4750,#4751);
#2539=EDGE_LOOP('',(#4752,#4753,#4754,#4755));
#2540=AXIS2_PLACEMENT_3D('',#4756,#4757,#4758);
#2541=EDGE_LOOP('',(#4759,#4760,#4761,#4762));
#2542=AXIS2_PLACEMENT_3D('',#4763,#4764,#4765);
#2543=EDGE_LOOP('',(#4766,#4767,#4768,#4769));
#2544=AXIS2_PLACEMENT_3D('',#4770,#4771,#4772);
#2545=EDGE_LOOP('',(#4773,#4774,#4775,#4776));
#2546=AXIS2_PLACEMENT_3D('',#4777,#4778,#4779);
#2547=EDGE_LOOP('',(#4780,#4781,#4782,#4783));
#2548=AXIS2_PLACEMENT_3D('',#4784,#4785,#4786);
#2549=EDGE_LOOP('',(#4787,#4788,#4789,#4790));
#2550=AXIS2_PLACEMENT_3D('',#4791,#4792,#4793);
#2551=EDGE_LOOP('',(#4794,#4795,#4796,#4797));
#2552=AXIS2_PLACEMENT_3D('',#4798,#4799,#4800);
#2553=EDGE_LOOP('',(#4801,#4802,#4803,#4804));
#2554=AXIS2_PLACEMENT_3D('',#4805,#4806,#4807);
#2555=EDGE_LOOP('',(#4808,#4809,#4810,#4811));
#2556=AXIS2_PLACEMENT_3D('',#4812,#4813,#4814);
#2557=EDGE_LOOP('',(#4815,#4816,#4817,#4818));
#2558=AXIS2_PLACEMENT_3D('',#4819,#4820,#4821);
#2559=EDGE_LOOP('',(#4822,#4823,#4824,#4825));
#2560=AXIS2_PLACEMENT_3D('',#4826,#4827,#4828);
#2561=EDGE_LOOP('',(#4829,#4830,#4831,#4832));
#2562=AXIS2_PLACEMENT_3D('',#4833,#4834,#4835);
#2563=EDGE_LOOP('',(#4836,#4837,#4838,#4839));
#2564=AXIS2_PLACEMENT_3D('',#4840,#4841,#4842);
#2565=EDGE_LOOP('',(#4843,#4844,#4845,#4846));
#2566=AXIS2_PLACEMENT_3D('',#4847,#4848,#4849);
#2567=EDGE_LOOP('',(#4850,#4851,#4852,#4853));
#2568=AXIS2_PLACEMENT_3D('',#4854,#4855,#4856);
#2569=EDGE_LOOP('',(#4857,#4858,#4859,#4860));
#2570=AXIS2_PLACEMENT_3D('',#4861,#4862,#4863);
#2571=EDGE_LOOP('',(#4864,#4865,#4866,#4867));
#2572=AXIS2_PLACEMENT_3D('',#4868,#4869,#4870);
#2573=EDGE_LOOP('',(#4871,#4872,#4873,#4874));
#2574=AXIS2_PLACEMENT_3D('',#4875,#4876,#4877);
#2575=EDGE_LOOP('',(#4878,#4879,#4880,#4881));
#2576=AXIS2_PLACEMENT_3D('',#4882,#4883,#4884);
#2577=EDGE_LOOP('',(#4885,#4886,#4887,#4888));
#2578=AXIS2_PLACEMENT_3D('',#4889,#4890,#4891);
#2579=EDGE_LOOP('',(#4892,#4893,#4894,#4895));
#2580=AXIS2_PLACEMENT_3D('',#4896,#4897,#4898);
#2581=EDGE_LOOP('',(#4899,#4900,#4901,#4902));
#2582=AXIS2_PLACEMENT_3D('',#4903,#4904,#4905);
#2583=EDGE_LOOP('',(#4906,#4907,#4908,#4909));
#2584=AXIS2_PLACEMENT_3D('',#4910,#4911,#4912);
#2585=EDGE_LOOP('',(#4913,#4914,#4915,#4916,#4917,#4918));
#2586=AXIS2_PLACEMENT_3D('',#4919,#4920,#4921);
#2587=EDGE_LOOP('',(#4922,#4923,#4924,#4925));
#2588=AXIS2_PLACEMENT_3D('',#4926,#4927,#4928);
#2589=EDGE_LOOP('',(#4929,#4930,#4931,#4932,#4933,#4934));
#2590=AXIS2_PLACEMENT_3D('',#4935,#4936,#4937);
#2591=EDGE_LOOP('',(#4938,#4939,#4940,#4941,#4942,#4943));
#2592=AXIS2_PLACEMENT_3D('',#4944,#4945,#4946);
#2593=EDGE_LOOP('',(#4947,#4948,#4949,#4950));
#2594=AXIS2_PLACEMENT_3D('',#4951,#4952,#4953);
#2595=EDGE_LOOP('',(#4954,#4955,#4956,#4957));
#2596=AXIS2_PLACEMENT_3D('',#4958,#4959,#4960);
#2597=EDGE_LOOP('',(#4961,#4962,#4963,#4964));
#2598=AXIS2_PLACEMENT_3D('',#4965,#4966,#4967);
#2599=EDGE_LOOP('',(#4968,#4969,#4970,#4971,#4972,#4973));
#2600=AXIS2_PLACEMENT_3D('',#4974,#4975,#4976);
#2601=EDGE_LOOP('',(#4977,#4978,#4979,#4980));
#2602=AXIS2_PLACEMENT_3D('',#4981,#4982,#4983);
#2603=EDGE_LOOP('',(#4984,#4985,#4986,#4987,#4988,#4989,#4990,#4991));
#2604=EDGE_LOOP('',(#4992,#4993,#4994,#4995,#4996,#4997));
#2605=AXIS2_PLACEMENT_3D('',#4998,#4999,#5000);
#2606=EDGE_LOOP('',(#5001,#5002,#5003,#5004));
#2607=AXIS2_PLACEMENT_3D('',#5005,#5006,#5007);
#2608=EDGE_LOOP('',(#5008,#5009,#5010,#5011));
#2609=AXIS2_PLACEMENT_3D('',#5012,#5013,#5014);
#2610=EDGE_LOOP('',(#5015,#5016,#5017,#5018));
#2611=AXIS2_PLACEMENT_3D('',#5019,#5020,#5021);
#2612=EDGE_LOOP('',(#5022,#5023,#5024,#5025,#5026,#5027));
#2613=AXIS2_PLACEMENT_3D('',#5028,#5029,#5030);
#2614=EDGE_LOOP('',(#5031,#5032,#5033,#5034,#5035,#5036));
#2615=AXIS2_PLACEMENT_3D('',#5037,#5038,#5039);
#2616=EDGE_LOOP('',(#5040,#5041,#5042,#5043));
#2617=AXIS2_PLACEMENT_3D('',#5044,#5045,#5046);
#2618=EDGE_LOOP('',(#5047,#5048,#5049,#5050,#5051,#5052));
#2619=AXIS2_PLACEMENT_3D('',#5053,#5054,#5055);
#2620=EDGE_LOOP('',(#5056,#5057,#5058,#5059,#5060));
#2621=AXIS2_PLACEMENT_3D('',#5061,#5062,#5063);
#2622=EDGE_LOOP('',(#5064,#5065,#5066,#5067));
#2623=AXIS2_PLACEMENT_3D('',#5068,#5069,#5070);
#2624=EDGE_LOOP('',(#5071,#5072,#5073,#5074,#5075,#5076));
#2625=EDGE_LOOP('',(#5077,#5078,#5079,#5080));
#2626=EDGE_LOOP('',(#5081,#5082,#5083,#5084));
#2627=EDGE_LOOP('',(#5085,#5086,#5087,#5088));
#2628=EDGE_LOOP('',(#5089,#5090,#5091,#5092));
#2629=AXIS2_PLACEMENT_3D('',#5093,#5094,#5095);
#2630=EDGE_LOOP('',(#5096,#5097,#5098,#5099));
#2631=AXIS2_PLACEMENT_3D('',#5100,#5101,#5102);
#2632=EDGE_LOOP('',(#5103,#5104,#5105,#5106));
#2633=AXIS2_PLACEMENT_3D('',#5107,#5108,#5109);
#2634=EDGE_LOOP('',(#5110,#5111,#5112,#5113,#5114));
#2635=AXIS2_PLACEMENT_3D('',#5115,#5116,#5117);
#2636=EDGE_LOOP('',(#5118,#5119,#5120));
#2637=AXIS2_PLACEMENT_3D('',#5121,#5122,#5123);
#2638=EDGE_LOOP('',(#5124,#5125,#5126,#5127));
#2639=AXIS2_PLACEMENT_3D('',#5128,#5129,#5130);
#2640=EDGE_LOOP('',(#5131,#5132,#5133));
#2641=AXIS2_PLACEMENT_3D('',#5134,#5135,#5136);
#2642=EDGE_LOOP('',(#5137,#5138,#5139,#5140));
#2643=AXIS2_PLACEMENT_3D('',#5141,#5142,#5143);
#2644=EDGE_LOOP('',(#5144,#5145,#5146));
#2645=AXIS2_PLACEMENT_3D('',#5147,#5148,#5149);
#2646=EDGE_LOOP('',(#5150,#5151,#5152,#5153));
#2647=AXIS2_PLACEMENT_3D('',#5154,#5155,#5156);
#2648=EDGE_LOOP('',(#5157,#5158,#5159));
#2649=AXIS2_PLACEMENT_3D('',#5160,#5161,#5162);
#2650=EDGE_LOOP('',(#5163,#5164,#5165,#5166));
#2651=AXIS2_PLACEMENT_3D('',#5167,#5168,#5169);
#2652=EDGE_LOOP('',(#5170,#5171,#5172));
#2653=AXIS2_PLACEMENT_3D('',#5173,#5174,#5175);
#2654=EDGE_LOOP('',(#5176,#5177,#5178,#5179));
#2655=AXIS2_PLACEMENT_3D('',#5180,#5181,#5182);
#2656=EDGE_LOOP('',(#5183,#5184,#5185));
#2657=AXIS2_PLACEMENT_3D('',#5186,#5187,#5188);
#2658=EDGE_LOOP('',(#5189,#5190,#5191,#5192));
#2659=AXIS2_PLACEMENT_3D('',#5193,#5194,#5195);
#2660=EDGE_LOOP('',(#5196,#5197,#5198));
#2661=AXIS2_PLACEMENT_3D('',#5199,#5200,#5201);
#2662=EDGE_LOOP('',(#5202,#5203,#5204,#5205));
#2663=AXIS2_PLACEMENT_3D('',#5206,#5207,#5208);
#2664=EDGE_LOOP('',(#5209,#5210,#5211));
#2665=AXIS2_PLACEMENT_3D('',#5212,#5213,#5214);
#2666=EDGE_LOOP('',(#5215,#5216,#5217,#5218));
#2667=AXIS2_PLACEMENT_3D('',#5219,#5220,#5221);
#2668=EDGE_LOOP('',(#5222,#5223,#5224,#5225));
#2669=AXIS2_PLACEMENT_3D('',#5226,#5227,#5228);
#2670=EDGE_LOOP('',(#5229,#5230,#5231,#5232,#5233,#5234));
#2671=AXIS2_PLACEMENT_3D('',#5235,#5236,#5237);
#2672=EDGE_LOOP('',(#5238,#5239,#5240,#5241,#5242,#5243));
#2673=AXIS2_PLACEMENT_3D('',#5244,#5245,#5246);
#2674=EDGE_LOOP('',(#5247,#5248,#5249,#5250));
#2675=AXIS2_PLACEMENT_3D('',#5251,#5252,#5253);
#2676=EDGE_LOOP('',(#5254,#5255,#5256,#5257,#5258,#5259));
#2677=AXIS2_PLACEMENT_3D('',#5260,#5261,#5262);
#2678=EDGE_LOOP('',(#5263,#5264,#5265,#5266,#5267,#5268));
#2679=AXIS2_PLACEMENT_3D('',#5269,#5270,#5271);
#2680=EDGE_LOOP('',(#5272,#5273,#5274,#5275,#5276,#5277));
#2681=AXIS2_PLACEMENT_3D('',#5278,#5279,#5280);
#2682=EDGE_LOOP('',(#5281,#5282,#5283,#5284));
#2683=AXIS2_PLACEMENT_3D('',#5285,#5286,#5287);
#2684=EDGE_LOOP('',(#5288,#5289,#5290,#5291));
#2685=AXIS2_PLACEMENT_3D('',#5292,#5293,#5294);
#2686=EDGE_LOOP('',(#5295,#5296,#5297,#5298));
#2687=AXIS2_PLACEMENT_3D('',#5299,#5300,#5301);
#2688=EDGE_LOOP('',(#5302,#5303,#5304,#5305));
#2689=AXIS2_PLACEMENT_3D('',#5306,#5307,#5308);
#2690=EDGE_LOOP('',(#5309,#5310,#5311,#5312,#5313,#5314));
#2691=AXIS2_PLACEMENT_3D('',#5315,#5316,#5317);
#2692=EDGE_LOOP('',(#5318,#5319,#5320,#5321));
#2693=AXIS2_PLACEMENT_3D('',#5322,#5323,#5324);
#2694=EDGE_LOOP('',(#5325,#5326,#5327,#5328,#5329,#5330));
#2695=AXIS2_PLACEMENT_3D('',#5331,#5332,#5333);
#2696=EDGE_LOOP('',(#5334,#5335,#5336,#5337));
#2697=AXIS2_PLACEMENT_3D('',#5338,#5339,#5340);
#2698=EDGE_LOOP('',(#5341,#5342,#5343,#5344));
#2699=AXIS2_PLACEMENT_3D('',#5345,#5346,#5347);
#2700=EDGE_LOOP('',(#5348,#5349,#5350,#5351,#5352,#5353));
#2701=AXIS2_PLACEMENT_3D('',#5354,#5355,#5356);
#2702=EDGE_LOOP('',(#5357,#5358,#5359,#5360));
#2703=AXIS2_PLACEMENT_3D('',#5361,#5362,#5363);
#2704=EDGE_LOOP('',(#5364,#5365,#5366,#5367));
#2705=AXIS2_PLACEMENT_3D('',#5368,#5369,#5370);
#2706=EDGE_LOOP('',(#5371,#5372,#5373,#5374,#5375,#5376));
#2707=AXIS2_PLACEMENT_3D('',#5377,#5378,#5379);
#2708=EDGE_LOOP('',(#5380,#5381,#5382,#5383));
#2709=CARTESIAN_POINT('',(-4.28934723314729,-2.85996542627998,-8.02824757628856));
#2710=CARTESIAN_POINT('',(-4.28747747926576,-2.86072896418207,-8.00649185465113));
#2711=CARTESIAN_POINT('',(-4.28518456989671,-2.86077531980278,-7.98479042950583));
#2712=CARTESIAN_POINT('',(-4.28246850503954,-2.86010449314323,-7.96321572405129));
#2713=CARTESIAN_POINT('',(-3.42978241104926,-2.85996542627998,-8.02824757628856));
#2714=CARTESIAN_POINT('',(-3.42915915975504,-2.86072896418207,-8.00649185465113));
#2715=CARTESIAN_POINT('',(-3.42839485663217,-2.86077531980278,-7.98479042950583));
#2716=CARTESIAN_POINT('',(-3.42748950167962,-2.86010449314323,-7.96321572405129));
#2717=CARTESIAN_POINT('',(-2.57021758895075,-2.85996542627998,-8.02824757628856));
#2718=CARTESIAN_POINT('',(-2.57084084024496,-2.86072896418207,-8.00649185465113));
#2719=CARTESIAN_POINT('',(-2.57160514336783,-2.86077531980278,-7.98479042950583));
#2720=CARTESIAN_POINT('',(-2.57251049832039,-2.86010449314323,-7.96321572405129));
#2721=CARTESIAN_POINT('',(-1.71065276685271,-2.85996542627998,-8.02824757628856));
#2722=CARTESIAN_POINT('',(-1.71252252073424,-2.86072896418207,-8.00649185465113));
#2723=CARTESIAN_POINT('',(-1.7148154301033,-2.86077531980278,-7.98479042950583));
#2724=CARTESIAN_POINT('',(-1.71753149496046,-2.86010449314323,-7.96321572405129));
#2725=EDGE_LOOP('',(#5384,#5385,#5386,#5387));
#2726=CARTESIAN_POINT('',(-4.28749485622728,-2.55888479985197,-8.03058095924884));
#2727=CARTESIAN_POINT('',(-4.28499397770603,-2.55961566686843,-8.01061384223047));
#2728=CARTESIAN_POINT('',(-4.28249771837625,-2.55961552244759,-7.99062974011454));
#2729=CARTESIAN_POINT('',(-4.28000607823926,-2.55888436658952,-7.97070909744872));
#2730=CARTESIAN_POINT('',(-4.28746812672175,-2.65954220088984,-8.03079013560795));
#2731=CARTESIAN_POINT('',(-4.28513682652785,-2.6603308499421,-8.00956857915516));
#2732=CARTESIAN_POINT('',(-4.28264057286282,-2.66034770360101,-7.98835162445041));
#2733=CARTESIAN_POINT('',(-4.27997936572795,-2.65959276186708,-7.9672242051833));
#2734=CARTESIAN_POINT('',(-4.28744139721557,-2.7601996019277,-8.03100000644994));
#2735=CARTESIAN_POINT('',(-4.28527967534962,-2.76104603301586,-8.00851960499329));
#2736=CARTESIAN_POINT('',(-4.28278342734933,-2.76107988475505,-7.98606979044278));
#2737=CARTESIAN_POINT('',(-4.27995265321603,-2.76030115714477,-7.96374000814139));
#2738=CARTESIAN_POINT('',(-4.28741466770936,-2.8608570029649,-8.03121057177481));
#2739=CARTESIAN_POINT('',(-4.28542252417139,-2.86176121608948,-8.00746691974485));
#2740=CARTESIAN_POINT('',(-4.28292628183589,-2.86181206590846,-7.98378423809161));
#2741=CARTESIAN_POINT('',(-4.27992594070472,-2.86100955242233,-7.96025650632238));
#2742=EDGE_LOOP('',(#5388,#5389,#5390,#5391));
#2743=CARTESIAN_POINT('',(-1.71022042579818,-2.55996687388878,-8.02824757867678));
#2744=CARTESIAN_POINT('',(-1.71252944142591,-2.56058880806998,-8.00982246849563));
#2745=CARTESIAN_POINT('',(-1.71483595654923,-2.5605887845604,-7.99138576432727));
#2746=CARTESIAN_POINT('',(-1.71713997116715,-2.55996680336004,-7.97300058099405));
#2747=CARTESIAN_POINT('',(-2.57007347526636,-2.55996687388878,-8.02824757867678));
#2748=CARTESIAN_POINT('',(-2.57084314714227,-2.56058880806998,-8.00982246849563));
#2749=CARTESIAN_POINT('',(-2.57161198551669,-2.5605887845604,-7.99138576432727));
#2750=CARTESIAN_POINT('',(-2.57237999038913,-2.55996680336004,-7.97300058099405));
#2751=CARTESIAN_POINT('',(-3.42992652473364,-2.55996687388878,-8.02824757867678));
#2752=CARTESIAN_POINT('',(-3.42915685285773,-2.56058880806998,-8.00982246849563));
#2753=CARTESIAN_POINT('',(-3.42838801448331,-2.5605887845604,-7.99138576432727));
#2754=CARTESIAN_POINT('',(-3.42762000961087,-2.55996680336004,-7.97300058099405));
#2755=CARTESIAN_POINT('',(-4.28977957420182,-2.55996687388878,-8.02824757867678));
#2756=CARTESIAN_POINT('',(-4.28747055857409,-2.56058880806998,-8.00982246849563));
#2757=CARTESIAN_POINT('',(-4.28516404345077,-2.5605887845604,-7.99138576432727));
#2758=CARTESIAN_POINT('',(-4.28286002883284,-2.55996680336004,-7.97300058099405));
#2759=EDGE_LOOP('',(#5392,#5393,#5394,#5395));
#2760=CARTESIAN_POINT('',(-1.71258533229064,-2.8608570029649,-8.03121057177481));
#2761=CARTESIAN_POINT('',(-1.71457747582861,-2.86176121608948,-8.00746691974485));
#2762=CARTESIAN_POINT('',(-1.71707371816411,-2.86181206590846,-7.98378423809161));
#2763=CARTESIAN_POINT('',(-1.72007405929528,-2.86100955242233,-7.96025650632238));
#2764=CARTESIAN_POINT('',(-1.71255860278443,-2.7601996019277,-8.03100000644994));
#2765=CARTESIAN_POINT('',(-1.71472032465038,-2.76104603301586,-8.00851960499329));
#2766=CARTESIAN_POINT('',(-1.71721657265067,-2.76107988475505,-7.98606979044278));
#2767=CARTESIAN_POINT('',(-1.72004734678397,-2.76030115714477,-7.96374000814139));
#2768=CARTESIAN_POINT('',(-1.71253187327825,-2.65954220088984,-8.03079013560795));
#2769=CARTESIAN_POINT('',(-1.71486317347215,-2.6603308499421,-8.00956857915516));
#2770=CARTESIAN_POINT('',(-1.71735942713718,-2.66034770360101,-7.98835162445041));
#2771=CARTESIAN_POINT('',(-1.72002063427205,-2.65959276186708,-7.9672242051833));
#2772=CARTESIAN_POINT('',(-1.71250514377272,-2.55888479985197,-8.03058095924884));
#2773=CARTESIAN_POINT('',(-1.71500602229397,-2.55961566686843,-8.01061384223047));
#2774=CARTESIAN_POINT('',(-1.71750228162375,-2.55961552244759,-7.99062974011455));
#2775=CARTESIAN_POINT('',(-1.71999392176074,-2.55888436658952,-7.97070909744872));
#2776=EDGE_LOOP('',(#5396,#5397,#5398,#5399));
#2777=CARTESIAN_POINT('',(-1.71916155340986,-2.86123449816928,-7.9675148144083));
#2778=CARTESIAN_POINT('',(-1.80989767709265,-2.83950123588135,-7.24192507058045));
#2779=CARTESIAN_POINT('',(-1.99095871628047,-2.74849059572833,-5.79072585836954));
#2780=CARTESIAN_POINT('',(-2.17212965857682,-2.63383273741221,-4.34090299376183));
#2781=CARTESIAN_POINT('',(-2.26297320565477,-2.58837660867959,-3.61555120893982));
#2782=CARTESIAN_POINT('',(-1.71916185196364,-2.76052592730229,-7.97079566944501));
#2783=CARTESIAN_POINT('',(-1.80983281234697,-2.73819170476537,-7.24574447222433));
#2784=CARTESIAN_POINT('',(-1.99096373999486,-2.64602155196967,-5.79570873501858));
#2785=CARTESIAN_POINT('',(-2.17219953466984,-2.53022423179427,-4.34710804853944));
#2786=CARTESIAN_POINT('',(-2.26297288971235,-2.48418726912656,-3.62235439723629));
#2787=CARTESIAN_POINT('',(-1.71916215051824,-2.6598173564168,-7.97407652418037));
#2788=CARTESIAN_POINT('',(-1.80976794760128,-2.63688217790711,-7.24956393911007));
#2789=CARTESIAN_POINT('',(-1.99096876371009,-2.54355251128134,-5.80069165871719));
#2790=CARTESIAN_POINT('',(-2.172269410762,-2.4266157248326,-4.35331308273425));
#2791=CARTESIAN_POINT('',(-2.26297257376989,-2.37999792957914,-3.62915758562526));
#2792=CARTESIAN_POINT('',(-1.71916244907198,-2.55910878551044,-7.97735737861511));
#2793=CARTESIAN_POINT('',(-1.8097030828547,-2.53557265530832,-7.25338347123597));
#2794=CARTESIAN_POINT('',(-1.99097378742446,-2.44108347366422,-5.80567462946537));
#2795=CARTESIAN_POINT('',(-2.17233928685412,-2.32300721652807,-4.35951809634797));
#2796=CARTESIAN_POINT('',(-2.26297225782742,-2.27580859003821,-3.63596077410683));
#2797=EDGE_LOOP('',(#5400,#5401,#5402,#5403));
#2798=CARTESIAN_POINT('',(-4.28310504630418,-2.86016508639127,-7.96521473087413));
#2799=CARTESIAN_POINT('',(-4.19228615995268,-2.83839828140373,-7.24040783841398));
#2800=CARTESIAN_POINT('',(-4.01105464358991,-2.74745980772432,-5.79075673140618));
#2801=CARTESIAN_POINT('',(-3.82971328749127,-2.63292434063624,-4.34247964164985));
#2802=CARTESIAN_POINT('',(-3.73878461209777,-2.58748518890899,-3.61789273670713));
#2803=CARTESIAN_POINT('',(-3.42770168210169,-2.86016508639127,-7.96521473087413));
#2804=CARTESIAN_POINT('',(-3.39742871998451,-2.83839828140373,-7.24040783841398));
#2805=CARTESIAN_POINT('',(-3.33701821452968,-2.74745980772432,-5.79075673140618));
#2806=CARTESIAN_POINT('',(-3.27657109583042,-2.63292434063624,-4.34247964164985));
#2807=CARTESIAN_POINT('',(-3.24626153736564,-2.58748518890899,-3.61789273670713));
#2808=CARTESIAN_POINT('',(-2.57229831789831,-2.86016508639127,-7.96521473087413));
#2809=CARTESIAN_POINT('',(-2.60257128001549,-2.83839828140373,-7.24040783841398));
#2810=CARTESIAN_POINT('',(-2.66298178547032,-2.74745980772432,-5.79075673140618));
#2811=CARTESIAN_POINT('',(-2.72342890416958,-2.63292434063624,-4.34247964164985));
#2812=CARTESIAN_POINT('',(-2.75373846263436,-2.58748518890899,-3.61789273670713));
#2813=CARTESIAN_POINT('',(-1.71689495369582,-2.86016508639127,-7.96521473087413));
#2814=CARTESIAN_POINT('',(-1.80771384004733,-2.83839828140373,-7.24040783841398));
#2815=CARTESIAN_POINT('',(-1.9889453564101,-2.74745980772432,-5.79075673140618));
#2816=CARTESIAN_POINT('',(-2.17028671250873,-2.63292434063624,-4.34247964164985));
#2817=CARTESIAN_POINT('',(-2.26121538790223,-2.58748518890899,-3.61789273670713));
#2818=EDGE_LOOP('',(#5404,#5405,#5406,#5407));
#2819=CARTESIAN_POINT('',(-4.28083755092802,-2.55910878551044,-7.97735737861511));
#2820=CARTESIAN_POINT('',(-4.1902969171453,-2.53557265530832,-7.25338347123597));
#2821=CARTESIAN_POINT('',(-4.00902621257554,-2.44108347366423,-5.80567462946538));
#2822=CARTESIAN_POINT('',(-3.82766071314588,-2.32300721652807,-4.35951809634801));
#2823=CARTESIAN_POINT('',(-3.73702774217258,-2.27580859003733,-3.63596077410689));
#2824=CARTESIAN_POINT('',(-4.28083784948176,-2.6598173564168,-7.97407652418037));
#2825=CARTESIAN_POINT('',(-4.19023205239872,-2.63688217790711,-7.24956393911007));
#2826=CARTESIAN_POINT('',(-4.00903123628991,-2.54355251128134,-5.80069165871721));
#2827=CARTESIAN_POINT('',(-3.82773058923801,-2.4266157248326,-4.35331308273428));
#2828=CARTESIAN_POINT('',(-3.73702742623012,-2.37999792957912,-3.62915758562532));
#2829=CARTESIAN_POINT('',(-4.28083814803636,-2.76052592730228,-7.97079566944501));
#2830=CARTESIAN_POINT('',(-4.19016718765303,-2.73819170476537,-7.24574447222433));
#2831=CARTESIAN_POINT('',(-4.00903626000515,-2.64602155196967,-5.7957087350186));
#2832=CARTESIAN_POINT('',(-3.82780046533017,-2.53022423179427,-4.34710804853947));
#2833=CARTESIAN_POINT('',(-3.73702711028765,-2.48418726912656,-3.62235439723634));
#2834=CARTESIAN_POINT('',(-4.28083844659014,-2.86123449816928,-7.9675148144083));
#2835=CARTESIAN_POINT('',(-4.19010232290735,-2.83950123588135,-7.24192507058045));
#2836=CARTESIAN_POINT('',(-4.00904128371953,-2.74849059572833,-5.79072585836956));
#2837=CARTESIAN_POINT('',(-3.82787034142319,-2.63383273741221,-4.34090299376186));
#2838=CARTESIAN_POINT('',(-3.73702679434524,-2.5883766086796,-3.61555120893987));
#2839=EDGE_LOOP('',(#5408,#5409,#5410,#5411));
#2840=CARTESIAN_POINT('',(-1.71688948388381,-2.56003256902386,-7.97499946906783));
#2841=CARTESIAN_POINT('',(-1.80751510910397,-2.53647690167754,-7.25179556655002));
#2842=CARTESIAN_POINT('',(-1.98895604927377,-2.44208650511753,-5.80560668617278));
#2843=CARTESIAN_POINT('',(-2.17049182331656,-2.32415868552083,-4.36096625329878));
#2844=CARTESIAN_POINT('',(-2.26121223883387,-2.2769904175702,-3.63815939126523));
#2845=CARTESIAN_POINT('',(-2.57229649462767,-2.56003256902386,-7.97499946906783));
#2846=CARTESIAN_POINT('',(-2.60250503636828,-2.53647690167754,-7.25179556655002));
#2847=CARTESIAN_POINT('',(-2.66298534975763,-2.44208650511753,-5.80560668617278));
#2848=CARTESIAN_POINT('',(-2.72349727443885,-2.32415868552083,-4.36096625329878));
#2849=CARTESIAN_POINT('',(-2.7537374129449,-2.2769904175702,-3.63815939126523));
#2850=CARTESIAN_POINT('',(-3.42770350537233,-2.56003256902386,-7.97499946906783));
#2851=CARTESIAN_POINT('',(-3.39749496363172,-2.53647690167754,-7.25179556655002));
#2852=CARTESIAN_POINT('',(-3.33701465024237,-2.44208650511753,-5.80560668617278));
#2853=CARTESIAN_POINT('',(-3.27650272556115,-2.32415868552083,-4.36096625329878));
#2854=CARTESIAN_POINT('',(-3.2462625870551,-2.2769904175702,-3.63815939126523));
#2855=CARTESIAN_POINT('',(-4.28311051611619,-2.56003256902386,-7.97499946906783));
#2856=CARTESIAN_POINT('',(-4.19248489089603,-2.53647690167754,-7.25179556655002));
#2857=CARTESIAN_POINT('',(-4.01104395072623,-2.44208650511753,-5.80560668617278));
#2858=CARTESIAN_POINT('',(-3.82950817668344,-2.32415868552083,-4.36096625329878));
#2859=CARTESIAN_POINT('',(-3.73878776116613,-2.2769904175702,-3.63815939126523));
#2860=EDGE_LOOP('',(#5412,#5413,#5414,#5415));
#2861=AXIS2_PLACEMENT_3D('',#5416,#5417,#5418);
#2862=EDGE_LOOP('',(#5419,#5420,#5421,#5422));
#2863=CARTESIAN_POINT('',(-2.26104515327599,-2.59412510441029,-3.63032583289138));
#2864=CARTESIAN_POINT('',(-2.27720626329015,-2.58868345203874,-3.50752163885716));
#2865=CARTESIAN_POINT('',(-2.28550772536126,-2.501564009057,-3.25567359548481));
#2866=CARTESIAN_POINT('',(-2.29382905761005,-2.28576536325686,-3.09943034327275));
#2867=CARTESIAN_POINT('',(-2.31001426999688,-2.16976288963178,-3.05816306726089));
#2868=CARTESIAN_POINT('',(-2.26129770296474,-2.48851146018561,-3.63534374258029));
#2869=CARTESIAN_POINT('',(-2.27470686001506,-2.48389570857062,-3.53191180757181));
#2870=CARTESIAN_POINT('',(-2.28551455943386,-2.41080614529672,-3.32315072308767));
#2871=CARTESIAN_POINT('',(-2.29633550320105,-2.23213417017351,-3.19284442417135));
#2872=CARTESIAN_POINT('',(-2.30976100312922,-2.13442918140111,-3.15817523473376));
#2873=CARTESIAN_POINT('',(-2.2615502526527,-2.38289557908036,-3.64031532064669));
#2874=CARTESIAN_POINT('',(-2.27220745673915,-2.37911724470374,-3.55675909666543));
#2875=CARTESIAN_POINT('',(-2.2855213935065,-2.32026125285849,-3.39046805271135));
#2876=CARTESIAN_POINT('',(-2.29884194879286,-2.17806472827977,-3.28611691027818));
#2877=CARTESIAN_POINT('',(-2.30950773626077,-2.09913950149695,-3.25820299393005));
#2878=CARTESIAN_POINT('',(-2.2618028023414,-2.27727748778258,-3.64524056560108));
#2879=CARTESIAN_POINT('',(-2.2697080534632,-2.27434719284743,-3.58206352604261));
#2880=CARTESIAN_POINT('',(-2.28552822757993,-2.22992990124473,-3.45762515855979));
#2881=CARTESIAN_POINT('',(-2.3013483943839,-2.12355676629845,-3.37924863331261));
#2882=CARTESIAN_POINT('',(-2.30925446939227,-2.06389385914825,-3.35824631937772));
#2883=EDGE_LOOP('',(#5423,#5424,#5425,#5426));
#2884=CARTESIAN_POINT('',(-3.73995020630301,-2.58760728526826,-3.61988890945576));
#2885=CARTESIAN_POINT('',(-3.72502648766804,-2.58030176426786,-3.50160214894168));
#2886=CARTESIAN_POINT('',(-3.71680551907778,-2.49455471938294,-3.26087864646631));
#2887=CARTESIAN_POINT('',(-3.70856440914627,-2.28899436727757,-3.10917323208546));
#2888=CARTESIAN_POINT('',(-3.69361965989374,-2.17787145998597,-3.0674869519597));
#2889=CARTESIAN_POINT('',(-3.24665006876737,-2.58760728526826,-3.61988890945576));
#2890=CARTESIAN_POINT('',(-3.24167549588905,-2.58030176426786,-3.50160214894168));
#2891=CARTESIAN_POINT('',(-3.2389351730256,-2.49455471938294,-3.26087864646631));
#2892=CARTESIAN_POINT('',(-3.23618813638209,-2.28899436727757,-3.10917323208546));
#2893=CARTESIAN_POINT('',(-3.23120655329763,-2.17787145998597,-3.0674869519597));
#2894=CARTESIAN_POINT('',(-2.75334993123263,-2.58760728526826,-3.61988890945576));
#2895=CARTESIAN_POINT('',(-2.75832450411093,-2.58030176426786,-3.50160214894168));
#2896=CARTESIAN_POINT('',(-2.76106482697342,-2.49455471938294,-3.26087864646631));
#2897=CARTESIAN_POINT('',(-2.7638118636179,-2.28899436727757,-3.10917323208546));
#2898=CARTESIAN_POINT('',(-2.76879344670237,-2.17787145998597,-3.0674869519597));
#2899=CARTESIAN_POINT('',(-2.26004979369699,-2.58760728526826,-3.61988890945576));
#2900=CARTESIAN_POINT('',(-2.27497351233194,-2.58030176426786,-3.50160214894168));
#2901=CARTESIAN_POINT('',(-2.28319448092124,-2.49455471938294,-3.26087864646631));
#2902=CARTESIAN_POINT('',(-2.29143559085371,-2.28899436727757,-3.10917323208546));
#2903=CARTESIAN_POINT('',(-2.30638034010626,-2.17787145998597,-3.0674869519597));
#2904=EDGE_LOOP('',(#5427,#5428,#5429,#5430));
#2905=CARTESIAN_POINT('',(-3.73819719765866,-2.27727748778261,-3.64524056560151));
#2906=CARTESIAN_POINT('',(-3.73029194653683,-2.27434719284754,-3.58206352604289));
#2907=CARTESIAN_POINT('',(-3.71447177242007,-2.22992990124481,-3.45762515855973));
#2908=CARTESIAN_POINT('',(-3.69865160561606,-2.12355676629821,-3.37924863331243));
#2909=CARTESIAN_POINT('',(-3.69074553060768,-2.06389385914784,-3.35824631937757));
#2910=CARTESIAN_POINT('',(-3.73844974734738,-2.38289557908053,-3.64031532064726));
#2911=CARTESIAN_POINT('',(-3.72779254326088,-2.37911724470402,-3.55675909666578));
#2912=CARTESIAN_POINT('',(-3.7144786064935,-2.32026125285871,-3.39046805271119));
#2913=CARTESIAN_POINT('',(-3.70115805120712,-2.17806472827951,-3.28611691027781));
#2914=CARTESIAN_POINT('',(-3.69049226373915,-2.09913950149645,-3.25820299392972));
#2915=CARTESIAN_POINT('',(-3.73870229703535,-2.48851146018593,-3.63534374258099));
#2916=CARTESIAN_POINT('',(-3.72529313998496,-2.48389570857107,-3.53191180757222));
#2917=CARTESIAN_POINT('',(-3.71448544056613,-2.41080614529708,-3.32315072308739));
#2918=CARTESIAN_POINT('',(-3.70366449679893,-2.23213417017325,-3.19284442417079));
#2919=CARTESIAN_POINT('',(-3.69023899687069,-2.13442918140053,-3.15817523473325));
#2920=CARTESIAN_POINT('',(-3.73895484672412,-2.59412510441076,-3.63032583289221));
#2921=CARTESIAN_POINT('',(-3.72279373670986,-2.58868345203936,-3.50752163885764));
#2922=CARTESIAN_POINT('',(-3.71449227463874,-2.50156400905752,-3.25567359548442));
#2923=CARTESIAN_POINT('',(-3.70617094238994,-2.28576536325658,-3.09943034327201));
#2924=CARTESIAN_POINT('',(-3.689985730003,-2.16976288963112,-3.0581630672602));
#2925=EDGE_LOOP('',(#5431,#5432,#5433,#5434));
#2926=CARTESIAN_POINT('',(-3.69347918686619,-2.08445541856018,-3.3656948397945));
#2927=CARTESIAN_POINT('',(-3.68002960857509,-1.98274120817296,-3.3305984076537));
#2928=CARTESIAN_POINT('',(-3.65313580262101,-1.79782683350284,-3.20720061354794));
#2929=CARTESIAN_POINT('',(-3.61280310618756,-1.64668702193541,-2.9098380873172));
#2930=CARTESIAN_POINT('',(-3.5724703828709,-1.66074368855758,-2.57656593333342));
#2931=CARTESIAN_POINT('',(-3.54557652314956,-1.77774585340112,-2.38753927413867));
#2932=CARTESIAN_POINT('',(-3.53212690901461,-1.85571225913739,-2.31338511088598));
#2933=CARTESIAN_POINT('',(-3.69313219491674,-2.11951495411354,-3.26418776409649));
#2934=CARTESIAN_POINT('',(-3.68213534988268,-2.03492939945308,-3.23496079403159));
#2935=CARTESIAN_POINT('',(-3.65654303658489,-1.88161609413532,-3.13223683137985));
#2936=CARTESIAN_POINT('',(-3.61276567212919,-1.75694650767548,-2.88580565677535));
#2937=CARTESIAN_POINT('',(-3.56900638834327,-1.7688280630346,-2.61009569540411));
#2938=CARTESIAN_POINT('',(-3.54345023638503,-1.86576954852411,-2.45349453447574));
#2939=CARTESIAN_POINT('',(-3.53247749890958,-1.93051347490094,-2.39198426537386));
#2940=CARTESIAN_POINT('',(-3.69278520296729,-2.15455872599121,-3.16267524646076));
#2941=CARTESIAN_POINT('',(-3.68424109118947,-2.08721416604124,-3.13935352667653));
#2942=CARTESIAN_POINT('',(-3.65995027054957,-1.96551248624824,-3.05741293215658));
#2943=CARTESIAN_POINT('',(-3.61272823807163,-1.86716881236463,-2.8617802745663));
#2944=CARTESIAN_POINT('',(-3.56554239381569,-1.87695261419423,-2.64345086652326));
#2945=CARTESIAN_POINT('',(-3.54132394961971,-1.95386979251598,-2.51938094079791));
#2946=CARTESIAN_POINT('',(-3.53282808880535,-2.00530239758798,-2.47059511538617));
#2947=CARTESIAN_POINT('',(-3.69243821101783,-2.18958673292555,-3.06115729055978));
#2948=CARTESIAN_POINT('',(-3.68634683249711,-2.1395955239549,-3.04377655713494));
#2949=CARTESIAN_POINT('',(-3.6633575045134,-2.04951568910853,-2.98272917975177));
#2950=CARTESIAN_POINT('',(-3.61269080401322,-1.97735411944217,-2.83776190266643));
#2951=CARTESIAN_POINT('',(-3.56207839928896,-1.98511692891959,-2.67663133493299));
#2952=CARTESIAN_POINT('',(-3.53919766285524,-2.04204662090198,-2.58519853144224));
#2953=CARTESIAN_POINT('',(-3.53317867870027,-2.08007902445564,-2.54921765803891));
#2954=EDGE_LOOP('',(#5435,#5436,#5437,#5438));
#2955=AXIS2_PLACEMENT_3D('',#5439,#5440,#5441);
#2956=EDGE_LOOP('',(#5442,#5443,#5444,#5445));
#2957=CARTESIAN_POINT('',(-2.30756178898216,-2.18958673292555,-3.06115729055978));
#2958=CARTESIAN_POINT('',(-2.31365316750289,-2.1395955239549,-3.04377655713494));
#2959=CARTESIAN_POINT('',(-2.3366424954866,-2.04951568910853,-2.98272917975177));
#2960=CARTESIAN_POINT('',(-2.38730919598678,-1.97735411944217,-2.83776190266643));
#2961=CARTESIAN_POINT('',(-2.43792160071104,-1.98511692891959,-2.67663133493299));
#2962=CARTESIAN_POINT('',(-2.46080233714476,-2.04204662090198,-2.58519853144224));
#2963=CARTESIAN_POINT('',(-2.46682132129973,-2.08007902445564,-2.54921765803891));
#2964=CARTESIAN_POINT('',(-2.30721479703272,-2.15455872599121,-3.16267524646076));
#2965=CARTESIAN_POINT('',(-2.31575890881053,-2.08721416604124,-3.13935352667653));
#2966=CARTESIAN_POINT('',(-2.34004972945043,-1.96551248624824,-3.05741293215658));
#2967=CARTESIAN_POINT('',(-2.38727176192837,-1.86716881236463,-2.8617802745663));
#2968=CARTESIAN_POINT('',(-2.43445760618431,-1.87695261419423,-2.64345086652326));
#2969=CARTESIAN_POINT('',(-2.45867605038029,-1.95386979251598,-2.51938094079791));
#2970=CARTESIAN_POINT('',(-2.46717191119465,-2.00530239758798,-2.47059511538617));
#2971=CARTESIAN_POINT('',(-2.30686780508327,-2.11951495411354,-3.26418776409649));
#2972=CARTESIAN_POINT('',(-2.31786465011732,-2.03492939945308,-3.23496079403159));
#2973=CARTESIAN_POINT('',(-2.34345696341511,-1.88161609413532,-3.13223683137985));
#2974=CARTESIAN_POINT('',(-2.38723432787081,-1.75694650767548,-2.88580565677535));
#2975=CARTESIAN_POINT('',(-2.43099361165673,-1.7688280630346,-2.61009569540411));
#2976=CARTESIAN_POINT('',(-2.45654976361497,-1.86576954852411,-2.45349453447574));
#2977=CARTESIAN_POINT('',(-2.46752250109042,-1.93051347490094,-2.39198426537386));
#2978=CARTESIAN_POINT('',(-2.30652081313381,-2.08445541856018,-3.36569483979449));
#2979=CARTESIAN_POINT('',(-2.31997039142491,-1.98274120817296,-3.3305984076537));
#2980=CARTESIAN_POINT('',(-2.34686419737899,-1.79782683350284,-3.20720061354794));
#2981=CARTESIAN_POINT('',(-2.38719689381245,-1.64668702193541,-2.9098380873172));
#2982=CARTESIAN_POINT('',(-2.4275296171291,-1.66074368855758,-2.57656593333342));
#2983=CARTESIAN_POINT('',(-2.45442347685044,-1.77774585340112,-2.38753927413867));
#2984=CARTESIAN_POINT('',(-2.46787309098539,-1.85571225913739,-2.31338511088598));
#2985=EDGE_LOOP('',(#5446,#5447,#5448,#5449));
#2986=CARTESIAN_POINT('',(-3.720169170196,-2.18634173313,-3.070561782902));
#2987=CARTESIAN_POINT('',(-3.707026488563,-2.083144768642,-3.034699788082));
#2988=CARTESIAN_POINT('',(-3.637174681214,-1.922930975836,-2.848900486462));
#2989=CARTESIAN_POINT('',(-3.567468801984,-1.994604710235,-2.616267947169));
#2990=CARTESIAN_POINT('',(-3.554472048469,-2.07315176767,-2.541934188614));
#2991=CARTESIAN_POINT('',(-3.240056390065,-2.18634173313,-3.070561782902));
#2992=CARTESIAN_POINT('',(-3.235675496188,-2.083144768642,-3.034699788082));
#2993=CARTESIAN_POINT('',(-3.212391560405,-1.922930975836,-2.848900486462));
#2994=CARTESIAN_POINT('',(-3.189156267328,-1.994604710235,-2.616267947169));
#2995=CARTESIAN_POINT('',(-3.184824016156,-2.07315176767,-2.541934188614));
#2996=CARTESIAN_POINT('',(-2.759943609935,-2.18634173313,-3.070561782902));
#2997=CARTESIAN_POINT('',(-2.764324503812,-2.083144768642,-3.034699788082));
#2998=CARTESIAN_POINT('',(-2.787608439595,-1.922930975836,-2.848900486462));
#2999=CARTESIAN_POINT('',(-2.810843732672,-1.994604710235,-2.616267947169));
#3000=CARTESIAN_POINT('',(-2.815175983844,-2.07315176767,-2.541934188614));
#3001=CARTESIAN_POINT('',(-2.279830829804,-2.18634173313,-3.070561782902));
#3002=CARTESIAN_POINT('',(-2.292973511437,-2.083144768642,-3.034699788082));
#3003=CARTESIAN_POINT('',(-2.362825318786,-1.922930975836,-2.848900486462));
#3004=CARTESIAN_POINT('',(-2.432531198016,-1.994604710235,-2.616267947169));
#3005=CARTESIAN_POINT('',(-2.445527951531,-2.07315176767,-2.541934188614));
#3006=EDGE_LOOP('',(#5450,#5451,#5452,#5453));
#3007=AXIS2_PLACEMENT_3D('',#5454,#5455,#5456);
#3008=EDGE_LOOP('',(#5457,#5458,#5459,#5460));
#3009=AXIS2_PLACEMENT_3D('',#5461,#5462,#5463);
#3010=EDGE_LOOP('',(#5464,#5465,#5466,#5467));
#3011=AXIS2_PLACEMENT_3D('',#5468,#5469,#5470);
#3012=EDGE_LOOP('',(#5471,#5472,#5473,#5474));
#3013=AXIS2_PLACEMENT_3D('',#5475,#5476,#5477);
#3014=EDGE_LOOP('',(#5478,#5479,#5480,#5481));
#3015=AXIS2_PLACEMENT_3D('',#5482,#5483,#5484);
#3016=ORIENTED_EDGE('',*,*,#5485,.F.);
#3017=ORIENTED_EDGE('',*,*,#5486,.T.);
#3018=ORIENTED_EDGE('',*,*,#5487,.T.);
#3019=ORIENTED_EDGE('',*,*,#5488,.F.);
#3020=CARTESIAN_POINT('',(3.0,-2.86,-1.691136511057));
#3021=DIRECTION('',(0.0,1.0,-0.0));
#3022=DIRECTION('',(0.0,0.0,1.0));
#3023=ORIENTED_EDGE('',*,*,#5489,.F.);
#3024=ORIENTED_EDGE('',*,*,#5490,.T.);
#3025=ORIENTED_EDGE('',*,*,#5491,.T.);
#3026=ORIENTED_EDGE('',*,*,#5492,.F.);
#3027=CARTESIAN_POINT('',(3.0,-2.86,-1.691136511057));
#3028=DIRECTION('',(0.0,1.0,-0.0));
#3029=DIRECTION('',(0.0,0.0,1.0));
#3030=ORIENTED_EDGE('',*,*,#5493,.F.);
#3031=ORIENTED_EDGE('',*,*,#5494,.T.);
#3032=ORIENTED_EDGE('',*,*,#5495,.T.);
#3033=ORIENTED_EDGE('',*,*,#5496,.F.);
#3034=CARTESIAN_POINT('',(-3.0,-2.86,-1.691136511057));
#3035=DIRECTION('',(0.0,1.0,-0.0));
#3036=DIRECTION('',(0.0,0.0,1.0));
#3037=ORIENTED_EDGE('',*,*,#5497,.F.);
#3038=ORIENTED_EDGE('',*,*,#5498,.T.);
#3039=ORIENTED_EDGE('',*,*,#5499,.T.);
#3040=ORIENTED_EDGE('',*,*,#5500,.F.);
#3041=CARTESIAN_POINT('',(-3.0,-2.86,-1.691136511057));
#3042=DIRECTION('',(0.0,1.0,-0.0));
#3043=DIRECTION('',(0.0,0.0,1.0));
#3044=ORIENTED_EDGE('',*,*,#5501,.T.);
#3045=ORIENTED_EDGE('',*,*,#5502,.F.);
#3046=ORIENTED_EDGE('',*,*,#5503,.T.);
#3047=ORIENTED_EDGE('',*,*,#5504,.T.);
#3048=ORIENTED_EDGE('',*,*,#5505,.T.);
#3049=ORIENTED_EDGE('',*,*,#5506,.F.);
#3050=ORIENTED_EDGE('',*,*,#5507,.T.);
#3051=ORIENTED_EDGE('',*,*,#5508,.F.);
#3052=ORIENTED_EDGE('',*,*,#5509,.T.);
#3053=ORIENTED_EDGE('',*,*,#5510,.F.);
#3054=ORIENTED_EDGE('',*,*,#5511,.F.);
#3055=ORIENTED_EDGE('',*,*,#5512,.F.);
#3056=ORIENTED_EDGE('',*,*,#5513,.F.);
#3057=ORIENTED_EDGE('',*,*,#5514,.T.);
#3058=ORIENTED_EDGE('',*,*,#5515,.T.);
#3059=ORIENTED_EDGE('',*,*,#5516,.T.);
#3060=ORIENTED_EDGE('',*,*,#5517,.T.);
#3061=ORIENTED_EDGE('',*,*,#5518,.T.);
#3062=ORIENTED_EDGE('',*,*,#5519,.T.);
#3063=ORIENTED_EDGE('',*,*,#5520,.T.);
#3064=CARTESIAN_POINT('',(-6.55,0.0,0.0));
#3065=DIRECTION('',(1.0,0.0,0.0));
#3066=DIRECTION('',(0.0,1.0,0.0));
#3067=ORIENTED_EDGE('',*,*,#5521,.T.);
#3068=ORIENTED_EDGE('',*,*,#5522,.F.);
#3069=ORIENTED_EDGE('',*,*,#5523,.F.);
#3070=ORIENTED_EDGE('',*,*,#5524,.T.);
#3071=CARTESIAN_POINT('',(6.55,1.523774403517,-1.646286844421));
#3072=DIRECTION('',(0.0,0.100122495876097,0.994975118191174));
#3073=DIRECTION('',(1.0,-0.0,0.0));
#3074=ORIENTED_EDGE('',*,*,#5525,.F.);
#3075=ORIENTED_EDGE('',*,*,#5520,.F.);
#3076=ORIENTED_EDGE('',*,*,#5526,.F.);
#3077=ORIENTED_EDGE('',*,*,#5527,.T.);
#3078=CARTESIAN_POINT('',(6.55,1.523774403517,-1.646286844421));
#3079=DIRECTION('',(0.0,0.100122495876097,0.994975118191174));
#3080=DIRECTION('',(1.0,-0.0,0.0));
#3081=ORIENTED_EDGE('',*,*,#5528,.T.);
#3082=ORIENTED_EDGE('',*,*,#5529,.T.);
#3083=ORIENTED_EDGE('',*,*,#5530,.T.);
#3084=ORIENTED_EDGE('',*,*,#5531,.T.);
#3085=ORIENTED_EDGE('',*,*,#5532,.T.);
#3086=ORIENTED_EDGE('',*,*,#5533,.T.);
#3087=ORIENTED_EDGE('',*,*,#5534,.T.);
#3088=ORIENTED_EDGE('',*,*,#5535,.F.);
#3089=ORIENTED_EDGE('',*,*,#5536,.T.);
#3090=ORIENTED_EDGE('',*,*,#5537,.T.);
#3091=ORIENTED_EDGE('',*,*,#5538,.T.);
#3092=ORIENTED_EDGE('',*,*,#5539,.T.);
#3093=ORIENTED_EDGE('',*,*,#5540,.F.);
#3094=ORIENTED_EDGE('',*,*,#5541,.F.);
#3095=ORIENTED_EDGE('',*,*,#5542,.F.);
#3096=ORIENTED_EDGE('',*,*,#5543,.F.);
#3097=ORIENTED_EDGE('',*,*,#5544,.F.);
#3098=ORIENTED_EDGE('',*,*,#5545,.F.);
#3099=ORIENTED_EDGE('',*,*,#5546,.T.);
#3100=ORIENTED_EDGE('',*,*,#5524,.F.);
#3101=CARTESIAN_POINT('',(6.55,0.0,0.0));
#3102=DIRECTION('',(1.0,0.0,0.0));
#3103=DIRECTION('',(0.0,1.0,0.0));
#3104=ORIENTED_EDGE('',*,*,#5547,.T.);
#3105=ORIENTED_EDGE('',*,*,#5548,.F.);
#3106=ORIENTED_EDGE('',*,*,#5549,.F.);
#3107=ORIENTED_EDGE('',*,*,#5546,.F.);
#3108=CARTESIAN_POINT('',(6.55003232952,0.0,-1.608112798242));
#3109=DIRECTION('',(0.999996301660025,0.0,0.00271968128131707));
#3110=DIRECTION('',(0.0,-1.0,0.0));
#3111=ORIENTED_EDGE('',*,*,#5549,.T.);
#3112=ORIENTED_EDGE('',*,*,#5550,.F.);
#3113=ORIENTED_EDGE('',*,*,#5551,.F.);
#3114=ORIENTED_EDGE('',*,*,#5521,.F.);
#3115=CARTESIAN_POINT('',(6.40001616476,1.025161980373,-1.608112798242));
#3116=DIRECTION('',(0.0,0.995552601473106,-0.0942073123495806));
#3117=DIRECTION('',(-1.0,0.0,0.0));
#3118=ORIENTED_EDGE('',*,*,#5552,.F.);
#3119=ORIENTED_EDGE('',*,*,#5553,.F.);
#3120=ORIENTED_EDGE('',*,*,#5554,.T.);
#3121=ORIENTED_EDGE('',*,*,#5555,.T.);
#3122=ORIENTED_EDGE('',*,*,#5556,.T.);
#3123=ORIENTED_EDGE('',*,*,#5557,.T.);
#3124=ORIENTED_EDGE('',*,*,#5558,.T.);
#3125=ORIENTED_EDGE('',*,*,#5559,.T.);
#3126=ORIENTED_EDGE('',*,*,#5560,.T.);
#3127=ORIENTED_EDGE('',*,*,#5561,.T.);
#3128=ORIENTED_EDGE('',*,*,#5562,.T.);
#3129=ORIENTED_EDGE('',*,*,#5522,.T.);
#3130=ORIENTED_EDGE('',*,*,#5551,.T.);
#3131=ORIENTED_EDGE('',*,*,#5563,.F.);
#3132=ORIENTED_EDGE('',*,*,#5564,.F.);
#3133=ORIENTED_EDGE('',*,*,#5565,.T.);
#3134=CARTESIAN_POINT('',(6.25,-2.222,-0.62));
#3135=DIRECTION('',(1.0,0.0,0.0));
#3136=DIRECTION('',(0.0,1.0,0.0));
#3137=ORIENTED_EDGE('',*,*,#5566,.F.);
#3138=ORIENTED_EDGE('',*,*,#5567,.F.);
#3139=ORIENTED_EDGE('',*,*,#5568,.T.);
#3140=ORIENTED_EDGE('',*,*,#5569,.T.);
#3141=CARTESIAN_POINT('',(6.25,-2.222,-0.62));
#3142=DIRECTION('',(1.0,0.0,0.0));
#3143=DIRECTION('',(0.0,1.0,0.0));
#3144=ORIENTED_EDGE('',*,*,#5570,.T.);
#3145=ORIENTED_EDGE('',*,*,#5565,.F.);
#3146=ORIENTED_EDGE('',*,*,#5571,.F.);
#3147=ORIENTED_EDGE('',*,*,#5545,.T.);
#3148=CARTESIAN_POINT('',(6.55,-1.026286844421,-1.596225596483));
#3149=DIRECTION('',(0.0,-0.100122495876097,0.994975118191174));
#3150=DIRECTION('',(-1.0,0.0,0.0));
#3151=ORIENTED_EDGE('',*,*,#5572,.T.);
#3152=ORIENTED_EDGE('',*,*,#5573,.T.);
#3153=ORIENTED_EDGE('',*,*,#5574,.T.);
#3154=ORIENTED_EDGE('',*,*,#5514,.F.);
#3155=CARTESIAN_POINT('',(6.55,-1.026286844421,-1.596225596483));
#3156=DIRECTION('',(0.0,-0.100122495876097,0.994975118191174));
#3157=DIRECTION('',(-1.0,0.0,0.0));
#3158=ORIENTED_EDGE('',*,*,#5564,.T.);
#3159=ORIENTED_EDGE('',*,*,#5575,.F.);
#3160=ORIENTED_EDGE('',*,*,#5547,.F.);
#3161=ORIENTED_EDGE('',*,*,#5571,.T.);
#3162=CARTESIAN_POINT('',(6.40001616476,-1.025161980373,-1.608112798242));
#3163=DIRECTION('',(0.0,0.995552601473106,0.0942073123495806));
#3164=DIRECTION('',(1.0,0.0,-0.0));
#3165=ORIENTED_EDGE('',*,*,#5576,.T.);
#3166=ORIENTED_EDGE('',*,*,#5577,.F.);
#3167=ORIENTED_EDGE('',*,*,#5578,.F.);
#3168=ORIENTED_EDGE('',*,*,#5575,.T.);
#3169=ORIENTED_EDGE('',*,*,#5578,.T.);
#3170=ORIENTED_EDGE('',*,*,#5579,.F.);
#3171=ORIENTED_EDGE('',*,*,#5580,.F.);
#3172=ORIENTED_EDGE('',*,*,#5548,.T.);
#3173=ORIENTED_EDGE('',*,*,#5580,.T.);
#3174=ORIENTED_EDGE('',*,*,#5581,.F.);
#3175=ORIENTED_EDGE('',*,*,#5582,.F.);
#3176=ORIENTED_EDGE('',*,*,#5550,.T.);
#3177=ORIENTED_EDGE('',*,*,#5582,.T.);
#3178=ORIENTED_EDGE('',*,*,#5583,.F.);
#3179=ORIENTED_EDGE('',*,*,#5576,.F.);
#3180=ORIENTED_EDGE('',*,*,#5563,.T.);
#3181=CARTESIAN_POINT('',(5.93,0.0,-1.62));
#3182=DIRECTION('',(0.0,-1.0,0.0));
#3183=DIRECTION('',(1.0,0.0,0.0));
#3184=ORIENTED_EDGE('',*,*,#5584,.T.);
#3185=ORIENTED_EDGE('',*,*,#5585,.F.);
#3186=ORIENTED_EDGE('',*,*,#5586,.F.);
#3187=ORIENTED_EDGE('',*,*,#5583,.T.);
#3188=CARTESIAN_POINT('',(5.96584916582,0.0,-4.383537558513));
#3189=DIRECTION('',(0.994692713626677,0.0,-0.102890259295998));
#3190=DIRECTION('',(0.0,-1.0,0.0));
#3191=ORIENTED_EDGE('',*,*,#5586,.T.);
#3192=ORIENTED_EDGE('',*,*,#5587,.F.);
#3193=ORIENTED_EDGE('',*,*,#5588,.F.);
#3194=ORIENTED_EDGE('',*,*,#5577,.T.);
#3195=CARTESIAN_POINT('',(6.118843056716,-0.7611444324305,-4.39936313046));
#3196=DIRECTION('',(0.00969301479522406,0.995552601473106,0.0937073271644806));
#3197=DIRECTION('',(0.994692713626681,0.0,-0.102890259295962));
#3198=ORIENTED_EDGE('',*,*,#5588,.T.);
#3199=ORIENTED_EDGE('',*,*,#5589,.F.);
#3200=ORIENTED_EDGE('',*,*,#5590,.F.);
#3201=ORIENTED_EDGE('',*,*,#5579,.T.);
#3202=CARTESIAN_POINT('',(6.271836947613,0.0,-4.415188702407));
#3203=DIRECTION('',(0.994968863627091,0.0,-0.100184631618899));
#3204=DIRECTION('',(0.0,-1.0,0.0));
#3205=ORIENTED_EDGE('',*,*,#5590,.T.);
#3206=ORIENTED_EDGE('',*,*,#5591,.F.);
#3207=ORIENTED_EDGE('',*,*,#5584,.F.);
#3208=ORIENTED_EDGE('',*,*,#5581,.T.);
#3209=CARTESIAN_POINT('',(6.118843056716,0.7611444324305,-4.39936313046));
#3210=DIRECTION('',(-0.00969301479522406,0.995552601473106,-0.0937073271644806));
#3211=DIRECTION('',(-0.994692713626681,0.0,0.102890259295962));
#3212=ORIENTED_EDGE('',*,*,#5592,.T.);
#3213=ORIENTED_EDGE('',*,*,#5593,.F.);
#3214=ORIENTED_EDGE('',*,*,#5594,.F.);
#3215=ORIENTED_EDGE('',*,*,#5591,.T.);
#3216=ORIENTED_EDGE('',*,*,#5594,.T.);
#3217=ORIENTED_EDGE('',*,*,#5595,.F.);
#3218=ORIENTED_EDGE('',*,*,#5596,.F.);
#3219=ORIENTED_EDGE('',*,*,#5585,.T.);
#3220=CARTESIAN_POINT('',(6.32,0.0,-7.18));
#3221=DIRECTION('',(0.0,1.0,-0.0));
#3222=DIRECTION('',(-0.994692713626677,0.0,0.102890259295998));
#3223=ORIENTED_EDGE('',*,*,#5596,.T.);
#3224=ORIENTED_EDGE('',*,*,#5597,.F.);
#3225=ORIENTED_EDGE('',*,*,#5598,.F.);
#3226=ORIENTED_EDGE('',*,*,#5587,.T.);
#3227=ORIENTED_EDGE('',*,*,#5598,.T.);
#3228=ORIENTED_EDGE('',*,*,#5599,.F.);
#3229=ORIENTED_EDGE('',*,*,#5592,.F.);
#3230=ORIENTED_EDGE('',*,*,#5589,.T.);
#3231=ORIENTED_EDGE('',*,*,#5597,.T.);
#3232=ORIENTED_EDGE('',*,*,#5595,.T.);
#3233=ORIENTED_EDGE('',*,*,#5593,.T.);
#3234=ORIENTED_EDGE('',*,*,#5599,.T.);
#3235=CARTESIAN_POINT('',(6.32,0.0,-7.82));
#3236=DIRECTION('',(1.0,0.0,0.0));
#3237=DIRECTION('',(0.0,1.0,0.0));
#3238=ORIENTED_EDGE('',*,*,#5574,.F.);
#3239=ORIENTED_EDGE('',*,*,#5600,.T.);
#3240=ORIENTED_EDGE('',*,*,#5601,.T.);
#3241=ORIENTED_EDGE('',*,*,#5515,.F.);
#3242=CARTESIAN_POINT('',(6.55,-1.523774403517,-1.646286844421));
#3243=DIRECTION('',(0.0,-0.994975118191174,-0.100122495876097));
#3244=DIRECTION('',(0.0,0.100122495876097,-0.994975118191174));
#3245=ORIENTED_EDGE('',*,*,#5602,.T.);
#3246=ORIENTED_EDGE('',*,*,#5558,.F.);
#3247=ORIENTED_EDGE('',*,*,#5570,.F.);
#3248=ORIENTED_EDGE('',*,*,#5544,.T.);
#3249=CARTESIAN_POINT('',(6.55,-1.523774403517,-1.646286844421));
#3250=DIRECTION('',(0.0,-0.994975118191174,-0.100122495876097));
#3251=DIRECTION('',(0.0,0.100122495876097,-0.994975118191174));
#3252=ORIENTED_EDGE('',*,*,#5601,.F.);
#3253=ORIENTED_EDGE('',*,*,#5603,.T.);
#3254=ORIENTED_EDGE('',*,*,#5604,.T.);
#3255=ORIENTED_EDGE('',*,*,#5516,.F.);
#3256=CARTESIAN_POINT('',(6.55,-0.6039673387081,-8.29));
#3257=DIRECTION('',(-1.0,0.0,-0.0));
#3258=DIRECTION('',(0.0,0.0,-1.0));
#3259=ORIENTED_EDGE('',*,*,#5605,.T.);
#3260=ORIENTED_EDGE('',*,*,#5559,.F.);
#3261=ORIENTED_EDGE('',*,*,#5602,.F.);
#3262=ORIENTED_EDGE('',*,*,#5543,.T.);
#3263=CARTESIAN_POINT('',(6.55,-0.6039673387081,-8.29));
#3264=DIRECTION('',(-1.0,0.0,-0.0));
#3265=DIRECTION('',(0.0,0.0,-1.0));
#3266=ORIENTED_EDGE('',*,*,#5604,.F.);
#3267=ORIENTED_EDGE('',*,*,#5606,.T.);
#3268=ORIENTED_EDGE('',*,*,#5607,.T.);
#3269=ORIENTED_EDGE('',*,*,#5517,.F.);
#3270=CARTESIAN_POINT('',(6.55,-0.6039673387081,-8.54));
#3271=DIRECTION('',(0.0,0.0,-1.0));
#3272=DIRECTION('',(0.0,-1.0,0.0));
#3273=ORIENTED_EDGE('',*,*,#5608,.T.);
#3274=ORIENTED_EDGE('',*,*,#5560,.F.);
#3275=ORIENTED_EDGE('',*,*,#5605,.F.);
#3276=ORIENTED_EDGE('',*,*,#5542,.T.);
#3277=CARTESIAN_POINT('',(6.55,-0.6039673387081,-8.54));
#3278=DIRECTION('',(0.0,0.0,-1.0));
#3279=DIRECTION('',(0.0,-1.0,0.0));
#3280=ORIENTED_EDGE('',*,*,#5607,.F.);
#3281=ORIENTED_EDGE('',*,*,#5609,.T.);
#3282=ORIENTED_EDGE('',*,*,#5610,.T.);
#3283=ORIENTED_EDGE('',*,*,#5518,.F.);
#3284=CARTESIAN_POINT('',(6.55,0.6039673387081,-8.29));
#3285=DIRECTION('',(-1.0,0.0,-0.0));
#3286=DIRECTION('',(0.0,0.0,-1.0));
#3287=ORIENTED_EDGE('',*,*,#5611,.T.);
#3288=ORIENTED_EDGE('',*,*,#5561,.F.);
#3289=ORIENTED_EDGE('',*,*,#5608,.F.);
#3290=ORIENTED_EDGE('',*,*,#5541,.T.);
#3291=CARTESIAN_POINT('',(6.55,0.6039673387081,-8.29));
#3292=DIRECTION('',(-1.0,0.0,-0.0));
#3293=DIRECTION('',(0.0,0.0,-1.0));
#3294=ORIENTED_EDGE('',*,*,#5610,.F.);
#3295=ORIENTED_EDGE('',*,*,#5612,.T.);
#3296=ORIENTED_EDGE('',*,*,#5526,.T.);
#3297=ORIENTED_EDGE('',*,*,#5519,.F.);
#3298=CARTESIAN_POINT('',(6.55,0.8527111182559,-8.315030623969));
#3299=DIRECTION('',(0.0,0.994975118191174,-0.100122495876097));
#3300=DIRECTION('',(-1.0,0.0,0.0));
#3301=ORIENTED_EDGE('',*,*,#5523,.T.);
#3302=ORIENTED_EDGE('',*,*,#5562,.F.);
#3303=ORIENTED_EDGE('',*,*,#5611,.F.);
#3304=ORIENTED_EDGE('',*,*,#5540,.T.);
#3305=CARTESIAN_POINT('',(6.55,0.8527111182559,-8.315030623969));
#3306=DIRECTION('',(0.0,0.994975118191174,-0.100122495876097));
#3307=DIRECTION('',(-1.0,0.0,0.0));
#3308=ORIENTED_EDGE('',*,*,#5613,.T.);
#3309=ORIENTED_EDGE('',*,*,#5614,.T.);
#3310=ORIENTED_EDGE('',*,*,#5615,.T.);
#3311=ORIENTED_EDGE('',*,*,#5616,.T.);
#3312=ORIENTED_EDGE('',*,*,#5617,.F.);
#3313=ORIENTED_EDGE('',*,*,#5618,.F.);
#3314=ORIENTED_EDGE('',*,*,#5612,.F.);
#3315=ORIENTED_EDGE('',*,*,#5609,.F.);
#3316=ORIENTED_EDGE('',*,*,#5606,.F.);
#3317=ORIENTED_EDGE('',*,*,#5603,.F.);
#3318=ORIENTED_EDGE('',*,*,#5600,.F.);
#3319=ORIENTED_EDGE('',*,*,#5573,.F.);
#3320=ORIENTED_EDGE('',*,*,#5619,.T.);
#3321=ORIENTED_EDGE('',*,*,#5620,.F.);
#3322=ORIENTED_EDGE('',*,*,#5621,.F.);
#3323=ORIENTED_EDGE('',*,*,#5527,.F.);
#3324=CARTESIAN_POINT('',(-6.25,2.222,-0.62));
#3325=DIRECTION('',(-1.0,0.0,0.0));
#3326=DIRECTION('',(0.0,0.0,1.0));
#3327=ORIENTED_EDGE('',*,*,#5622,.T.);
#3328=ORIENTED_EDGE('',*,*,#5623,.T.);
#3329=ORIENTED_EDGE('',*,*,#5624,.F.);
#3330=ORIENTED_EDGE('',*,*,#5625,.T.);
#3331=CARTESIAN_POINT('',(-6.25,2.222,-0.62));
#3332=DIRECTION('',(-1.0,0.0,0.0));
#3333=DIRECTION('',(0.0,0.0,1.0));
#3334=ORIENTED_EDGE('',*,*,#5621,.T.);
#3335=ORIENTED_EDGE('',*,*,#5626,.F.);
#3336=ORIENTED_EDGE('',*,*,#5627,.F.);
#3337=ORIENTED_EDGE('',*,*,#5525,.T.);
#3338=CARTESIAN_POINT('',(-6.400016331848,1.025150353168,-1.608112798242));
#3339=DIRECTION('',(0.0,0.99546081314368,-0.0951723147523681));
#3340=DIRECTION('',(-1.0,0.0,0.0));
#3341=ORIENTED_EDGE('',*,*,#5627,.T.);
#3342=ORIENTED_EDGE('',*,*,#5628,.F.);
#3343=ORIENTED_EDGE('',*,*,#5629,.F.);
#3344=ORIENTED_EDGE('',*,*,#5513,.T.);
#3345=CARTESIAN_POINT('',(-6.550032663695,0.0,-1.608112798242));
#3346=DIRECTION('',(0.999996224809213,0.0,-0.00274779317296504));
#3347=DIRECTION('',(0.0,-1.0,0.0));
#3348=ORIENTED_EDGE('',*,*,#5629,.T.);
#3349=ORIENTED_EDGE('',*,*,#5630,.F.);
#3350=ORIENTED_EDGE('',*,*,#5619,.F.);
#3351=ORIENTED_EDGE('',*,*,#5572,.F.);
#3352=CARTESIAN_POINT('',(-6.400016331848,-1.025150353168,-1.608112798242));
#3353=DIRECTION('',(0.0,0.99546081314368,0.0951723147523681));
#3354=DIRECTION('',(1.0,0.0,-0.0));
#3355=ORIENTED_EDGE('',*,*,#5631,.T.);
#3356=ORIENTED_EDGE('',*,*,#5632,.F.);
#3357=ORIENTED_EDGE('',*,*,#5633,.F.);
#3358=ORIENTED_EDGE('',*,*,#5630,.T.);
#3359=ORIENTED_EDGE('',*,*,#5633,.T.);
#3360=ORIENTED_EDGE('',*,*,#5634,.F.);
#3361=ORIENTED_EDGE('',*,*,#5635,.F.);
#3362=ORIENTED_EDGE('',*,*,#5620,.T.);
#3363=CARTESIAN_POINT('',(-5.93,0.0,-1.62));
#3364=DIRECTION('',(0.0,1.0,-0.0));
#3365=DIRECTION('',(-1.0,0.0,0.0));
#3366=ORIENTED_EDGE('',*,*,#5635,.T.);
#3367=ORIENTED_EDGE('',*,*,#5636,.F.);
#3368=ORIENTED_EDGE('',*,*,#5637,.F.);
#3369=ORIENTED_EDGE('',*,*,#5626,.T.);
#3370=ORIENTED_EDGE('',*,*,#5637,.T.);
#3371=ORIENTED_EDGE('',*,*,#5638,.F.);
#3372=ORIENTED_EDGE('',*,*,#5631,.F.);
#3373=ORIENTED_EDGE('',*,*,#5628,.T.);
#3374=ORIENTED_EDGE('',*,*,#5639,.T.);
#3375=ORIENTED_EDGE('',*,*,#5640,.F.);
#3376=ORIENTED_EDGE('',*,*,#5641,.F.);
#3377=ORIENTED_EDGE('',*,*,#5638,.T.);
#3378=CARTESIAN_POINT('',(-6.271926035836,0.0,-4.414976222016));
#3379=DIRECTION('',(0.994971263438863,0.0,0.100160795378596));
#3380=DIRECTION('',(0.0,-1.0,0.0));
#3381=ORIENTED_EDGE('',*,*,#5641,.T.);
#3382=ORIENTED_EDGE('',*,*,#5642,.F.);
#3383=ORIENTED_EDGE('',*,*,#5643,.F.);
#3384=ORIENTED_EDGE('',*,*,#5632,.T.);
#3385=CARTESIAN_POINT('',(-6.118893338496,-0.7584249817022,-4.399145993265));
#3386=DIRECTION('',(-0.0097926975090198,0.995460813143679,0.094667167332828));
#3387=DIRECTION('',(0.994692286082779,1.7268492419753E-18,0.102894392497431));
#3388=ORIENTED_EDGE('',*,*,#5643,.T.);
#3389=ORIENTED_EDGE('',*,*,#5644,.F.);
#3390=ORIENTED_EDGE('',*,*,#5645,.F.);
#3391=ORIENTED_EDGE('',*,*,#5634,.T.);
#3392=CARTESIAN_POINT('',(-5.965860641156,0.0,-4.383315764515));
#3393=DIRECTION('',(0.994692286082782,0.0,0.102894392497398));
#3394=DIRECTION('',(0.0,-1.0,0.0));
#3395=ORIENTED_EDGE('',*,*,#5645,.T.);
#3396=ORIENTED_EDGE('',*,*,#5646,.F.);
#3397=ORIENTED_EDGE('',*,*,#5639,.F.);
#3398=ORIENTED_EDGE('',*,*,#5636,.T.);
#3399=CARTESIAN_POINT('',(-6.118893338496,0.7584249817022,-4.399145993265));
#3400=DIRECTION('',(0.0097926975090198,0.995460813143679,-0.094667167332828));
#3401=DIRECTION('',(-0.994692286082779,1.7268492419753E-18,-0.102894392497431));
#3402=ORIENTED_EDGE('',*,*,#5647,.T.);
#3403=ORIENTED_EDGE('',*,*,#5648,.F.);
#3404=ORIENTED_EDGE('',*,*,#5649,.F.);
#3405=ORIENTED_EDGE('',*,*,#5646,.T.);
#3406=ORIENTED_EDGE('',*,*,#5649,.T.);
#3407=ORIENTED_EDGE('',*,*,#5650,.F.);
#3408=ORIENTED_EDGE('',*,*,#5651,.F.);
#3409=ORIENTED_EDGE('',*,*,#5640,.T.);
#3410=ORIENTED_EDGE('',*,*,#5651,.T.);
#3411=ORIENTED_EDGE('',*,*,#5652,.F.);
#3412=ORIENTED_EDGE('',*,*,#5653,.F.);
#3413=ORIENTED_EDGE('',*,*,#5642,.T.);
#3414=ORIENTED_EDGE('',*,*,#5653,.T.);
#3415=ORIENTED_EDGE('',*,*,#5654,.F.);
#3416=ORIENTED_EDGE('',*,*,#5647,.F.);
#3417=ORIENTED_EDGE('',*,*,#5644,.T.);
#3418=CARTESIAN_POINT('',(-6.324298245614,0.0,-7.18));
#3419=DIRECTION('',(0.0,-1.0,0.0));
#3420=DIRECTION('',(0.994692286082782,0.0,0.102894392497398));
#3421=ORIENTED_EDGE('',*,*,#5652,.T.);
#3422=ORIENTED_EDGE('',*,*,#5650,.T.);
#3423=ORIENTED_EDGE('',*,*,#5648,.T.);
#3424=ORIENTED_EDGE('',*,*,#5654,.T.);
#3425=CARTESIAN_POINT('',(-6.25,0.0,-7.82));
#3426=DIRECTION('',(-0.993328795098708,0.0,-0.115316541865201));
#3427=DIRECTION('',(-0.115316541865201,0.0,0.993328795098708));
#3428=ORIENTED_EDGE('',*,*,#5655,.T.);
#3429=ORIENTED_EDGE('',*,*,#5618,.T.);
#3430=ORIENTED_EDGE('',*,*,#5656,.F.);
#3431=ORIENTED_EDGE('',*,*,#5657,.F.);
#3432=CARTESIAN_POINT('',(-5.912,2.222,-0.62));
#3433=DIRECTION('',(0.0,0.0,-1.0));
#3434=DIRECTION('',(1.0,0.0,0.0));
#3435=ORIENTED_EDGE('',*,*,#5658,.T.);
#3436=ORIENTED_EDGE('',*,*,#5657,.T.);
#3437=ORIENTED_EDGE('',*,*,#5659,.F.);
#3438=ORIENTED_EDGE('',*,*,#5660,.F.);
#3439=ORIENTED_EDGE('',*,*,#5661,.T.);
#3440=ORIENTED_EDGE('',*,*,#5662,.T.);
#3441=ORIENTED_EDGE('',*,*,#5663,.F.);
#3442=ORIENTED_EDGE('',*,*,#5664,.T.);
#3443=ORIENTED_EDGE('',*,*,#5665,.T.);
#3444=ORIENTED_EDGE('',*,*,#5666,.F.);
#3445=ORIENTED_EDGE('',*,*,#5667,.F.);
#3446=ORIENTED_EDGE('',*,*,#5486,.F.);
#3447=ORIENTED_EDGE('',*,*,#5668,.F.);
#3448=ORIENTED_EDGE('',*,*,#5669,.F.);
#3449=ORIENTED_EDGE('',*,*,#5670,.F.);
#3450=ORIENTED_EDGE('',*,*,#5671,.T.);
#3451=ORIENTED_EDGE('',*,*,#5672,.F.);
#3452=ORIENTED_EDGE('',*,*,#5673,.F.);
#3453=ORIENTED_EDGE('',*,*,#5494,.F.);
#3454=ORIENTED_EDGE('',*,*,#5674,.F.);
#3455=ORIENTED_EDGE('',*,*,#5675,.F.);
#3456=ORIENTED_EDGE('',*,*,#5676,.F.);
#3457=CARTESIAN_POINT('',(5.912,2.56,-0.62));
#3458=DIRECTION('',(-0.0,1.0,0.0));
#3459=DIRECTION('',(1.0,0.0,0.0));
#3460=ORIENTED_EDGE('',*,*,#5677,.F.);
#3461=ORIENTED_EDGE('',*,*,#5678,.T.);
#3462=ORIENTED_EDGE('',*,*,#5679,.T.);
#3463=ORIENTED_EDGE('',*,*,#5680,.F.);
#3464=CARTESIAN_POINT('',(-1.712922520731,-2.86,-8.02724811809));
#3465=DIRECTION('',(0.138651194718903,0.0,-0.990341277642723));
#3466=DIRECTION('',(0.0,-1.0,0.0));
#3467=ORIENTED_EDGE('',*,*,#5681,.F.);
#3468=ORIENTED_EDGE('',*,*,#5676,.T.);
#3469=ORIENTED_EDGE('',*,*,#5682,.T.);
#3470=ORIENTED_EDGE('',*,*,#5683,.F.);
#3471=CARTESIAN_POINT('',(-1.712922520731,-2.86,-8.02724811809));
#3472=DIRECTION('',(0.138651194718903,0.0,-0.990341277642723));
#3473=DIRECTION('',(0.0,-1.0,0.0));
#3474=ORIENTED_EDGE('',*,*,#5684,.T.);
#3475=ORIENTED_EDGE('',*,*,#5685,.T.);
#3476=ORIENTED_EDGE('',*,*,#5686,.F.);
#3477=ORIENTED_EDGE('',*,*,#5687,.F.);
#3478=ORIENTED_EDGE('',*,*,#5688,.T.);
#3479=ORIENTED_EDGE('',*,*,#5689,.T.);
#3480=ORIENTED_EDGE('',*,*,#5690,.T.);
#3481=ORIENTED_EDGE('',*,*,#5691,.T.);
#3482=ORIENTED_EDGE('',*,*,#5692,.T.);
#3483=ORIENTED_EDGE('',*,*,#5693,.T.);
#3484=ORIENTED_EDGE('',*,*,#5694,.T.);
#3485=ORIENTED_EDGE('',*,*,#5695,.T.);
#3486=ORIENTED_EDGE('',*,*,#5492,.T.);
#3487=ORIENTED_EDGE('',*,*,#5696,.T.);
#3488=ORIENTED_EDGE('',*,*,#5697,.T.);
#3489=ORIENTED_EDGE('',*,*,#5698,.T.);
#3490=ORIENTED_EDGE('',*,*,#5680,.T.);
#3491=ORIENTED_EDGE('',*,*,#5699,.T.);
#3492=ORIENTED_EDGE('',*,*,#5700,.T.);
#3493=ORIENTED_EDGE('',*,*,#5500,.T.);
#3494=ORIENTED_EDGE('',*,*,#5701,.T.);
#3495=ORIENTED_EDGE('',*,*,#5702,.T.);
#3496=CARTESIAN_POINT('',(-5.912,-2.56,-0.62));
#3497=DIRECTION('',(0.0,-1.0,0.0));
#3498=DIRECTION('',(0.0,0.0,-1.0));
#3499=ORIENTED_EDGE('',*,*,#5703,.F.);
#3500=ORIENTED_EDGE('',*,*,#5702,.F.);
#3501=ORIENTED_EDGE('',*,*,#5704,.F.);
#3502=ORIENTED_EDGE('',*,*,#5705,.T.);
#3503=CARTESIAN_POINT('',(-4.78224811809,-2.86,-7.957922520731));
#3504=DIRECTION('',(-0.138651194718903,0.0,-0.990341277642723));
#3505=DIRECTION('',(-0.990341277642723,0.0,0.138651194718903));
#3506=ORIENTED_EDGE('',*,*,#5706,.F.);
#3507=ORIENTED_EDGE('',*,*,#5707,.F.);
#3508=ORIENTED_EDGE('',*,*,#5708,.F.);
#3509=ORIENTED_EDGE('',*,*,#5672,.T.);
#3510=CARTESIAN_POINT('',(-4.78224811809,-2.86,-7.957922520731));
#3511=DIRECTION('',(-0.138651194718903,0.0,-0.990341277642723));
#3512=DIRECTION('',(-0.990341277642723,0.0,0.138651194718903));
#3513=ORIENTED_EDGE('',*,*,#5709,.F.);
#3514=ORIENTED_EDGE('',*,*,#5710,.T.);
#3515=ORIENTED_EDGE('',*,*,#5711,.F.);
#3516=ORIENTED_EDGE('',*,*,#5712,.F.);
#3517=ORIENTED_EDGE('',*,*,#5713,.T.);
#3518=ORIENTED_EDGE('',*,*,#5714,.F.);
#3519=ORIENTED_EDGE('',*,*,#5715,.F.);
#3520=ORIENTED_EDGE('',*,*,#5716,.T.);
#3521=ORIENTED_EDGE('',*,*,#5717,.F.);
#3522=ORIENTED_EDGE('',*,*,#5718,.F.);
#3523=ORIENTED_EDGE('',*,*,#5719,.F.);
#3524=ORIENTED_EDGE('',*,*,#5490,.F.);
#3525=ORIENTED_EDGE('',*,*,#5720,.F.);
#3526=ORIENTED_EDGE('',*,*,#5721,.F.);
#3527=ORIENTED_EDGE('',*,*,#5722,.F.);
#3528=ORIENTED_EDGE('',*,*,#5723,.F.);
#3529=ORIENTED_EDGE('',*,*,#5705,.F.);
#3530=ORIENTED_EDGE('',*,*,#5724,.F.);
#3531=ORIENTED_EDGE('',*,*,#5498,.F.);
#3532=ORIENTED_EDGE('',*,*,#5725,.F.);
#3533=ORIENTED_EDGE('',*,*,#5726,.F.);
#3534=ORIENTED_EDGE('',*,*,#5678,.F.);
#3535=CARTESIAN_POINT('',(-6.55,-2.86,-0.62));
#3536=DIRECTION('',(0.0,-1.0,0.0));
#3537=DIRECTION('',(0.0,0.0,-1.0));
#3538=ORIENTED_EDGE('',*,*,#5727,.T.);
#3539=ORIENTED_EDGE('',*,*,#5699,.F.);
#3540=ORIENTED_EDGE('',*,*,#5679,.F.);
#3541=ORIENTED_EDGE('',*,*,#5726,.T.);
#3542=CARTESIAN_POINT('',(-1.21775188191,-2.86,-7.957922520731));
#3543=DIRECTION('',(0.990341277642723,0.0,0.138651194718903));
#3544=DIRECTION('',(0.0,-1.0,0.0));
#3545=ORIENTED_EDGE('',*,*,#5682,.F.);
#3546=ORIENTED_EDGE('',*,*,#5675,.T.);
#3547=ORIENTED_EDGE('',*,*,#5728,.T.);
#3548=ORIENTED_EDGE('',*,*,#5729,.F.);
#3549=CARTESIAN_POINT('',(-1.21775188191,-2.86,-7.957922520731));
#3550=DIRECTION('',(0.990341277642723,0.0,0.138651194718903));
#3551=DIRECTION('',(0.0,-1.0,0.0));
#3552=ORIENTED_EDGE('',*,*,#5497,.T.);
#3553=ORIENTED_EDGE('',*,*,#5700,.F.);
#3554=ORIENTED_EDGE('',*,*,#5727,.F.);
#3555=ORIENTED_EDGE('',*,*,#5725,.T.);
#3556=CARTESIAN_POINT('',(-3.0,-2.86,-1.691136511057));
#3557=DIRECTION('',(0.0,1.0,-0.0));
#3558=DIRECTION('',(0.0,0.0,1.0));
#3559=ORIENTED_EDGE('',*,*,#5493,.T.);
#3560=ORIENTED_EDGE('',*,*,#5730,.F.);
#3561=ORIENTED_EDGE('',*,*,#5728,.F.);
#3562=ORIENTED_EDGE('',*,*,#5674,.T.);
#3563=CARTESIAN_POINT('',(-3.0,-2.86,-1.691136511057));
#3564=DIRECTION('',(0.0,1.0,-0.0));
#3565=DIRECTION('',(0.0,0.0,1.0));
#3566=ORIENTED_EDGE('',*,*,#5704,.T.);
#3567=ORIENTED_EDGE('',*,*,#5701,.F.);
#3568=ORIENTED_EDGE('',*,*,#5499,.F.);
#3569=ORIENTED_EDGE('',*,*,#5724,.T.);
#3570=CARTESIAN_POINT('',(-3.887480977303,-2.86,-1.566886113168));
#3571=DIRECTION('',(-0.990341277642723,0.0,0.138651194718903));
#3572=DIRECTION('',(0.0,1.0,0.0));
#3573=ORIENTED_EDGE('',*,*,#5495,.F.);
#3574=ORIENTED_EDGE('',*,*,#5673,.T.);
#3575=ORIENTED_EDGE('',*,*,#5708,.T.);
#3576=ORIENTED_EDGE('',*,*,#5731,.F.);
#3577=CARTESIAN_POINT('',(-3.887480977303,-2.86,-1.566886113168));
#3578=DIRECTION('',(-0.990341277642723,0.0,0.138651194718903));
#3579=DIRECTION('',(0.0,1.0,0.0));
#3580=ORIENTED_EDGE('',*,*,#5732,.T.);
#3581=ORIENTED_EDGE('',*,*,#5733,.T.);
#3582=ORIENTED_EDGE('',*,*,#5734,.T.);
#3583=ORIENTED_EDGE('',*,*,#5735,.F.);
#3584=ORIENTED_EDGE('',*,*,#5736,.F.);
#3585=ORIENTED_EDGE('',*,*,#5737,.T.);
#3586=ORIENTED_EDGE('',*,*,#5738,.F.);
#3587=ORIENTED_EDGE('',*,*,#5739,.F.);
#3588=ORIENTED_EDGE('',*,*,#5740,.F.);
#3589=ORIENTED_EDGE('',*,*,#5741,.F.);
#3590=ORIENTED_EDGE('',*,*,#5742,.T.);
#3591=ORIENTED_EDGE('',*,*,#5743,.T.);
#3592=ORIENTED_EDGE('',*,*,#5744,.F.);
#3593=ORIENTED_EDGE('',*,*,#5745,.T.);
#3594=ORIENTED_EDGE('',*,*,#5746,.T.);
#3595=ORIENTED_EDGE('',*,*,#5747,.T.);
#3596=ORIENTED_EDGE('',*,*,#5488,.T.);
#3597=ORIENTED_EDGE('',*,*,#5748,.T.);
#3598=ORIENTED_EDGE('',*,*,#5749,.T.);
#3599=ORIENTED_EDGE('',*,*,#5750,.F.);
#3600=ORIENTED_EDGE('',*,*,#5683,.T.);
#3601=ORIENTED_EDGE('',*,*,#5729,.T.);
#3602=ORIENTED_EDGE('',*,*,#5730,.T.);
#3603=ORIENTED_EDGE('',*,*,#5496,.T.);
#3604=ORIENTED_EDGE('',*,*,#5731,.T.);
#3605=ORIENTED_EDGE('',*,*,#5707,.T.);
#3606=CARTESIAN_POINT('',(-6.55,2.86,-15.0));
#3607=DIRECTION('',(-0.0,1.0,0.0));
#3608=DIRECTION('',(1.0,0.0,0.0));
#3609=ORIENTED_EDGE('',*,*,#5751,.T.);
#3610=ORIENTED_EDGE('',*,*,#5752,.F.);
#3611=ORIENTED_EDGE('',*,*,#5753,.F.);
#3612=ORIENTED_EDGE('',*,*,#5750,.T.);
#3613=ORIENTED_EDGE('',*,*,#5681,.T.);
#3614=ORIENTED_EDGE('',*,*,#5753,.T.);
#3615=ORIENTED_EDGE('',*,*,#5754,.F.);
#3616=ORIENTED_EDGE('',*,*,#5755,.F.);
#3617=ORIENTED_EDGE('',*,*,#5755,.T.);
#3618=ORIENTED_EDGE('',*,*,#5756,.F.);
#3619=ORIENTED_EDGE('',*,*,#5757,.F.);
#3620=ORIENTED_EDGE('',*,*,#5671,.F.);
#3621=ORIENTED_EDGE('',*,*,#5706,.T.);
#3622=ORIENTED_EDGE('',*,*,#5757,.T.);
#3623=ORIENTED_EDGE('',*,*,#5758,.F.);
#3624=ORIENTED_EDGE('',*,*,#5751,.F.);
#3625=ORIENTED_EDGE('',*,*,#5759,.T.);
#3626=ORIENTED_EDGE('',*,*,#5760,.F.);
#3627=ORIENTED_EDGE('',*,*,#5761,.F.);
#3628=ORIENTED_EDGE('',*,*,#5758,.T.);
#3629=CARTESIAN_POINT('',(-4.010149894781,2.681652403906,-5.813029146483));
#3630=DIRECTION('',(0.992263461902373,0.00135912922696896,-0.124142558944397));
#3631=DIRECTION('',(2.15162840214508E-19,-0.999940074580625,-0.0109474767729636));
#3632=ORIENTED_EDGE('',*,*,#5761,.T.);
#3633=ORIENTED_EDGE('',*,*,#5762,.F.);
#3634=ORIENTED_EDGE('',*,*,#5763,.F.);
#3635=ORIENTED_EDGE('',*,*,#5752,.T.);
#3636=ORIENTED_EDGE('',*,*,#5763,.T.);
#3637=ORIENTED_EDGE('',*,*,#5764,.F.);
#3638=ORIENTED_EDGE('',*,*,#5765,.F.);
#3639=ORIENTED_EDGE('',*,*,#5754,.T.);
#3640=CARTESIAN_POINT('',(-1.989850105219,2.681652403906,-5.813029146483));
#3641=DIRECTION('',(0.992263461902373,-0.00135912922696896,0.124142558944397));
#3642=DIRECTION('',(-2.15162840214508E-19,-0.999940074580625,-0.0109474767729636));
#3643=ORIENTED_EDGE('',*,*,#5765,.T.);
#3644=ORIENTED_EDGE('',*,*,#5766,.F.);
#3645=ORIENTED_EDGE('',*,*,#5759,.F.);
#3646=ORIENTED_EDGE('',*,*,#5756,.T.);
#3647=ORIENTED_EDGE('',*,*,#5767,.T.);
#3648=ORIENTED_EDGE('',*,*,#5768,.F.);
#3649=ORIENTED_EDGE('',*,*,#5769,.F.);
#3650=ORIENTED_EDGE('',*,*,#5766,.T.);
#3651=CARTESIAN_POINT('',(-3.0,2.177735045483,-3.66));
#3652=DIRECTION('',(-1.0,0.0,0.0));
#3653=DIRECTION('',(0.0,0.999895968530435,0.0144240118061505));
#3654=ORIENTED_EDGE('',*,*,#5769,.T.);
#3655=ORIENTED_EDGE('',*,*,#5770,.F.);
#3656=ORIENTED_EDGE('',*,*,#5771,.F.);
#3657=ORIENTED_EDGE('',*,*,#5760,.T.);
#3658=ORIENTED_EDGE('',*,*,#5771,.T.);
#3659=ORIENTED_EDGE('',*,*,#5772,.F.);
#3660=ORIENTED_EDGE('',*,*,#5773,.F.);
#3661=ORIENTED_EDGE('',*,*,#5762,.T.);
#3662=ORIENTED_EDGE('',*,*,#5773,.T.);
#3663=ORIENTED_EDGE('',*,*,#5774,.F.);
#3664=ORIENTED_EDGE('',*,*,#5767,.F.);
#3665=ORIENTED_EDGE('',*,*,#5764,.T.);
#3666=ORIENTED_EDGE('',*,*,#5775,.T.);
#3667=ORIENTED_EDGE('',*,*,#5776,.F.);
#3668=ORIENTED_EDGE('',*,*,#5777,.F.);
#3669=ORIENTED_EDGE('',*,*,#5774,.T.);
#3670=ORIENTED_EDGE('',*,*,#5777,.T.);
#3671=ORIENTED_EDGE('',*,*,#5778,.F.);
#3672=ORIENTED_EDGE('',*,*,#5779,.F.);
#3673=ORIENTED_EDGE('',*,*,#5768,.T.);
#3674=CARTESIAN_POINT('',(-3.0,2.51,-2.77));
#3675=DIRECTION('',(1.0,0.0,0.0));
#3676=DIRECTION('',(0.0,-0.349752583701788,-0.936842105263167));
#3677=ORIENTED_EDGE('',*,*,#5779,.T.);
#3678=ORIENTED_EDGE('',*,*,#5780,.F.);
#3679=ORIENTED_EDGE('',*,*,#5781,.F.);
#3680=ORIENTED_EDGE('',*,*,#5770,.T.);
#3681=ORIENTED_EDGE('',*,*,#5781,.T.);
#3682=ORIENTED_EDGE('',*,*,#5782,.F.);
#3683=ORIENTED_EDGE('',*,*,#5775,.F.);
#3684=ORIENTED_EDGE('',*,*,#5772,.T.);
#3685=ORIENTED_EDGE('',*,*,#5783,.T.);
#3686=ORIENTED_EDGE('',*,*,#5784,.F.);
#3687=ORIENTED_EDGE('',*,*,#5785,.F.);
#3688=ORIENTED_EDGE('',*,*,#5782,.T.);
#3689=CARTESIAN_POINT('',(-3.0,2.66772920311,-2.169109692914));
#3690=DIRECTION('',(0.0,-0.705308848224333,0.708900154194133));
#3691=DIRECTION('',(-1.0,0.0,0.0));
#3692=ORIENTED_EDGE('',*,*,#5785,.T.);
#3693=ORIENTED_EDGE('',*,*,#5786,.F.);
#3694=ORIENTED_EDGE('',*,*,#5787,.F.);
#3695=ORIENTED_EDGE('',*,*,#5776,.T.);
#3696=CARTESIAN_POINT('',(-2.532866874279,2.55578084303,-2.057161332834));
#3697=DIRECTION('',(0.992259652791019,0.0878088305441116,0.0878088305441016));
#3698=DIRECTION('',(-6.8851844558447E-18,0.707106781186507,-0.707106781186588));
#3699=ORIENTED_EDGE('',*,*,#5787,.T.);
#3700=ORIENTED_EDGE('',*,*,#5788,.F.);
#3701=ORIENTED_EDGE('',*,*,#5789,.F.);
#3702=ORIENTED_EDGE('',*,*,#5778,.T.);
#3703=CARTESIAN_POINT('',(-3.0,2.443832482951,-1.945212972754));
#3704=DIRECTION('',(0.0,-0.707106781186498,0.707106781186598));
#3705=DIRECTION('',(-1.0,0.0,0.0));
#3706=ORIENTED_EDGE('',*,*,#5789,.T.);
#3707=ORIENTED_EDGE('',*,*,#5790,.F.);
#3708=ORIENTED_EDGE('',*,*,#5783,.F.);
#3709=ORIENTED_EDGE('',*,*,#5780,.T.);
#3710=CARTESIAN_POINT('',(-3.467133125721,2.55578084303,-2.057161332834));
#3711=DIRECTION('',(0.99225965279102,-0.0878088305441017,-0.0878088305441017));
#3712=DIRECTION('',(0.0,-0.707106781186548,0.707106781186548));
#3713=ORIENTED_EDGE('',*,*,#5784,.T.);
#3714=ORIENTED_EDGE('',*,*,#5790,.T.);
#3715=ORIENTED_EDGE('',*,*,#5788,.T.);
#3716=ORIENTED_EDGE('',*,*,#5786,.T.);
#3717=CARTESIAN_POINT('',(-3.0,2.823142238049,-1.565903217656));
#3718=DIRECTION('',(0.0,0.707106781186598,0.707106781186498));
#3719=DIRECTION('',(1.0,0.0,-0.0));
#3720=ORIENTED_EDGE('',*,*,#5791,.F.);
#3721=ORIENTED_EDGE('',*,*,#5697,.F.);
#3722=ORIENTED_EDGE('',*,*,#5792,.F.);
#3723=ORIENTED_EDGE('',*,*,#5718,.T.);
#3724=CARTESIAN_POINT('',(1.21775188191,-2.86,-7.957922520731));
#3725=DIRECTION('',(-0.138651194718903,0.0,-0.990341277642723));
#3726=DIRECTION('',(-0.990341277642723,0.0,0.138651194718903));
#3727=ORIENTED_EDGE('',*,*,#5793,.F.);
#3728=ORIENTED_EDGE('',*,*,#5749,.F.);
#3729=ORIENTED_EDGE('',*,*,#5794,.F.);
#3730=ORIENTED_EDGE('',*,*,#5666,.T.);
#3731=CARTESIAN_POINT('',(1.21775188191,-2.86,-7.957922520731));
#3732=DIRECTION('',(-0.138651194718903,0.0,-0.990341277642723));
#3733=DIRECTION('',(-0.990341277642723,0.0,0.138651194718903));
#3734=ORIENTED_EDGE('',*,*,#5792,.T.);
#3735=ORIENTED_EDGE('',*,*,#5696,.F.);
#3736=ORIENTED_EDGE('',*,*,#5491,.F.);
#3737=ORIENTED_EDGE('',*,*,#5719,.T.);
#3738=CARTESIAN_POINT('',(2.112519022697,-2.86,-1.566886113168));
#3739=DIRECTION('',(-0.990341277642723,0.0,0.138651194718903));
#3740=DIRECTION('',(0.0,1.0,0.0));
#3741=ORIENTED_EDGE('',*,*,#5487,.F.);
#3742=ORIENTED_EDGE('',*,*,#5667,.T.);
#3743=ORIENTED_EDGE('',*,*,#5794,.T.);
#3744=ORIENTED_EDGE('',*,*,#5748,.F.);
#3745=CARTESIAN_POINT('',(2.112519022697,-2.86,-1.566886113168));
#3746=DIRECTION('',(-0.990341277642723,0.0,0.138651194718903));
#3747=DIRECTION('',(0.0,1.0,0.0));
#3748=ORIENTED_EDGE('',*,*,#5489,.T.);
#3749=ORIENTED_EDGE('',*,*,#5695,.F.);
#3750=ORIENTED_EDGE('',*,*,#5795,.F.);
#3751=ORIENTED_EDGE('',*,*,#5720,.T.);
#3752=CARTESIAN_POINT('',(3.0,-2.86,-1.691136511057));
#3753=DIRECTION('',(0.0,1.0,-0.0));
#3754=DIRECTION('',(0.0,0.0,1.0));
#3755=ORIENTED_EDGE('',*,*,#5485,.T.);
#3756=ORIENTED_EDGE('',*,*,#5747,.F.);
#3757=ORIENTED_EDGE('',*,*,#5796,.F.);
#3758=ORIENTED_EDGE('',*,*,#5668,.T.);
#3759=CARTESIAN_POINT('',(3.0,-2.86,-1.691136511057));
#3760=DIRECTION('',(0.0,1.0,-0.0));
#3761=DIRECTION('',(0.0,0.0,1.0));
#3762=ORIENTED_EDGE('',*,*,#5795,.T.);
#3763=ORIENTED_EDGE('',*,*,#5694,.F.);
#3764=ORIENTED_EDGE('',*,*,#5797,.F.);
#3765=ORIENTED_EDGE('',*,*,#5721,.T.);
#3766=CARTESIAN_POINT('',(4.78224811809,-2.86,-7.957922520731));
#3767=DIRECTION('',(0.990341277642723,0.0,0.138651194718903));
#3768=DIRECTION('',(0.0,-1.0,0.0));
#3769=ORIENTED_EDGE('',*,*,#5798,.F.);
#3770=ORIENTED_EDGE('',*,*,#5669,.T.);
#3771=ORIENTED_EDGE('',*,*,#5796,.T.);
#3772=ORIENTED_EDGE('',*,*,#5746,.F.);
#3773=CARTESIAN_POINT('',(4.78224811809,-2.86,-7.957922520731));
#3774=DIRECTION('',(0.990341277642723,0.0,0.138651194718903));
#3775=DIRECTION('',(0.0,-1.0,0.0));
#3776=ORIENTED_EDGE('',*,*,#5799,.F.);
#3777=ORIENTED_EDGE('',*,*,#5722,.T.);
#3778=ORIENTED_EDGE('',*,*,#5797,.T.);
#3779=ORIENTED_EDGE('',*,*,#5693,.F.);
#3780=CARTESIAN_POINT('',(4.287077479269,-2.86,-8.02724811809));
#3781=DIRECTION('',(0.138651194718903,0.0,-0.990341277642723));
#3782=DIRECTION('',(0.0,-1.0,0.0));
#3783=ORIENTED_EDGE('',*,*,#5800,.F.);
#3784=ORIENTED_EDGE('',*,*,#5670,.T.);
#3785=ORIENTED_EDGE('',*,*,#5798,.T.);
#3786=ORIENTED_EDGE('',*,*,#5745,.F.);
#3787=CARTESIAN_POINT('',(4.287077479269,-2.86,-8.02724811809));
#3788=DIRECTION('',(0.138651194718903,0.0,-0.990341277642723));
#3789=DIRECTION('',(0.0,-1.0,0.0));
#3790=ORIENTED_EDGE('',*,*,#5801,.T.);
#3791=ORIENTED_EDGE('',*,*,#5802,.F.);
#3792=ORIENTED_EDGE('',*,*,#5803,.F.);
#3793=ORIENTED_EDGE('',*,*,#5799,.T.);
#3794=ORIENTED_EDGE('',*,*,#5803,.T.);
#3795=ORIENTED_EDGE('',*,*,#5804,.F.);
#3796=ORIENTED_EDGE('',*,*,#5805,.F.);
#3797=ORIENTED_EDGE('',*,*,#5717,.T.);
#3798=ORIENTED_EDGE('',*,*,#5805,.T.);
#3799=ORIENTED_EDGE('',*,*,#5806,.F.);
#3800=ORIENTED_EDGE('',*,*,#5807,.F.);
#3801=ORIENTED_EDGE('',*,*,#5791,.T.);
#3802=ORIENTED_EDGE('',*,*,#5807,.T.);
#3803=ORIENTED_EDGE('',*,*,#5808,.F.);
#3804=ORIENTED_EDGE('',*,*,#5801,.F.);
#3805=ORIENTED_EDGE('',*,*,#5692,.F.);
#3806=ORIENTED_EDGE('',*,*,#5809,.T.);
#3807=ORIENTED_EDGE('',*,*,#5810,.F.);
#3808=ORIENTED_EDGE('',*,*,#5811,.F.);
#3809=ORIENTED_EDGE('',*,*,#5808,.T.);
#3810=ORIENTED_EDGE('',*,*,#5811,.T.);
#3811=ORIENTED_EDGE('',*,*,#5812,.F.);
#3812=ORIENTED_EDGE('',*,*,#5813,.F.);
#3813=ORIENTED_EDGE('',*,*,#5802,.T.);
#3814=ORIENTED_EDGE('',*,*,#5813,.T.);
#3815=ORIENTED_EDGE('',*,*,#5814,.F.);
#3816=ORIENTED_EDGE('',*,*,#5815,.F.);
#3817=ORIENTED_EDGE('',*,*,#5804,.T.);
#3818=ORIENTED_EDGE('',*,*,#5815,.T.);
#3819=ORIENTED_EDGE('',*,*,#5816,.F.);
#3820=ORIENTED_EDGE('',*,*,#5809,.F.);
#3821=ORIENTED_EDGE('',*,*,#5806,.T.);
#3822=ORIENTED_EDGE('',*,*,#5817,.T.);
#3823=ORIENTED_EDGE('',*,*,#5818,.F.);
#3824=ORIENTED_EDGE('',*,*,#5819,.F.);
#3825=ORIENTED_EDGE('',*,*,#5816,.T.);
#3826=ORIENTED_EDGE('',*,*,#5819,.T.);
#3827=ORIENTED_EDGE('',*,*,#5820,.F.);
#3828=ORIENTED_EDGE('',*,*,#5821,.F.);
#3829=ORIENTED_EDGE('',*,*,#5810,.T.);
#3830=CARTESIAN_POINT('',(3.0,-1.957735045483,-3.66));
#3831=DIRECTION('',(1.0,0.0,0.0));
#3832=DIRECTION('',(0.0,-0.997876556667155,0.0651335370918971));
#3833=ORIENTED_EDGE('',*,*,#5821,.T.);
#3834=ORIENTED_EDGE('',*,*,#5822,.F.);
#3835=ORIENTED_EDGE('',*,*,#5823,.F.);
#3836=ORIENTED_EDGE('',*,*,#5812,.T.);
#3837=ORIENTED_EDGE('',*,*,#5823,.T.);
#3838=ORIENTED_EDGE('',*,*,#5824,.F.);
#3839=ORIENTED_EDGE('',*,*,#5817,.F.);
#3840=ORIENTED_EDGE('',*,*,#5814,.T.);
#3841=ORIENTED_EDGE('',*,*,#5825,.T.);
#3842=ORIENTED_EDGE('',*,*,#5826,.F.);
#3843=ORIENTED_EDGE('',*,*,#5827,.F.);
#3844=ORIENTED_EDGE('',*,*,#5824,.T.);
#3845=ORIENTED_EDGE('',*,*,#5827,.T.);
#3846=ORIENTED_EDGE('',*,*,#5828,.F.);
#3847=ORIENTED_EDGE('',*,*,#5829,.F.);
#3848=ORIENTED_EDGE('',*,*,#5818,.T.);
#3849=ORIENTED_EDGE('',*,*,#5829,.T.);
#3850=ORIENTED_EDGE('',*,*,#5830,.F.);
#3851=ORIENTED_EDGE('',*,*,#5831,.F.);
#3852=ORIENTED_EDGE('',*,*,#5820,.T.);
#3853=CARTESIAN_POINT('',(3.0,-2.29,-2.77));
#3854=DIRECTION('',(-1.0,0.0,-0.0));
#3855=DIRECTION('',(0.0,0.349752583701788,-0.936842105263167));
#3856=ORIENTED_EDGE('',*,*,#5831,.T.);
#3857=ORIENTED_EDGE('',*,*,#5832,.F.);
#3858=ORIENTED_EDGE('',*,*,#5825,.F.);
#3859=ORIENTED_EDGE('',*,*,#5822,.T.);
#3860=ORIENTED_EDGE('',*,*,#5833,.T.);
#3861=ORIENTED_EDGE('',*,*,#5834,.F.);
#3862=ORIENTED_EDGE('',*,*,#5835,.F.);
#3863=ORIENTED_EDGE('',*,*,#5832,.T.);
#3864=CARTESIAN_POINT('',(3.467050256457,-2.33578143754,-2.057161927344));
#3865=DIRECTION('',(0.992278529774259,-0.0877021075830964,0.0877021075830964));
#3866=DIRECTION('',(0.0,-0.707106781186548,-0.707106781186548));
#3867=ORIENTED_EDGE('',*,*,#5835,.T.);
#3868=ORIENTED_EDGE('',*,*,#5836,.F.);
#3869=ORIENTED_EDGE('',*,*,#5837,.F.);
#3870=ORIENTED_EDGE('',*,*,#5826,.T.);
#3871=CARTESIAN_POINT('',(3.0,-2.44773039213,-2.169110881934));
#3872=DIRECTION('',(0.0,0.705311070392999,0.708897943276099));
#3873=DIRECTION('',(1.0,-0.0,0.0));
#3874=ORIENTED_EDGE('',*,*,#5837,.T.);
#3875=ORIENTED_EDGE('',*,*,#5838,.F.);
#3876=ORIENTED_EDGE('',*,*,#5839,.F.);
#3877=ORIENTED_EDGE('',*,*,#5828,.T.);
#3878=CARTESIAN_POINT('',(2.532949743543,-2.33578143754,-2.057161927344));
#3879=DIRECTION('',(0.992278529774259,0.0877021075830964,-0.0877021075830964));
#3880=DIRECTION('',(0.0,-0.707106781186548,-0.707106781186548));
#3881=ORIENTED_EDGE('',*,*,#5839,.T.);
#3882=ORIENTED_EDGE('',*,*,#5840,.F.);
#3883=ORIENTED_EDGE('',*,*,#5833,.F.);
#3884=ORIENTED_EDGE('',*,*,#5830,.T.);
#3885=CARTESIAN_POINT('',(3.0,-2.22383248295,-1.945212972754));
#3886=DIRECTION('',(0.0,0.707106781186548,0.707106781186548));
#3887=DIRECTION('',(1.0,0.0,-0.0));
#3888=ORIENTED_EDGE('',*,*,#5834,.T.);
#3889=ORIENTED_EDGE('',*,*,#5840,.T.);
#3890=ORIENTED_EDGE('',*,*,#5838,.T.);
#3891=ORIENTED_EDGE('',*,*,#5836,.T.);
#3892=CARTESIAN_POINT('',(3.0,-2.603142238048,-1.565903217656));
#3893=DIRECTION('',(0.0,-0.707106781186548,0.707106781186548));
#3894=DIRECTION('',(-1.0,0.0,0.0));
#3895=ORIENTED_EDGE('',*,*,#5841,.T.);
#3896=ORIENTED_EDGE('',*,*,#5842,.F.);
#3897=ORIENTED_EDGE('',*,*,#5843,.F.);
#3898=ORIENTED_EDGE('',*,*,#5800,.T.);
#3899=ORIENTED_EDGE('',*,*,#5843,.T.);
#3900=ORIENTED_EDGE('',*,*,#5844,.F.);
#3901=ORIENTED_EDGE('',*,*,#5845,.F.);
#3902=ORIENTED_EDGE('',*,*,#5665,.F.);
#3903=ORIENTED_EDGE('',*,*,#5845,.T.);
#3904=ORIENTED_EDGE('',*,*,#5846,.F.);
#3905=ORIENTED_EDGE('',*,*,#5847,.F.);
#3906=ORIENTED_EDGE('',*,*,#5793,.T.);
#3907=ORIENTED_EDGE('',*,*,#5847,.T.);
#3908=ORIENTED_EDGE('',*,*,#5848,.F.);
#3909=ORIENTED_EDGE('',*,*,#5841,.F.);
#3910=ORIENTED_EDGE('',*,*,#5744,.T.);
#3911=ORIENTED_EDGE('',*,*,#5849,.T.);
#3912=ORIENTED_EDGE('',*,*,#5850,.F.);
#3913=ORIENTED_EDGE('',*,*,#5851,.F.);
#3914=ORIENTED_EDGE('',*,*,#5848,.T.);
#3915=ORIENTED_EDGE('',*,*,#5851,.T.);
#3916=ORIENTED_EDGE('',*,*,#5852,.F.);
#3917=ORIENTED_EDGE('',*,*,#5853,.F.);
#3918=ORIENTED_EDGE('',*,*,#5842,.T.);
#3919=CARTESIAN_POINT('',(4.010149894781,2.681652403906,-5.813029146483));
#3920=DIRECTION('',(0.992263461902373,-0.00135912922696896,0.124142558944397));
#3921=DIRECTION('',(-2.15162840214508E-19,-0.999940074580625,-0.0109474767729636));
#3922=ORIENTED_EDGE('',*,*,#5853,.T.);
#3923=ORIENTED_EDGE('',*,*,#5854,.F.);
#3924=ORIENTED_EDGE('',*,*,#5855,.F.);
#3925=ORIENTED_EDGE('',*,*,#5844,.T.);
#3926=ORIENTED_EDGE('',*,*,#5855,.T.);
#3927=ORIENTED_EDGE('',*,*,#5856,.F.);
#3928=ORIENTED_EDGE('',*,*,#5849,.F.);
#3929=ORIENTED_EDGE('',*,*,#5846,.T.);
#3930=CARTESIAN_POINT('',(1.989850105219,2.681652403906,-5.813029146483));
#3931=DIRECTION('',(0.992263461902373,0.00135912922696896,-0.124142558944397));
#3932=DIRECTION('',(2.15162840214508E-19,-0.999940074580625,-0.0109474767729636));
#3933=ORIENTED_EDGE('',*,*,#5857,.T.);
#3934=ORIENTED_EDGE('',*,*,#5858,.F.);
#3935=ORIENTED_EDGE('',*,*,#5859,.F.);
#3936=ORIENTED_EDGE('',*,*,#5856,.T.);
#3937=ORIENTED_EDGE('',*,*,#5859,.T.);
#3938=ORIENTED_EDGE('',*,*,#5860,.F.);
#3939=ORIENTED_EDGE('',*,*,#5861,.F.);
#3940=ORIENTED_EDGE('',*,*,#5850,.T.);
#3941=ORIENTED_EDGE('',*,*,#5861,.T.);
#3942=ORIENTED_EDGE('',*,*,#5862,.F.);
#3943=ORIENTED_EDGE('',*,*,#5863,.F.);
#3944=ORIENTED_EDGE('',*,*,#5852,.T.);
#3945=ORIENTED_EDGE('',*,*,#5863,.T.);
#3946=ORIENTED_EDGE('',*,*,#5864,.F.);
#3947=ORIENTED_EDGE('',*,*,#5857,.F.);
#3948=ORIENTED_EDGE('',*,*,#5854,.T.);
#3949=CARTESIAN_POINT('',(3.0,2.177735045483,-3.66));
#3950=DIRECTION('',(-1.0,0.0,0.0));
#3951=DIRECTION('',(0.0,0.999895968530435,0.0144240118061505));
#3952=ORIENTED_EDGE('',*,*,#5865,.T.);
#3953=ORIENTED_EDGE('',*,*,#5866,.F.);
#3954=ORIENTED_EDGE('',*,*,#5867,.F.);
#3955=ORIENTED_EDGE('',*,*,#5864,.T.);
#3956=CARTESIAN_POINT('',(3.0,2.51,-2.77));
#3957=DIRECTION('',(1.0,0.0,0.0));
#3958=DIRECTION('',(0.0,-0.349752583701788,-0.936842105263167));
#3959=ORIENTED_EDGE('',*,*,#5867,.T.);
#3960=ORIENTED_EDGE('',*,*,#5868,.F.);
#3961=ORIENTED_EDGE('',*,*,#5869,.F.);
#3962=ORIENTED_EDGE('',*,*,#5858,.T.);
#3963=ORIENTED_EDGE('',*,*,#5869,.T.);
#3964=ORIENTED_EDGE('',*,*,#5870,.F.);
#3965=ORIENTED_EDGE('',*,*,#5871,.F.);
#3966=ORIENTED_EDGE('',*,*,#5860,.T.);
#3967=ORIENTED_EDGE('',*,*,#5871,.T.);
#3968=ORIENTED_EDGE('',*,*,#5872,.F.);
#3969=ORIENTED_EDGE('',*,*,#5865,.F.);
#3970=ORIENTED_EDGE('',*,*,#5862,.T.);
#3971=ORIENTED_EDGE('',*,*,#5873,.T.);
#3972=ORIENTED_EDGE('',*,*,#5874,.F.);
#3973=ORIENTED_EDGE('',*,*,#5875,.F.);
#3974=ORIENTED_EDGE('',*,*,#5872,.T.);
#3975=CARTESIAN_POINT('',(3.467133125721,2.55578084303,-2.057161332834));
#3976=DIRECTION('',(0.992259652791019,0.0878088305441116,0.0878088305441016));
#3977=DIRECTION('',(-6.8851844558447E-18,0.707106781186507,-0.707106781186588));
#3978=ORIENTED_EDGE('',*,*,#5875,.T.);
#3979=ORIENTED_EDGE('',*,*,#5876,.F.);
#3980=ORIENTED_EDGE('',*,*,#5877,.F.);
#3981=ORIENTED_EDGE('',*,*,#5866,.T.);
#3982=CARTESIAN_POINT('',(3.0,2.443832482951,-1.945212972754));
#3983=DIRECTION('',(0.0,-0.707106781186498,0.707106781186598));
#3984=DIRECTION('',(-1.0,0.0,0.0));
#3985=ORIENTED_EDGE('',*,*,#5877,.T.);
#3986=ORIENTED_EDGE('',*,*,#5878,.F.);
#3987=ORIENTED_EDGE('',*,*,#5879,.F.);
#3988=ORIENTED_EDGE('',*,*,#5868,.T.);
#3989=CARTESIAN_POINT('',(2.532866874279,2.55578084303,-2.057161332834));
#3990=DIRECTION('',(0.99225965279102,-0.0878088305441017,-0.0878088305441017));
#3991=DIRECTION('',(0.0,-0.707106781186548,0.707106781186548));
#3992=ORIENTED_EDGE('',*,*,#5879,.T.);
#3993=ORIENTED_EDGE('',*,*,#5880,.F.);
#3994=ORIENTED_EDGE('',*,*,#5873,.F.);
#3995=ORIENTED_EDGE('',*,*,#5870,.T.);
#3996=CARTESIAN_POINT('',(3.0,2.66772920311,-2.169109692914));
#3997=DIRECTION('',(0.0,-0.705308848224333,0.708900154194133));
#3998=DIRECTION('',(-1.0,0.0,0.0));
#3999=ORIENTED_EDGE('',*,*,#5880,.T.);
#4000=ORIENTED_EDGE('',*,*,#5878,.T.);
#4001=ORIENTED_EDGE('',*,*,#5876,.T.);
#4002=ORIENTED_EDGE('',*,*,#5874,.T.);
#4003=CARTESIAN_POINT('',(3.0,2.823142238049,-1.565903217656));
#4004=DIRECTION('',(0.0,0.707106781186598,0.707106781186498));
#4005=DIRECTION('',(1.0,0.0,-0.0));
#4006=ORIENTED_EDGE('',*,*,#5881,.T.);
#4007=ORIENTED_EDGE('',*,*,#5882,.F.);
#4008=ORIENTED_EDGE('',*,*,#5883,.T.);
#4009=ORIENTED_EDGE('',*,*,#5884,.T.);
#4010=ORIENTED_EDGE('',*,*,#5885,.T.);
#4011=ORIENTED_EDGE('',*,*,#5743,.F.);
#4012=CARTESIAN_POINT('',(-5.912,3.18,-0.62));
#4013=DIRECTION('',(-1.0,0.0,0.0));
#4014=DIRECTION('',(0.0,1.0,0.0));
#4015=ORIENTED_EDGE('',*,*,#5886,.T.);
#4016=ORIENTED_EDGE('',*,*,#5887,.T.);
#4017=ORIENTED_EDGE('',*,*,#5888,.T.);
#4018=ORIENTED_EDGE('',*,*,#5733,.F.);
#4019=ORIENTED_EDGE('',*,*,#5889,.T.);
#4020=ORIENTED_EDGE('',*,*,#5890,.F.);
#4021=CARTESIAN_POINT('',(-5.912,3.18,-0.62));
#4022=DIRECTION('',(-1.0,0.0,0.0));
#4023=DIRECTION('',(0.0,1.0,0.0));
#4024=ORIENTED_EDGE('',*,*,#5885,.F.);
#4025=ORIENTED_EDGE('',*,*,#5891,.F.);
#4026=ORIENTED_EDGE('',*,*,#5892,.F.);
#4027=ORIENTED_EDGE('',*,*,#5893,.T.);
#4028=CARTESIAN_POINT('',(-0.8,-12.841632,-0.32));
#4029=DIRECTION('',(0.0,-1.0,-0.0));
#4030=DIRECTION('',(0.0,0.0,-1.0));
#4031=ORIENTED_EDGE('',*,*,#5663,.T.);
#4032=ORIENTED_EDGE('',*,*,#5894,.F.);
#4033=ORIENTED_EDGE('',*,*,#5732,.F.);
#4034=ORIENTED_EDGE('',*,*,#5893,.F.);
#4035=CARTESIAN_POINT('',(0.0,0.0,-0.62));
#4036=DIRECTION('',(0.0,0.0,1.0));
#4037=DIRECTION('',(1.0,0.0,0.0));
#4038=ORIENTED_EDGE('',*,*,#5690,.F.);
#4039=ORIENTED_EDGE('',*,*,#5895,.F.);
#4040=ORIENTED_EDGE('',*,*,#5709,.T.);
#4041=ORIENTED_EDGE('',*,*,#5896,.F.);
#4042=CARTESIAN_POINT('',(0.0,0.0,-0.62));
#4043=DIRECTION('',(0.0,0.0,1.0));
#4044=DIRECTION('',(1.0,0.0,0.0));
#4045=ORIENTED_EDGE('',*,*,#5897,.F.);
#4046=ORIENTED_EDGE('',*,*,#5898,.F.);
#4047=ORIENTED_EDGE('',*,*,#5889,.F.);
#4048=ORIENTED_EDGE('',*,*,#5894,.T.);
#4049=CARTESIAN_POINT('',(0.8,12.841632,-0.32));
#4050=DIRECTION('',(0.0,1.0,0.0));
#4051=DIRECTION('',(0.0,0.0,-1.0));
#4052=ORIENTED_EDGE('',*,*,#5899,.T.);
#4053=ORIENTED_EDGE('',*,*,#5890,.T.);
#4054=ORIENTED_EDGE('',*,*,#5898,.T.);
#4055=ORIENTED_EDGE('',*,*,#5900,.F.);
#4056=ORIENTED_EDGE('',*,*,#5901,.F.);
#4057=ORIENTED_EDGE('',*,*,#5902,.F.);
#4058=CARTESIAN_POINT('',(1.1,2.56,0.0));
#4059=DIRECTION('',(1.0,0.0,0.0));
#4060=DIRECTION('',(0.0,1.0,0.0));
#4061=ORIENTED_EDGE('',*,*,#5903,.F.);
#4062=ORIENTED_EDGE('',*,*,#5904,.F.);
#4063=ORIENTED_EDGE('',*,*,#5902,.T.);
#4064=ORIENTED_EDGE('',*,*,#5905,.F.);
#4065=CARTESIAN_POINT('',(1.4,3.26,-43.60714870107));
#4066=DIRECTION('',(0.0,0.0,-1.0));
#4067=DIRECTION('',(0.0,1.0,0.0));
#4068=ORIENTED_EDGE('',*,*,#5906,.F.);
#4069=ORIENTED_EDGE('',*,*,#5907,.T.);
#4070=ORIENTED_EDGE('',*,*,#5908,.T.);
#4071=ORIENTED_EDGE('',*,*,#5909,.T.);
#4072=ORIENTED_EDGE('',*,*,#5910,.F.);
#4073=ORIENTED_EDGE('',*,*,#5911,.T.);
#4074=CARTESIAN_POINT('',(-5.912,3.56,0.0));
#4075=DIRECTION('',(0.0,0.0,1.0));
#4076=DIRECTION('',(1.0,0.0,0.0));
#4077=ORIENTED_EDGE('',*,*,#5912,.T.);
#4078=ORIENTED_EDGE('',*,*,#5913,.T.);
#4079=ORIENTED_EDGE('',*,*,#5914,.F.);
#4080=ORIENTED_EDGE('',*,*,#5915,.T.);
#4081=ORIENTED_EDGE('',*,*,#5916,.F.);
#4082=ORIENTED_EDGE('',*,*,#5917,.T.);
#4083=CARTESIAN_POINT('',(-5.912,3.56,0.0));
#4084=DIRECTION('',(0.0,0.0,1.0));
#4085=DIRECTION('',(1.0,0.0,0.0));
#4086=ORIENTED_EDGE('',*,*,#5918,.F.);
#4087=ORIENTED_EDGE('',*,*,#5919,.T.);
#4088=ORIENTED_EDGE('',*,*,#5920,.T.);
#4089=ORIENTED_EDGE('',*,*,#5921,.T.);
#4090=ORIENTED_EDGE('',*,*,#5922,.F.);
#4091=ORIENTED_EDGE('',*,*,#5923,.T.);
#4092=CARTESIAN_POINT('',(-5.912,3.56,0.0));
#4093=DIRECTION('',(0.0,0.0,1.0));
#4094=DIRECTION('',(1.0,0.0,0.0));
#4095=ORIENTED_EDGE('',*,*,#5901,.T.);
#4096=ORIENTED_EDGE('',*,*,#5924,.T.);
#4097=ORIENTED_EDGE('',*,*,#5925,.F.);
#4098=ORIENTED_EDGE('',*,*,#5926,.T.);
#4099=ORIENTED_EDGE('',*,*,#5927,.F.);
#4100=ORIENTED_EDGE('',*,*,#5905,.T.);
#4101=CARTESIAN_POINT('',(-5.912,3.56,0.0));
#4102=DIRECTION('',(0.0,0.0,1.0));
#4103=DIRECTION('',(1.0,0.0,0.0));
#4104=ORIENTED_EDGE('',*,*,#5928,.F.);
#4105=ORIENTED_EDGE('',*,*,#5929,.T.);
#4106=ORIENTED_EDGE('',*,*,#5930,.T.);
#4107=ORIENTED_EDGE('',*,*,#5931,.T.);
#4108=ORIENTED_EDGE('',*,*,#5932,.F.);
#4109=ORIENTED_EDGE('',*,*,#5933,.T.);
#4110=CARTESIAN_POINT('',(-5.912,3.56,0.0));
#4111=DIRECTION('',(0.0,0.0,1.0));
#4112=DIRECTION('',(1.0,0.0,0.0));
#4113=ORIENTED_EDGE('',*,*,#5934,.T.);
#4114=ORIENTED_EDGE('',*,*,#5935,.T.);
#4115=ORIENTED_EDGE('',*,*,#5936,.F.);
#4116=ORIENTED_EDGE('',*,*,#5937,.T.);
#4117=ORIENTED_EDGE('',*,*,#5938,.F.);
#4118=ORIENTED_EDGE('',*,*,#5939,.T.);
#4119=CARTESIAN_POINT('',(-5.912,3.56,0.0));
#4120=DIRECTION('',(0.0,0.0,1.0));
#4121=DIRECTION('',(1.0,0.0,0.0));
#4122=ORIENTED_EDGE('',*,*,#5940,.F.);
#4123=ORIENTED_EDGE('',*,*,#5941,.F.);
#4124=ORIENTED_EDGE('',*,*,#5911,.F.);
#4125=ORIENTED_EDGE('',*,*,#5942,.T.);
#4126=CARTESIAN_POINT('',(-6.95,1.62,0.01629570397265));
#4127=DIRECTION('',(0.0,0.0,1.0));
#4128=DIRECTION('',(-1.0,0.0,0.0));
#4129=ORIENTED_EDGE('',*,*,#5910,.T.);
#4130=ORIENTED_EDGE('',*,*,#5943,.T.);
#4131=ORIENTED_EDGE('',*,*,#5944,.T.);
#4132=ORIENTED_EDGE('',*,*,#5945,.F.);
#4133=ORIENTED_EDGE('',*,*,#5946,.F.);
#4134=ORIENTED_EDGE('',*,*,#5942,.F.);
#4135=CARTESIAN_POINT('',(-7.61,1.92,0.0));
#4136=DIRECTION('',(0.0,-1.0,0.0));
#4137=DIRECTION('',(0.0,0.0,-1.0));
#4138=ORIENTED_EDGE('',*,*,#5946,.T.);
#4139=ORIENTED_EDGE('',*,*,#5947,.F.);
#4140=ORIENTED_EDGE('',*,*,#5948,.F.);
#4141=ORIENTED_EDGE('',*,*,#5949,.T.);
#4142=ORIENTED_EDGE('',*,*,#5950,.T.);
#4143=ORIENTED_EDGE('',*,*,#5940,.T.);
#4144=CARTESIAN_POINT('',(-5.912,3.18,-0.3));
#4145=DIRECTION('',(0.0,0.0,-1.0));
#4146=DIRECTION('',(0.0,-1.0,0.0));
#4147=ORIENTED_EDGE('',*,*,#5951,.T.);
#4148=ORIENTED_EDGE('',*,*,#5952,.T.);
#4149=ORIENTED_EDGE('',*,*,#5953,.T.);
#4150=ORIENTED_EDGE('',*,*,#5954,.F.);
#4151=ORIENTED_EDGE('',*,*,#5955,.F.);
#4152=ORIENTED_EDGE('',*,*,#5956,.T.);
#4153=CARTESIAN_POINT('',(-5.912,3.18,-0.3));
#4154=DIRECTION('',(0.0,0.0,-1.0));
#4155=DIRECTION('',(0.0,-1.0,0.0));
#4156=ORIENTED_EDGE('',*,*,#5957,.T.);
#4157=ORIENTED_EDGE('',*,*,#5883,.F.);
#4158=ORIENTED_EDGE('',*,*,#5958,.F.);
#4159=ORIENTED_EDGE('',*,*,#5959,.T.);
#4160=ORIENTED_EDGE('',*,*,#5960,.T.);
#4161=ORIENTED_EDGE('',*,*,#5961,.T.);
#4162=CARTESIAN_POINT('',(-5.912,3.18,-0.3));
#4163=DIRECTION('',(0.0,0.0,-1.0));
#4164=DIRECTION('',(0.0,-1.0,0.0));
#4165=ORIENTED_EDGE('',*,*,#5962,.T.);
#4166=ORIENTED_EDGE('',*,*,#5963,.T.);
#4167=ORIENTED_EDGE('',*,*,#5964,.T.);
#4168=ORIENTED_EDGE('',*,*,#5886,.F.);
#4169=ORIENTED_EDGE('',*,*,#5899,.F.);
#4170=ORIENTED_EDGE('',*,*,#5904,.T.);
#4171=CARTESIAN_POINT('',(-5.912,3.18,-0.3));
#4172=DIRECTION('',(0.0,0.0,-1.0));
#4173=DIRECTION('',(0.0,-1.0,0.0));
#4174=ORIENTED_EDGE('',*,*,#5965,.T.);
#4175=ORIENTED_EDGE('',*,*,#5966,.F.);
#4176=ORIENTED_EDGE('',*,*,#5967,.F.);
#4177=ORIENTED_EDGE('',*,*,#5968,.T.);
#4178=ORIENTED_EDGE('',*,*,#5969,.T.);
#4179=ORIENTED_EDGE('',*,*,#5970,.T.);
#4180=CARTESIAN_POINT('',(-5.912,3.18,-0.3));
#4181=DIRECTION('',(0.0,0.0,-1.0));
#4182=DIRECTION('',(0.0,-1.0,0.0));
#4183=ORIENTED_EDGE('',*,*,#5971,.T.);
#4184=ORIENTED_EDGE('',*,*,#5972,.T.);
#4185=ORIENTED_EDGE('',*,*,#5973,.T.);
#4186=ORIENTED_EDGE('',*,*,#5974,.F.);
#4187=ORIENTED_EDGE('',*,*,#5975,.F.);
#4188=ORIENTED_EDGE('',*,*,#5976,.T.);
#4189=CARTESIAN_POINT('',(-5.912,3.18,-0.3));
#4190=DIRECTION('',(0.0,0.0,-1.0));
#4191=DIRECTION('',(0.0,-1.0,0.0));
#4192=ORIENTED_EDGE('',*,*,#5950,.F.);
#4193=ORIENTED_EDGE('',*,*,#5977,.T.);
#4194=ORIENTED_EDGE('',*,*,#5906,.T.);
#4195=ORIENTED_EDGE('',*,*,#5941,.T.);
#4196=CARTESIAN_POINT('',(-7.25,-2.222,-0.3));
#4197=DIRECTION('',(-1.0,0.0,0.0));
#4198=DIRECTION('',(0.0,0.0,1.0));
#4199=ORIENTED_EDGE('',*,*,#5907,.F.);
#4200=ORIENTED_EDGE('',*,*,#5977,.F.);
#4201=ORIENTED_EDGE('',*,*,#5949,.F.);
#4202=ORIENTED_EDGE('',*,*,#5978,.T.);
#4203=CARTESIAN_POINT('',(-6.95,-1.62,-0.3177651080075));
#4204=DIRECTION('',(-0.0,0.0,-1.0));
#4205=DIRECTION('',(-1.0,0.0,0.0));
#4206=ORIENTED_EDGE('',*,*,#5948,.T.);
#4207=ORIENTED_EDGE('',*,*,#5979,.T.);
#4208=ORIENTED_EDGE('',*,*,#5980,.T.);
#4209=ORIENTED_EDGE('',*,*,#5981,.F.);
#4210=ORIENTED_EDGE('',*,*,#5908,.F.);
#4211=ORIENTED_EDGE('',*,*,#5978,.F.);
#4212=CARTESIAN_POINT('',(-5.61,-1.92,0.0));
#4213=DIRECTION('',(-0.0,1.0,0.0));
#4214=DIRECTION('',(1.0,0.0,0.0));
#4215=ORIENTED_EDGE('',*,*,#5909,.F.);
#4216=ORIENTED_EDGE('',*,*,#5981,.T.);
#4217=ORIENTED_EDGE('',*,*,#5982,.T.);
#4218=ORIENTED_EDGE('',*,*,#5614,.F.);
#4219=ORIENTED_EDGE('',*,*,#5983,.T.);
#4220=ORIENTED_EDGE('',*,*,#5943,.F.);
#4221=CARTESIAN_POINT('',(-6.87,-2.222,-0.62));
#4222=DIRECTION('',(-0.0,-1.0,0.0));
#4223=DIRECTION('',(-1.0,0.0,0.0));
#4224=ORIENTED_EDGE('',*,*,#5984,.F.);
#4225=ORIENTED_EDGE('',*,*,#5944,.F.);
#4226=ORIENTED_EDGE('',*,*,#5983,.F.);
#4227=ORIENTED_EDGE('',*,*,#5985,.T.);
#4228=CARTESIAN_POINT('',(-6.224656821035,2.22,-0.32));
#4229=DIRECTION('',(1.0,-0.0,0.0));
#4230=DIRECTION('',(0.0,0.0,-1.0));
#4231=ORIENTED_EDGE('',*,*,#5661,.F.);
#4232=ORIENTED_EDGE('',*,*,#5986,.F.);
#4233=ORIENTED_EDGE('',*,*,#5556,.F.);
#4234=ORIENTED_EDGE('',*,*,#5987,.F.);
#4235=ORIENTED_EDGE('',*,*,#5531,.F.);
#4236=ORIENTED_EDGE('',*,*,#5988,.T.);
#4237=ORIENTED_EDGE('',*,*,#5734,.F.);
#4238=ORIENTED_EDGE('',*,*,#5989,.F.);
#4239=CARTESIAN_POINT('',(0.0,0.0,-0.62));
#4240=DIRECTION('',(0.0,0.0,1.0));
#4241=DIRECTION('',(1.0,0.0,0.0));
#4242=ORIENTED_EDGE('',*,*,#5715,.T.);
#4243=ORIENTED_EDGE('',*,*,#5990,.F.);
#4244=ORIENTED_EDGE('',*,*,#5533,.F.);
#4245=ORIENTED_EDGE('',*,*,#5991,.F.);
#4246=ORIENTED_EDGE('',*,*,#5554,.F.);
#4247=ORIENTED_EDGE('',*,*,#5992,.F.);
#4248=ORIENTED_EDGE('',*,*,#5684,.F.);
#4249=ORIENTED_EDGE('',*,*,#5993,.F.);
#4250=CARTESIAN_POINT('',(0.0,0.0,-0.62));
#4251=DIRECTION('',(0.0,0.0,1.0));
#4252=DIRECTION('',(1.0,0.0,0.0));
#4253=ORIENTED_EDGE('',*,*,#5506,.T.);
#4254=ORIENTED_EDGE('',*,*,#5994,.T.);
#4255=ORIENTED_EDGE('',*,*,#5711,.T.);
#4256=ORIENTED_EDGE('',*,*,#5995,.F.);
#4257=ORIENTED_EDGE('',*,*,#5688,.F.);
#4258=ORIENTED_EDGE('',*,*,#5996,.F.);
#4259=ORIENTED_EDGE('',*,*,#5615,.F.);
#4260=ORIENTED_EDGE('',*,*,#5997,.F.);
#4261=CARTESIAN_POINT('',(0.0,0.0,-0.62));
#4262=DIRECTION('',(0.0,0.0,1.0));
#4263=DIRECTION('',(1.0,0.0,0.0));
#4264=ORIENTED_EDGE('',*,*,#5742,.F.);
#4265=ORIENTED_EDGE('',*,*,#5998,.F.);
#4266=ORIENTED_EDGE('',*,*,#5508,.T.);
#4267=ORIENTED_EDGE('',*,*,#5985,.F.);
#4268=ORIENTED_EDGE('',*,*,#5613,.F.);
#4269=ORIENTED_EDGE('',*,*,#5655,.F.);
#4270=ORIENTED_EDGE('',*,*,#5658,.F.);
#4271=ORIENTED_EDGE('',*,*,#5999,.F.);
#4272=CARTESIAN_POINT('',(0.0,0.0,-0.62));
#4273=DIRECTION('',(0.0,0.0,1.0));
#4274=DIRECTION('',(1.0,0.0,0.0));
#4275=ORIENTED_EDGE('',*,*,#5888,.F.);
#4276=ORIENTED_EDGE('',*,*,#6000,.F.);
#4277=ORIENTED_EDGE('',*,*,#6001,.F.);
#4278=ORIENTED_EDGE('',*,*,#5989,.T.);
#4279=CARTESIAN_POINT('',(5.91,2.534656821035,-0.32));
#4280=DIRECTION('',(0.0,-1.0,-0.0));
#4281=DIRECTION('',(0.0,0.0,-1.0));
#4282=ORIENTED_EDGE('',*,*,#5921,.F.);
#4283=ORIENTED_EDGE('',*,*,#6002,.T.);
#4284=ORIENTED_EDGE('',*,*,#6003,.T.);
#4285=ORIENTED_EDGE('',*,*,#5664,.F.);
#4286=ORIENTED_EDGE('',*,*,#5892,.T.);
#4287=ORIENTED_EDGE('',*,*,#6004,.F.);
#4288=CARTESIAN_POINT('',(-5.912,3.18,-0.62));
#4289=DIRECTION('',(-1.0,0.0,0.0));
#4290=DIRECTION('',(0.0,1.0,0.0));
#4291=ORIENTED_EDGE('',*,*,#6001,.T.);
#4292=ORIENTED_EDGE('',*,*,#6005,.F.);
#4293=ORIENTED_EDGE('',*,*,#5924,.F.);
#4294=ORIENTED_EDGE('',*,*,#5900,.T.);
#4295=ORIENTED_EDGE('',*,*,#5897,.T.);
#4296=ORIENTED_EDGE('',*,*,#5662,.F.);
#4297=CARTESIAN_POINT('',(-5.912,3.18,-0.62));
#4298=DIRECTION('',(-1.0,0.0,0.0));
#4299=DIRECTION('',(0.0,1.0,0.0));
#4300=ORIENTED_EDGE('',*,*,#5922,.T.);
#4301=ORIENTED_EDGE('',*,*,#6004,.T.);
#4302=ORIENTED_EDGE('',*,*,#5891,.T.);
#4303=ORIENTED_EDGE('',*,*,#5884,.F.);
#4304=ORIENTED_EDGE('',*,*,#5957,.F.);
#4305=ORIENTED_EDGE('',*,*,#6006,.F.);
#4306=CARTESIAN_POINT('',(-1.1,3.56,0.0));
#4307=DIRECTION('',(-1.0,0.0,0.0));
#4308=DIRECTION('',(0.0,0.0,1.0));
#4309=ORIENTED_EDGE('',*,*,#6007,.F.);
#4310=ORIENTED_EDGE('',*,*,#5923,.F.);
#4311=ORIENTED_EDGE('',*,*,#6006,.T.);
#4312=ORIENTED_EDGE('',*,*,#5961,.F.);
#4313=CARTESIAN_POINT('',(-1.4,3.26,24.67714839673));
#4314=DIRECTION('',(-0.0,0.0,1.0));
#4315=DIRECTION('',(0.0,1.0,0.0));
#4316=ORIENTED_EDGE('',*,*,#5960,.F.);
#4317=ORIENTED_EDGE('',*,*,#6008,.T.);
#4318=ORIENTED_EDGE('',*,*,#5918,.T.);
#4319=ORIENTED_EDGE('',*,*,#6007,.T.);
#4320=CARTESIAN_POINT('',(-5.912,3.56,-0.3));
#4321=DIRECTION('',(-0.0,1.0,0.0));
#4322=DIRECTION('',(1.0,0.0,0.0));
#4323=ORIENTED_EDGE('',*,*,#5927,.T.);
#4324=ORIENTED_EDGE('',*,*,#6009,.T.);
#4325=ORIENTED_EDGE('',*,*,#5962,.F.);
#4326=ORIENTED_EDGE('',*,*,#5903,.T.);
#4327=CARTESIAN_POINT('',(-5.912,3.56,-0.3));
#4328=DIRECTION('',(-0.0,1.0,0.0));
#4329=DIRECTION('',(1.0,0.0,0.0));
#4330=ORIENTED_EDGE('',*,*,#5919,.F.);
#4331=ORIENTED_EDGE('',*,*,#6008,.F.);
#4332=ORIENTED_EDGE('',*,*,#5959,.F.);
#4333=ORIENTED_EDGE('',*,*,#6010,.T.);
#4334=CARTESIAN_POINT('',(-5.31,3.26,-0.3177651080075));
#4335=DIRECTION('',(0.0,0.0,-1.0));
#4336=DIRECTION('',(0.0,1.0,0.0));
#4337=ORIENTED_EDGE('',*,*,#5958,.T.);
#4338=ORIENTED_EDGE('',*,*,#5882,.T.);
#4339=ORIENTED_EDGE('',*,*,#6011,.T.);
#4340=ORIENTED_EDGE('',*,*,#6002,.F.);
#4341=ORIENTED_EDGE('',*,*,#5920,.F.);
#4342=ORIENTED_EDGE('',*,*,#6010,.F.);
#4343=CARTESIAN_POINT('',(-5.61,1.92,0.0));
#4344=DIRECTION('',(1.0,0.0,0.0));
#4345=DIRECTION('',(0.0,1.0,0.0));
#4346=ORIENTED_EDGE('',*,*,#6003,.F.);
#4347=ORIENTED_EDGE('',*,*,#6011,.F.);
#4348=ORIENTED_EDGE('',*,*,#5881,.F.);
#4349=ORIENTED_EDGE('',*,*,#5999,.T.);
#4350=CARTESIAN_POINT('',(-5.91,3.585343178965,-0.32));
#4351=DIRECTION('',(0.0,1.0,0.0));
#4352=DIRECTION('',(0.0,0.0,-1.0));
#4353=ORIENTED_EDGE('',*,*,#5963,.F.);
#4354=ORIENTED_EDGE('',*,*,#6009,.F.);
#4355=ORIENTED_EDGE('',*,*,#5926,.F.);
#4356=ORIENTED_EDGE('',*,*,#6012,.T.);
#4357=CARTESIAN_POINT('',(5.31,3.26,0.01629570397265));
#4358=DIRECTION('',(-0.0,0.0,1.0));
#4359=DIRECTION('',(0.0,1.0,0.0));
#4360=ORIENTED_EDGE('',*,*,#5925,.T.);
#4361=ORIENTED_EDGE('',*,*,#6005,.T.);
#4362=ORIENTED_EDGE('',*,*,#6000,.T.);
#4363=ORIENTED_EDGE('',*,*,#5887,.F.);
#4364=ORIENTED_EDGE('',*,*,#5964,.F.);
#4365=ORIENTED_EDGE('',*,*,#6012,.F.);
#4366=CARTESIAN_POINT('',(5.61,3.92,0.0));
#4367=DIRECTION('',(-1.0,0.0,0.0));
#4368=DIRECTION('',(0.0,0.0,1.0));
#4369=ORIENTED_EDGE('',*,*,#5530,.F.);
#4370=ORIENTED_EDGE('',*,*,#6013,.F.);
#4371=ORIENTED_EDGE('',*,*,#5735,.T.);
#4372=ORIENTED_EDGE('',*,*,#5988,.F.);
#4373=CARTESIAN_POINT('',(5.912,2.222,-15.01498857465));
#4374=DIRECTION('',(0.0,0.0,-1.0));
#4375=DIRECTION('',(1.0,0.0,0.0));
#4376=ORIENTED_EDGE('',*,*,#6014,.T.);
#4377=ORIENTED_EDGE('',*,*,#6015,.F.);
#4378=ORIENTED_EDGE('',*,*,#6016,.F.);
#4379=ORIENTED_EDGE('',*,*,#5736,.T.);
#4380=ORIENTED_EDGE('',*,*,#6013,.T.);
#4381=ORIENTED_EDGE('',*,*,#5529,.F.);
#4382=ORIENTED_EDGE('',*,*,#6017,.T.);
#4383=ORIENTED_EDGE('',*,*,#6018,.F.);
#4384=ORIENTED_EDGE('',*,*,#6019,.F.);
#4385=ORIENTED_EDGE('',*,*,#5569,.F.);
#4386=ORIENTED_EDGE('',*,*,#6020,.T.);
#4387=ORIENTED_EDGE('',*,*,#6021,.T.);
#4388=ORIENTED_EDGE('',*,*,#6022,.F.);
#4389=ORIENTED_EDGE('',*,*,#6023,.T.);
#4390=ORIENTED_EDGE('',*,*,#6024,.F.);
#4391=ORIENTED_EDGE('',*,*,#5625,.F.);
#4392=ORIENTED_EDGE('',*,*,#6025,.F.);
#4393=ORIENTED_EDGE('',*,*,#6026,.F.);
#4394=ORIENTED_EDGE('',*,*,#5510,.T.);
#4395=ORIENTED_EDGE('',*,*,#6027,.T.);
#4396=ORIENTED_EDGE('',*,*,#5740,.T.);
#4397=ORIENTED_EDGE('',*,*,#6028,.T.);
#4398=ORIENTED_EDGE('',*,*,#6029,.F.);
#4399=ORIENTED_EDGE('',*,*,#6030,.F.);
#4400=ORIENTED_EDGE('',*,*,#6031,.T.);
#4401=ORIENTED_EDGE('',*,*,#6032,.T.);
#4402=ORIENTED_EDGE('',*,*,#6033,.F.);
#4403=ORIENTED_EDGE('',*,*,#6034,.F.);
#4404=ORIENTED_EDGE('',*,*,#6035,.T.);
#4405=ORIENTED_EDGE('',*,*,#6036,.T.);
#4406=ORIENTED_EDGE('',*,*,#6037,.F.);
#4407=ORIENTED_EDGE('',*,*,#6038,.F.);
#4408=ORIENTED_EDGE('',*,*,#6039,.T.);
#4409=ORIENTED_EDGE('',*,*,#6040,.T.);
#4410=ORIENTED_EDGE('',*,*,#6041,.F.);
#4411=ORIENTED_EDGE('',*,*,#6042,.F.);
#4412=ORIENTED_EDGE('',*,*,#6043,.T.);
#4413=CARTESIAN_POINT('',(-6.55,-2.86,-15.0));
#4414=DIRECTION('',(0.0,0.0,-1.0));
#4415=DIRECTION('',(0.0,-1.0,0.0));
#4416=ORIENTED_EDGE('',*,*,#5741,.T.);
#4417=ORIENTED_EDGE('',*,*,#6027,.F.);
#4418=ORIENTED_EDGE('',*,*,#5509,.F.);
#4419=ORIENTED_EDGE('',*,*,#5998,.T.);
#4420=CARTESIAN_POINT('',(-5.912,2.222,-0.6036598868046));
#4421=DIRECTION('',(0.0,0.0,1.0));
#4422=DIRECTION('',(-1.0,0.0,0.0));
#4423=ORIENTED_EDGE('',*,*,#6026,.T.);
#4424=ORIENTED_EDGE('',*,*,#6044,.T.);
#4425=ORIENTED_EDGE('',*,*,#6045,.F.);
#4426=ORIENTED_EDGE('',*,*,#5511,.T.);
#4427=CARTESIAN_POINT('',(-6.55,1.36307075111,-15.0));
#4428=DIRECTION('',(-0.0,1.0,0.0));
#4429=DIRECTION('',(1.0,0.0,0.0));
#4430=ORIENTED_EDGE('',*,*,#6046,.T.);
#4431=ORIENTED_EDGE('',*,*,#6047,.T.);
#4432=ORIENTED_EDGE('',*,*,#6048,.T.);
#4433=ORIENTED_EDGE('',*,*,#5738,.T.);
#4434=CARTESIAN_POINT('',(-6.55,0.0,-14.5));
#4435=DIRECTION('',(0.0,0.0,-1.0));
#4436=DIRECTION('',(0.0,-1.0,0.0));
#4437=ORIENTED_EDGE('',*,*,#6045,.T.);
#4438=ORIENTED_EDGE('',*,*,#6049,.T.);
#4439=ORIENTED_EDGE('',*,*,#6050,.T.);
#4440=ORIENTED_EDGE('',*,*,#5512,.T.);
#4441=CARTESIAN_POINT('',(-6.55,0.0,-14.5));
#4442=DIRECTION('',(0.0,0.0,-1.0));
#4443=DIRECTION('',(0.0,-1.0,0.0));
#4444=ORIENTED_EDGE('',*,*,#6051,.T.);
#4445=ORIENTED_EDGE('',*,*,#6052,.T.);
#4446=ORIENTED_EDGE('',*,*,#6053,.T.);
#4447=ORIENTED_EDGE('',*,*,#5539,.F.);
#4448=CARTESIAN_POINT('',(-6.55,0.0,-14.5));
#4449=DIRECTION('',(0.0,0.0,-1.0));
#4450=DIRECTION('',(0.0,-1.0,0.0));
#4451=ORIENTED_EDGE('',*,*,#6054,.F.);
#4452=ORIENTED_EDGE('',*,*,#6055,.T.);
#4453=ORIENTED_EDGE('',*,*,#6056,.T.);
#4454=ORIENTED_EDGE('',*,*,#6057,.T.);
#4455=ORIENTED_EDGE('',*,*,#6058,.T.);
#4456=ORIENTED_EDGE('',*,*,#6059,.T.);
#4457=ORIENTED_EDGE('',*,*,#6060,.T.);
#4458=ORIENTED_EDGE('',*,*,#5713,.F.);
#4459=CARTESIAN_POINT('',(-6.55,0.0,-14.5));
#4460=DIRECTION('',(0.0,0.0,-1.0));
#4461=DIRECTION('',(0.0,-1.0,0.0));
#4462=ORIENTED_EDGE('',*,*,#5739,.T.);
#4463=ORIENTED_EDGE('',*,*,#6048,.F.);
#4464=ORIENTED_EDGE('',*,*,#6061,.F.);
#4465=ORIENTED_EDGE('',*,*,#6014,.F.);
#4466=CARTESIAN_POINT('',(-3.98,2.55,-15.0));
#4467=DIRECTION('',(-1.0,0.0,0.0));
#4468=DIRECTION('',(0.0,0.0,1.0));
#4469=ORIENTED_EDGE('',*,*,#6061,.T.);
#4470=ORIENTED_EDGE('',*,*,#6047,.F.);
#4471=ORIENTED_EDGE('',*,*,#6062,.F.);
#4472=ORIENTED_EDGE('',*,*,#6015,.T.);
#4473=CARTESIAN_POINT('',(4.02,2.55,-15.0));
#4474=DIRECTION('',(0.0,-1.0,0.0));
#4475=DIRECTION('',(0.0,0.0,-1.0));
#4476=ORIENTED_EDGE('',*,*,#6062,.T.);
#4477=ORIENTED_EDGE('',*,*,#6046,.F.);
#4478=ORIENTED_EDGE('',*,*,#5737,.F.);
#4479=ORIENTED_EDGE('',*,*,#6016,.T.);
#4480=CARTESIAN_POINT('',(4.02,2.86,-15.0));
#4481=DIRECTION('',(1.0,0.0,0.0));
#4482=DIRECTION('',(0.0,1.0,0.0));
#4483=ORIENTED_EDGE('',*,*,#6063,.F.);
#4484=ORIENTED_EDGE('',*,*,#5566,.T.);
#4485=ORIENTED_EDGE('',*,*,#6019,.T.);
#4486=ORIENTED_EDGE('',*,*,#6064,.T.);
#4487=ORIENTED_EDGE('',*,*,#6051,.F.);
#4488=ORIENTED_EDGE('',*,*,#5538,.F.);
#4489=CARTESIAN_POINT('',(0.0,-0.42,-15.0));
#4490=DIRECTION('',(-0.0,1.0,0.0));
#4491=DIRECTION('',(1.0,0.0,0.0));
#4492=ORIENTED_EDGE('',*,*,#6065,.F.);
#4493=ORIENTED_EDGE('',*,*,#5501,.F.);
#4494=ORIENTED_EDGE('',*,*,#6050,.F.);
#4495=ORIENTED_EDGE('',*,*,#6066,.F.);
#4496=ORIENTED_EDGE('',*,*,#5624,.T.);
#4497=CARTESIAN_POINT('',(0.0,-0.42,-15.0));
#4498=DIRECTION('',(-0.0,1.0,0.0));
#4499=DIRECTION('',(1.0,0.0,0.0));
#4500=ORIENTED_EDGE('',*,*,#6067,.T.);
#4501=ORIENTED_EDGE('',*,*,#6052,.F.);
#4502=ORIENTED_EDGE('',*,*,#6064,.F.);
#4503=ORIENTED_EDGE('',*,*,#6018,.T.);
#4504=CARTESIAN_POINT('',(6.29,-0.42,-15.0));
#4505=DIRECTION('',(-1.0,0.0,0.0));
#4506=DIRECTION('',(0.0,0.0,1.0));
#4507=ORIENTED_EDGE('',*,*,#6053,.F.);
#4508=ORIENTED_EDGE('',*,*,#6067,.F.);
#4509=ORIENTED_EDGE('',*,*,#6017,.F.);
#4510=ORIENTED_EDGE('',*,*,#5528,.F.);
#4511=CARTESIAN_POINT('',(6.29,1.36307075111,-15.0));
#4512=DIRECTION('',(-0.0,1.0,0.0));
#4513=DIRECTION('',(1.0,0.0,0.0));
#4514=ORIENTED_EDGE('',*,*,#6068,.F.);
#4515=ORIENTED_EDGE('',*,*,#6069,.F.);
#4516=ORIENTED_EDGE('',*,*,#6070,.T.);
#4517=ORIENTED_EDGE('',*,*,#6071,.T.);
#4518=ORIENTED_EDGE('',*,*,#6063,.T.);
#4519=ORIENTED_EDGE('',*,*,#6072,.F.);
#4520=ORIENTED_EDGE('',*,*,#6073,.T.);
#4521=ORIENTED_EDGE('',*,*,#6074,.T.);
#4522=ORIENTED_EDGE('',*,*,#6075,.T.);
#4523=ORIENTED_EDGE('',*,*,#6076,.F.);
#4524=CARTESIAN_POINT('',(9.480009598139,-0.92,-18.93));
#4525=DIRECTION('',(0.0,-0.991665710997179,0.128837562971597));
#4526=DIRECTION('',(-1.0,0.0,0.0));
#4527=ORIENTED_EDGE('',*,*,#6077,.F.);
#4528=ORIENTED_EDGE('',*,*,#6078,.T.);
#4529=ORIENTED_EDGE('',*,*,#6079,.T.);
#4530=ORIENTED_EDGE('',*,*,#6080,.F.);
#4531=ORIENTED_EDGE('',*,*,#6065,.T.);
#4532=ORIENTED_EDGE('',*,*,#6081,.T.);
#4533=ORIENTED_EDGE('',*,*,#6082,.T.);
#4534=ORIENTED_EDGE('',*,*,#6083,.F.);
#4535=ORIENTED_EDGE('',*,*,#6084,.T.);
#4536=ORIENTED_EDGE('',*,*,#6085,.T.);
#4537=CARTESIAN_POINT('',(9.480009598139,-0.92,-18.93));
#4538=DIRECTION('',(0.0,-0.991665710997179,0.128837562971597));
#4539=DIRECTION('',(-1.0,0.0,0.0));
#4540=ORIENTED_EDGE('',*,*,#6086,.F.);
#4541=ORIENTED_EDGE('',*,*,#6087,.F.);
#4542=ORIENTED_EDGE('',*,*,#6076,.T.);
#4543=ORIENTED_EDGE('',*,*,#6088,.F.);
#4544=ORIENTED_EDGE('',*,*,#6075,.F.);
#4545=ORIENTED_EDGE('',*,*,#6089,.F.);
#4546=ORIENTED_EDGE('',*,*,#6090,.T.);
#4547=ORIENTED_EDGE('',*,*,#6088,.T.);
#4548=CARTESIAN_POINT('',(7.798613203858,-2.42,-17.43184021222));
#4549=DIRECTION('',(0.797226407715705,0.0,-0.603680424430603));
#4550=DIRECTION('',(0.0,-1.0,0.0));
#4551=ORIENTED_EDGE('',*,*,#6090,.F.);
#4552=ORIENTED_EDGE('',*,*,#6091,.F.);
#4553=ORIENTED_EDGE('',*,*,#6092,.F.);
#4554=ORIENTED_EDGE('',*,*,#6093,.T.);
#4555=ORIENTED_EDGE('',*,*,#6094,.F.);
#4556=ORIENTED_EDGE('',*,*,#6095,.F.);
#4557=ORIENTED_EDGE('',*,*,#6096,.F.);
#4558=ORIENTED_EDGE('',*,*,#6097,.T.);
#4559=ORIENTED_EDGE('',*,*,#6098,.T.);
#4560=ORIENTED_EDGE('',*,*,#6086,.T.);
#4561=CARTESIAN_POINT('',(9.480009598139,-2.42,-15.08148840088));
#4562=DIRECTION('',(0.0,0.991665710997179,0.128837562971597));
#4563=DIRECTION('',(1.0,0.0,-0.0));
#4564=ORIENTED_EDGE('',*,*,#6099,.F.);
#4565=ORIENTED_EDGE('',*,*,#6100,.T.);
#4566=ORIENTED_EDGE('',*,*,#6101,.F.);
#4567=ORIENTED_EDGE('',*,*,#6102,.F.);
#4568=ORIENTED_EDGE('',*,*,#6103,.F.);
#4569=ORIENTED_EDGE('',*,*,#6104,.T.);
#4570=ORIENTED_EDGE('',*,*,#6105,.F.);
#4571=ORIENTED_EDGE('',*,*,#6106,.F.);
#4572=ORIENTED_EDGE('',*,*,#6107,.T.);
#4573=ORIENTED_EDGE('',*,*,#6108,.F.);
#4574=CARTESIAN_POINT('',(9.480009598139,-2.42,-15.08148840088));
#4575=DIRECTION('',(0.0,0.991665710997179,0.128837562971597));
#4576=DIRECTION('',(1.0,0.0,-0.0));
#4577=ORIENTED_EDGE('',*,*,#6098,.F.);
#4578=ORIENTED_EDGE('',*,*,#6109,.T.);
#4579=ORIENTED_EDGE('',*,*,#6068,.T.);
#4580=ORIENTED_EDGE('',*,*,#6087,.T.);
#4581=CARTESIAN_POINT('',(6.425,-2.42,-18.74889587267));
#4582=DIRECTION('',(-0.797226407715705,0.0,0.603680424430603));
#4583=DIRECTION('',(0.0,1.0,0.0));
#4584=ORIENTED_EDGE('',*,*,#6110,.T.);
#4585=ORIENTED_EDGE('',*,*,#6069,.T.);
#4586=ORIENTED_EDGE('',*,*,#6109,.F.);
#4587=ORIENTED_EDGE('',*,*,#6097,.F.);
#4588=CARTESIAN_POINT('',(7.4,-2.42,-17.13));
#4589=DIRECTION('',(0.0,-1.0,0.0));
#4590=DIRECTION('',(0.0,0.0,1.0));
#4591=ORIENTED_EDGE('',*,*,#6111,.T.);
#4592=ORIENTED_EDGE('',*,*,#6070,.F.);
#4593=ORIENTED_EDGE('',*,*,#6110,.F.);
#4594=ORIENTED_EDGE('',*,*,#6096,.T.);
#4595=CARTESIAN_POINT('',(7.562077780968,-2.42,-17.0128215339));
#4596=DIRECTION('',(-0.810388904838564,0.0,-0.585892330479374));
#4597=DIRECTION('',(-0.585892330479374,0.0,0.810388904838564));
#4598=ORIENTED_EDGE('',*,*,#5567,.T.);
#4599=ORIENTED_EDGE('',*,*,#6071,.F.);
#4600=ORIENTED_EDGE('',*,*,#6111,.F.);
#4601=ORIENTED_EDGE('',*,*,#6095,.T.);
#4602=CARTESIAN_POINT('',(6.61,-2.42,-15.08148840088));
#4603=DIRECTION('',(0.0,-1.0,0.0));
#4604=DIRECTION('',(0.0,0.0,1.0));
#4605=ORIENTED_EDGE('',*,*,#5568,.F.);
#4606=ORIENTED_EDGE('',*,*,#6094,.T.);
#4607=ORIENTED_EDGE('',*,*,#5536,.F.);
#4608=ORIENTED_EDGE('',*,*,#6112,.F.);
#4609=ORIENTED_EDGE('',*,*,#6113,.F.);
#4610=ORIENTED_EDGE('',*,*,#6059,.F.);
#4611=ORIENTED_EDGE('',*,*,#6114,.F.);
#4612=ORIENTED_EDGE('',*,*,#6020,.F.);
#4613=CARTESIAN_POINT('',(0.0,-2.42,-15.0));
#4614=DIRECTION('',(-0.0,1.0,0.0));
#4615=DIRECTION('',(1.0,0.0,0.0));
#4616=ORIENTED_EDGE('',*,*,#5503,.F.);
#4617=ORIENTED_EDGE('',*,*,#6103,.T.);
#4618=ORIENTED_EDGE('',*,*,#5622,.F.);
#4619=ORIENTED_EDGE('',*,*,#6024,.T.);
#4620=ORIENTED_EDGE('',*,*,#6115,.T.);
#4621=ORIENTED_EDGE('',*,*,#6055,.F.);
#4622=ORIENTED_EDGE('',*,*,#6116,.F.);
#4623=ORIENTED_EDGE('',*,*,#6117,.F.);
#4624=CARTESIAN_POINT('',(0.0,-2.42,-15.0));
#4625=DIRECTION('',(-0.0,1.0,0.0));
#4626=DIRECTION('',(1.0,0.0,0.0));
#4627=ORIENTED_EDGE('',*,*,#6114,.T.);
#4628=ORIENTED_EDGE('',*,*,#6058,.F.);
#4629=ORIENTED_EDGE('',*,*,#6118,.F.);
#4630=ORIENTED_EDGE('',*,*,#6021,.F.);
#4631=CARTESIAN_POINT('',(5.946826102105,-2.27,-15.0));
#4632=DIRECTION('',(-0.0,0.0,1.0));
#4633=DIRECTION('',(0.0,1.0,0.0));
#4634=ORIENTED_EDGE('',*,*,#6118,.T.);
#4635=ORIENTED_EDGE('',*,*,#6057,.F.);
#4636=ORIENTED_EDGE('',*,*,#6119,.F.);
#4637=ORIENTED_EDGE('',*,*,#6022,.T.);
#4638=CARTESIAN_POINT('',(-5.906826102105,-2.61,-15.0));
#4639=DIRECTION('',(-0.0,1.0,0.0));
#4640=DIRECTION('',(1.0,0.0,0.0));
#4641=ORIENTED_EDGE('',*,*,#6119,.T.);
#4642=ORIENTED_EDGE('',*,*,#6056,.F.);
#4643=ORIENTED_EDGE('',*,*,#6115,.F.);
#4644=ORIENTED_EDGE('',*,*,#6023,.F.);
#4645=CARTESIAN_POINT('',(-5.906826102105,-2.27,-15.0));
#4646=DIRECTION('',(-0.0,0.0,1.0));
#4647=DIRECTION('',(0.0,1.0,0.0));
#4648=ORIENTED_EDGE('',*,*,#6113,.T.);
#4649=ORIENTED_EDGE('',*,*,#6120,.F.);
#4650=ORIENTED_EDGE('',*,*,#5534,.F.);
#4651=ORIENTED_EDGE('',*,*,#5990,.T.);
#4652=ORIENTED_EDGE('',*,*,#5714,.T.);
#4653=ORIENTED_EDGE('',*,*,#6060,.F.);
#4654=CARTESIAN_POINT('',(5.912,-2.222,-0.6044116877244));
#4655=DIRECTION('',(-0.0,0.0,1.0));
#4656=DIRECTION('',(1.0,0.0,0.0));
#4657=ORIENTED_EDGE('',*,*,#6112,.T.);
#4658=ORIENTED_EDGE('',*,*,#5535,.T.);
#4659=ORIENTED_EDGE('',*,*,#6120,.T.);
#4660=CARTESIAN_POINT('',(6.25,-2.42,-15.0));
#4661=DIRECTION('',(0.0,0.0,1.0));
#4662=DIRECTION('',(1.0,0.0,0.0));
#4663=ORIENTED_EDGE('',*,*,#5504,.F.);
#4664=ORIENTED_EDGE('',*,*,#6117,.T.);
#4665=ORIENTED_EDGE('',*,*,#6121,.F.);
#4666=CARTESIAN_POINT('',(-6.55,-2.42,-15.0));
#4667=DIRECTION('',(0.0,0.0,1.0));
#4668=DIRECTION('',(1.0,0.0,0.0));
#4669=ORIENTED_EDGE('',*,*,#5712,.T.);
#4670=ORIENTED_EDGE('',*,*,#5994,.F.);
#4671=ORIENTED_EDGE('',*,*,#5505,.F.);
#4672=ORIENTED_EDGE('',*,*,#6121,.T.);
#4673=ORIENTED_EDGE('',*,*,#6116,.T.);
#4674=ORIENTED_EDGE('',*,*,#6054,.T.);
#4675=CARTESIAN_POINT('',(-5.912,-2.222,-15.01498857465));
#4676=DIRECTION('',(-0.0,0.0,-1.0));
#4677=DIRECTION('',(-1.0,0.0,0.0));
#4678=ORIENTED_EDGE('',*,*,#6122,.T.);
#4679=ORIENTED_EDGE('',*,*,#6072,.T.);
#4680=ORIENTED_EDGE('',*,*,#5537,.F.);
#4681=ORIENTED_EDGE('',*,*,#6093,.F.);
#4682=CARTESIAN_POINT('',(6.61,-2.42,-15.08148840088));
#4683=DIRECTION('',(0.0,-1.0,0.0));
#4684=DIRECTION('',(0.0,0.0,1.0));
#4685=ORIENTED_EDGE('',*,*,#6123,.T.);
#4686=ORIENTED_EDGE('',*,*,#6073,.F.);
#4687=ORIENTED_EDGE('',*,*,#6122,.F.);
#4688=ORIENTED_EDGE('',*,*,#6092,.T.);
#4689=CARTESIAN_POINT('',(6.56137666571,-2.42,-15.11664194071));
#4690=DIRECTION('',(0.810388904838564,0.0,0.585892330479374));
#4691=DIRECTION('',(0.0,-1.0,0.0));
#4692=ORIENTED_EDGE('',*,*,#6089,.T.);
#4693=ORIENTED_EDGE('',*,*,#6074,.F.);
#4694=ORIENTED_EDGE('',*,*,#6123,.F.);
#4695=ORIENTED_EDGE('',*,*,#6091,.T.);
#4696=CARTESIAN_POINT('',(7.4,-2.42,-17.13));
#4697=DIRECTION('',(0.0,-1.0,0.0));
#4698=DIRECTION('',(0.0,0.0,1.0));
#4699=ORIENTED_EDGE('',*,*,#6085,.F.);
#4700=ORIENTED_EDGE('',*,*,#6124,.F.);
#4701=ORIENTED_EDGE('',*,*,#6108,.T.);
#4702=ORIENTED_EDGE('',*,*,#6125,.F.);
#4703=ORIENTED_EDGE('',*,*,#6107,.F.);
#4704=ORIENTED_EDGE('',*,*,#6126,.T.);
#4705=ORIENTED_EDGE('',*,*,#6077,.T.);
#4706=ORIENTED_EDGE('',*,*,#6125,.T.);
#4707=CARTESIAN_POINT('',(-6.664167922315,-2.42,-18.93));
#4708=DIRECTION('',(-0.797226407715705,0.0,-0.603680424430603));
#4709=DIRECTION('',(-0.603680424430603,0.0,0.797226407715705));
#4710=ORIENTED_EDGE('',*,*,#6127,.T.);
#4711=ORIENTED_EDGE('',*,*,#6078,.F.);
#4712=ORIENTED_EDGE('',*,*,#6126,.F.);
#4713=ORIENTED_EDGE('',*,*,#6106,.T.);
#4714=CARTESIAN_POINT('',(-7.4,-2.42,-17.13));
#4715=DIRECTION('',(0.0,-1.0,0.0));
#4716=DIRECTION('',(0.0,0.0,1.0));
#4717=ORIENTED_EDGE('',*,*,#6128,.T.);
#4718=ORIENTED_EDGE('',*,*,#6079,.F.);
#4719=ORIENTED_EDGE('',*,*,#6127,.F.);
#4720=ORIENTED_EDGE('',*,*,#6105,.T.);
#4721=CARTESIAN_POINT('',(-7.805194452419,-2.42,-16.83705383476));
#4722=DIRECTION('',(-0.810388904838564,0.0,0.585892330479374));
#4723=DIRECTION('',(0.0,1.0,0.0));
#4724=ORIENTED_EDGE('',*,*,#5502,.T.);
#4725=ORIENTED_EDGE('',*,*,#6080,.T.);
#4726=ORIENTED_EDGE('',*,*,#6128,.F.);
#4727=ORIENTED_EDGE('',*,*,#6104,.F.);
#4728=CARTESIAN_POINT('',(-6.61,-2.42,-15.08148840088));
#4729=DIRECTION('',(0.0,-1.0,0.0));
#4730=DIRECTION('',(0.0,0.0,1.0));
#4731=ORIENTED_EDGE('',*,*,#6084,.F.);
#4732=ORIENTED_EDGE('',*,*,#6129,.F.);
#4733=ORIENTED_EDGE('',*,*,#6099,.T.);
#4734=ORIENTED_EDGE('',*,*,#6124,.T.);
#4735=CARTESIAN_POINT('',(-7.559445281543,-2.42,-17.25073608489));
#4736=DIRECTION('',(0.797226407715705,0.0,0.603680424430603));
#4737=DIRECTION('',(0.0,-1.0,0.0));
#4738=ORIENTED_EDGE('',*,*,#6129,.T.);
#4739=ORIENTED_EDGE('',*,*,#6083,.T.);
#4740=ORIENTED_EDGE('',*,*,#6130,.F.);
#4741=ORIENTED_EDGE('',*,*,#6100,.F.);
#4742=CARTESIAN_POINT('',(-7.4,-2.42,-17.13));
#4743=DIRECTION('',(0.0,-1.0,0.0));
#4744=DIRECTION('',(0.0,0.0,1.0));
#4745=ORIENTED_EDGE('',*,*,#6130,.T.);
#4746=ORIENTED_EDGE('',*,*,#6082,.F.);
#4747=ORIENTED_EDGE('',*,*,#6131,.F.);
#4748=ORIENTED_EDGE('',*,*,#6101,.T.);
#4749=CARTESIAN_POINT('',(-6.318259994258,-2.42,-15.29240963985));
#4750=DIRECTION('',(0.810388904838564,0.0,-0.585892330479374));
#4751=DIRECTION('',(0.0,-1.0,0.0));
#4752=ORIENTED_EDGE('',*,*,#6131,.T.);
#4753=ORIENTED_EDGE('',*,*,#6081,.F.);
#4754=ORIENTED_EDGE('',*,*,#5623,.F.);
#4755=ORIENTED_EDGE('',*,*,#6102,.T.);
#4756=CARTESIAN_POINT('',(-6.61,-2.42,-15.08148840088));
#4757=DIRECTION('',(0.0,-1.0,0.0));
#4758=DIRECTION('',(0.0,0.0,1.0));
#4759=ORIENTED_EDGE('',*,*,#6066,.T.);
#4760=ORIENTED_EDGE('',*,*,#6049,.F.);
#4761=ORIENTED_EDGE('',*,*,#6044,.F.);
#4762=ORIENTED_EDGE('',*,*,#6025,.T.);
#4763=CARTESIAN_POINT('',(-6.25,1.36307075111,-15.0));
#4764=DIRECTION('',(1.0,0.0,0.0));
#4765=DIRECTION('',(0.0,1.0,0.0));
#4766=ORIENTED_EDGE('',*,*,#6132,.T.);
#4767=ORIENTED_EDGE('',*,*,#6133,.F.);
#4768=ORIENTED_EDGE('',*,*,#6134,.F.);
#4769=ORIENTED_EDGE('',*,*,#6031,.F.);
#4770=CARTESIAN_POINT('',(-3.8,0.726029129115,-3.93));
#4771=DIRECTION('',(1.0,0.0,0.0));
#4772=DIRECTION('',(0.0,1.0,0.0));
#4773=ORIENTED_EDGE('',*,*,#6134,.T.);
#4774=ORIENTED_EDGE('',*,*,#6135,.F.);
#4775=ORIENTED_EDGE('',*,*,#6136,.F.);
#4776=ORIENTED_EDGE('',*,*,#6028,.F.);
#4777=CARTESIAN_POINT('',(-3.5,1.165,-10.01));
#4778=DIRECTION('',(-0.0,1.0,0.0));
#4779=DIRECTION('',(1.0,0.0,0.0));
#4780=ORIENTED_EDGE('',*,*,#6136,.T.);
#4781=ORIENTED_EDGE('',*,*,#6137,.F.);
#4782=ORIENTED_EDGE('',*,*,#6138,.F.);
#4783=ORIENTED_EDGE('',*,*,#6029,.T.);
#4784=CARTESIAN_POINT('',(-3.2,0.726029129115,-3.93));
#4785=DIRECTION('',(1.0,0.0,0.0));
#4786=DIRECTION('',(0.0,1.0,0.0));
#4787=ORIENTED_EDGE('',*,*,#6138,.T.);
#4788=ORIENTED_EDGE('',*,*,#6139,.F.);
#4789=ORIENTED_EDGE('',*,*,#6132,.F.);
#4790=ORIENTED_EDGE('',*,*,#6030,.T.);
#4791=CARTESIAN_POINT('',(-3.5,1.415,-9.991153334203));
#4792=DIRECTION('',(-0.0,1.0,0.0));
#4793=DIRECTION('',(1.0,0.0,0.0));
#4794=ORIENTED_EDGE('',*,*,#6133,.T.);
#4795=ORIENTED_EDGE('',*,*,#6139,.T.);
#4796=ORIENTED_EDGE('',*,*,#6137,.T.);
#4797=ORIENTED_EDGE('',*,*,#6135,.T.);
#4798=CARTESIAN_POINT('',(-3.5,1.165,-17.8));
#4799=DIRECTION('',(0.0,0.0,-1.0));
#4800=DIRECTION('',(0.0,-1.0,0.0));
#4801=ORIENTED_EDGE('',*,*,#6140,.T.);
#4802=ORIENTED_EDGE('',*,*,#6141,.F.);
#4803=ORIENTED_EDGE('',*,*,#6142,.F.);
#4804=ORIENTED_EDGE('',*,*,#6035,.F.);
#4805=CARTESIAN_POINT('',(-1.3,0.726029129115,-3.93));
#4806=DIRECTION('',(1.0,0.0,0.0));
#4807=DIRECTION('',(0.0,1.0,0.0));
#4808=ORIENTED_EDGE('',*,*,#6142,.T.);
#4809=ORIENTED_EDGE('',*,*,#6143,.F.);
#4810=ORIENTED_EDGE('',*,*,#6144,.F.);
#4811=ORIENTED_EDGE('',*,*,#6032,.F.);
#4812=CARTESIAN_POINT('',(-1.0,1.165,-10.01));
#4813=DIRECTION('',(-0.0,1.0,0.0));
#4814=DIRECTION('',(1.0,0.0,0.0));
#4815=ORIENTED_EDGE('',*,*,#6144,.T.);
#4816=ORIENTED_EDGE('',*,*,#6145,.F.);
#4817=ORIENTED_EDGE('',*,*,#6146,.F.);
#4818=ORIENTED_EDGE('',*,*,#6033,.T.);
#4819=CARTESIAN_POINT('',(-0.7,0.726029129115,-3.93));
#4820=DIRECTION('',(1.0,0.0,0.0));
#4821=DIRECTION('',(0.0,1.0,0.0));
#4822=ORIENTED_EDGE('',*,*,#6146,.T.);
#4823=ORIENTED_EDGE('',*,*,#6147,.F.);
#4824=ORIENTED_EDGE('',*,*,#6140,.F.);
#4825=ORIENTED_EDGE('',*,*,#6034,.T.);
#4826=CARTESIAN_POINT('',(-1.0,1.415,-9.991153334203));
#4827=DIRECTION('',(-0.0,1.0,0.0));
#4828=DIRECTION('',(1.0,0.0,0.0));
#4829=ORIENTED_EDGE('',*,*,#6141,.T.);
#4830=ORIENTED_EDGE('',*,*,#6147,.T.);
#4831=ORIENTED_EDGE('',*,*,#6145,.T.);
#4832=ORIENTED_EDGE('',*,*,#6143,.T.);
#4833=CARTESIAN_POINT('',(-1.0,1.165,-17.8));
#4834=DIRECTION('',(0.0,0.0,-1.0));
#4835=DIRECTION('',(0.0,-1.0,0.0));
#4836=ORIENTED_EDGE('',*,*,#6148,.T.);
#4837=ORIENTED_EDGE('',*,*,#6149,.F.);
#4838=ORIENTED_EDGE('',*,*,#6150,.F.);
#4839=ORIENTED_EDGE('',*,*,#6039,.F.);
#4840=CARTESIAN_POINT('',(0.7,0.726029129115,-3.93));
#4841=DIRECTION('',(1.0,0.0,0.0));
#4842=DIRECTION('',(0.0,1.0,0.0));
#4843=ORIENTED_EDGE('',*,*,#6150,.T.);
#4844=ORIENTED_EDGE('',*,*,#6151,.F.);
#4845=ORIENTED_EDGE('',*,*,#6152,.F.);
#4846=ORIENTED_EDGE('',*,*,#6036,.F.);
#4847=CARTESIAN_POINT('',(1.0,1.165,-10.01));
#4848=DIRECTION('',(-0.0,1.0,0.0));
#4849=DIRECTION('',(1.0,0.0,0.0));
#4850=ORIENTED_EDGE('',*,*,#6152,.T.);
#4851=ORIENTED_EDGE('',*,*,#6153,.F.);
#4852=ORIENTED_EDGE('',*,*,#6154,.F.);
#4853=ORIENTED_EDGE('',*,*,#6037,.T.);
#4854=CARTESIAN_POINT('',(1.3,0.726029129115,-3.93));
#4855=DIRECTION('',(1.0,0.0,0.0));
#4856=DIRECTION('',(0.0,1.0,0.0));
#4857=ORIENTED_EDGE('',*,*,#6154,.T.);
#4858=ORIENTED_EDGE('',*,*,#6155,.F.);
#4859=ORIENTED_EDGE('',*,*,#6148,.F.);
#4860=ORIENTED_EDGE('',*,*,#6038,.T.);
#4861=CARTESIAN_POINT('',(1.0,1.415,-9.991153334203));
#4862=DIRECTION('',(-0.0,1.0,0.0));
#4863=DIRECTION('',(1.0,0.0,0.0));
#4864=ORIENTED_EDGE('',*,*,#6149,.T.);
#4865=ORIENTED_EDGE('',*,*,#6155,.T.);
#4866=ORIENTED_EDGE('',*,*,#6153,.T.);
#4867=ORIENTED_EDGE('',*,*,#6151,.T.);
#4868=CARTESIAN_POINT('',(1.0,1.165,-17.8));
#4869=DIRECTION('',(0.0,0.0,-1.0));
#4870=DIRECTION('',(0.0,-1.0,0.0));
#4871=ORIENTED_EDGE('',*,*,#6156,.T.);
#4872=ORIENTED_EDGE('',*,*,#6157,.F.);
#4873=ORIENTED_EDGE('',*,*,#6158,.F.);
#4874=ORIENTED_EDGE('',*,*,#6043,.F.);
#4875=CARTESIAN_POINT('',(3.2,0.726029129115,-3.93));
#4876=DIRECTION('',(1.0,0.0,0.0));
#4877=DIRECTION('',(0.0,1.0,0.0));
#4878=ORIENTED_EDGE('',*,*,#6158,.T.);
#4879=ORIENTED_EDGE('',*,*,#6159,.F.);
#4880=ORIENTED_EDGE('',*,*,#6160,.F.);
#4881=ORIENTED_EDGE('',*,*,#6040,.F.);
#4882=CARTESIAN_POINT('',(3.5,1.165,-10.01));
#4883=DIRECTION('',(-0.0,1.0,0.0));
#4884=DIRECTION('',(1.0,0.0,0.0));
#4885=ORIENTED_EDGE('',*,*,#6160,.T.);
#4886=ORIENTED_EDGE('',*,*,#6161,.F.);
#4887=ORIENTED_EDGE('',*,*,#6162,.F.);
#4888=ORIENTED_EDGE('',*,*,#6041,.T.);
#4889=CARTESIAN_POINT('',(3.8,0.726029129115,-3.93));
#4890=DIRECTION('',(1.0,0.0,0.0));
#4891=DIRECTION('',(0.0,1.0,0.0));
#4892=ORIENTED_EDGE('',*,*,#6162,.T.);
#4893=ORIENTED_EDGE('',*,*,#6163,.F.);
#4894=ORIENTED_EDGE('',*,*,#6156,.F.);
#4895=ORIENTED_EDGE('',*,*,#6042,.T.);
#4896=CARTESIAN_POINT('',(3.5,1.415,-9.991153334203));
#4897=DIRECTION('',(-0.0,1.0,0.0));
#4898=DIRECTION('',(1.0,0.0,0.0));
#4899=ORIENTED_EDGE('',*,*,#6157,.T.);
#4900=ORIENTED_EDGE('',*,*,#6163,.T.);
#4901=ORIENTED_EDGE('',*,*,#6161,.T.);
#4902=ORIENTED_EDGE('',*,*,#6159,.T.);
#4903=CARTESIAN_POINT('',(3.5,1.165,-17.8));
#4904=DIRECTION('',(0.0,0.0,-1.0));
#4905=DIRECTION('',(0.0,-1.0,0.0));
#4906=ORIENTED_EDGE('',*,*,#6164,.F.);
#4907=ORIENTED_EDGE('',*,*,#6165,.F.);
#4908=ORIENTED_EDGE('',*,*,#6166,.F.);
#4909=ORIENTED_EDGE('',*,*,#5987,.T.);
#4910=CARTESIAN_POINT('',(7.275343178965,2.22,-0.32));
#4911=DIRECTION('',(1.0,-0.0,0.0));
#4912=DIRECTION('',(0.0,0.0,-1.0));
#4913=ORIENTED_EDGE('',*,*,#6166,.T.);
#4914=ORIENTED_EDGE('',*,*,#6167,.F.);
#4915=ORIENTED_EDGE('',*,*,#5954,.T.);
#4916=ORIENTED_EDGE('',*,*,#6168,.T.);
#4917=ORIENTED_EDGE('',*,*,#6169,.T.);
#4918=ORIENTED_EDGE('',*,*,#5532,.F.);
#4919=CARTESIAN_POINT('',(6.87,2.222,-0.62));
#4920=DIRECTION('',(0.0,1.0,-0.0));
#4921=DIRECTION('',(1.0,0.0,0.0));
#4922=ORIENTED_EDGE('',*,*,#6169,.F.);
#4923=ORIENTED_EDGE('',*,*,#6170,.F.);
#4924=ORIENTED_EDGE('',*,*,#6171,.F.);
#4925=ORIENTED_EDGE('',*,*,#5991,.T.);
#4926=CARTESIAN_POINT('',(6.224656821035,-2.22,-0.32));
#4927=DIRECTION('',(-1.0,0.0,-0.0));
#4928=DIRECTION('',(0.0,0.0,-1.0));
#4929=ORIENTED_EDGE('',*,*,#5913,.F.);
#4930=ORIENTED_EDGE('',*,*,#6172,.T.);
#4931=ORIENTED_EDGE('',*,*,#6164,.T.);
#4932=ORIENTED_EDGE('',*,*,#5555,.F.);
#4933=ORIENTED_EDGE('',*,*,#6171,.T.);
#4934=ORIENTED_EDGE('',*,*,#6173,.F.);
#4935=CARTESIAN_POINT('',(6.87,2.222,-0.62));
#4936=DIRECTION('',(0.0,1.0,-0.0));
#4937=DIRECTION('',(1.0,0.0,0.0));
#4938=ORIENTED_EDGE('',*,*,#5914,.T.);
#4939=ORIENTED_EDGE('',*,*,#6173,.T.);
#4940=ORIENTED_EDGE('',*,*,#6170,.T.);
#4941=ORIENTED_EDGE('',*,*,#6168,.F.);
#4942=ORIENTED_EDGE('',*,*,#5953,.F.);
#4943=ORIENTED_EDGE('',*,*,#6174,.F.);
#4944=CARTESIAN_POINT('',(7.61,-1.92,0.0));
#4945=DIRECTION('',(-0.0,1.0,0.0));
#4946=DIRECTION('',(1.0,0.0,0.0));
#4947=ORIENTED_EDGE('',*,*,#5952,.F.);
#4948=ORIENTED_EDGE('',*,*,#6175,.F.);
#4949=ORIENTED_EDGE('',*,*,#5915,.F.);
#4950=ORIENTED_EDGE('',*,*,#6174,.T.);
#4951=CARTESIAN_POINT('',(6.95,-1.62,0.01629570397265));
#4952=DIRECTION('',(-0.0,0.0,1.0));
#4953=DIRECTION('',(1.0,0.0,0.0));
#4954=ORIENTED_EDGE('',*,*,#5916,.T.);
#4955=ORIENTED_EDGE('',*,*,#6175,.T.);
#4956=ORIENTED_EDGE('',*,*,#5951,.F.);
#4957=ORIENTED_EDGE('',*,*,#6176,.T.);
#4958=CARTESIAN_POINT('',(7.25,2.222,-0.3));
#4959=DIRECTION('',(1.0,0.0,0.0));
#4960=DIRECTION('',(0.0,1.0,0.0));
#4961=ORIENTED_EDGE('',*,*,#5917,.F.);
#4962=ORIENTED_EDGE('',*,*,#6176,.F.);
#4963=ORIENTED_EDGE('',*,*,#5956,.F.);
#4964=ORIENTED_EDGE('',*,*,#6177,.T.);
#4965=CARTESIAN_POINT('',(6.95,1.62,-0.3177651080075));
#4966=DIRECTION('',(0.0,0.0,-1.0));
#4967=DIRECTION('',(1.0,0.0,0.0));
#4968=ORIENTED_EDGE('',*,*,#5955,.T.);
#4969=ORIENTED_EDGE('',*,*,#6167,.T.);
#4970=ORIENTED_EDGE('',*,*,#6165,.T.);
#4971=ORIENTED_EDGE('',*,*,#6172,.F.);
#4972=ORIENTED_EDGE('',*,*,#5912,.F.);
#4973=ORIENTED_EDGE('',*,*,#6177,.F.);
#4974=CARTESIAN_POINT('',(5.61,1.92,0.0));
#4975=DIRECTION('',(0.0,-1.0,0.0));
#4976=DIRECTION('',(0.0,0.0,-1.0));
#4977=ORIENTED_EDGE('',*,*,#5986,.T.);
#4978=ORIENTED_EDGE('',*,*,#5660,.T.);
#4979=ORIENTED_EDGE('',*,*,#6178,.F.);
#4980=ORIENTED_EDGE('',*,*,#5557,.F.);
#4981=CARTESIAN_POINT('',(5.912,2.222,-0.62));
#4982=DIRECTION('',(0.0,0.0,-1.0));
#4983=DIRECTION('',(1.0,0.0,0.0));
#4984=ORIENTED_EDGE('',*,*,#5617,.T.);
#4985=ORIENTED_EDGE('',*,*,#6179,.T.);
#4986=ORIENTED_EDGE('',*,*,#5686,.T.);
#4987=ORIENTED_EDGE('',*,*,#6180,.T.);
#4988=ORIENTED_EDGE('',*,*,#5552,.T.);
#4989=ORIENTED_EDGE('',*,*,#6178,.T.);
#4990=ORIENTED_EDGE('',*,*,#5659,.T.);
#4991=ORIENTED_EDGE('',*,*,#5656,.T.);
#4992=ORIENTED_EDGE('',*,*,#6181,.F.);
#4993=ORIENTED_EDGE('',*,*,#6182,.F.);
#4994=ORIENTED_EDGE('',*,*,#6183,.F.);
#4995=ORIENTED_EDGE('',*,*,#6184,.F.);
#4996=ORIENTED_EDGE('',*,*,#6185,.F.);
#4997=ORIENTED_EDGE('',*,*,#6186,.F.);
#4998=CARTESIAN_POINT('',(-5.912,3.56,-8.88));
#4999=DIRECTION('',(0.0,0.0,1.0));
#5000=DIRECTION('',(1.0,0.0,0.0));
#5001=ORIENTED_EDGE('',*,*,#5992,.T.);
#5002=ORIENTED_EDGE('',*,*,#5553,.T.);
#5003=ORIENTED_EDGE('',*,*,#6180,.F.);
#5004=ORIENTED_EDGE('',*,*,#5685,.F.);
#5005=CARTESIAN_POINT('',(5.912,-2.222,-0.62));
#5006=DIRECTION('',(0.0,0.0,-1.0));
#5007=DIRECTION('',(1.0,0.0,0.0));
#5008=ORIENTED_EDGE('',*,*,#6179,.F.);
#5009=ORIENTED_EDGE('',*,*,#5616,.F.);
#5010=ORIENTED_EDGE('',*,*,#5996,.T.);
#5011=ORIENTED_EDGE('',*,*,#5687,.T.);
#5012=CARTESIAN_POINT('',(-5.912,-2.222,-0.62));
#5013=DIRECTION('',(0.0,0.0,-1.0));
#5014=DIRECTION('',(1.0,0.0,0.0));
#5015=ORIENTED_EDGE('',*,*,#6187,.F.);
#5016=ORIENTED_EDGE('',*,*,#6186,.T.);
#5017=ORIENTED_EDGE('',*,*,#6188,.T.);
#5018=ORIENTED_EDGE('',*,*,#6189,.F.);
#5019=CARTESIAN_POINT('',(4.91,1.88,-8.88));
#5020=DIRECTION('',(-0.0,1.0,0.0));
#5021=DIRECTION('',(1.0,0.0,0.0));
#5022=ORIENTED_EDGE('',*,*,#6190,.T.);
#5023=ORIENTED_EDGE('',*,*,#6191,.T.);
#5024=ORIENTED_EDGE('',*,*,#6192,.T.);
#5025=ORIENTED_EDGE('',*,*,#6189,.T.);
#5026=ORIENTED_EDGE('',*,*,#6193,.T.);
#5027=ORIENTED_EDGE('',*,*,#6194,.T.);
#5028=CARTESIAN_POINT('',(5.55,1.38,-0.5));
#5029=DIRECTION('',(0.0,-0.866025403784429,-0.500000000000017));
#5030=DIRECTION('',(0.0,0.500000000000017,-0.866025403784429));
#5031=ORIENTED_EDGE('',*,*,#6195,.T.);
#5032=ORIENTED_EDGE('',*,*,#6196,.T.);
#5033=ORIENTED_EDGE('',*,*,#6197,.F.);
#5034=ORIENTED_EDGE('',*,*,#6198,.F.);
#5035=ORIENTED_EDGE('',*,*,#6199,.T.);
#5036=ORIENTED_EDGE('',*,*,#6194,.F.);
#5037=CARTESIAN_POINT('',(-5.55,0.04,-1.366025403784));
#5038=DIRECTION('',(0.866025403784429,0.0,-0.500000000000017));
#5039=DIRECTION('',(0.0,-1.0,0.0));
#5040=ORIENTED_EDGE('',*,*,#6199,.F.);
#5041=ORIENTED_EDGE('',*,*,#6200,.T.);
#5042=ORIENTED_EDGE('',*,*,#6201,.T.);
#5043=ORIENTED_EDGE('',*,*,#6190,.F.);
#5044=CARTESIAN_POINT('',(-6.55,0.0,-0.5));
#5045=DIRECTION('',(0.0,0.0,1.0));
#5046=DIRECTION('',(1.0,0.0,0.0));
#5047=ORIENTED_EDGE('',*,*,#6201,.F.);
#5048=ORIENTED_EDGE('',*,*,#6202,.T.);
#5049=ORIENTED_EDGE('',*,*,#6203,.T.);
#5050=ORIENTED_EDGE('',*,*,#6204,.T.);
#5051=ORIENTED_EDGE('',*,*,#6205,.T.);
#5052=ORIENTED_EDGE('',*,*,#6191,.F.);
#5053=CARTESIAN_POINT('',(5.05,0.04,-0.5));
#5054=DIRECTION('',(-0.866025403784429,0.0,-0.500000000000017));
#5055=DIRECTION('',(-0.500000000000017,0.0,0.866025403784429));
#5056=ORIENTED_EDGE('',*,*,#6205,.F.);
#5057=ORIENTED_EDGE('',*,*,#6206,.F.);
#5058=ORIENTED_EDGE('',*,*,#6181,.T.);
#5059=ORIENTED_EDGE('',*,*,#6187,.T.);
#5060=ORIENTED_EDGE('',*,*,#6192,.F.);
#5061=CARTESIAN_POINT('',(4.91,1.24,-8.88));
#5062=DIRECTION('',(0.0,0.0,-1.0));
#5063=DIRECTION('',(1.0,0.0,0.0));
#5064=ORIENTED_EDGE('',*,*,#6207,.F.);
#5065=ORIENTED_EDGE('',*,*,#6182,.T.);
#5066=ORIENTED_EDGE('',*,*,#6206,.T.);
#5067=ORIENTED_EDGE('',*,*,#6204,.F.);
#5068=CARTESIAN_POINT('',(5.55,0.04,-8.88));
#5069=DIRECTION('',(1.0,0.0,0.0));
#5070=DIRECTION('',(0.0,1.0,0.0));
#5071=ORIENTED_EDGE('',*,*,#6197,.T.);
#5072=ORIENTED_EDGE('',*,*,#6208,.F.);
#5073=ORIENTED_EDGE('',*,*,#6183,.T.);
#5074=ORIENTED_EDGE('',*,*,#6207,.T.);
#5075=ORIENTED_EDGE('',*,*,#6203,.F.);
#5076=ORIENTED_EDGE('',*,*,#6209,.F.);
#5077=ORIENTED_EDGE('',*,*,#6210,.T.);
#5078=ORIENTED_EDGE('',*,*,#6211,.T.);
#5079=ORIENTED_EDGE('',*,*,#6212,.T.);
#5080=ORIENTED_EDGE('',*,*,#6213,.F.);
#5081=ORIENTED_EDGE('',*,*,#6214,.T.);
#5082=ORIENTED_EDGE('',*,*,#6215,.T.);
#5083=ORIENTED_EDGE('',*,*,#6216,.T.);
#5084=ORIENTED_EDGE('',*,*,#6217,.F.);
#5085=ORIENTED_EDGE('',*,*,#6218,.T.);
#5086=ORIENTED_EDGE('',*,*,#6219,.T.);
#5087=ORIENTED_EDGE('',*,*,#6220,.T.);
#5088=ORIENTED_EDGE('',*,*,#6221,.F.);
#5089=ORIENTED_EDGE('',*,*,#6222,.T.);
#5090=ORIENTED_EDGE('',*,*,#6223,.T.);
#5091=ORIENTED_EDGE('',*,*,#6224,.T.);
#5092=ORIENTED_EDGE('',*,*,#6225,.F.);
#5093=CARTESIAN_POINT('',(-5.55,0.04,-8.88));
#5094=DIRECTION('',(0.0,-1.0,0.0));
#5095=DIRECTION('',(0.0,0.0,-1.0));
#5096=ORIENTED_EDGE('',*,*,#6200,.F.);
#5097=ORIENTED_EDGE('',*,*,#6198,.T.);
#5098=ORIENTED_EDGE('',*,*,#6209,.T.);
#5099=ORIENTED_EDGE('',*,*,#6202,.F.);
#5100=CARTESIAN_POINT('',(5.55,0.04,-1.158179306876));
#5101=DIRECTION('',(0.0,0.866025403784429,-0.500000000000017));
#5102=DIRECTION('',(-1.0,0.0,0.0));
#5103=ORIENTED_EDGE('',*,*,#6226,.F.);
#5104=ORIENTED_EDGE('',*,*,#6184,.T.);
#5105=ORIENTED_EDGE('',*,*,#6208,.T.);
#5106=ORIENTED_EDGE('',*,*,#6196,.F.);
#5107=CARTESIAN_POINT('',(-5.55,1.24,-8.88));
#5108=DIRECTION('',(-1.0,0.0,0.0));
#5109=DIRECTION('',(0.0,0.0,1.0));
#5110=ORIENTED_EDGE('',*,*,#6188,.F.);
#5111=ORIENTED_EDGE('',*,*,#6185,.T.);
#5112=ORIENTED_EDGE('',*,*,#6226,.T.);
#5113=ORIENTED_EDGE('',*,*,#6195,.F.);
#5114=ORIENTED_EDGE('',*,*,#6193,.F.);
#5115=CARTESIAN_POINT('',(-4.91,1.24,-8.88));
#5116=DIRECTION('',(0.0,0.0,-1.0));
#5117=DIRECTION('',(1.0,0.0,0.0));
#5118=ORIENTED_EDGE('',*,*,#6227,.F.);
#5119=ORIENTED_EDGE('',*,*,#6228,.F.);
#5120=ORIENTED_EDGE('',*,*,#6213,.T.);
#5121=CARTESIAN_POINT('',(-3.0,0.0,0.0));
#5122=DIRECTION('',(-1.0,0.0,0.0));
#5123=DIRECTION('',(0.0,0.0,1.0));
#5124=ORIENTED_EDGE('',*,*,#6228,.T.);
#5125=ORIENTED_EDGE('',*,*,#6229,.F.);
#5126=ORIENTED_EDGE('',*,*,#6230,.F.);
#5127=ORIENTED_EDGE('',*,*,#6210,.F.);
#5128=CARTESIAN_POINT('',(-3.5,0.3387432501077,-6.982225991681));
#5129=DIRECTION('',(0.0,0.955545377086206,0.294844081387402));
#5130=DIRECTION('',(1.0,0.0,-0.0));
#5131=ORIENTED_EDGE('',*,*,#6230,.T.);
#5132=ORIENTED_EDGE('',*,*,#6231,.T.);
#5133=ORIENTED_EDGE('',*,*,#6211,.F.);
#5134=CARTESIAN_POINT('',(-4.0,0.0,0.0));
#5135=DIRECTION('',(-1.0,0.0,0.0));
#5136=DIRECTION('',(0.0,0.0,1.0));
#5137=ORIENTED_EDGE('',*,*,#6227,.T.);
#5138=ORIENTED_EDGE('',*,*,#6212,.F.);
#5139=ORIENTED_EDGE('',*,*,#6231,.F.);
#5140=ORIENTED_EDGE('',*,*,#6229,.T.);
#5141=CARTESIAN_POINT('',(-3.5,0.726029129115,-3.93));
#5142=DIRECTION('',(-1.0,0.0,0.0));
#5143=DIRECTION('',(0.0,-0.403683403076991,0.914898743074981));
#5144=ORIENTED_EDGE('',*,*,#6232,.F.);
#5145=ORIENTED_EDGE('',*,*,#6233,.F.);
#5146=ORIENTED_EDGE('',*,*,#6217,.T.);
#5147=CARTESIAN_POINT('',(-0.5,0.0,0.0));
#5148=DIRECTION('',(-1.0,0.0,0.0));
#5149=DIRECTION('',(0.0,0.0,1.0));
#5150=ORIENTED_EDGE('',*,*,#6233,.T.);
#5151=ORIENTED_EDGE('',*,*,#6234,.F.);
#5152=ORIENTED_EDGE('',*,*,#6235,.F.);
#5153=ORIENTED_EDGE('',*,*,#6214,.F.);
#5154=CARTESIAN_POINT('',(-1.0,0.3387432501077,-6.982225991681));
#5155=DIRECTION('',(0.0,0.955545377086206,0.294844081387402));
#5156=DIRECTION('',(1.0,0.0,-0.0));
#5157=ORIENTED_EDGE('',*,*,#6235,.T.);
#5158=ORIENTED_EDGE('',*,*,#6236,.T.);
#5159=ORIENTED_EDGE('',*,*,#6215,.F.);
#5160=CARTESIAN_POINT('',(-1.5,0.0,0.0));
#5161=DIRECTION('',(-1.0,0.0,0.0));
#5162=DIRECTION('',(0.0,0.0,1.0));
#5163=ORIENTED_EDGE('',*,*,#6232,.T.);
#5164=ORIENTED_EDGE('',*,*,#6216,.F.);
#5165=ORIENTED_EDGE('',*,*,#6236,.F.);
#5166=ORIENTED_EDGE('',*,*,#6234,.T.);
#5167=CARTESIAN_POINT('',(-1.0,0.726029129115,-3.93));
#5168=DIRECTION('',(-1.0,0.0,0.0));
#5169=DIRECTION('',(0.0,-0.403683403076991,0.914898743074981));
#5170=ORIENTED_EDGE('',*,*,#6237,.F.);
#5171=ORIENTED_EDGE('',*,*,#6238,.F.);
#5172=ORIENTED_EDGE('',*,*,#6221,.T.);
#5173=CARTESIAN_POINT('',(1.5,0.0,0.0));
#5174=DIRECTION('',(-1.0,0.0,0.0));
#5175=DIRECTION('',(0.0,0.0,1.0));
#5176=ORIENTED_EDGE('',*,*,#6238,.T.);
#5177=ORIENTED_EDGE('',*,*,#6239,.F.);
#5178=ORIENTED_EDGE('',*,*,#6240,.F.);
#5179=ORIENTED_EDGE('',*,*,#6218,.F.);
#5180=CARTESIAN_POINT('',(1.0,0.3387432501077,-6.982225991681));
#5181=DIRECTION('',(0.0,0.955545377086206,0.294844081387402));
#5182=DIRECTION('',(1.0,0.0,-0.0));
#5183=ORIENTED_EDGE('',*,*,#6240,.T.);
#5184=ORIENTED_EDGE('',*,*,#6241,.T.);
#5185=ORIENTED_EDGE('',*,*,#6219,.F.);
#5186=CARTESIAN_POINT('',(0.5,0.0,0.0));
#5187=DIRECTION('',(-1.0,0.0,0.0));
#5188=DIRECTION('',(0.0,0.0,1.0));
#5189=ORIENTED_EDGE('',*,*,#6237,.T.);
#5190=ORIENTED_EDGE('',*,*,#6220,.F.);
#5191=ORIENTED_EDGE('',*,*,#6241,.F.);
#5192=ORIENTED_EDGE('',*,*,#6239,.T.);
#5193=CARTESIAN_POINT('',(1.0,0.726029129115,-3.93));
#5194=DIRECTION('',(-1.0,0.0,0.0));
#5195=DIRECTION('',(0.0,-0.403683403076991,0.914898743074981));
#5196=ORIENTED_EDGE('',*,*,#6242,.F.);
#5197=ORIENTED_EDGE('',*,*,#6243,.F.);
#5198=ORIENTED_EDGE('',*,*,#6225,.T.);
#5199=CARTESIAN_POINT('',(4.0,0.0,0.0));
#5200=DIRECTION('',(-1.0,0.0,0.0));
#5201=DIRECTION('',(0.0,0.0,1.0));
#5202=ORIENTED_EDGE('',*,*,#6243,.T.);
#5203=ORIENTED_EDGE('',*,*,#6244,.F.);
#5204=ORIENTED_EDGE('',*,*,#6245,.F.);
#5205=ORIENTED_EDGE('',*,*,#6222,.F.);
#5206=CARTESIAN_POINT('',(3.5,0.3387432501077,-6.982225991681));
#5207=DIRECTION('',(0.0,0.955545377086206,0.294844081387402));
#5208=DIRECTION('',(1.0,0.0,-0.0));
#5209=ORIENTED_EDGE('',*,*,#6245,.T.);
#5210=ORIENTED_EDGE('',*,*,#6246,.T.);
#5211=ORIENTED_EDGE('',*,*,#6223,.F.);
#5212=CARTESIAN_POINT('',(3.0,0.0,0.0));
#5213=DIRECTION('',(-1.0,0.0,0.0));
#5214=DIRECTION('',(0.0,0.0,1.0));
#5215=ORIENTED_EDGE('',*,*,#6242,.T.);
#5216=ORIENTED_EDGE('',*,*,#6224,.F.);
#5217=ORIENTED_EDGE('',*,*,#6246,.F.);
#5218=ORIENTED_EDGE('',*,*,#6244,.T.);
#5219=CARTESIAN_POINT('',(3.5,0.726029129115,-3.93));
#5220=DIRECTION('',(-1.0,0.0,0.0));
#5221=DIRECTION('',(0.0,-0.403683403076991,0.914898743074981));
#5222=ORIENTED_EDGE('',*,*,#6247,.F.);
#5223=ORIENTED_EDGE('',*,*,#6248,.F.);
#5224=ORIENTED_EDGE('',*,*,#6249,.F.);
#5225=ORIENTED_EDGE('',*,*,#5993,.T.);
#5226=CARTESIAN_POINT('',(5.91,-3.585343178965,-0.32));
#5227=DIRECTION('',(0.0,-1.0,-0.0));
#5228=DIRECTION('',(0.0,0.0,-1.0));
#5229=ORIENTED_EDGE('',*,*,#6249,.T.);
#5230=ORIENTED_EDGE('',*,*,#6250,.F.);
#5231=ORIENTED_EDGE('',*,*,#5966,.T.);
#5232=ORIENTED_EDGE('',*,*,#6251,.T.);
#5233=ORIENTED_EDGE('',*,*,#6252,.T.);
#5234=ORIENTED_EDGE('',*,*,#5716,.F.);
#5235=CARTESIAN_POINT('',(5.912,-3.18,-0.62));
#5236=DIRECTION('',(1.0,0.0,0.0));
#5237=DIRECTION('',(0.0,-1.0,0.0));
#5238=ORIENTED_EDGE('',*,*,#5974,.T.);
#5239=ORIENTED_EDGE('',*,*,#6253,.T.);
#5240=ORIENTED_EDGE('',*,*,#6254,.T.);
#5241=ORIENTED_EDGE('',*,*,#5710,.F.);
#5242=ORIENTED_EDGE('',*,*,#6255,.T.);
#5243=ORIENTED_EDGE('',*,*,#6256,.F.);
#5244=CARTESIAN_POINT('',(5.912,-3.18,-0.62));
#5245=DIRECTION('',(1.0,0.0,0.0));
#5246=DIRECTION('',(0.0,-1.0,0.0));
#5247=ORIENTED_EDGE('',*,*,#6252,.F.);
#5248=ORIENTED_EDGE('',*,*,#6257,.F.);
#5249=ORIENTED_EDGE('',*,*,#6258,.F.);
#5250=ORIENTED_EDGE('',*,*,#5896,.T.);
#5251=CARTESIAN_POINT('',(0.8,12.841632,-0.32));
#5252=DIRECTION('',(0.0,1.0,0.0));
#5253=DIRECTION('',(0.0,0.0,-1.0));
#5254=ORIENTED_EDGE('',*,*,#5931,.F.);
#5255=ORIENTED_EDGE('',*,*,#6259,.T.);
#5256=ORIENTED_EDGE('',*,*,#6247,.T.);
#5257=ORIENTED_EDGE('',*,*,#5691,.F.);
#5258=ORIENTED_EDGE('',*,*,#6258,.T.);
#5259=ORIENTED_EDGE('',*,*,#6260,.F.);
#5260=CARTESIAN_POINT('',(5.912,-3.18,-0.62));
#5261=DIRECTION('',(1.0,0.0,0.0));
#5262=DIRECTION('',(0.0,-1.0,0.0));
#5263=ORIENTED_EDGE('',*,*,#6261,.T.);
#5264=ORIENTED_EDGE('',*,*,#6262,.F.);
#5265=ORIENTED_EDGE('',*,*,#5935,.F.);
#5266=ORIENTED_EDGE('',*,*,#6263,.T.);
#5267=ORIENTED_EDGE('',*,*,#6264,.T.);
#5268=ORIENTED_EDGE('',*,*,#5689,.F.);
#5269=CARTESIAN_POINT('',(5.912,-3.18,-0.62));
#5270=DIRECTION('',(1.0,0.0,0.0));
#5271=DIRECTION('',(0.0,-1.0,0.0));
#5272=ORIENTED_EDGE('',*,*,#5932,.T.);
#5273=ORIENTED_EDGE('',*,*,#6260,.T.);
#5274=ORIENTED_EDGE('',*,*,#6257,.T.);
#5275=ORIENTED_EDGE('',*,*,#6251,.F.);
#5276=ORIENTED_EDGE('',*,*,#5965,.F.);
#5277=ORIENTED_EDGE('',*,*,#6265,.F.);
#5278=CARTESIAN_POINT('',(1.1,-3.56,0.0));
#5279=DIRECTION('',(1.0,0.0,0.0));
#5280=DIRECTION('',(0.0,1.0,0.0));
#5281=ORIENTED_EDGE('',*,*,#6266,.F.);
#5282=ORIENTED_EDGE('',*,*,#5933,.F.);
#5283=ORIENTED_EDGE('',*,*,#6265,.T.);
#5284=ORIENTED_EDGE('',*,*,#5970,.F.);
#5285=CARTESIAN_POINT('',(1.4,-3.26,24.67714839673));
#5286=DIRECTION('',(-0.0,0.0,1.0));
#5287=DIRECTION('',(0.0,-1.0,0.0));
#5288=ORIENTED_EDGE('',*,*,#5969,.F.);
#5289=ORIENTED_EDGE('',*,*,#6267,.T.);
#5290=ORIENTED_EDGE('',*,*,#5928,.T.);
#5291=ORIENTED_EDGE('',*,*,#6266,.T.);
#5292=CARTESIAN_POINT('',(5.912,-3.56,-0.3));
#5293=DIRECTION('',(0.0,-1.0,0.0));
#5294=DIRECTION('',(0.0,0.0,-1.0));
#5295=ORIENTED_EDGE('',*,*,#5938,.T.);
#5296=ORIENTED_EDGE('',*,*,#6268,.T.);
#5297=ORIENTED_EDGE('',*,*,#5971,.F.);
#5298=ORIENTED_EDGE('',*,*,#6269,.T.);
#5299=CARTESIAN_POINT('',(5.912,-3.56,-0.3));
#5300=DIRECTION('',(0.0,-1.0,0.0));
#5301=DIRECTION('',(0.0,0.0,-1.0));
#5302=ORIENTED_EDGE('',*,*,#5929,.F.);
#5303=ORIENTED_EDGE('',*,*,#6267,.F.);
#5304=ORIENTED_EDGE('',*,*,#5968,.F.);
#5305=ORIENTED_EDGE('',*,*,#6270,.T.);
#5306=CARTESIAN_POINT('',(5.31,-3.26,-0.3177651080075));
#5307=DIRECTION('',(0.0,-0.0,-1.0));
#5308=DIRECTION('',(0.0,-1.0,0.0));
#5309=ORIENTED_EDGE('',*,*,#5967,.T.);
#5310=ORIENTED_EDGE('',*,*,#6250,.T.);
#5311=ORIENTED_EDGE('',*,*,#6248,.T.);
#5312=ORIENTED_EDGE('',*,*,#6259,.F.);
#5313=ORIENTED_EDGE('',*,*,#5930,.F.);
#5314=ORIENTED_EDGE('',*,*,#6270,.F.);
#5315=CARTESIAN_POINT('',(5.61,-1.92,0.0));
#5316=DIRECTION('',(-1.0,0.0,0.0));
#5317=DIRECTION('',(0.0,0.0,1.0));
#5318=ORIENTED_EDGE('',*,*,#6269,.F.);
#5319=ORIENTED_EDGE('',*,*,#5976,.F.);
#5320=ORIENTED_EDGE('',*,*,#6271,.T.);
#5321=ORIENTED_EDGE('',*,*,#5939,.F.);
#5322=CARTESIAN_POINT('',(-1.4,-3.26,-41.02686131434));
#5323=DIRECTION('',(0.0,-0.0,-1.0));
#5324=DIRECTION('',(0.0,-1.0,0.0));
#5325=ORIENTED_EDGE('',*,*,#5975,.T.);
#5326=ORIENTED_EDGE('',*,*,#6256,.T.);
#5327=ORIENTED_EDGE('',*,*,#6272,.T.);
#5328=ORIENTED_EDGE('',*,*,#6263,.F.);
#5329=ORIENTED_EDGE('',*,*,#5934,.F.);
#5330=ORIENTED_EDGE('',*,*,#6271,.F.);
#5331=CARTESIAN_POINT('',(-1.1,-2.56,0.0));
#5332=DIRECTION('',(-1.0,0.0,0.0));
#5333=DIRECTION('',(0.0,0.0,1.0));
#5334=ORIENTED_EDGE('',*,*,#6264,.F.);
#5335=ORIENTED_EDGE('',*,*,#6272,.F.);
#5336=ORIENTED_EDGE('',*,*,#6255,.F.);
#5337=ORIENTED_EDGE('',*,*,#5895,.T.);
#5338=CARTESIAN_POINT('',(-0.8,-12.841632,-0.32));
#5339=DIRECTION('',(0.0,-1.0,-0.0));
#5340=DIRECTION('',(0.0,0.0,-1.0));
#5341=ORIENTED_EDGE('',*,*,#5972,.F.);
#5342=ORIENTED_EDGE('',*,*,#6268,.F.);
#5343=ORIENTED_EDGE('',*,*,#5937,.F.);
#5344=ORIENTED_EDGE('',*,*,#6273,.T.);
#5345=CARTESIAN_POINT('',(-5.31,-3.26,0.01629570397265));
#5346=DIRECTION('',(-0.0,0.0,1.0));
#5347=DIRECTION('',(0.0,-1.0,0.0));
#5348=ORIENTED_EDGE('',*,*,#5936,.T.);
#5349=ORIENTED_EDGE('',*,*,#6262,.T.);
#5350=ORIENTED_EDGE('',*,*,#6274,.T.);
#5351=ORIENTED_EDGE('',*,*,#6253,.F.);
#5352=ORIENTED_EDGE('',*,*,#5973,.F.);
#5353=ORIENTED_EDGE('',*,*,#6273,.F.);
#5354=CARTESIAN_POINT('',(-5.61,-3.92,0.0));
#5355=DIRECTION('',(1.0,0.0,0.0));
#5356=DIRECTION('',(0.0,1.0,0.0));
#5357=ORIENTED_EDGE('',*,*,#6254,.F.);
#5358=ORIENTED_EDGE('',*,*,#6274,.F.);
#5359=ORIENTED_EDGE('',*,*,#6261,.F.);
#5360=ORIENTED_EDGE('',*,*,#5995,.T.);
#5361=CARTESIAN_POINT('',(-5.91,-2.534656821035,-0.32));
#5362=DIRECTION('',(0.0,1.0,0.0));
#5363=DIRECTION('',(0.0,0.0,-1.0));
#5364=ORIENTED_EDGE('',*,*,#5982,.F.);
#5365=ORIENTED_EDGE('',*,*,#5980,.F.);
#5366=ORIENTED_EDGE('',*,*,#6275,.F.);
#5367=ORIENTED_EDGE('',*,*,#5997,.T.);
#5368=CARTESIAN_POINT('',(-7.275343178965,-2.22,-0.32));
#5369=DIRECTION('',(-1.0,0.0,-0.0));
#5370=DIRECTION('',(0.0,0.0,-1.0));
#5371=ORIENTED_EDGE('',*,*,#6275,.T.);
#5372=ORIENTED_EDGE('',*,*,#5979,.F.);
#5373=ORIENTED_EDGE('',*,*,#5947,.T.);
#5374=ORIENTED_EDGE('',*,*,#5945,.T.);
#5375=ORIENTED_EDGE('',*,*,#5984,.T.);
#5376=ORIENTED_EDGE('',*,*,#5507,.F.);
#5377=CARTESIAN_POINT('',(-6.87,-2.222,-0.62));
#5378=DIRECTION('',(-0.0,-1.0,0.0));
#5379=DIRECTION('',(-1.0,0.0,0.0));
#5380=ORIENTED_EDGE('',*,*,#6276,.T.);
#5381=ORIENTED_EDGE('',*,*,#6277,.F.);
#5382=ORIENTED_EDGE('',*,*,#6278,.F.);
#5383=ORIENTED_EDGE('',*,*,#5723,.T.);
#5384=ORIENTED_EDGE('',*,*,#6278,.T.);
#5385=ORIENTED_EDGE('',*,*,#6279,.F.);
#5386=ORIENTED_EDGE('',*,*,#6280,.F.);
#5387=ORIENTED_EDGE('',*,*,#5703,.T.);
#5388=ORIENTED_EDGE('',*,*,#6280,.T.);
#5389=ORIENTED_EDGE('',*,*,#6281,.F.);
#5390=ORIENTED_EDGE('',*,*,#6282,.F.);
#5391=ORIENTED_EDGE('',*,*,#5698,.F.);
#5392=ORIENTED_EDGE('',*,*,#6282,.T.);
#5393=ORIENTED_EDGE('',*,*,#6283,.F.);
#5394=ORIENTED_EDGE('',*,*,#6276,.F.);
#5395=ORIENTED_EDGE('',*,*,#5677,.T.);
#5396=ORIENTED_EDGE('',*,*,#6284,.T.);
#5397=ORIENTED_EDGE('',*,*,#6285,.F.);
#5398=ORIENTED_EDGE('',*,*,#6286,.F.);
#5399=ORIENTED_EDGE('',*,*,#6283,.T.);
#5400=ORIENTED_EDGE('',*,*,#6286,.T.);
#5401=ORIENTED_EDGE('',*,*,#6287,.F.);
#5402=ORIENTED_EDGE('',*,*,#6288,.F.);
#5403=ORIENTED_EDGE('',*,*,#6277,.T.);
#5404=ORIENTED_EDGE('',*,*,#6288,.T.);
#5405=ORIENTED_EDGE('',*,*,#6289,.F.);
#5406=ORIENTED_EDGE('',*,*,#6290,.F.);
#5407=ORIENTED_EDGE('',*,*,#6279,.T.);
#5408=ORIENTED_EDGE('',*,*,#6290,.T.);
#5409=ORIENTED_EDGE('',*,*,#6291,.F.);
#5410=ORIENTED_EDGE('',*,*,#6284,.F.);
#5411=ORIENTED_EDGE('',*,*,#6281,.T.);
#5412=ORIENTED_EDGE('',*,*,#6292,.T.);
#5413=ORIENTED_EDGE('',*,*,#6293,.F.);
#5414=ORIENTED_EDGE('',*,*,#6294,.F.);
#5415=ORIENTED_EDGE('',*,*,#6291,.T.);
#5416=CARTESIAN_POINT('',(-3.0,-1.957735045483,-3.66));
#5417=DIRECTION('',(1.0,0.0,0.0));
#5418=DIRECTION('',(0.0,-0.997876556667155,0.0651335370918971));
#5419=ORIENTED_EDGE('',*,*,#6294,.T.);
#5420=ORIENTED_EDGE('',*,*,#6295,.F.);
#5421=ORIENTED_EDGE('',*,*,#6296,.F.);
#5422=ORIENTED_EDGE('',*,*,#6285,.T.);
#5423=ORIENTED_EDGE('',*,*,#6296,.T.);
#5424=ORIENTED_EDGE('',*,*,#6297,.F.);
#5425=ORIENTED_EDGE('',*,*,#6298,.F.);
#5426=ORIENTED_EDGE('',*,*,#6287,.T.);
#5427=ORIENTED_EDGE('',*,*,#6298,.T.);
#5428=ORIENTED_EDGE('',*,*,#6299,.F.);
#5429=ORIENTED_EDGE('',*,*,#6292,.F.);
#5430=ORIENTED_EDGE('',*,*,#6289,.T.);
#5431=ORIENTED_EDGE('',*,*,#6300,.T.);
#5432=ORIENTED_EDGE('',*,*,#6301,.F.);
#5433=ORIENTED_EDGE('',*,*,#6302,.F.);
#5434=ORIENTED_EDGE('',*,*,#6299,.T.);
#5435=ORIENTED_EDGE('',*,*,#6302,.T.);
#5436=ORIENTED_EDGE('',*,*,#6303,.F.);
#5437=ORIENTED_EDGE('',*,*,#6304,.F.);
#5438=ORIENTED_EDGE('',*,*,#6293,.T.);
#5439=CARTESIAN_POINT('',(-3.0,-2.29,-2.77));
#5440=DIRECTION('',(-1.0,0.0,-0.0));
#5441=DIRECTION('',(0.0,0.349752583701788,-0.936842105263167));
#5442=ORIENTED_EDGE('',*,*,#6304,.T.);
#5443=ORIENTED_EDGE('',*,*,#6305,.F.);
#5444=ORIENTED_EDGE('',*,*,#6306,.F.);
#5445=ORIENTED_EDGE('',*,*,#6295,.T.);
#5446=ORIENTED_EDGE('',*,*,#6306,.T.);
#5447=ORIENTED_EDGE('',*,*,#6307,.F.);
#5448=ORIENTED_EDGE('',*,*,#6300,.F.);
#5449=ORIENTED_EDGE('',*,*,#6297,.T.);
#5450=ORIENTED_EDGE('',*,*,#6308,.T.);
#5451=ORIENTED_EDGE('',*,*,#6309,.F.);
#5452=ORIENTED_EDGE('',*,*,#6310,.F.);
#5453=ORIENTED_EDGE('',*,*,#6307,.T.);
#5454=CARTESIAN_POINT('',(-3.0,-2.44773039213,-2.169110881934));
#5455=DIRECTION('',(0.0,0.705311070392999,0.708897943276099));
#5456=DIRECTION('',(1.0,-0.0,0.0));
#5457=ORIENTED_EDGE('',*,*,#6310,.T.);
#5458=ORIENTED_EDGE('',*,*,#6311,.F.);
#5459=ORIENTED_EDGE('',*,*,#6312,.F.);
#5460=ORIENTED_EDGE('',*,*,#6301,.T.);
#5461=CARTESIAN_POINT('',(-3.467050256457,-2.33578143754,-2.057161927344));
#5462=DIRECTION('',(0.992278529774259,0.0877021075830964,-0.0877021075830964));
#5463=DIRECTION('',(0.0,-0.707106781186548,-0.707106781186548));
#5464=ORIENTED_EDGE('',*,*,#6312,.T.);
#5465=ORIENTED_EDGE('',*,*,#6313,.F.);
#5466=ORIENTED_EDGE('',*,*,#6314,.F.);
#5467=ORIENTED_EDGE('',*,*,#6303,.T.);
#5468=CARTESIAN_POINT('',(-3.0,-2.22383248295,-1.945212972754));
#5469=DIRECTION('',(0.0,0.707106781186548,0.707106781186548));
#5470=DIRECTION('',(1.0,0.0,-0.0));
#5471=ORIENTED_EDGE('',*,*,#6314,.T.);
#5472=ORIENTED_EDGE('',*,*,#6315,.F.);
#5473=ORIENTED_EDGE('',*,*,#6308,.F.);
#5474=ORIENTED_EDGE('',*,*,#6305,.T.);
#5475=CARTESIAN_POINT('',(-2.532949743543,-2.33578143754,-2.057161927344));
#5476=DIRECTION('',(0.992278529774259,-0.0877021075830964,0.0877021075830964));
#5477=DIRECTION('',(0.0,-0.707106781186548,-0.707106781186548));
#5478=ORIENTED_EDGE('',*,*,#6315,.T.);
#5479=ORIENTED_EDGE('',*,*,#6313,.T.);
#5480=ORIENTED_EDGE('',*,*,#6311,.T.);
#5481=ORIENTED_EDGE('',*,*,#6309,.T.);
#5482=CARTESIAN_POINT('',(-3.0,-2.603142238048,-1.565903217656));
#5483=DIRECTION('',(0.0,-0.707106781186548,0.707106781186548));
#5484=DIRECTION('',(-1.0,0.0,0.0));
#5485=EDGE_CURVE('',#6316,#6317,#6318,.T.);
#5486=EDGE_CURVE('',#6316,#6319,#6320,.T.);
#5487=EDGE_CURVE('',#6319,#6321,#6322,.T.);
#5488=EDGE_CURVE('',#6317,#6321,#6323,.T.);
#5489=EDGE_CURVE('',#6324,#6325,#6326,.T.);
#5490=EDGE_CURVE('',#6324,#6327,#6328,.T.);
#5491=EDGE_CURVE('',#6327,#6329,#6330,.T.);
#5492=EDGE_CURVE('',#6325,#6329,#6331,.T.);
#5493=EDGE_CURVE('',#6332,#6333,#6334,.T.);
#5494=EDGE_CURVE('',#6332,#6335,#6336,.T.);
#5495=EDGE_CURVE('',#6335,#6337,#6338,.T.);
#5496=EDGE_CURVE('',#6333,#6337,#6339,.T.);
#5497=EDGE_CURVE('',#6340,#6341,#6342,.T.);
#5498=EDGE_CURVE('',#6340,#6343,#6344,.T.);
#5499=EDGE_CURVE('',#6343,#6345,#6346,.T.);
#5500=EDGE_CURVE('',#6341,#6345,#6347,.T.);
#5501=EDGE_CURVE('',#6348,#6349,#6350,.T.);
#5502=EDGE_CURVE('',#6351,#6349,#6352,.T.);
#5503=EDGE_CURVE('',#6351,#6353,#6354,.T.);
#5504=EDGE_CURVE('',#6353,#6355,#6356,.T.);
#5505=EDGE_CURVE('',#6355,#6357,#6358,.T.);
#5506=EDGE_CURVE('',#6359,#6357,#6360,.T.);
#5507=EDGE_CURVE('',#6359,#6361,#6362,.T.);
#5508=EDGE_CURVE('',#6363,#6361,#6364,.T.);
#5509=EDGE_CURVE('',#6363,#6365,#6366,.T.);
#5510=EDGE_CURVE('',#6367,#6365,#6368,.T.);
#5511=EDGE_CURVE('',#6369,#6367,#6370,.T.);
#5512=EDGE_CURVE('',#6348,#6369,#6371,.T.);
#5513=EDGE_CURVE('',#6372,#6373,#6374,.T.);
#5514=EDGE_CURVE('',#6372,#6375,#6376,.T.);
#5515=EDGE_CURVE('',#6375,#6377,#6378,.T.);
#5516=EDGE_CURVE('',#6377,#6379,#6380,.T.);
#5517=EDGE_CURVE('',#6379,#6381,#6382,.T.);
#5518=EDGE_CURVE('',#6381,#6383,#6384,.T.);
#5519=EDGE_CURVE('',#6383,#6385,#6386,.T.);
#5520=EDGE_CURVE('',#6385,#6373,#6387,.T.);
#5521=EDGE_CURVE('',#6388,#6389,#6390,.T.);
#5522=EDGE_CURVE('',#6391,#6389,#6392,.T.);
#5523=EDGE_CURVE('',#6393,#6391,#6394,.T.);
#5524=EDGE_CURVE('',#6393,#6388,#6395,.T.);
#5525=EDGE_CURVE('',#6373,#6396,#6397,.T.);
#5526=EDGE_CURVE('',#6398,#6385,#6399,.T.);
#5527=EDGE_CURVE('',#6398,#6396,#6400,.T.);
#5528=EDGE_CURVE('',#6401,#6402,#6403,.T.);
#5529=EDGE_CURVE('',#6402,#6404,#6405,.T.);
#5530=EDGE_CURVE('',#6404,#6406,#6407,.T.);
#5531=EDGE_CURVE('',#6406,#6408,#6409,.T.);
#5532=EDGE_CURVE('',#6408,#6410,#6411,.T.);
#5533=EDGE_CURVE('',#6410,#6412,#6413,.T.);
#5534=EDGE_CURVE('',#6412,#6414,#6415,.T.);
#5535=EDGE_CURVE('',#6416,#6414,#6417,.T.);
#5536=EDGE_CURVE('',#6416,#6418,#6419,.T.);
#5537=EDGE_CURVE('',#6418,#6420,#6421,.T.);
#5538=EDGE_CURVE('',#6420,#6422,#6423,.T.);
#5539=EDGE_CURVE('',#6422,#6401,#6424,.T.);
#5540=EDGE_CURVE('',#6425,#6393,#6426,.T.);
#5541=EDGE_CURVE('',#6427,#6425,#6428,.T.);
#5542=EDGE_CURVE('',#6429,#6427,#6430,.T.);
#5543=EDGE_CURVE('',#6431,#6429,#6432,.T.);
#5544=EDGE_CURVE('',#6433,#6431,#6434,.T.);
#5545=EDGE_CURVE('',#6435,#6433,#6436,.T.);
#5546=EDGE_CURVE('',#6435,#6388,#6437,.T.);
#5547=EDGE_CURVE('',#6435,#6438,#6439,.T.);
#5548=EDGE_CURVE('',#6440,#6438,#6441,.T.);
#5549=EDGE_CURVE('',#6388,#6440,#6442,.T.);
#5550=EDGE_CURVE('',#6443,#6440,#6444,.T.);
#5551=EDGE_CURVE('',#6389,#6443,#6445,.T.);
#5552=EDGE_CURVE('',#6446,#6447,#6448,.T.);
#5553=EDGE_CURVE('',#6449,#6446,#6450,.T.);
#5554=EDGE_CURVE('',#6449,#6451,#6452,.T.);
#5555=EDGE_CURVE('',#6451,#6453,#6454,.T.);
#5556=EDGE_CURVE('',#6453,#6455,#6456,.T.);
#5557=EDGE_CURVE('',#6455,#6447,#6457,.T.);
#5558=EDGE_CURVE('',#6458,#6459,#6460,.T.);
#5559=EDGE_CURVE('',#6459,#6461,#6462,.T.);
#5560=EDGE_CURVE('',#6461,#6463,#6464,.T.);
#5561=EDGE_CURVE('',#6463,#6465,#6466,.T.);
#5562=EDGE_CURVE('',#6465,#6391,#6467,.T.);
#5563=EDGE_CURVE('',#6468,#6443,#6469,.T.);
#5564=EDGE_CURVE('',#6470,#6468,#6471,.T.);
#5565=EDGE_CURVE('',#6470,#6458,#6472,.T.);
#5566=EDGE_CURVE('',#6473,#6474,#6475,.T.);
#5567=EDGE_CURVE('',#6476,#6473,#6477,.T.);
#5568=EDGE_CURVE('',#6476,#6478,#6479,.T.);
#5569=EDGE_CURVE('',#6478,#6474,#6480,.T.);
#5570=EDGE_CURVE('',#6433,#6458,#6481,.T.);
#5571=EDGE_CURVE('',#6435,#6470,#6482,.T.);
#5572=EDGE_CURVE('',#6372,#6483,#6484,.T.);
#5573=EDGE_CURVE('',#6483,#6485,#6486,.T.);
#5574=EDGE_CURVE('',#6485,#6375,#6487,.T.);
#5575=EDGE_CURVE('',#6438,#6468,#6488,.T.);
#5576=EDGE_CURVE('',#6468,#6489,#6490,.T.);
#5577=EDGE_CURVE('',#6491,#6489,#6492,.T.);
#5578=EDGE_CURVE('',#6438,#6491,#6493,.T.);
#5579=EDGE_CURVE('',#6494,#6491,#6495,.T.);
#5580=EDGE_CURVE('',#6440,#6494,#6496,.T.);
#5581=EDGE_CURVE('',#6497,#6494,#6498,.T.);
#5582=EDGE_CURVE('',#6443,#6497,#6499,.T.);
#5583=EDGE_CURVE('',#6489,#6497,#6500,.T.);
#5584=EDGE_CURVE('',#6497,#6501,#6502,.T.);
#5585=EDGE_CURVE('',#6503,#6501,#6504,.T.);
#5586=EDGE_CURVE('',#6489,#6503,#6505,.T.);
#5587=EDGE_CURVE('',#6506,#6503,#6507,.T.);
#5588=EDGE_CURVE('',#6491,#6506,#6508,.T.);
#5589=EDGE_CURVE('',#6509,#6506,#6510,.T.);
#5590=EDGE_CURVE('',#6494,#6509,#6511,.T.);
#5591=EDGE_CURVE('',#6501,#6509,#6512,.T.);
#5592=EDGE_CURVE('',#6509,#6513,#6514,.T.);
#5593=EDGE_CURVE('',#6515,#6513,#6516,.T.);
#5594=EDGE_CURVE('',#6501,#6515,#6517,.T.);
#5595=EDGE_CURVE('',#6518,#6515,#6519,.T.);
#5596=EDGE_CURVE('',#6503,#6518,#6520,.T.);
#5597=EDGE_CURVE('',#6521,#6518,#6522,.T.);
#5598=EDGE_CURVE('',#6506,#6521,#6523,.T.);
#5599=EDGE_CURVE('',#6513,#6521,#6524,.T.);
#5600=EDGE_CURVE('',#6485,#6525,#6526,.T.);
#5601=EDGE_CURVE('',#6525,#6377,#6527,.T.);
#5602=EDGE_CURVE('',#6431,#6459,#6528,.T.);
#5603=EDGE_CURVE('',#6525,#6529,#6530,.T.);
#5604=EDGE_CURVE('',#6529,#6379,#6531,.T.);
#5605=EDGE_CURVE('',#6429,#6461,#6532,.T.);
#5606=EDGE_CURVE('',#6529,#6533,#6534,.T.);
#5607=EDGE_CURVE('',#6533,#6381,#6535,.T.);
#5608=EDGE_CURVE('',#6427,#6463,#6536,.T.);
#5609=EDGE_CURVE('',#6533,#6537,#6538,.T.);
#5610=EDGE_CURVE('',#6537,#6383,#6539,.T.);
#5611=EDGE_CURVE('',#6425,#6465,#6540,.T.);
#5612=EDGE_CURVE('',#6537,#6398,#6541,.T.);
#5613=EDGE_CURVE('',#6542,#6543,#6544,.T.);
#5614=EDGE_CURVE('',#6543,#6545,#6546,.T.);
#5615=EDGE_CURVE('',#6545,#6547,#6548,.T.);
#5616=EDGE_CURVE('',#6547,#6549,#6550,.T.);
#5617=EDGE_CURVE('',#6551,#6549,#6552,.T.);
#5618=EDGE_CURVE('',#6542,#6551,#6553,.T.);
#5619=EDGE_CURVE('',#6483,#6554,#6555,.T.);
#5620=EDGE_CURVE('',#6556,#6554,#6557,.T.);
#5621=EDGE_CURVE('',#6396,#6556,#6558,.T.);
#5622=EDGE_CURVE('',#6559,#6560,#6561,.T.);
#5623=EDGE_CURVE('',#6560,#6562,#6563,.T.);
#5624=EDGE_CURVE('',#6564,#6562,#6565,.T.);
#5625=EDGE_CURVE('',#6564,#6559,#6566,.T.);
#5626=EDGE_CURVE('',#6567,#6556,#6568,.T.);
#5627=EDGE_CURVE('',#6373,#6567,#6569,.T.);
#5628=EDGE_CURVE('',#6570,#6567,#6571,.T.);
#5629=EDGE_CURVE('',#6372,#6570,#6572,.T.);
#5630=EDGE_CURVE('',#6554,#6570,#6573,.T.);
#5631=EDGE_CURVE('',#6570,#6574,#6575,.T.);
#5632=EDGE_CURVE('',#6576,#6574,#6577,.T.);
#5633=EDGE_CURVE('',#6554,#6576,#6578,.T.);
#5634=EDGE_CURVE('',#6579,#6576,#6580,.T.);
#5635=EDGE_CURVE('',#6556,#6579,#6581,.T.);
#5636=EDGE_CURVE('',#6582,#6579,#6583,.T.);
#5637=EDGE_CURVE('',#6567,#6582,#6584,.T.);
#5638=EDGE_CURVE('',#6574,#6582,#6585,.T.);
#5639=EDGE_CURVE('',#6582,#6586,#6587,.T.);
#5640=EDGE_CURVE('',#6588,#6586,#6589,.T.);
#5641=EDGE_CURVE('',#6574,#6588,#6590,.T.);
#5642=EDGE_CURVE('',#6591,#6588,#6592,.T.);
#5643=EDGE_CURVE('',#6576,#6591,#6593,.T.);
#5644=EDGE_CURVE('',#6594,#6591,#6595,.T.);
#5645=EDGE_CURVE('',#6579,#6594,#6596,.T.);
#5646=EDGE_CURVE('',#6586,#6594,#6597,.T.);
#5647=EDGE_CURVE('',#6594,#6598,#6599,.T.);
#5648=EDGE_CURVE('',#6600,#6598,#6601,.T.);
#5649=EDGE_CURVE('',#6586,#6600,#6602,.T.);
#5650=EDGE_CURVE('',#6603,#6600,#6604,.T.);
#5651=EDGE_CURVE('',#6588,#6603,#6605,.T.);
#5652=EDGE_CURVE('',#6606,#6603,#6607,.T.);
#5653=EDGE_CURVE('',#6591,#6606,#6608,.T.);
#5654=EDGE_CURVE('',#6598,#6606,#6609,.T.);
#5655=EDGE_CURVE('',#6610,#6542,#6611,.T.);
#5656=EDGE_CURVE('',#6612,#6551,#6613,.T.);
#5657=EDGE_CURVE('',#6610,#6612,#6614,.T.);
#5658=EDGE_CURVE('',#6615,#6610,#6616,.T.);
#5659=EDGE_CURVE('',#6617,#6612,#6618,.T.);
#5660=EDGE_CURVE('',#6619,#6617,#6620,.T.);
#5661=EDGE_CURVE('',#6619,#6621,#6622,.T.);
#5662=EDGE_CURVE('',#6621,#6623,#6624,.T.);
#5663=EDGE_CURVE('',#6625,#6623,#6626,.T.);
#5664=EDGE_CURVE('',#6625,#6615,#6627,.T.);
#5665=EDGE_CURVE('',#6628,#6629,#6630,.T.);
#5666=EDGE_CURVE('',#6631,#6629,#6632,.T.);
#5667=EDGE_CURVE('',#6319,#6631,#6633,.T.);
#5668=EDGE_CURVE('',#6634,#6316,#6635,.T.);
#5669=EDGE_CURVE('',#6636,#6634,#6637,.T.);
#5670=EDGE_CURVE('',#6628,#6636,#6638,.T.);
#5671=EDGE_CURVE('',#6639,#6640,#6641,.T.);
#5672=EDGE_CURVE('',#6642,#6640,#6643,.T.);
#5673=EDGE_CURVE('',#6335,#6642,#6644,.T.);
#5674=EDGE_CURVE('',#6645,#6332,#6646,.T.);
#5675=EDGE_CURVE('',#6647,#6645,#6648,.T.);
#5676=EDGE_CURVE('',#6639,#6647,#6649,.T.);
#5677=EDGE_CURVE('',#6650,#6651,#6652,.T.);
#5678=EDGE_CURVE('',#6650,#6653,#6654,.T.);
#5679=EDGE_CURVE('',#6653,#6655,#6656,.T.);
#5680=EDGE_CURVE('',#6651,#6655,#6657,.T.);
#5681=EDGE_CURVE('',#6639,#6658,#6659,.T.);
#5682=EDGE_CURVE('',#6647,#6660,#6661,.T.);
#5683=EDGE_CURVE('',#6658,#6660,#6662,.T.);
#5684=EDGE_CURVE('',#6663,#6664,#6665,.T.);
#5685=EDGE_CURVE('',#6664,#6666,#6667,.T.);
#5686=EDGE_CURVE('',#6668,#6666,#6669,.T.);
#5687=EDGE_CURVE('',#6670,#6668,#6671,.T.);
#5688=EDGE_CURVE('',#6670,#6672,#6673,.T.);
#5689=EDGE_CURVE('',#6672,#6674,#6675,.T.);
#5690=EDGE_CURVE('',#6674,#6676,#6677,.T.);
#5691=EDGE_CURVE('',#6676,#6663,#6678,.T.);
#5692=EDGE_CURVE('',#6679,#6680,#6681,.T.);
#5693=EDGE_CURVE('',#6680,#6682,#6683,.T.);
#5694=EDGE_CURVE('',#6682,#6684,#6685,.T.);
#5695=EDGE_CURVE('',#6684,#6325,#6686,.T.);
#5696=EDGE_CURVE('',#6329,#6687,#6688,.T.);
#5697=EDGE_CURVE('',#6687,#6679,#6689,.T.);
#5698=EDGE_CURVE('',#6690,#6651,#6691,.T.);
#5699=EDGE_CURVE('',#6655,#6692,#6693,.T.);
#5700=EDGE_CURVE('',#6692,#6341,#6694,.T.);
#5701=EDGE_CURVE('',#6345,#6695,#6696,.T.);
#5702=EDGE_CURVE('',#6695,#6690,#6697,.T.);
#5703=EDGE_CURVE('',#6690,#6698,#6699,.T.);
#5704=EDGE_CURVE('',#6700,#6695,#6701,.T.);
#5705=EDGE_CURVE('',#6700,#6698,#6702,.T.);
#5706=EDGE_CURVE('',#6703,#6640,#6704,.T.);
#5707=EDGE_CURVE('',#6705,#6703,#6706,.T.);
#5708=EDGE_CURVE('',#6642,#6705,#6707,.T.);
#5709=EDGE_CURVE('',#6708,#6709,#6710,.T.);
#5710=EDGE_CURVE('',#6708,#6711,#6712,.T.);
#5711=EDGE_CURVE('',#6713,#6711,#6714,.T.);
#5712=EDGE_CURVE('',#6715,#6713,#6716,.T.);
#5713=EDGE_CURVE('',#6715,#6717,#6718,.T.);
#5714=EDGE_CURVE('',#6719,#6717,#6720,.T.);
#5715=EDGE_CURVE('',#6721,#6719,#6722,.T.);
#5716=EDGE_CURVE('',#6721,#6709,#6723,.T.);
#5717=EDGE_CURVE('',#6724,#6725,#6726,.T.);
#5718=EDGE_CURVE('',#6727,#6724,#6728,.T.);
#5719=EDGE_CURVE('',#6327,#6727,#6729,.T.);
#5720=EDGE_CURVE('',#6730,#6324,#6731,.T.);
#5721=EDGE_CURVE('',#6732,#6730,#6733,.T.);
#5722=EDGE_CURVE('',#6725,#6732,#6734,.T.);
#5723=EDGE_CURVE('',#6698,#6650,#6735,.T.);
#5724=EDGE_CURVE('',#6343,#6700,#6736,.T.);
#5725=EDGE_CURVE('',#6737,#6340,#6738,.T.);
#5726=EDGE_CURVE('',#6653,#6737,#6739,.T.);
#5727=EDGE_CURVE('',#6737,#6692,#6740,.T.);
#5728=EDGE_CURVE('',#6645,#6741,#6742,.T.);
#5729=EDGE_CURVE('',#6660,#6741,#6743,.T.);
#5730=EDGE_CURVE('',#6741,#6333,#6744,.T.);
#5731=EDGE_CURVE('',#6337,#6705,#6745,.T.);
#5732=EDGE_CURVE('',#6746,#6747,#6748,.T.);
#5733=EDGE_CURVE('',#6747,#6749,#6750,.T.);
#5734=EDGE_CURVE('',#6749,#6751,#6752,.T.);
#5735=EDGE_CURVE('',#6753,#6751,#6754,.T.);
#5736=EDGE_CURVE('',#6755,#6753,#6756,.T.);
#5737=EDGE_CURVE('',#6755,#6757,#6758,.T.);
#5738=EDGE_CURVE('',#6759,#6757,#6760,.T.);
#5739=EDGE_CURVE('',#6761,#6759,#6762,.T.);
#5740=EDGE_CURVE('',#6763,#6761,#6764,.T.);
#5741=EDGE_CURVE('',#6765,#6763,#6766,.T.);
#5742=EDGE_CURVE('',#6765,#6767,#6768,.T.);
#5743=EDGE_CURVE('',#6767,#6746,#6769,.T.);
#5744=EDGE_CURVE('',#6770,#6771,#6772,.T.);
#5745=EDGE_CURVE('',#6770,#6773,#6774,.T.);
#5746=EDGE_CURVE('',#6773,#6775,#6776,.T.);
#5747=EDGE_CURVE('',#6775,#6317,#6777,.T.);
#5748=EDGE_CURVE('',#6321,#6778,#6779,.T.);
#5749=EDGE_CURVE('',#6778,#6771,#6780,.T.);
#5750=EDGE_CURVE('',#6658,#6703,#6781,.T.);
#5751=EDGE_CURVE('',#6703,#6782,#6783,.T.);
#5752=EDGE_CURVE('',#6784,#6782,#6785,.T.);
#5753=EDGE_CURVE('',#6658,#6784,#6786,.T.);
#5754=EDGE_CURVE('',#6787,#6784,#6788,.T.);
#5755=EDGE_CURVE('',#6639,#6787,#6789,.T.);
#5756=EDGE_CURVE('',#6790,#6787,#6791,.T.);
#5757=EDGE_CURVE('',#6640,#6790,#6792,.T.);
#5758=EDGE_CURVE('',#6782,#6790,#6793,.T.);
#5759=EDGE_CURVE('',#6790,#6794,#6795,.T.);
#5760=EDGE_CURVE('',#6796,#6794,#6797,.T.);
#5761=EDGE_CURVE('',#6782,#6796,#6798,.T.);
#5762=EDGE_CURVE('',#6799,#6796,#6800,.T.);
#5763=EDGE_CURVE('',#6784,#6799,#6801,.T.);
#5764=EDGE_CURVE('',#6802,#6799,#6803,.T.);
#5765=EDGE_CURVE('',#6787,#6802,#6804,.T.);
#5766=EDGE_CURVE('',#6794,#6802,#6805,.T.);
#5767=EDGE_CURVE('',#6802,#6806,#6807,.T.);
#5768=EDGE_CURVE('',#6808,#6806,#6809,.T.);
#5769=EDGE_CURVE('',#6794,#6808,#6810,.T.);
#5770=EDGE_CURVE('',#6811,#6808,#6812,.T.);
#5771=EDGE_CURVE('',#6796,#6811,#6813,.T.);
#5772=EDGE_CURVE('',#6814,#6811,#6815,.T.);
#5773=EDGE_CURVE('',#6799,#6814,#6816,.T.);
#5774=EDGE_CURVE('',#6806,#6814,#6817,.T.);
#5775=EDGE_CURVE('',#6814,#6818,#6819,.T.);
#5776=EDGE_CURVE('',#6820,#6818,#6821,.T.);
#5777=EDGE_CURVE('',#6806,#6820,#6822,.T.);
#5778=EDGE_CURVE('',#6823,#6820,#6824,.T.);
#5779=EDGE_CURVE('',#6808,#6823,#6825,.T.);
#5780=EDGE_CURVE('',#6826,#6823,#6827,.T.);
#5781=EDGE_CURVE('',#6811,#6826,#6828,.T.);
#5782=EDGE_CURVE('',#6818,#6826,#6829,.T.);
#5783=EDGE_CURVE('',#6826,#6830,#6831,.T.);
#5784=EDGE_CURVE('',#6832,#6830,#6833,.T.);
#5785=EDGE_CURVE('',#6818,#6832,#6834,.T.);
#5786=EDGE_CURVE('',#6835,#6832,#6836,.T.);
#5787=EDGE_CURVE('',#6820,#6835,#6837,.T.);
#5788=EDGE_CURVE('',#6838,#6835,#6839,.T.);
#5789=EDGE_CURVE('',#6823,#6838,#6840,.T.);
#5790=EDGE_CURVE('',#6830,#6838,#6841,.T.);
#5791=EDGE_CURVE('',#6679,#6724,#6842,.T.);
#5792=EDGE_CURVE('',#6727,#6687,#6843,.T.);
#5793=EDGE_CURVE('',#6771,#6629,#6844,.T.);
#5794=EDGE_CURVE('',#6631,#6778,#6845,.T.);
#5795=EDGE_CURVE('',#6730,#6684,#6846,.T.);
#5796=EDGE_CURVE('',#6634,#6775,#6847,.T.);
#5797=EDGE_CURVE('',#6732,#6682,#6848,.T.);
#5798=EDGE_CURVE('',#6636,#6773,#6849,.T.);
#5799=EDGE_CURVE('',#6725,#6680,#6850,.T.);
#5800=EDGE_CURVE('',#6628,#6770,#6851,.T.);
#5801=EDGE_CURVE('',#6680,#6852,#6853,.T.);
#5802=EDGE_CURVE('',#6854,#6852,#6855,.T.);
#5803=EDGE_CURVE('',#6725,#6854,#6856,.T.);
#5804=EDGE_CURVE('',#6857,#6854,#6858,.T.);
#5805=EDGE_CURVE('',#6724,#6857,#6859,.T.);
#5806=EDGE_CURVE('',#6860,#6857,#6861,.T.);
#5807=EDGE_CURVE('',#6679,#6860,#6862,.T.);
#5808=EDGE_CURVE('',#6852,#6860,#6863,.T.);
#5809=EDGE_CURVE('',#6860,#6864,#6865,.T.);
#5810=EDGE_CURVE('',#6866,#6864,#6867,.T.);
#5811=EDGE_CURVE('',#6852,#6866,#6868,.T.);
#5812=EDGE_CURVE('',#6869,#6866,#6870,.T.);
#5813=EDGE_CURVE('',#6854,#6869,#6871,.T.);
#5814=EDGE_CURVE('',#6872,#6869,#6873,.T.);
#5815=EDGE_CURVE('',#6857,#6872,#6874,.T.);
#5816=EDGE_CURVE('',#6864,#6872,#6875,.T.);
#5817=EDGE_CURVE('',#6872,#6876,#6877,.T.);
#5818=EDGE_CURVE('',#6878,#6876,#6879,.T.);
#5819=EDGE_CURVE('',#6864,#6878,#6880,.T.);
#5820=EDGE_CURVE('',#6881,#6878,#6882,.T.);
#5821=EDGE_CURVE('',#6866,#6881,#6883,.T.);
#5822=EDGE_CURVE('',#6884,#6881,#6885,.T.);
#5823=EDGE_CURVE('',#6869,#6884,#6886,.T.);
#5824=EDGE_CURVE('',#6876,#6884,#6887,.T.);
#5825=EDGE_CURVE('',#6884,#6888,#6889,.T.);
#5826=EDGE_CURVE('',#6890,#6888,#6891,.T.);
#5827=EDGE_CURVE('',#6876,#6890,#6892,.T.);
#5828=EDGE_CURVE('',#6893,#6890,#6894,.T.);
#5829=EDGE_CURVE('',#6878,#6893,#6895,.T.);
#5830=EDGE_CURVE('',#6896,#6893,#6897,.T.);
#5831=EDGE_CURVE('',#6881,#6896,#6898,.T.);
#5832=EDGE_CURVE('',#6888,#6896,#6899,.T.);
#5833=EDGE_CURVE('',#6896,#6900,#6901,.T.);
#5834=EDGE_CURVE('',#6902,#6900,#6903,.T.);
#5835=EDGE_CURVE('',#6888,#6902,#6904,.T.);
#5836=EDGE_CURVE('',#6905,#6902,#6906,.T.);
#5837=EDGE_CURVE('',#6890,#6905,#6907,.T.);
#5838=EDGE_CURVE('',#6908,#6905,#6909,.T.);
#5839=EDGE_CURVE('',#6893,#6908,#6910,.T.);
#5840=EDGE_CURVE('',#6900,#6908,#6911,.T.);
#5841=EDGE_CURVE('',#6770,#6912,#6913,.T.);
#5842=EDGE_CURVE('',#6914,#6912,#6915,.T.);
#5843=EDGE_CURVE('',#6628,#6914,#6916,.T.);
#5844=EDGE_CURVE('',#6917,#6914,#6918,.T.);
#5845=EDGE_CURVE('',#6629,#6917,#6919,.T.);
#5846=EDGE_CURVE('',#6920,#6917,#6921,.T.);
#5847=EDGE_CURVE('',#6771,#6920,#6922,.T.);
#5848=EDGE_CURVE('',#6912,#6920,#6923,.T.);
#5849=EDGE_CURVE('',#6920,#6924,#6925,.T.);
#5850=EDGE_CURVE('',#6926,#6924,#6927,.T.);
#5851=EDGE_CURVE('',#6912,#6926,#6928,.T.);
#5852=EDGE_CURVE('',#6929,#6926,#6930,.T.);
#5853=EDGE_CURVE('',#6914,#6929,#6931,.T.);
#5854=EDGE_CURVE('',#6932,#6929,#6933,.T.);
#5855=EDGE_CURVE('',#6917,#6932,#6934,.T.);
#5856=EDGE_CURVE('',#6924,#6932,#6935,.T.);
#5857=EDGE_CURVE('',#6932,#6936,#6937,.T.);
#5858=EDGE_CURVE('',#6938,#6936,#6939,.T.);
#5859=EDGE_CURVE('',#6924,#6938,#6940,.T.);
#5860=EDGE_CURVE('',#6941,#6938,#6942,.T.);
#5861=EDGE_CURVE('',#6926,#6941,#6943,.T.);
#5862=EDGE_CURVE('',#6944,#6941,#6945,.T.);
#5863=EDGE_CURVE('',#6929,#6944,#6946,.T.);
#5864=EDGE_CURVE('',#6936,#6944,#6947,.T.);
#5865=EDGE_CURVE('',#6944,#6948,#6949,.T.);
#5866=EDGE_CURVE('',#6950,#6948,#6951,.T.);
#5867=EDGE_CURVE('',#6936,#6950,#6952,.T.);
#5868=EDGE_CURVE('',#6953,#6950,#6954,.T.);
#5869=EDGE_CURVE('',#6938,#6953,#6955,.T.);
#5870=EDGE_CURVE('',#6956,#6953,#6957,.T.);
#5871=EDGE_CURVE('',#6941,#6956,#6958,.T.);
#5872=EDGE_CURVE('',#6948,#6956,#6959,.T.);
#5873=EDGE_CURVE('',#6956,#6960,#6961,.T.);
#5874=EDGE_CURVE('',#6962,#6960,#6963,.T.);
#5875=EDGE_CURVE('',#6948,#6962,#6964,.T.);
#5876=EDGE_CURVE('',#6965,#6962,#6966,.T.);
#5877=EDGE_CURVE('',#6950,#6965,#6967,.T.);
#5878=EDGE_CURVE('',#6968,#6965,#6969,.T.);
#5879=EDGE_CURVE('',#6953,#6968,#6970,.T.);
#5880=EDGE_CURVE('',#6960,#6968,#6971,.T.);
#5881=EDGE_CURVE('',#6767,#6972,#6973,.T.);
#5882=EDGE_CURVE('',#6974,#6972,#6975,.T.);
#5883=EDGE_CURVE('',#6974,#6976,#6977,.T.);
#5884=EDGE_CURVE('',#6976,#6978,#6979,.T.);
#5885=EDGE_CURVE('',#6978,#6746,#6980,.T.);
#5886=EDGE_CURVE('',#6981,#6982,#6983,.T.);
#5887=EDGE_CURVE('',#6982,#6984,#6985,.T.);
#5888=EDGE_CURVE('',#6984,#6749,#6986,.T.);
#5889=EDGE_CURVE('',#6747,#6987,#6988,.T.);
#5890=EDGE_CURVE('',#6981,#6987,#6989,.T.);
#5891=EDGE_CURVE('',#6990,#6978,#6991,.T.);
#5892=EDGE_CURVE('',#6625,#6990,#6992,.T.);
#5893=EDGE_CURVE('',#6625,#6746,#6993,.T.);
#5894=EDGE_CURVE('',#6747,#6623,#6994,.T.);
#5895=EDGE_CURVE('',#6708,#6674,#6995,.T.);
#5896=EDGE_CURVE('',#6676,#6709,#6996,.T.);
#5897=EDGE_CURVE('',#6997,#6623,#6998,.T.);
#5898=EDGE_CURVE('',#6987,#6997,#6999,.T.);
#5899=EDGE_CURVE('',#7000,#6981,#7001,.T.);
#5900=EDGE_CURVE('',#7002,#6997,#7003,.T.);
#5901=EDGE_CURVE('',#7004,#7002,#7005,.T.);
#5902=EDGE_CURVE('',#7000,#7004,#7006,.T.);
#5903=EDGE_CURVE('',#7007,#7008,#7009,.T.);
#5904=EDGE_CURVE('',#7000,#7007,#7010,.T.);
#5905=EDGE_CURVE('',#7008,#7004,#7011,.T.);
#5906=EDGE_CURVE('',#7012,#7013,#7014,.T.);
#5907=EDGE_CURVE('',#7012,#7015,#7016,.T.);
#5908=EDGE_CURVE('',#7015,#7017,#7018,.T.);
#5909=EDGE_CURVE('',#7017,#7019,#7020,.T.);
#5910=EDGE_CURVE('',#7021,#7019,#7022,.T.);
#5911=EDGE_CURVE('',#7021,#7013,#7023,.T.);
#5912=EDGE_CURVE('',#7024,#7025,#7026,.T.);
#5913=EDGE_CURVE('',#7025,#7027,#7028,.T.);
#5914=EDGE_CURVE('',#7029,#7027,#7030,.T.);
#5915=EDGE_CURVE('',#7029,#7031,#7032,.T.);
#5916=EDGE_CURVE('',#7033,#7031,#7034,.T.);
#5917=EDGE_CURVE('',#7033,#7024,#7035,.T.);
#5918=EDGE_CURVE('',#7036,#7037,#7038,.T.);
#5919=EDGE_CURVE('',#7036,#7039,#7040,.T.);
#5920=EDGE_CURVE('',#7039,#7041,#7042,.T.);
#5921=EDGE_CURVE('',#7041,#7043,#7044,.T.);
#5922=EDGE_CURVE('',#7045,#7043,#7046,.T.);
#5923=EDGE_CURVE('',#7045,#7037,#7047,.T.);
#5924=EDGE_CURVE('',#7002,#7048,#7049,.T.);
#5925=EDGE_CURVE('',#7050,#7048,#7051,.T.);
#5926=EDGE_CURVE('',#7050,#7052,#7053,.T.);
#5927=EDGE_CURVE('',#7008,#7052,#7054,.T.);
#5928=EDGE_CURVE('',#7055,#7056,#7057,.T.);
#5929=EDGE_CURVE('',#7055,#7058,#7059,.T.);
#5930=EDGE_CURVE('',#7058,#7060,#7061,.T.);
#5931=EDGE_CURVE('',#7060,#7062,#7063,.T.);
#5932=EDGE_CURVE('',#7064,#7062,#7065,.T.);
#5933=EDGE_CURVE('',#7064,#7056,#7066,.T.);
#5934=EDGE_CURVE('',#7067,#7068,#7069,.T.);
#5935=EDGE_CURVE('',#7068,#7070,#7071,.T.);
#5936=EDGE_CURVE('',#7072,#7070,#7073,.T.);
#5937=EDGE_CURVE('',#7072,#7074,#7075,.T.);
#5938=EDGE_CURVE('',#7076,#7074,#7077,.T.);
#5939=EDGE_CURVE('',#7076,#7067,#7078,.T.);
#5940=EDGE_CURVE('',#7079,#7080,#7081,.T.);
#5941=EDGE_CURVE('',#7013,#7079,#7082,.T.);
#5942=EDGE_CURVE('',#7021,#7080,#7083,.T.);
#5943=EDGE_CURVE('',#7019,#7084,#7085,.T.);
#5944=EDGE_CURVE('',#7084,#7086,#7087,.T.);
#5945=EDGE_CURVE('',#7088,#7086,#7089,.T.);
#5946=EDGE_CURVE('',#7080,#7088,#7090,.T.);
#5947=EDGE_CURVE('',#7091,#7088,#7092,.T.);
#5948=EDGE_CURVE('',#7093,#7091,#7094,.T.);
#5949=EDGE_CURVE('',#7093,#7095,#7096,.T.);
#5950=EDGE_CURVE('',#7095,#7079,#7097,.T.);
#5951=EDGE_CURVE('',#7098,#7099,#7100,.T.);
#5952=EDGE_CURVE('',#7099,#7101,#7102,.T.);
#5953=EDGE_CURVE('',#7101,#7103,#7104,.T.);
#5954=EDGE_CURVE('',#7105,#7103,#7106,.T.);
#5955=EDGE_CURVE('',#7107,#7105,#7108,.T.);
#5956=EDGE_CURVE('',#7107,#7098,#7109,.T.);
#5957=EDGE_CURVE('',#7110,#6976,#7111,.T.);
#5958=EDGE_CURVE('',#7112,#6974,#7113,.T.);
#5959=EDGE_CURVE('',#7112,#7114,#7115,.T.);
#5960=EDGE_CURVE('',#7114,#7116,#7117,.T.);
#5961=EDGE_CURVE('',#7116,#7110,#7118,.T.);
#5962=EDGE_CURVE('',#7007,#7119,#7120,.T.);
#5963=EDGE_CURVE('',#7119,#7121,#7122,.T.);
#5964=EDGE_CURVE('',#7121,#6982,#7123,.T.);
#5965=EDGE_CURVE('',#7124,#7125,#7126,.T.);
#5966=EDGE_CURVE('',#7127,#7125,#7128,.T.);
#5967=EDGE_CURVE('',#7129,#7127,#7130,.T.);
#5968=EDGE_CURVE('',#7129,#7131,#7132,.T.);
#5969=EDGE_CURVE('',#7131,#7133,#7134,.T.);
#5970=EDGE_CURVE('',#7133,#7124,#7135,.T.);
#5971=EDGE_CURVE('',#7136,#7137,#7138,.T.);
#5972=EDGE_CURVE('',#7137,#7139,#7140,.T.);
#5973=EDGE_CURVE('',#7139,#7141,#7142,.T.);
#5974=EDGE_CURVE('',#7143,#7141,#7144,.T.);
#5975=EDGE_CURVE('',#7145,#7143,#7146,.T.);
#5976=EDGE_CURVE('',#7145,#7136,#7147,.T.);
#5977=EDGE_CURVE('',#7095,#7012,#7148,.T.);
#5978=EDGE_CURVE('',#7093,#7015,#7149,.T.);
#5979=EDGE_CURVE('',#7091,#7150,#7151,.T.);
#5980=EDGE_CURVE('',#7150,#7152,#7153,.T.);
#5981=EDGE_CURVE('',#7017,#7152,#7154,.T.);
#5982=EDGE_CURVE('',#7152,#6545,#7155,.T.);
#5983=EDGE_CURVE('',#6543,#7084,#7156,.T.);
#5984=EDGE_CURVE('',#7086,#6361,#7157,.T.);
#5985=EDGE_CURVE('',#6543,#6361,#7158,.T.);
#5986=EDGE_CURVE('',#6455,#6619,#7159,.T.);
#5987=EDGE_CURVE('',#6408,#6453,#7160,.T.);
#5988=EDGE_CURVE('',#6406,#6751,#7161,.T.);
#5989=EDGE_CURVE('',#6621,#6749,#7162,.T.);
#5990=EDGE_CURVE('',#6412,#6719,#7163,.T.);
#5991=EDGE_CURVE('',#6451,#6410,#7164,.T.);
#5992=EDGE_CURVE('',#6664,#6449,#7165,.T.);
#5993=EDGE_CURVE('',#6721,#6663,#7166,.T.);
#5994=EDGE_CURVE('',#6357,#6713,#7167,.T.);
#5995=EDGE_CURVE('',#6672,#6711,#7168,.T.);
#5996=EDGE_CURVE('',#6547,#6670,#7169,.T.);
#5997=EDGE_CURVE('',#6359,#6545,#7170,.T.);
#5998=EDGE_CURVE('',#6363,#6765,#7171,.T.);
#5999=EDGE_CURVE('',#6767,#6615,#7172,.T.);
#6000=EDGE_CURVE('',#7173,#6984,#7174,.T.);
#6001=EDGE_CURVE('',#6621,#7173,#7175,.T.);
#6002=EDGE_CURVE('',#7041,#7176,#7177,.T.);
#6003=EDGE_CURVE('',#7176,#6615,#7178,.T.);
#6004=EDGE_CURVE('',#7043,#6990,#7179,.T.);
#6005=EDGE_CURVE('',#7048,#7173,#7180,.T.);
#6006=EDGE_CURVE('',#7045,#7110,#7181,.T.);
#6007=EDGE_CURVE('',#7037,#7116,#7182,.T.);
#6008=EDGE_CURVE('',#7114,#7036,#7183,.T.);
#6009=EDGE_CURVE('',#7052,#7119,#7184,.T.);
#6010=EDGE_CURVE('',#7112,#7039,#7185,.T.);
#6011=EDGE_CURVE('',#6972,#7176,#7186,.T.);
#6012=EDGE_CURVE('',#7050,#7121,#7187,.T.);
#6013=EDGE_CURVE('',#6753,#6404,#7188,.T.);
#6014=EDGE_CURVE('',#6761,#7189,#7190,.T.);
#6015=EDGE_CURVE('',#7191,#7189,#7192,.T.);
#6016=EDGE_CURVE('',#6755,#7191,#7193,.T.);
#6017=EDGE_CURVE('',#6402,#7194,#7195,.T.);
#6018=EDGE_CURVE('',#7196,#7194,#7197,.T.);
#6019=EDGE_CURVE('',#6474,#7196,#7198,.T.);
#6020=EDGE_CURVE('',#6478,#7199,#7200,.T.);
#6021=EDGE_CURVE('',#7199,#7201,#7202,.T.);
#6022=EDGE_CURVE('',#7203,#7201,#7204,.T.);
#6023=EDGE_CURVE('',#7203,#7205,#7206,.T.);
#6024=EDGE_CURVE('',#6559,#7205,#7207,.T.);
#6025=EDGE_CURVE('',#7208,#6564,#7209,.T.);
#6026=EDGE_CURVE('',#6367,#7208,#7210,.T.);
#6027=EDGE_CURVE('',#6365,#6763,#7211,.T.);
#6028=EDGE_CURVE('',#7212,#7213,#7214,.T.);
#6029=EDGE_CURVE('',#7215,#7213,#7216,.T.);
#6030=EDGE_CURVE('',#7217,#7215,#7218,.T.);
#6031=EDGE_CURVE('',#7217,#7212,#7219,.T.);
#6032=EDGE_CURVE('',#7220,#7221,#7222,.T.);
#6033=EDGE_CURVE('',#7223,#7221,#7224,.T.);
#6034=EDGE_CURVE('',#7225,#7223,#7226,.T.);
#6035=EDGE_CURVE('',#7225,#7220,#7227,.T.);
#6036=EDGE_CURVE('',#7228,#7229,#7230,.T.);
#6037=EDGE_CURVE('',#7231,#7229,#7232,.T.);
#6038=EDGE_CURVE('',#7233,#7231,#7234,.T.);
#6039=EDGE_CURVE('',#7233,#7228,#7235,.T.);
#6040=EDGE_CURVE('',#7236,#7237,#7238,.T.);
#6041=EDGE_CURVE('',#7239,#7237,#7240,.T.);
#6042=EDGE_CURVE('',#7241,#7239,#7242,.T.);
#6043=EDGE_CURVE('',#7241,#7236,#7243,.T.);
#6044=EDGE_CURVE('',#7208,#7244,#7245,.T.);
#6045=EDGE_CURVE('',#6369,#7244,#7246,.T.);
#6046=EDGE_CURVE('',#6757,#7247,#7248,.T.);
#6047=EDGE_CURVE('',#7247,#7249,#7250,.T.);
#6048=EDGE_CURVE('',#7249,#6759,#7251,.T.);
#6049=EDGE_CURVE('',#7244,#7252,#7253,.T.);
#6050=EDGE_CURVE('',#7252,#6348,#7254,.T.);
#6051=EDGE_CURVE('',#6422,#7255,#7256,.T.);
#6052=EDGE_CURVE('',#7255,#7257,#7258,.T.);
#6053=EDGE_CURVE('',#7257,#6401,#7259,.T.);
#6054=EDGE_CURVE('',#7260,#6715,#7261,.T.);
#6055=EDGE_CURVE('',#7260,#7262,#7263,.T.);
#6056=EDGE_CURVE('',#7262,#7264,#7265,.T.);
#6057=EDGE_CURVE('',#7264,#7266,#7267,.T.);
#6058=EDGE_CURVE('',#7266,#7268,#7269,.T.);
#6059=EDGE_CURVE('',#7268,#7270,#7271,.T.);
#6060=EDGE_CURVE('',#7270,#6717,#7272,.T.);
#6061=EDGE_CURVE('',#7189,#7249,#7273,.T.);
#6062=EDGE_CURVE('',#7191,#7247,#7274,.T.);
#6063=EDGE_CURVE('',#6473,#6420,#7275,.T.);
#6064=EDGE_CURVE('',#7196,#7255,#7276,.T.);
#6065=EDGE_CURVE('',#6349,#6562,#7277,.T.);
#6066=EDGE_CURVE('',#6564,#7252,#7278,.T.);
#6067=EDGE_CURVE('',#7194,#7257,#7279,.T.);
#6068=EDGE_CURVE('',#7280,#7281,#7282,.T.);
#6069=EDGE_CURVE('',#7283,#7280,#7284,.T.);
#6070=EDGE_CURVE('',#7283,#7285,#7286,.T.);
#6071=EDGE_CURVE('',#7285,#6473,#7287,.T.);
#6072=EDGE_CURVE('',#7288,#6420,#7289,.T.);
#6073=EDGE_CURVE('',#7288,#7290,#7291,.T.);
#6074=EDGE_CURVE('',#7290,#7292,#7293,.T.);
#6075=EDGE_CURVE('',#7292,#7294,#7295,.T.);
#6076=EDGE_CURVE('',#7281,#7294,#7296,.T.);
#6077=EDGE_CURVE('',#7297,#7298,#7299,.T.);
#6078=EDGE_CURVE('',#7297,#7300,#7301,.T.);
#6079=EDGE_CURVE('',#7300,#7302,#7303,.T.);
#6080=EDGE_CURVE('',#6349,#7302,#7304,.T.);
#6081=EDGE_CURVE('',#6562,#7305,#7306,.T.);
#6082=EDGE_CURVE('',#7305,#7307,#7308,.T.);
#6083=EDGE_CURVE('',#7309,#7307,#7310,.T.);
#6084=EDGE_CURVE('',#7309,#7311,#7312,.T.);
#6085=EDGE_CURVE('',#7311,#7298,#7313,.T.);
#6086=EDGE_CURVE('',#7314,#7315,#7316,.T.);
#6087=EDGE_CURVE('',#7281,#7314,#7317,.T.);
#6088=EDGE_CURVE('',#7315,#7294,#7318,.T.);
#6089=EDGE_CURVE('',#7319,#7292,#7320,.T.);
#6090=EDGE_CURVE('',#7319,#7315,#7321,.T.);
#6091=EDGE_CURVE('',#7322,#7319,#7323,.T.);
#6092=EDGE_CURVE('',#7324,#7322,#7325,.T.);
#6093=EDGE_CURVE('',#7324,#6418,#7326,.T.);
#6094=EDGE_CURVE('',#6476,#6418,#7327,.T.);
#6095=EDGE_CURVE('',#7328,#6476,#7329,.T.);
#6096=EDGE_CURVE('',#7330,#7328,#7331,.T.);
#6097=EDGE_CURVE('',#7330,#7332,#7333,.T.);
#6098=EDGE_CURVE('',#7332,#7314,#7334,.T.);
#6099=EDGE_CURVE('',#7335,#7336,#7337,.T.);
#6100=EDGE_CURVE('',#7335,#7338,#7339,.T.);
#6101=EDGE_CURVE('',#7340,#7338,#7341,.T.);
#6102=EDGE_CURVE('',#6560,#7340,#7342,.T.);
#6103=EDGE_CURVE('',#6351,#6560,#7343,.T.);
#6104=EDGE_CURVE('',#6351,#7344,#7345,.T.);
#6105=EDGE_CURVE('',#7346,#7344,#7347,.T.);
#6106=EDGE_CURVE('',#7348,#7346,#7349,.T.);
#6107=EDGE_CURVE('',#7348,#7350,#7351,.T.);
#6108=EDGE_CURVE('',#7336,#7350,#7352,.T.);
#6109=EDGE_CURVE('',#7332,#7280,#7353,.T.);
#6110=EDGE_CURVE('',#7330,#7283,#7354,.T.);
#6111=EDGE_CURVE('',#7328,#7285,#7355,.T.);
#6112=EDGE_CURVE('',#7356,#6416,#7357,.T.);
#6113=EDGE_CURVE('',#7270,#7356,#7358,.T.);
#6114=EDGE_CURVE('',#7199,#7268,#7359,.T.);
#6115=EDGE_CURVE('',#7205,#7262,#7360,.T.);
#6116=EDGE_CURVE('',#7361,#7260,#7362,.T.);
#6117=EDGE_CURVE('',#6353,#7361,#7363,.T.);
#6118=EDGE_CURVE('',#7201,#7266,#7364,.T.);
#6119=EDGE_CURVE('',#7203,#7264,#7365,.T.);
#6120=EDGE_CURVE('',#6414,#7356,#7366,.T.);
#6121=EDGE_CURVE('',#6355,#7361,#7367,.T.);
#6122=EDGE_CURVE('',#7324,#7288,#7368,.T.);
#6123=EDGE_CURVE('',#7322,#7290,#7369,.T.);
#6124=EDGE_CURVE('',#7336,#7311,#7370,.T.);
#6125=EDGE_CURVE('',#7298,#7350,#7371,.T.);
#6126=EDGE_CURVE('',#7348,#7297,#7372,.T.);
#6127=EDGE_CURVE('',#7346,#7300,#7373,.T.);
#6128=EDGE_CURVE('',#7344,#7302,#7374,.T.);
#6129=EDGE_CURVE('',#7335,#7309,#7375,.T.);
#6130=EDGE_CURVE('',#7338,#7307,#7376,.T.);
#6131=EDGE_CURVE('',#7340,#7305,#7377,.T.);
#6132=EDGE_CURVE('',#7217,#7378,#7379,.T.);
#6133=EDGE_CURVE('',#7380,#7378,#7381,.T.);
#6134=EDGE_CURVE('',#7212,#7380,#7382,.T.);
#6135=EDGE_CURVE('',#7383,#7380,#7384,.T.);
#6136=EDGE_CURVE('',#7213,#7383,#7385,.T.);
#6137=EDGE_CURVE('',#7386,#7383,#7387,.T.);
#6138=EDGE_CURVE('',#7215,#7386,#7388,.T.);
#6139=EDGE_CURVE('',#7378,#7386,#7389,.T.);
#6140=EDGE_CURVE('',#7225,#7390,#7391,.T.);
#6141=EDGE_CURVE('',#7392,#7390,#7393,.T.);
#6142=EDGE_CURVE('',#7220,#7392,#7394,.T.);
#6143=EDGE_CURVE('',#7395,#7392,#7396,.T.);
#6144=EDGE_CURVE('',#7221,#7395,#7397,.T.);
#6145=EDGE_CURVE('',#7398,#7395,#7399,.T.);
#6146=EDGE_CURVE('',#7223,#7398,#7400,.T.);
#6147=EDGE_CURVE('',#7390,#7398,#7401,.T.);
#6148=EDGE_CURVE('',#7233,#7402,#7403,.T.);
#6149=EDGE_CURVE('',#7404,#7402,#7405,.T.);
#6150=EDGE_CURVE('',#7228,#7404,#7406,.T.);
#6151=EDGE_CURVE('',#7407,#7404,#7408,.T.);
#6152=EDGE_CURVE('',#7229,#7407,#7409,.T.);
#6153=EDGE_CURVE('',#7410,#7407,#7411,.T.);
#6154=EDGE_CURVE('',#7231,#7410,#7412,.T.);
#6155=EDGE_CURVE('',#7402,#7410,#7413,.T.);
#6156=EDGE_CURVE('',#7241,#7414,#7415,.T.);
#6157=EDGE_CURVE('',#7416,#7414,#7417,.T.);
#6158=EDGE_CURVE('',#7236,#7416,#7418,.T.);
#6159=EDGE_CURVE('',#7419,#7416,#7420,.T.);
#6160=EDGE_CURVE('',#7237,#7419,#7421,.T.);
#6161=EDGE_CURVE('',#7422,#7419,#7423,.T.);
#6162=EDGE_CURVE('',#7239,#7422,#7424,.T.);
#6163=EDGE_CURVE('',#7414,#7422,#7425,.T.);
#6164=EDGE_CURVE('',#7426,#6453,#7427,.T.);
#6165=EDGE_CURVE('',#7428,#7426,#7429,.T.);
#6166=EDGE_CURVE('',#6408,#7428,#7430,.T.);
#6167=EDGE_CURVE('',#7105,#7428,#7431,.T.);
#6168=EDGE_CURVE('',#7103,#7432,#7433,.T.);
#6169=EDGE_CURVE('',#7432,#6410,#7434,.T.);
#6170=EDGE_CURVE('',#7435,#7432,#7436,.T.);
#6171=EDGE_CURVE('',#6451,#7435,#7437,.T.);
#6172=EDGE_CURVE('',#7025,#7426,#7438,.T.);
#6173=EDGE_CURVE('',#7027,#7435,#7439,.T.);
#6174=EDGE_CURVE('',#7029,#7101,#7440,.T.);
#6175=EDGE_CURVE('',#7031,#7099,#7441,.T.);
#6176=EDGE_CURVE('',#7098,#7033,#7442,.T.);
#6177=EDGE_CURVE('',#7107,#7024,#7443,.T.);
#6178=EDGE_CURVE('',#6447,#6617,#7444,.T.);
#6179=EDGE_CURVE('',#6549,#6668,#7445,.T.);
#6180=EDGE_CURVE('',#6666,#6446,#7446,.T.);
#6181=EDGE_CURVE('',#7447,#7448,#7449,.T.);
#6182=EDGE_CURVE('',#7450,#7447,#7451,.T.);
#6183=EDGE_CURVE('',#7452,#7450,#7453,.T.);
#6184=EDGE_CURVE('',#7454,#7452,#7455,.T.);
#6185=EDGE_CURVE('',#7456,#7454,#7457,.T.);
#6186=EDGE_CURVE('',#7448,#7456,#7458,.T.);
#6187=EDGE_CURVE('',#7448,#7459,#7460,.T.);
#6188=EDGE_CURVE('',#7456,#7461,#7462,.T.);
#6189=EDGE_CURVE('',#7459,#7461,#7463,.T.);
#6190=EDGE_CURVE('',#7464,#7465,#7466,.T.);
#6191=EDGE_CURVE('',#7465,#7467,#7468,.T.);
#6192=EDGE_CURVE('',#7467,#7459,#7469,.T.);
#6193=EDGE_CURVE('',#7461,#7470,#7471,.T.);
#6194=EDGE_CURVE('',#7470,#7464,#7472,.T.);
#6195=EDGE_CURVE('',#7470,#7473,#7474,.T.);
#6196=EDGE_CURVE('',#7473,#7475,#7476,.T.);
#6197=EDGE_CURVE('',#7477,#7475,#7478,.T.);
#6198=EDGE_CURVE('',#7479,#7477,#7480,.T.);
#6199=EDGE_CURVE('',#7479,#7464,#7481,.T.);
#6200=EDGE_CURVE('',#7479,#7482,#7483,.T.);
#6201=EDGE_CURVE('',#7482,#7465,#7484,.T.);
#6202=EDGE_CURVE('',#7482,#7485,#7486,.T.);
#6203=EDGE_CURVE('',#7485,#7487,#7488,.T.);
#6204=EDGE_CURVE('',#7487,#7489,#7490,.T.);
#6205=EDGE_CURVE('',#7489,#7467,#7491,.T.);
#6206=EDGE_CURVE('',#7447,#7489,#7492,.T.);
#6207=EDGE_CURVE('',#7450,#7487,#7493,.T.);
#6208=EDGE_CURVE('',#7452,#7475,#7494,.T.);
#6209=EDGE_CURVE('',#7477,#7485,#7495,.T.);
#6210=EDGE_CURVE('',#7496,#7497,#7498,.T.);
#6211=EDGE_CURVE('',#7497,#7499,#7500,.T.);
#6212=EDGE_CURVE('',#7499,#7501,#7502,.T.);
#6213=EDGE_CURVE('',#7496,#7501,#7503,.T.);
#6214=EDGE_CURVE('',#7504,#7505,#7506,.T.);
#6215=EDGE_CURVE('',#7505,#7507,#7508,.T.);
#6216=EDGE_CURVE('',#7507,#7509,#7510,.T.);
#6217=EDGE_CURVE('',#7504,#7509,#7511,.T.);
#6218=EDGE_CURVE('',#7512,#7513,#7514,.T.);
#6219=EDGE_CURVE('',#7513,#7515,#7516,.T.);
#6220=EDGE_CURVE('',#7515,#7517,#7518,.T.);
#6221=EDGE_CURVE('',#7512,#7517,#7519,.T.);
#6222=EDGE_CURVE('',#7520,#7521,#7522,.T.);
#6223=EDGE_CURVE('',#7521,#7523,#7524,.T.);
#6224=EDGE_CURVE('',#7523,#7525,#7526,.T.);
#6225=EDGE_CURVE('',#7520,#7525,#7527,.T.);
#6226=EDGE_CURVE('',#7454,#7473,#7528,.T.);
#6227=EDGE_CURVE('',#7529,#7501,#7530,.T.);
#6228=EDGE_CURVE('',#7496,#7529,#7531,.T.);
#6229=EDGE_CURVE('',#7532,#7529,#7533,.T.);
#6230=EDGE_CURVE('',#7497,#7532,#7534,.T.);
#6231=EDGE_CURVE('',#7532,#7499,#7535,.T.);
#6232=EDGE_CURVE('',#7536,#7509,#7537,.T.);
#6233=EDGE_CURVE('',#7504,#7536,#7538,.T.);
#6234=EDGE_CURVE('',#7539,#7536,#7540,.T.);
#6235=EDGE_CURVE('',#7505,#7539,#7541,.T.);
#6236=EDGE_CURVE('',#7539,#7507,#7542,.T.);
#6237=EDGE_CURVE('',#7543,#7517,#7544,.T.);
#6238=EDGE_CURVE('',#7512,#7543,#7545,.T.);
#6239=EDGE_CURVE('',#7546,#7543,#7547,.T.);
#6240=EDGE_CURVE('',#7513,#7546,#7548,.T.);
#6241=EDGE_CURVE('',#7546,#7515,#7549,.T.);
#6242=EDGE_CURVE('',#7550,#7525,#7551,.T.);
#6243=EDGE_CURVE('',#7520,#7550,#7552,.T.);
#6244=EDGE_CURVE('',#7553,#7550,#7554,.T.);
#6245=EDGE_CURVE('',#7521,#7553,#7555,.T.);
#6246=EDGE_CURVE('',#7553,#7523,#7556,.T.);
#6247=EDGE_CURVE('',#7557,#6663,#7558,.T.);
#6248=EDGE_CURVE('',#7559,#7557,#7560,.T.);
#6249=EDGE_CURVE('',#6721,#7559,#7561,.T.);
#6250=EDGE_CURVE('',#7127,#7559,#7562,.T.);
#6251=EDGE_CURVE('',#7125,#7563,#7564,.T.);
#6252=EDGE_CURVE('',#7563,#6709,#7565,.T.);
#6253=EDGE_CURVE('',#7141,#7566,#7567,.T.);
#6254=EDGE_CURVE('',#7566,#6711,#7568,.T.);
#6255=EDGE_CURVE('',#6708,#7569,#7570,.T.);
#6256=EDGE_CURVE('',#7143,#7569,#7571,.T.);
#6257=EDGE_CURVE('',#7572,#7563,#7573,.T.);
#6258=EDGE_CURVE('',#6676,#7572,#7574,.T.);
#6259=EDGE_CURVE('',#7060,#7557,#7575,.T.);
#6260=EDGE_CURVE('',#7062,#7572,#7576,.T.);
#6261=EDGE_CURVE('',#6672,#7577,#7578,.T.);
#6262=EDGE_CURVE('',#7070,#7577,#7579,.T.);
#6263=EDGE_CURVE('',#7068,#7580,#7581,.T.);
#6264=EDGE_CURVE('',#7580,#6674,#7582,.T.);
#6265=EDGE_CURVE('',#7064,#7124,#7583,.T.);
#6266=EDGE_CURVE('',#7056,#7133,#7584,.T.);
#6267=EDGE_CURVE('',#7131,#7055,#7585,.T.);
#6268=EDGE_CURVE('',#7074,#7137,#7586,.T.);
#6269=EDGE_CURVE('',#7136,#7076,#7587,.T.);
#6270=EDGE_CURVE('',#7129,#7058,#7588,.T.);
#6271=EDGE_CURVE('',#7145,#7067,#7589,.T.);
#6272=EDGE_CURVE('',#7569,#7580,#7590,.T.);
#6273=EDGE_CURVE('',#7072,#7139,#7591,.T.);
#6274=EDGE_CURVE('',#7577,#7566,#7592,.T.);
#6275=EDGE_CURVE('',#6359,#7150,#7593,.T.);
#6276=EDGE_CURVE('',#6650,#7594,#7595,.T.);
#6277=EDGE_CURVE('',#7596,#7594,#7597,.T.);
#6278=EDGE_CURVE('',#6698,#7596,#7598,.T.);
#6279=EDGE_CURVE('',#7599,#7596,#7600,.T.);
#6280=EDGE_CURVE('',#6690,#7599,#7601,.T.);
#6281=EDGE_CURVE('',#7602,#7599,#7603,.T.);
#6282=EDGE_CURVE('',#6651,#7602,#7604,.T.);
#6283=EDGE_CURVE('',#7594,#7602,#7605,.T.);
#6284=EDGE_CURVE('',#7602,#7606,#7607,.T.);
#6285=EDGE_CURVE('',#7608,#7606,#7609,.T.);
#6286=EDGE_CURVE('',#7594,#7608,#7610,.T.);
#6287=EDGE_CURVE('',#7611,#7608,#7612,.T.);
#6288=EDGE_CURVE('',#7596,#7611,#7613,.T.);
#6289=EDGE_CURVE('',#7614,#7611,#7615,.T.);
#6290=EDGE_CURVE('',#7599,#7614,#7616,.T.);
#6291=EDGE_CURVE('',#7606,#7614,#7617,.T.);
#6292=EDGE_CURVE('',#7614,#7618,#7619,.T.);
#6293=EDGE_CURVE('',#7620,#7618,#7621,.T.);
#6294=EDGE_CURVE('',#7606,#7620,#7622,.T.);
#6295=EDGE_CURVE('',#7623,#7620,#7624,.T.);
#6296=EDGE_CURVE('',#7608,#7623,#7625,.T.);
#6297=EDGE_CURVE('',#7626,#7623,#7627,.T.);
#6298=EDGE_CURVE('',#7611,#7626,#7628,.T.);
#6299=EDGE_CURVE('',#7618,#7626,#7629,.T.);
#6300=EDGE_CURVE('',#7626,#7630,#7631,.T.);
#6301=EDGE_CURVE('',#7632,#7630,#7633,.T.);
#6302=EDGE_CURVE('',#7618,#7632,#7634,.T.);
#6303=EDGE_CURVE('',#7635,#7632,#7636,.T.);
#6304=EDGE_CURVE('',#7620,#7635,#7637,.T.);
#6305=EDGE_CURVE('',#7638,#7635,#7639,.T.);
#6306=EDGE_CURVE('',#7623,#7638,#7640,.T.);
#6307=EDGE_CURVE('',#7630,#7638,#7641,.T.);
#6308=EDGE_CURVE('',#7638,#7642,#7643,.T.);
#6309=EDGE_CURVE('',#7644,#7642,#7645,.T.);
#6310=EDGE_CURVE('',#7630,#7644,#7646,.T.);
#6311=EDGE_CURVE('',#7647,#7644,#7648,.T.);
#6312=EDGE_CURVE('',#7632,#7647,#7649,.T.);
#6313=EDGE_CURVE('',#7650,#7647,#7651,.T.);
#6314=EDGE_CURVE('',#7635,#7650,#7652,.T.);
#6315=EDGE_CURVE('',#7642,#7650,#7653,.T.);
#6316=VERTEX_POINT('',#7654);
#6317=VERTEX_POINT('',#7655);
#6318=LINE('',#7656,#7657);
#6319=VERTEX_POINT('',#7658);
#6320=CIRCLE('',#7659,0.8961365110571);
#6321=VERTEX_POINT('',#7660);
#6322=LINE('',#7661,#7662);
#6323=CIRCLE('',#7663,0.8961365110571);
#6324=VERTEX_POINT('',#7664);
#6325=VERTEX_POINT('',#7665);
#6326=LINE('',#7666,#7667);
#6327=VERTEX_POINT('',#7668);
#6328=CIRCLE('',#7669,0.8961365110571);
#6329=VERTEX_POINT('',#7670);
#6330=LINE('',#7671,#7672);
#6331=CIRCLE('',#7673,0.8961365110571);
#6332=VERTEX_POINT('',#7674);
#6333=VERTEX_POINT('',#7675);
#6334=LINE('',#7676,#7677);
#6335=VERTEX_POINT('',#7678);
#6336=CIRCLE('',#7679,0.8961365110571);
#6337=VERTEX_POINT('',#7680);
#6338=LINE('',#7681,#7682);
#6339=CIRCLE('',#7683,0.8961365110571);
#6340=VERTEX_POINT('',#7684);
#6341=VERTEX_POINT('',#7685);
#6342=LINE('',#7686,#7687);
#6343=VERTEX_POINT('',#7688);
#6344=CIRCLE('',#7689,0.8961365110571);
#6345=VERTEX_POINT('',#7690);
#6346=LINE('',#7691,#7692);
#6347=CIRCLE('',#7693,0.8961365110571);
#6348=VERTEX_POINT('',#7694);
#6349=VERTEX_POINT('',#7695);
#6350=LINE('',#7696,#7697);
#6351=VERTEX_POINT('',#7698);
#6352=LINE('',#7699,#7700);
#6353=VERTEX_POINT('',#7701);
#6354=LINE('',#7702,#7703);
#6355=VERTEX_POINT('',#7704);
#6356=LINE('',#7705,#7706);
#6357=VERTEX_POINT('',#7707);
#6358=LINE('',#7708,#7709);
#6359=VERTEX_POINT('',#7710);
#6360=LINE('',#7711,#7712);
#6361=VERTEX_POINT('',#7713);
#6362=LINE('',#7714,#7715);
#6363=VERTEX_POINT('',#7716);
#6364=LINE('',#7717,#7718);
#6365=VERTEX_POINT('',#7719);
#6366=LINE('',#7720,#7721);
#6367=VERTEX_POINT('',#7722);
#6368=LINE('',#7723,#7724);
#6369=VERTEX_POINT('',#7725);
#6370=LINE('',#7726,#7727);
#6371=LINE('',#7728,#7729);
#6372=VERTEX_POINT('',#7730);
#6373=VERTEX_POINT('',#7731);
#6374=LINE('',#7732,#7733);
#6375=VERTEX_POINT('',#7734);
#6376=LINE('',#7735,#7736);
#6377=VERTEX_POINT('',#7737);
#6378=LINE('',#7738,#7739);
#6379=VERTEX_POINT('',#7740);
#6380=CIRCLE('',#7741,0.25);
#6381=VERTEX_POINT('',#7742);
#6382=LINE('',#7743,#7744);
#6383=VERTEX_POINT('',#7745);
#6384=CIRCLE('',#7746,0.25);
#6385=VERTEX_POINT('',#7747);
#6386=LINE('',#7748,#7749);
#6387=LINE('',#7750,#7751);
#6388=VERTEX_POINT('',#7752);
#6389=VERTEX_POINT('',#7753);
#6390=LINE('',#7754,#7755);
#6391=VERTEX_POINT('',#7756);
#6392=LINE('',#7757,#7758);
#6393=VERTEX_POINT('',#7759);
#6394=LINE('',#7760,#7761);
#6395=LINE('',#7762,#7763);
#6396=VERTEX_POINT('',#7764);
#6397=LINE('',#7765,#7766);
#6398=VERTEX_POINT('',#7767);
#6399=LINE('',#7768,#7769);
#6400=LINE('',#7770,#7771);
#6401=VERTEX_POINT('',#7772);
#6402=VERTEX_POINT('',#7773);
#6403=LINE('',#7774,#7775);
#6404=VERTEX_POINT('',#7776);
#6405=LINE('',#7777,#7778);
#6406=VERTEX_POINT('',#7779);
#6407=LINE('',#7780,#7781);
#6408=VERTEX_POINT('',#7782);
#6409=LINE('',#7783,#7784);
#6410=VERTEX_POINT('',#7785);
#6411=LINE('',#7786,#7787);
#6412=VERTEX_POINT('',#7788);
#6413=LINE('',#7789,#7790);
#6414=VERTEX_POINT('',#7791);
#6415=LINE('',#7792,#7793);
#6416=VERTEX_POINT('',#7794);
#6417=LINE('',#7795,#7796);
#6418=VERTEX_POINT('',#7797);
#6419=LINE('',#7798,#7799);
#6420=VERTEX_POINT('',#7800);
#6421=LINE('',#7801,#7802);
#6422=VERTEX_POINT('',#7803);
#6423=LINE('',#7804,#7805);
#6424=LINE('',#7806,#7807);
#6425=VERTEX_POINT('',#7808);
#6426=LINE('',#7809,#7810);
#6427=VERTEX_POINT('',#7811);
#6428=CIRCLE('',#7812,0.25);
#6429=VERTEX_POINT('',#7813);
#6430=LINE('',#7814,#7815);
#6431=VERTEX_POINT('',#7816);
#6432=CIRCLE('',#7817,0.25);
#6433=VERTEX_POINT('',#7818);
#6434=LINE('',#7819,#7820);
#6435=VERTEX_POINT('',#7821);
#6436=LINE('',#7822,#7823);
#6437=LINE('',#7824,#7825);
#6438=VERTEX_POINT('',#7826);
#6439=LINE('',#7827,#7828);
#6440=VERTEX_POINT('',#7829);
#6441=LINE('',#7830,#7831);
#6442=LINE('',#7832,#7833);
#6443=VERTEX_POINT('',#7834);
#6444=LINE('',#7835,#7836);
#6445=LINE('',#7837,#7838);
#6446=VERTEX_POINT('',#7839);
#6447=VERTEX_POINT('',#7840);
#6448=LINE('',#7841,#7842);
#6449=VERTEX_POINT('',#7843);
#6450=LINE('',#7844,#7845);
#6451=VERTEX_POINT('',#7846);
#6452=LINE('',#7847,#7848);
#6453=VERTEX_POINT('',#7849);
#6454=LINE('',#7850,#7851);
#6455=VERTEX_POINT('',#7852);
#6456=LINE('',#7853,#7854);
#6457=LINE('',#7855,#7856);
#6458=VERTEX_POINT('',#7857);
#6459=VERTEX_POINT('',#7858);
#6460=LINE('',#7859,#7860);
#6461=VERTEX_POINT('',#7861);
#6462=CIRCLE('',#7862,0.25);
#6463=VERTEX_POINT('',#7863);
#6464=LINE('',#7864,#7865);
#6465=VERTEX_POINT('',#7866);
#6466=CIRCLE('',#7867,0.25);
#6467=LINE('',#7868,#7869);
#6468=VERTEX_POINT('',#7870);
#6469=LINE('',#7871,#7872);
#6470=VERTEX_POINT('',#7873);
#6471=LINE('',#7874,#7875);
#6472=LINE('',#7876,#7877);
#6473=VERTEX_POINT('',#7878);
#6474=VERTEX_POINT('',#7879);
#6475=LINE('',#7880,#7881);
#6476=VERTEX_POINT('',#7882);
#6477=LINE('',#7883,#7884);
#6478=VERTEX_POINT('',#7885);
#6479=LINE('',#7886,#7887);
#6480=LINE('',#7888,#7889);
#6481=LINE('',#7890,#7891);
#6482=LINE('',#7892,#7893);
#6483=VERTEX_POINT('',#7894);
#6484=LINE('',#7895,#7896);
#6485=VERTEX_POINT('',#7897);
#6486=LINE('',#7898,#7899);
#6487=LINE('',#7900,#7901);
#6488=LINE('',#7902,#7903);
#6489=VERTEX_POINT('',#7904);
#6490=B_SPLINE_CURVE_WITH_KNOTS('',3,(#7905,#7906,#7907,#7908,#7909,#7910),.UNSPECIFIED.,.F.,.F.,(4,1,1,4),(0.0,0.3333333333333,0.6666666666667,1.0),.UNSPECIFIED.);
#6491=VERTEX_POINT('',#7911);
#6492=LINE('',#7912,#7913);
#6493=B_SPLINE_CURVE_WITH_KNOTS('',3,(#7914,#7915,#7916,#7917,#7918,#7919),.UNSPECIFIED.,.F.,.F.,(4,1,1,4),(0.0,0.3333333333333,0.6666666666667,1.0),.UNSPECIFIED.);
#6494=VERTEX_POINT('',#7920);
#6495=LINE('',#7921,#7922);
#6496=B_SPLINE_CURVE_WITH_KNOTS('',3,(#7923,#7924,#7925,#7926,#7927,#7928),.UNSPECIFIED.,.F.,.F.,(4,1,1,4),(0.0,0.3333333333333,0.6666666666667,1.0),.UNSPECIFIED.);
#6497=VERTEX_POINT('',#7929);
#6498=LINE('',#7930,#7931);
#6499=B_SPLINE_CURVE_WITH_KNOTS('',3,(#7932,#7933,#7934,#7935,#7936,#7937),.UNSPECIFIED.,.F.,.F.,(4,1,1,4),(0.0,0.3333333333333,0.6666666666667,1.0),.UNSPECIFIED.);
#6500=LINE('',#7938,#7939);
#6501=VERTEX_POINT('',#7940);
#6502=LINE('',#7941,#7942);
#6503=VERTEX_POINT('',#7943);
#6504=LINE('',#7944,#7945);
#6505=LINE('',#7946,#7947);
#6506=VERTEX_POINT('',#7948);
#6507=LINE('',#7949,#7950);
#6508=LINE('',#7951,#7952);
#6509=VERTEX_POINT('',#7953);
#6510=LINE('',#7954,#7955);
#6511=LINE('',#7956,#7957);
#6512=LINE('',#7958,#7959);
#6513=VERTEX_POINT('',#7960);
#6514=B_SPLINE_CURVE_WITH_KNOTS('',3,(#7961,#7962,#7963,#7964,#7965,#7966,#7967,#7968,#7969,#7970,#7971),.UNSPECIFIED.,.F.,.F.,(4,1,1,1,1,1,1,1,4),(0.0,0.125,0.25,0.375,0.5,0.625,0.75,0.875,1.0),.UNSPECIFIED.);
#6515=VERTEX_POINT('',#7972);
#6516=LINE('',#7973,#7974);
#6517=B_SPLINE_CURVE_WITH_KNOTS('',3,(#7975,#7976,#7977,#7978,#7979,#7980,#7981,#7982,#7983,#7984,#7985,#7986,#7987),.UNSPECIFIED.,.F.,.F.,(4,1,1,1,1,1,1,1,1,1,4),(0.0,0.1,0.2,0.3,0.4,0.5,0.6,0.7,0.8,0.9,1.0),.UNSPECIFIED.);
#6518=VERTEX_POINT('',#7988);
#6519=LINE('',#7989,#7990);
#6520=B_SPLINE_CURVE_WITH_KNOTS('',3,(#7991,#7992,#7993,#7994,#7995,#7996,#7997,#7998,#7999,#8000,#8001,#8002,#8003),.UNSPECIFIED.,.F.,.F.,(4,1,1,1,1,1,1,1,1,1,4),(0.0,0.1,0.2,0.3,0.4,0.5,0.6,0.7,0.8,0.9,1.0),.UNSPECIFIED.);
#6521=VERTEX_POINT('',#8004);
#6522=LINE('',#8005,#8006);
#6523=B_SPLINE_CURVE_WITH_KNOTS('',3,(#8007,#8008,#8009,#8010,#8011,#8012,#8013,#8014,#8015,#8016,#8017),.UNSPECIFIED.,.F.,.F.,(4,1,1,1,1,1,1,1,4),(0.0,0.125,0.25,0.375,0.5,0.625,0.75,0.875,1.0),.UNSPECIFIED.);
#6524=LINE('',#8018,#8019);
#6525=VERTEX_POINT('',#8020);
#6526=LINE('',#8021,#8022);
#6527=LINE('',#8023,#8024);
#6528=LINE('',#8025,#8026);
#6529=VERTEX_POINT('',#8027);
#6530=CIRCLE('',#8028,0.25);
#6531=LINE('',#8029,#8030);
#6532=LINE('',#8031,#8032);
#6533=VERTEX_POINT('',#8033);
#6534=LINE('',#8034,#8035);
#6535=LINE('',#8036,#8037);
#6536=LINE('',#8038,#8039);
#6537=VERTEX_POINT('',#8040);
#6538=CIRCLE('',#8041,0.25);
#6539=LINE('',#8042,#8043);
#6540=LINE('',#8044,#8045);
#6541=LINE('',#8046,#8047);
#6542=VERTEX_POINT('',#8048);
#6543=VERTEX_POINT('',#8049);
#6544=LINE('',#8050,#8051);
#6545=VERTEX_POINT('',#8052);
#6546=LINE('',#8053,#8054);
#6547=VERTEX_POINT('',#8055);
#6548=LINE('',#8056,#8057);
#6549=VERTEX_POINT('',#8058);
#6550=LINE('',#8059,#8060);
#6551=VERTEX_POINT('',#8061);
#6552=LINE('',#8062,#8063);
#6553=LINE('',#8064,#8065);
#6554=VERTEX_POINT('',#8066);
#6555=LINE('',#8067,#8068);
#6556=VERTEX_POINT('',#8069);
#6557=LINE('',#8070,#8071);
#6558=LINE('',#8072,#8073);
#6559=VERTEX_POINT('',#8074);
#6560=VERTEX_POINT('',#8075);
#6561=LINE('',#8076,#8077);
#6562=VERTEX_POINT('',#8078);
#6563=LINE('',#8079,#8080);
#6564=VERTEX_POINT('',#8081);
#6565=LINE('',#8082,#8083);
#6566=LINE('',#8084,#8085);
#6567=VERTEX_POINT('',#8086);
#6568=LINE('',#8087,#8088);
#6569=LINE('',#8089,#8090);
#6570=VERTEX_POINT('',#8091);
#6571=LINE('',#8092,#8093);
#6572=LINE('',#8094,#8095);
#6573=LINE('',#8096,#8097);
#6574=VERTEX_POINT('',#8098);
#6575=B_SPLINE_CURVE_WITH_KNOTS('',3,(#8099,#8100,#8101,#8102,#8103,#8104),.UNSPECIFIED.,.F.,.F.,(4,1,1,4),(0.0,0.3333333333333,0.6666666666667,1.0),.UNSPECIFIED.);
#6576=VERTEX_POINT('',#8105);
#6577=LINE('',#8106,#8107);
#6578=B_SPLINE_CURVE_WITH_KNOTS('',3,(#8108,#8109,#8110,#8111,#8112,#8113),.UNSPECIFIED.,.F.,.F.,(4,1,1,4),(0.0,0.3333333333333,0.6666666666667,1.0),.UNSPECIFIED.);
#6579=VERTEX_POINT('',#8114);
#6580=LINE('',#8115,#8116);
#6581=B_SPLINE_CURVE_WITH_KNOTS('',3,(#8117,#8118,#8119,#8120,#8121,#8122),.UNSPECIFIED.,.F.,.F.,(4,1,1,4),(0.0,0.3333333333333,0.6666666666667,1.0),.UNSPECIFIED.);
#6582=VERTEX_POINT('',#8123);
#6583=LINE('',#8124,#8125);
#6584=B_SPLINE_CURVE_WITH_KNOTS('',3,(#8126,#8127,#8128,#8129,#8130,#8131),.UNSPECIFIED.,.F.,.F.,(4,1,1,4),(0.0,0.3333333333333,0.6666666666667,1.0),.UNSPECIFIED.);
#6585=LINE('',#8132,#8133);
#6586=VERTEX_POINT('',#8134);
#6587=LINE('',#8135,#8136);
#6588=VERTEX_POINT('',#8137);
#6589=LINE('',#8138,#8139);
#6590=LINE('',#8140,#8141);
#6591=VERTEX_POINT('',#8142);
#6592=LINE('',#8143,#8144);
#6593=LINE('',#8145,#8146);
#6594=VERTEX_POINT('',#8147);
#6595=LINE('',#8148,#8149);
#6596=LINE('',#8150,#8151);
#6597=LINE('',#8152,#8153);
#6598=VERTEX_POINT('',#8154);
#6599=B_SPLINE_CURVE_WITH_KNOTS('',3,(#8155,#8156,#8157,#8158,#8159,#8160,#8161,#8162,#8163,#8164,#8165,#8166),.UNSPECIFIED.,.F.,.F.,(4,1,1,1,1,1,1,1,1,4),(0.0,0.1111111111111,0.2222222222222,0.3333333333333,0.4444444444444,0.5555555555556,0.6666666666667,0.7777777777778,0.8888888888889,1.0),.UNSPECIFIED.);
#6600=VERTEX_POINT('',#8167);
#6601=LINE('',#8168,#8169);
#6602=B_SPLINE_CURVE_WITH_KNOTS('',3,(#8170,#8171,#8172,#8173,#8174,#8175,#8176,#8177,#8178,#8179,#8180),.UNSPECIFIED.,.F.,.F.,(4,1,1,1,1,1,1,1,4),(0.0,0.125,0.25,0.375,0.5,0.625,0.75,0.875,1.0),.UNSPECIFIED.);
#6603=VERTEX_POINT('',#8181);
#6604=LINE('',#8182,#8183);
#6605=B_SPLINE_CURVE_WITH_KNOTS('',3,(#8184,#8185,#8186,#8187,#8188,#8189,#8190,#8191,#8192,#8193,#8194),.UNSPECIFIED.,.F.,.F.,(4,1,1,1,1,1,1,1,4),(0.0,0.125,0.25,0.375,0.5,0.625,0.75,0.875,1.0),.UNSPECIFIED.);
#6606=VERTEX_POINT('',#8195);
#6607=LINE('',#8196,#8197);
#6608=B_SPLINE_CURVE_WITH_KNOTS('',3,(#8198,#8199,#8200,#8201,#8202,#8203,#8204,#8205,#8206,#8207,#8208,#8209),.UNSPECIFIED.,.F.,.F.,(4,1,1,1,1,1,1,1,1,4),(0.0,0.1111111111111,0.2222222222222,0.3333333333333,0.4444444444444,0.5555555555556,0.6666666666667,0.7777777777778,0.8888888888889,1.0),.UNSPECIFIED.);
#6609=LINE('',#8210,#8211);
#6610=VERTEX_POINT('',#8212);
#6611=CIRCLE('',#8213,0.338);
#6612=VERTEX_POINT('',#8214);
#6613=CIRCLE('',#8215,0.338);
#6614=LINE('',#8216,#8217);
#6615=VERTEX_POINT('',#8218);
#6616=LINE('',#8219,#8220);
#6617=VERTEX_POINT('',#8221);
#6618=LINE('',#8222,#8223);
#6619=VERTEX_POINT('',#8224);
#6620=LINE('',#8225,#8226);
#6621=VERTEX_POINT('',#8227);
#6622=LINE('',#8228,#8229);
#6623=VERTEX_POINT('',#8230);
#6624=LINE('',#8231,#8232);
#6625=VERTEX_POINT('',#8233);
#6626=LINE('',#8234,#8235);
#6627=LINE('',#8236,#8237);
#6628=VERTEX_POINT('',#8238);
#6629=VERTEX_POINT('',#8239);
#6630=LINE('',#8240,#8241);
#6631=VERTEX_POINT('',#8242);
#6632=LINE('',#8243,#8244);
#6633=LINE('',#8245,#8246);
#6634=VERTEX_POINT('',#8247);
#6635=CIRCLE('',#8248,0.8961365110571);
#6636=VERTEX_POINT('',#8249);
#6637=LINE('',#8250,#8251);
#6638=LINE('',#8252,#8253);
#6639=VERTEX_POINT('',#8254);
#6640=VERTEX_POINT('',#8255);
#6641=LINE('',#8256,#8257);
#6642=VERTEX_POINT('',#8258);
#6643=LINE('',#8259,#8260);
#6644=LINE('',#8261,#8262);
#6645=VERTEX_POINT('',#8263);
#6646=CIRCLE('',#8264,0.8961365110571);
#6647=VERTEX_POINT('',#8265);
#6648=LINE('',#8266,#8267);
#6649=LINE('',#8268,#8269);
#6650=VERTEX_POINT('',#8270);
#6651=VERTEX_POINT('',#8271);
#6652=LINE('',#8272,#8273);
#6653=VERTEX_POINT('',#8274);
#6654=LINE('',#8275,#8276);
#6655=VERTEX_POINT('',#8277);
#6656=LINE('',#8278,#8279);
#6657=LINE('',#8280,#8281);
#6658=VERTEX_POINT('',#8282);
#6659=LINE('',#8283,#8284);
#6660=VERTEX_POINT('',#8285);
#6661=LINE('',#8286,#8287);
#6662=LINE('',#8288,#8289);
#6663=VERTEX_POINT('',#8290);
#6664=VERTEX_POINT('',#8291);
#6665=LINE('',#8292,#8293);
#6666=VERTEX_POINT('',#8294);
#6667=LINE('',#8295,#8296);
#6668=VERTEX_POINT('',#8297);
#6669=LINE('',#8298,#8299);
#6670=VERTEX_POINT('',#8300);
#6671=LINE('',#8301,#8302);
#6672=VERTEX_POINT('',#8303);
#6673=LINE('',#8304,#8305);
#6674=VERTEX_POINT('',#8306);
#6675=LINE('',#8307,#8308);
#6676=VERTEX_POINT('',#8309);
#6677=LINE('',#8310,#8311);
#6678=LINE('',#8312,#8313);
#6679=VERTEX_POINT('',#8314);
#6680=VERTEX_POINT('',#8315);
#6681=LINE('',#8316,#8317);
#6682=VERTEX_POINT('',#8318);
#6683=LINE('',#8319,#8320);
#6684=VERTEX_POINT('',#8321);
#6685=LINE('',#8322,#8323);
#6686=CIRCLE('',#8324,0.8961365110571);
#6687=VERTEX_POINT('',#8325);
#6688=LINE('',#8326,#8327);
#6689=LINE('',#8328,#8329);
#6690=VERTEX_POINT('',#8330);
#6691=LINE('',#8331,#8332);
#6692=VERTEX_POINT('',#8333);
#6693=LINE('',#8334,#8335);
#6694=CIRCLE('',#8336,0.8961365110571);
#6695=VERTEX_POINT('',#8337);
#6696=LINE('',#8338,#8339);
#6697=LINE('',#8340,#8341);
#6698=VERTEX_POINT('',#8342);
#6699=LINE('',#8343,#8344);
#6700=VERTEX_POINT('',#8345);
#6701=LINE('',#8346,#8347);
#6702=LINE('',#8348,#8349);
#6703=VERTEX_POINT('',#8350);
#6704=LINE('',#8351,#8352);
#6705=VERTEX_POINT('',#8353);
#6706=LINE('',#8354,#8355);
#6707=LINE('',#8356,#8357);
#6708=VERTEX_POINT('',#8358);
#6709=VERTEX_POINT('',#8359);
#6710=LINE('',#8360,#8361);
#6711=VERTEX_POINT('',#8362);
#6712=LINE('',#8363,#8364);
#6713=VERTEX_POINT('',#8365);
#6714=LINE('',#8366,#8367);
#6715=VERTEX_POINT('',#8368);
#6716=LINE('',#8369,#8370);
#6717=VERTEX_POINT('',#8371);
#6718=LINE('',#8372,#8373);
#6719=VERTEX_POINT('',#8374);
#6720=LINE('',#8375,#8376);
#6721=VERTEX_POINT('',#8377);
#6722=LINE('',#8378,#8379);
#6723=LINE('',#8380,#8381);
#6724=VERTEX_POINT('',#8382);
#6725=VERTEX_POINT('',#8383);
#6726=LINE('',#8384,#8385);
#6727=VERTEX_POINT('',#8386);
#6728=LINE('',#8387,#8388);
#6729=LINE('',#8389,#8390);
#6730=VERTEX_POINT('',#8391);
#6731=CIRCLE('',#8392,0.8961365110571);
#6732=VERTEX_POINT('',#8393);
#6733=LINE('',#8394,#8395);
#6734=LINE('',#8396,#8397);
#6735=LINE('',#8398,#8399);
#6736=LINE('',#8400,#8401);
#6737=VERTEX_POINT('',#8402);
#6738=CIRCLE('',#8403,0.8961365110571);
#6739=LINE('',#8404,#8405);
#6740=LINE('',#8406,#8407);
#6741=VERTEX_POINT('',#8408);
#6742=LINE('',#8409,#8410);
#6743=LINE('',#8411,#8412);
#6744=CIRCLE('',#8413,0.8961365110571);
#6745=LINE('',#8414,#8415);
#6746=VERTEX_POINT('',#8416);
#6747=VERTEX_POINT('',#8417);
#6748=LINE('',#8418,#8419);
#6749=VERTEX_POINT('',#8420);
#6750=LINE('',#8421,#8422);
#6751=VERTEX_POINT('',#8423);
#6752=LINE('',#8424,#8425);
#6753=VERTEX_POINT('',#8426);
#6754=LINE('',#8427,#8428);
#6755=VERTEX_POINT('',#8429);
#6756=LINE('',#8430,#8431);
#6757=VERTEX_POINT('',#8432);
#6758=LINE('',#8433,#8434);
#6759=VERTEX_POINT('',#8435);
#6760=LINE('',#8436,#8437);
#6761=VERTEX_POINT('',#8438);
#6762=LINE('',#8439,#8440);
#6763=VERTEX_POINT('',#8441);
#6764=LINE('',#8442,#8443);
#6765=VERTEX_POINT('',#8444);
#6766=LINE('',#8445,#8446);
#6767=VERTEX_POINT('',#8447);
#6768=LINE('',#8448,#8449);
#6769=LINE('',#8450,#8451);
#6770=VERTEX_POINT('',#8452);
#6771=VERTEX_POINT('',#8453);
#6772=LINE('',#8454,#8455);
#6773=VERTEX_POINT('',#8456);
#6774=LINE('',#8457,#8458);
#6775=VERTEX_POINT('',#8459);
#6776=LINE('',#8460,#8461);
#6777=CIRCLE('',#8462,0.8961365110571);
#6778=VERTEX_POINT('',#8463);
#6779=LINE('',#8464,#8465);
#6780=LINE('',#8466,#8467);
#6781=LINE('',#8468,#8469);
#6782=VERTEX_POINT('',#8470);
#6783=B_SPLINE_CURVE_WITH_KNOTS('',3,(#8471,#8472,#8473,#8474),.UNSPECIFIED.,.F.,.F.,(4,4),(0.0,1.0),.UNSPECIFIED.);
#6784=VERTEX_POINT('',#8475);
#6785=LINE('',#8476,#8477);
#6786=B_SPLINE_CURVE_WITH_KNOTS('',3,(#8478,#8479,#8480,#8481),.UNSPECIFIED.,.F.,.F.,(4,4),(0.0,1.0),.UNSPECIFIED.);
#6787=VERTEX_POINT('',#8482);
#6788=LINE('',#8483,#8484);
#6789=B_SPLINE_CURVE_WITH_KNOTS('',3,(#8485,#8486,#8487,#8488),.UNSPECIFIED.,.F.,.F.,(4,4),(0.0,1.0),.UNSPECIFIED.);
#6790=VERTEX_POINT('',#8489);
#6791=LINE('',#8490,#8491);
#6792=B_SPLINE_CURVE_WITH_KNOTS('',3,(#8492,#8493,#8494,#8495),.UNSPECIFIED.,.F.,.F.,(4,4),(0.0,1.0),.UNSPECIFIED.);
#6793=LINE('',#8496,#8497);
#6794=VERTEX_POINT('',#8498);
#6795=B_SPLINE_CURVE_WITH_KNOTS('',3,(#8499,#8500,#8501,#8502),.UNSPECIFIED.,.F.,.F.,(4,4),(0.0,1.0),.UNSPECIFIED.);
#6796=VERTEX_POINT('',#8503);
#6797=LINE('',#8504,#8505);
#6798=B_SPLINE_CURVE_WITH_KNOTS('',3,(#8506,#8507,#8508,#8509),.UNSPECIFIED.,.F.,.F.,(4,4),(0.0,1.0),.UNSPECIFIED.);
#6799=VERTEX_POINT('',#8510);
#6800=LINE('',#8511,#8512);
#6801=B_SPLINE_CURVE_WITH_KNOTS('',3,(#8513,#8514,#8515,#8516),.UNSPECIFIED.,.F.,.F.,(4,4),(0.0,1.0),.UNSPECIFIED.);
#6802=VERTEX_POINT('',#8517);
#6803=LINE('',#8518,#8519);
#6804=B_SPLINE_CURVE_WITH_KNOTS('',3,(#8520,#8521,#8522,#8523),.UNSPECIFIED.,.F.,.F.,(4,4),(0.0,1.0),.UNSPECIFIED.);
#6805=LINE('',#8524,#8525);
#6806=VERTEX_POINT('',#8526);
#6807=B_SPLINE_CURVE_WITH_KNOTS('',3,(#8527,#8528,#8529,#8530,#8531,#8532,#8533,#8534,#8535),.UNSPECIFIED.,.F.,.F.,(4,1,1,1,1,1,4),(0.0,0.1666666666667,0.3333333333333,0.5,0.6666666666667,0.8333333333333,1.0),.UNSPECIFIED.);
#6808=VERTEX_POINT('',#8536);
#6809=LINE('',#8537,#8538);
#6810=B_SPLINE_CURVE_WITH_KNOTS('',3,(#8539,#8540,#8541,#8542,#8543,#8544,#8545,#8546,#8547),.UNSPECIFIED.,.F.,.F.,(4,1,1,1,1,1,4),(0.0,0.1666666666667,0.3333333333333,0.5,0.6666666666667,0.8333333333333,1.0),.UNSPECIFIED.);
#6811=VERTEX_POINT('',#8548);
#6812=LINE('',#8549,#8550);
#6813=B_SPLINE_CURVE_WITH_KNOTS('',3,(#8551,#8552,#8553,#8554,#8555,#8556,#8557,#8558,#8559,#8560),.UNSPECIFIED.,.F.,.F.,(4,1,1,1,1,1,1,4),(0.0,0.1428571428571,0.2857142857143,0.4285714285714,0.5714285714286,0.7142857142857,0.8571428571429,1.0),.UNSPECIFIED.);
#6814=VERTEX_POINT('',#8561);
#6815=LINE('',#8562,#8563);
#6816=B_SPLINE_CURVE_WITH_KNOTS('',3,(#8564,#8565,#8566,#8567,#8568,#8569,#8570,#8571,#8572,#8573),.UNSPECIFIED.,.F.,.F.,(4,1,1,1,1,1,1,4),(0.0,0.1428571428571,0.2857142857143,0.4285714285714,0.5714285714286,0.7142857142857,0.8571428571429,1.0),.UNSPECIFIED.);
#6817=LINE('',#8574,#8575);
#6818=VERTEX_POINT('',#8576);
#6819=B_SPLINE_CURVE_WITH_KNOTS('',3,(#8577,#8578,#8579,#8580,#8581,#8582,#8583,#8584,#8585,#8586,#8587,#8588,#8589),.UNSPECIFIED.,.F.,.F.,(4,1,1,1,1,1,1,1,1,1,4),(0.0,0.1,0.2,0.3,0.4,0.5,0.6,0.7,0.8,0.9,1.0),.UNSPECIFIED.);
#6820=VERTEX_POINT('',#8590);
#6821=LINE('',#8591,#8592);
#6822=B_SPLINE_CURVE_WITH_KNOTS('',3,(#8593,#8594,#8595,#8596,#8597,#8598,#8599,#8600,#8601,#8602,#8603,#8604,#8605,#8606),.UNSPECIFIED.,.F.,.F.,(4,1,1,1,1,1,1,1,1,1,1,4),(0.0,0.09090909090909,0.1818181818182,0.2727272727273,0.3636363636364,0.4545454545455,0.5454545454545,0.6363636363636,0.7272727272727,0.8181818181818,0.9090909090909,1.0),.UNSPECIFIED.);
#6823=VERTEX_POINT('',#8607);
#6824=LINE('',#8608,#8609);
#6825=B_SPLINE_CURVE_WITH_KNOTS('',3,(#8610,#8611,#8612,#8613,#8614,#8615,#8616,#8617,#8618,#8619,#8620,#8621,#8622,#8623),.UNSPECIFIED.,.F.,.F.,(4,1,1,1,1,1,1,1,1,1,1,4),(0.0,0.09090909090909,0.1818181818182,0.2727272727273,0.3636363636364,0.4545454545455,0.5454545454545,0.6363636363636,0.7272727272727,0.8181818181818,0.9090909090909,1.0),.UNSPECIFIED.);
#6826=VERTEX_POINT('',#8624);
#6827=LINE('',#8625,#8626);
#6828=B_SPLINE_CURVE_WITH_KNOTS('',3,(#8627,#8628,#8629,#8630,#8631,#8632,#8633,#8634,#8635,#8636,#8637,#8638,#8639),.UNSPECIFIED.,.F.,.F.,(4,1,1,1,1,1,1,1,1,1,4),(0.0,0.1,0.2,0.3,0.4,0.5,0.6,0.7,0.8,0.9,1.0),.UNSPECIFIED.);
#6829=LINE('',#8640,#8641);
#6830=VERTEX_POINT('',#8642);
#6831=LINE('',#8643,#8644);
#6832=VERTEX_POINT('',#8645);
#6833=LINE('',#8646,#8647);
#6834=LINE('',#8648,#8649);
#6835=VERTEX_POINT('',#8650);
#6836=LINE('',#8651,#8652);
#6837=LINE('',#8653,#8654);
#6838=VERTEX_POINT('',#8655);
#6839=LINE('',#8656,#8657);
#6840=LINE('',#8658,#8659);
#6841=LINE('',#8660,#8661);
#6842=LINE('',#8662,#8663);
#6843=LINE('',#8664,#8665);
#6844=LINE('',#8666,#8667);
#6845=LINE('',#8668,#8669);
#6846=LINE('',#8670,#8671);
#6847=LINE('',#8672,#8673);
#6848=LINE('',#8674,#8675);
#6849=LINE('',#8676,#8677);
#6850=LINE('',#8678,#8679);
#6851=LINE('',#8680,#8681);
#6852=VERTEX_POINT('',#8682);
#6853=B_SPLINE_CURVE_WITH_KNOTS('',3,(#8683,#8684,#8685,#8686),.UNSPECIFIED.,.F.,.F.,(4,4),(0.0,1.0),.UNSPECIFIED.);
#6854=VERTEX_POINT('',#8687);
#6855=B_SPLINE_CURVE_WITH_KNOTS('',3,(#8688,#8689,#8690,#8691),.UNSPECIFIED.,.F.,.F.,(4,4),(0.0,1.0),.UNSPECIFIED.);
#6856=B_SPLINE_CURVE_WITH_KNOTS('',3,(#8692,#8693,#8694,#8695),.UNSPECIFIED.,.F.,.F.,(4,4),(0.0,1.0),.UNSPECIFIED.);
#6857=VERTEX_POINT('',#8696);
#6858=LINE('',#8697,#8698);
#6859=B_SPLINE_CURVE_WITH_KNOTS('',3,(#8699,#8700,#8701,#8702),.UNSPECIFIED.,.F.,.F.,(4,4),(0.0,1.0),.UNSPECIFIED.);
#6860=VERTEX_POINT('',#8703);
#6861=B_SPLINE_CURVE_WITH_KNOTS('',3,(#8704,#8705,#8706,#8707),.UNSPECIFIED.,.F.,.F.,(4,4),(0.0,1.0),.UNSPECIFIED.);
#6862=B_SPLINE_CURVE_WITH_KNOTS('',3,(#8708,#8709,#8710,#8711),.UNSPECIFIED.,.F.,.F.,(4,4),(0.0,1.0),.UNSPECIFIED.);
#6863=LINE('',#8712,#8713);
#6864=VERTEX_POINT('',#8714);
#6865=B_SPLINE_CURVE_WITH_KNOTS('',3,(#8715,#8716,#8717,#8718,#8719),.UNSPECIFIED.,.F.,.F.,(4,1,4),(0.0,0.5,1.0),.UNSPECIFIED.);
#6866=VERTEX_POINT('',#8720);
#6867=LINE('',#8721,#8722);
#6868=B_SPLINE_CURVE_WITH_KNOTS('',3,(#8723,#8724,#8725,#8726,#8727),.UNSPECIFIED.,.F.,.F.,(4,1,4),(0.0,0.5,1.0),.UNSPECIFIED.);
#6869=VERTEX_POINT('',#8728);
#6870=LINE('',#8729,#8730);
#6871=B_SPLINE_CURVE_WITH_KNOTS('',3,(#8731,#8732,#8733,#8734,#8735),.UNSPECIFIED.,.F.,.F.,(4,1,4),(0.0,0.5,1.0),.UNSPECIFIED.);
#6872=VERTEX_POINT('',#8736);
#6873=LINE('',#8737,#8738);
#6874=B_SPLINE_CURVE_WITH_KNOTS('',3,(#8739,#8740,#8741,#8742,#8743),.UNSPECIFIED.,.F.,.F.,(4,1,4),(0.0,0.5,1.0),.UNSPECIFIED.);
#6875=LINE('',#8744,#8745);
#6876=VERTEX_POINT('',#8746);
#6877=B_SPLINE_CURVE_WITH_KNOTS('',3,(#8747,#8748,#8749,#8750,#8751,#8752,#8753,#8754,#8755,#8756),.UNSPECIFIED.,.F.,.F.,(4,1,1,1,1,1,1,4),(0.0,0.1428571428571,0.2857142857143,0.4285714285714,0.5714285714286,0.7142857142857,0.8571428571429,1.0),.UNSPECIFIED.);
#6878=VERTEX_POINT('',#8757);
#6879=LINE('',#8758,#8759);
#6880=B_SPLINE_CURVE_WITH_KNOTS('',3,(#8760,#8761,#8762,#8763,#8764,#8765,#8766,#8767,#8768),.UNSPECIFIED.,.F.,.F.,(4,1,1,1,1,1,4),(0.0,0.1666666666667,0.3333333333333,0.5,0.6666666666667,0.8333333333333,1.0),.UNSPECIFIED.);
#6881=VERTEX_POINT('',#8769);
#6882=LINE('',#8770,#8771);
#6883=B_SPLINE_CURVE_WITH_KNOTS('',3,(#8772,#8773,#8774,#8775,#8776,#8777,#8778,#8779,#8780),.UNSPECIFIED.,.F.,.F.,(4,1,1,1,1,1,4),(0.0,0.1666666666667,0.3333333333333,0.5,0.6666666666667,0.8333333333333,1.0),.UNSPECIFIED.);
#6884=VERTEX_POINT('',#8781);
#6885=LINE('',#8782,#8783);
#6886=B_SPLINE_CURVE_WITH_KNOTS('',3,(#8784,#8785,#8786,#8787,#8788,#8789,#8790,#8791,#8792,#8793),.UNSPECIFIED.,.F.,.F.,(4,1,1,1,1,1,1,4),(0.0,0.1428571428571,0.2857142857143,0.4285714285714,0.5714285714286,0.7142857142857,0.8571428571429,1.0),.UNSPECIFIED.);
#6887=LINE('',#8794,#8795);
#6888=VERTEX_POINT('',#8796);
#6889=B_SPLINE_CURVE_WITH_KNOTS('',3,(#8797,#8798,#8799,#8800,#8801,#8802,#8803,#8804,#8805,#8806,#8807,#8808,#8809),.UNSPECIFIED.,.F.,.F.,(4,1,1,1,1,1,1,1,1,1,4),(0.0,0.1,0.2,0.3,0.4,0.5,0.6,0.7,0.8,0.9,1.0),.UNSPECIFIED.);
#6890=VERTEX_POINT('',#8810);
#6891=LINE('',#8811,#8812);
#6892=B_SPLINE_CURVE_WITH_KNOTS('',3,(#8813,#8814,#8815,#8816,#8817,#8818,#8819,#8820,#8821,#8822,#8823,#8824,#8825),.UNSPECIFIED.,.F.,.F.,(4,1,1,1,1,1,1,1,1,1,4),(0.0,0.1,0.2,0.3,0.4,0.5,0.6,0.7,0.8,0.9,1.0),.UNSPECIFIED.);
#6893=VERTEX_POINT('',#8826);
#6894=LINE('',#8827,#8828);
#6895=B_SPLINE_CURVE_WITH_KNOTS('',3,(#8829,#8830,#8831,#8832,#8833,#8834,#8835,#8836,#8837,#8838,#8839,#8840,#8841,#8842),.UNSPECIFIED.,.F.,.F.,(4,1,1,1,1,1,1,1,1,1,1,4),(0.0,0.09090909090909,0.1818181818182,0.2727272727273,0.3636363636364,0.4545454545455,0.5454545454545,0.6363636363636,0.7272727272727,0.8181818181818,0.9090909090909,1.0),.UNSPECIFIED.);
#6896=VERTEX_POINT('',#8843);
#6897=LINE('',#8844,#8845);
#6898=B_SPLINE_CURVE_WITH_KNOTS('',3,(#8846,#8847,#8848,#8849,#8850,#8851,#8852,#8853,#8854,#8855,#8856,#8857,#8858,#8859),.UNSPECIFIED.,.F.,.F.,(4,1,1,1,1,1,1,1,1,1,1,4),(0.0,0.09090909090909,0.1818181818182,0.2727272727273,0.3636363636364,0.4545454545455,0.5454545454545,0.6363636363636,0.7272727272727,0.8181818181818,0.9090909090909,1.0),.UNSPECIFIED.);
#6899=LINE('',#8860,#8861);
#6900=VERTEX_POINT('',#8862);
#6901=LINE('',#8863,#8864);
#6902=VERTEX_POINT('',#8865);
#6903=LINE('',#8866,#8867);
#6904=LINE('',#8868,#8869);
#6905=VERTEX_POINT('',#8870);
#6906=LINE('',#8871,#8872);
#6907=LINE('',#8873,#8874);
#6908=VERTEX_POINT('',#8875);
#6909=LINE('',#8876,#8877);
#6910=LINE('',#8878,#8879);
#6911=LINE('',#8880,#8881);
#6912=VERTEX_POINT('',#8882);
#6913=B_SPLINE_CURVE_WITH_KNOTS('',3,(#8883,#8884,#8885,#8886),.UNSPECIFIED.,.F.,.F.,(4,4),(0.0,1.0),.UNSPECIFIED.);
#6914=VERTEX_POINT('',#8887);
#6915=LINE('',#8888,#8889);
#6916=B_SPLINE_CURVE_WITH_KNOTS('',3,(#8890,#8891,#8892,#8893),.UNSPECIFIED.,.F.,.F.,(4,4),(0.0,1.0),.UNSPECIFIED.);
#6917=VERTEX_POINT('',#8894);
#6918=LINE('',#8895,#8896);
#6919=B_SPLINE_CURVE_WITH_KNOTS('',3,(#8897,#8898,#8899,#8900),.UNSPECIFIED.,.F.,.F.,(4,4),(0.0,1.0),.UNSPECIFIED.);
#6920=VERTEX_POINT('',#8901);
#6921=LINE('',#8902,#8903);
#6922=B_SPLINE_CURVE_WITH_KNOTS('',3,(#8904,#8905,#8906,#8907),.UNSPECIFIED.,.F.,.F.,(4,4),(0.0,1.0),.UNSPECIFIED.);
#6923=LINE('',#8908,#8909);
#6924=VERTEX_POINT('',#8910);
#6925=B_SPLINE_CURVE_WITH_KNOTS('',3,(#8911,#8912,#8913,#8914),.UNSPECIFIED.,.F.,.F.,(4,4),(0.0,1.0),.UNSPECIFIED.);
#6926=VERTEX_POINT('',#8915);
#6927=LINE('',#8916,#8917);
#6928=B_SPLINE_CURVE_WITH_KNOTS('',3,(#8918,#8919,#8920,#8921),.UNSPECIFIED.,.F.,.F.,(4,4),(0.0,1.0),.UNSPECIFIED.);
#6929=VERTEX_POINT('',#8922);
#6930=LINE('',#8923,#8924);
#6931=B_SPLINE_CURVE_WITH_KNOTS('',3,(#8925,#8926,#8927,#8928),.UNSPECIFIED.,.F.,.F.,(4,4),(0.0,1.0),.UNSPECIFIED.);
#6932=VERTEX_POINT('',#8929);
#6933=LINE('',#8930,#8931);
#6934=B_SPLINE_CURVE_WITH_KNOTS('',3,(#8932,#8933,#8934,#8935),.UNSPECIFIED.,.F.,.F.,(4,4),(0.0,1.0),.UNSPECIFIED.);
#6935=LINE('',#8936,#8937);
#6936=VERTEX_POINT('',#8938);
#6937=B_SPLINE_CURVE_WITH_KNOTS('',3,(#8939,#8940,#8941,#8942,#8943,#8944,#8945,#8946,#8947),.UNSPECIFIED.,.F.,.F.,(4,1,1,1,1,1,4),(0.0,0.1666666666667,0.3333333333333,0.5,0.6666666666667,0.8333333333333,1.0),.UNSPECIFIED.);
#6938=VERTEX_POINT('',#8948);
#6939=LINE('',#8949,#8950);
#6940=B_SPLINE_CURVE_WITH_KNOTS('',3,(#8951,#8952,#8953,#8954,#8955,#8956,#8957,#8958,#8959,#8960),.UNSPECIFIED.,.F.,.F.,(4,1,1,1,1,1,1,4),(0.0,0.1428571428571,0.2857142857143,0.4285714285714,0.5714285714286,0.7142857142857,0.8571428571429,1.0),.UNSPECIFIED.);
#6941=VERTEX_POINT('',#8961);
#6942=LINE('',#8962,#8963);
#6943=B_SPLINE_CURVE_WITH_KNOTS('',3,(#8964,#8965,#8966,#8967,#8968,#8969,#8970,#8971,#8972,#8973),.UNSPECIFIED.,.F.,.F.,(4,1,1,1,1,1,1,4),(0.0,0.1428571428571,0.2857142857143,0.4285714285714,0.5714285714286,0.7142857142857,0.8571428571429,1.0),.UNSPECIFIED.);
#6944=VERTEX_POINT('',#8974);
#6945=LINE('',#8975,#8976);
#6946=B_SPLINE_CURVE_WITH_KNOTS('',3,(#8977,#8978,#8979,#8980,#8981,#8982,#8983,#8984,#8985),.UNSPECIFIED.,.F.,.F.,(4,1,1,1,1,1,4),(0.0,0.1666666666667,0.3333333333333,0.5,0.6666666666667,0.8333333333333,1.0),.UNSPECIFIED.);
#6947=LINE('',#8986,#8987);
#6948=VERTEX_POINT('',#8988);
#6949=B_SPLINE_CURVE_WITH_KNOTS('',3,(#8989,#8990,#8991,#8992,#8993,#8994,#8995,#8996,#8997,#8998,#8999,#9000,#9001,#9002),.UNSPECIFIED.,.F.,.F.,(4,1,1,1,1,1,1,1,1,1,1,4),(0.0,0.09090909090909,0.1818181818182,0.2727272727273,0.3636363636364,0.4545454545455,0.5454545454545,0.6363636363636,0.7272727272727,0.8181818181818,0.9090909090909,1.0),.UNSPECIFIED.);
#6950=VERTEX_POINT('',#9003);
#6951=LINE('',#9004,#9005);
#6952=B_SPLINE_CURVE_WITH_KNOTS('',3,(#9006,#9007,#9008,#9009,#9010,#9011,#9012,#9013,#9014,#9015,#9016,#9017,#9018,#9019),.UNSPECIFIED.,.F.,.F.,(4,1,1,1,1,1,1,1,1,1,1,4),(0.0,0.09090909090909,0.1818181818182,0.2727272727273,0.3636363636364,0.4545454545455,0.5454545454545,0.6363636363636,0.7272727272727,0.8181818181818,0.9090909090909,1.0),.UNSPECIFIED.);
#6953=VERTEX_POINT('',#9020);
#6954=LINE('',#9021,#9022);
#6955=B_SPLINE_CURVE_WITH_KNOTS('',3,(#9023,#9024,#9025,#9026,#9027,#9028,#9029,#9030,#9031,#9032,#9033,#9034,#9035),.UNSPECIFIED.,.F.,.F.,(4,1,1,1,1,1,1,1,1,1,4),(0.0,0.1,0.2,0.3,0.4,0.5,0.6,0.7,0.8,0.9,1.0),.UNSPECIFIED.);
#6956=VERTEX_POINT('',#9036);
#6957=LINE('',#9037,#9038);
#6958=B_SPLINE_CURVE_WITH_KNOTS('',3,(#9039,#9040,#9041,#9042,#9043,#9044,#9045,#9046,#9047,#9048,#9049,#9050,#9051),.UNSPECIFIED.,.F.,.F.,(4,1,1,1,1,1,1,1,1,1,4),(0.0,0.1,0.2,0.3,0.4,0.5,0.6,0.7,0.8,0.9,1.0),.UNSPECIFIED.);
#6959=LINE('',#9052,#9053);
#6960=VERTEX_POINT('',#9054);
#6961=LINE('',#9055,#9056);
#6962=VERTEX_POINT('',#9057);
#6963=LINE('',#9058,#9059);
#6964=LINE('',#9060,#9061);
#6965=VERTEX_POINT('',#9062);
#6966=LINE('',#9063,#9064);
#6967=LINE('',#9065,#9066);
#6968=VERTEX_POINT('',#9067);
#6969=LINE('',#9068,#9069);
#6970=LINE('',#9070,#9071);
#6971=LINE('',#9072,#9073);
#6972=VERTEX_POINT('',#9074);
#6973=B_SPLINE_CURVE_WITH_KNOTS('',3,(#9075,#9076,#9077,#9078,#9079,#9080,#9081,#9082,#9083,#9084,#9085,#9086,#9087),.UNSPECIFIED.,.F.,.F.,(4,1,1,1,1,1,1,1,1,1,4),(0.0,0.1,0.2,0.3,0.4,0.5,0.6,0.7,0.8,0.9,1.0),.UNSPECIFIED.);
#6974=VERTEX_POINT('',#9088);
#6975=CIRCLE('',#9089,0.32);
#6976=VERTEX_POINT('',#9090);
#6977=LINE('',#9091,#9092);
#6978=VERTEX_POINT('',#9093);
#6979=CIRCLE('',#9094,0.32);
#6980=B_SPLINE_CURVE_WITH_KNOTS('',3,(#9095,#9096,#9097,#9098,#9099,#9100,#9101,#9102,#9103,#9104,#9105,#9106,#9107),.UNSPECIFIED.,.F.,.F.,(4,1,1,1,1,1,1,1,1,1,4),(0.0,0.1,0.2,0.3,0.4,0.5,0.6,0.7,0.8,0.9,1.0),.UNSPECIFIED.);
#6981=VERTEX_POINT('',#9108);
#6982=VERTEX_POINT('',#9109);
#6983=LINE('',#9110,#9111);
#6984=VERTEX_POINT('',#9112);
#6985=CIRCLE('',#9113,0.32);
#6986=B_SPLINE_CURVE_WITH_KNOTS('',3,(#9114,#9115,#9116,#9117,#9118,#9119,#9120,#9121,#9122,#9123,#9124,#9125,#9126),.UNSPECIFIED.,.F.,.F.,(4,1,1,1,1,1,1,1,1,1,4),(0.0,0.1,0.2,0.3,0.4,0.5,0.6,0.7,0.8,0.9,1.0),.UNSPECIFIED.);
#6987=VERTEX_POINT('',#9127);
#6988=B_SPLINE_CURVE_WITH_KNOTS('',3,(#9128,#9129,#9130,#9131,#9132,#9133,#9134,#9135,#9136,#9137,#9138,#9139,#9140),.UNSPECIFIED.,.F.,.F.,(4,1,1,1,1,1,1,1,1,1,4),(0.0,0.1,0.2,0.3,0.4,0.5,0.6,0.7,0.8,0.9,1.0),.UNSPECIFIED.);
#6989=CIRCLE('',#9141,0.32);
#6990=VERTEX_POINT('',#9142);
#6991=LINE('',#9143,#9144);
#6992=B_SPLINE_CURVE_WITH_KNOTS('',3,(#9145,#9146,#9147,#9148,#9149,#9150,#9151,#9152,#9153,#9154,#9155),.UNSPECIFIED.,.F.,.F.,(4,1,1,1,1,1,1,1,4),(0.0,0.125,0.25,0.375,0.5,0.625,0.75,0.875,1.0),.UNSPECIFIED.);
#6993=LINE('',#9156,#9157);
#6994=LINE('',#9158,#9159);
#6995=LINE('',#9160,#9161);
#6996=LINE('',#9162,#9163);
#6997=VERTEX_POINT('',#9164);
#6998=B_SPLINE_CURVE_WITH_KNOTS('',3,(#9165,#9166,#9167,#9168,#9169,#9170,#9171,#9172,#9173,#9174,#9175),.UNSPECIFIED.,.F.,.F.,(4,1,1,1,1,1,1,1,4),(0.0,0.125,0.25,0.375,0.5,0.625,0.75,0.875,1.0),.UNSPECIFIED.);
#6999=LINE('',#9176,#9177);
#7000=VERTEX_POINT('',#9178);
#7001=LINE('',#9179,#9180);
#7002=VERTEX_POINT('',#9181);
#7003=CIRCLE('',#9182,0.62);
#7004=VERTEX_POINT('',#9183);
#7005=LINE('',#9184,#9185);
#7006=LINE('',#9186,#9187);
#7007=VERTEX_POINT('',#9188);
#7008=VERTEX_POINT('',#9189);
#7009=LINE('',#9190,#9191);
#7010=CIRCLE('',#9192,0.3);
#7011=CIRCLE('',#9193,0.3);
#7012=VERTEX_POINT('',#9194);
#7013=VERTEX_POINT('',#9195);
#7014=LINE('',#9196,#9197);
#7015=VERTEX_POINT('',#9198);
#7016=CIRCLE('',#9199,0.3);
#7017=VERTEX_POINT('',#9200);
#7018=LINE('',#9201,#9202);
#7019=VERTEX_POINT('',#9203);
#7020=LINE('',#9204,#9205);
#7021=VERTEX_POINT('',#9206);
#7022=LINE('',#9207,#9208);
#7023=CIRCLE('',#9209,0.3);
#7024=VERTEX_POINT('',#9210);
#7025=VERTEX_POINT('',#9211);
#7026=LINE('',#9212,#9213);
#7027=VERTEX_POINT('',#9214);
#7028=LINE('',#9215,#9216);
#7029=VERTEX_POINT('',#9217);
#7030=LINE('',#9218,#9219);
#7031=VERTEX_POINT('',#9220);
#7032=CIRCLE('',#9221,0.3);
#7033=VERTEX_POINT('',#9222);
#7034=LINE('',#9223,#9224);
#7035=CIRCLE('',#9225,0.3);
#7036=VERTEX_POINT('',#9226);
#7037=VERTEX_POINT('',#9227);
#7038=LINE('',#9228,#9229);
#7039=VERTEX_POINT('',#9230);
#7040=CIRCLE('',#9231,0.3);
#7041=VERTEX_POINT('',#9232);
#7042=LINE('',#9233,#9234);
#7043=VERTEX_POINT('',#9235);
#7044=LINE('',#9236,#9237);
#7045=VERTEX_POINT('',#9238);
#7046=LINE('',#9239,#9240);
#7047=CIRCLE('',#9241,0.3);
#7048=VERTEX_POINT('',#9242);
#7049=LINE('',#9243,#9244);
#7050=VERTEX_POINT('',#9245);
#7051=LINE('',#9246,#9247);
#7052=VERTEX_POINT('',#9248);
#7053=CIRCLE('',#9249,0.3);
#7054=LINE('',#9250,#9251);
#7055=VERTEX_POINT('',#9252);
#7056=VERTEX_POINT('',#9253);
#7057=LINE('',#9254,#9255);
#7058=VERTEX_POINT('',#9256);
#7059=CIRCLE('',#9257,0.3);
#7060=VERTEX_POINT('',#9258);
#7061=LINE('',#9259,#9260);
#7062=VERTEX_POINT('',#9261);
#7063=LINE('',#9262,#9263);
#7064=VERTEX_POINT('',#9264);
#7065=LINE('',#9265,#9266);
#7066=CIRCLE('',#9267,0.3);
#7067=VERTEX_POINT('',#9268);
#7068=VERTEX_POINT('',#9269);
#7069=LINE('',#9270,#9271);
#7070=VERTEX_POINT('',#9272);
#7071=LINE('',#9273,#9274);
#7072=VERTEX_POINT('',#9275);
#7073=LINE('',#9276,#9277);
#7074=VERTEX_POINT('',#9278);
#7075=CIRCLE('',#9279,0.3);
#7076=VERTEX_POINT('',#9280);
#7077=LINE('',#9281,#9282);
#7078=CIRCLE('',#9283,0.3);
#7079=VERTEX_POINT('',#9284);
#7080=VERTEX_POINT('',#9285);
#7081=CIRCLE('',#9286,0.3);
#7082=LINE('',#9287,#9288);
#7083=LINE('',#9289,#9290);
#7084=VERTEX_POINT('',#9291);
#7085=CIRCLE('',#9292,0.62);
#7086=VERTEX_POINT('',#9293);
#7087=LINE('',#9294,#9295);
#7088=VERTEX_POINT('',#9296);
#7089=CIRCLE('',#9297,0.32);
#7090=LINE('',#9298,#9299);
#7091=VERTEX_POINT('',#9300);
#7092=LINE('',#9301,#9302);
#7093=VERTEX_POINT('',#9303);
#7094=LINE('',#9304,#9305);
#7095=VERTEX_POINT('',#9306);
#7096=CIRCLE('',#9307,0.3);
#7097=LINE('',#9308,#9309);
#7098=VERTEX_POINT('',#9310);
#7099=VERTEX_POINT('',#9311);
#7100=LINE('',#9312,#9313);
#7101=VERTEX_POINT('',#9314);
#7102=CIRCLE('',#9315,0.3);
#7103=VERTEX_POINT('',#9316);
#7104=LINE('',#9317,#9318);
#7105=VERTEX_POINT('',#9319);
#7106=LINE('',#9320,#9321);
#7107=VERTEX_POINT('',#9322);
#7108=LINE('',#9323,#9324);
#7109=CIRCLE('',#9325,0.3);
#7110=VERTEX_POINT('',#9326);
#7111=LINE('',#9327,#9328);
#7112=VERTEX_POINT('',#9329);
#7113=LINE('',#9330,#9331);
#7114=VERTEX_POINT('',#9332);
#7115=CIRCLE('',#9333,0.3);
#7116=VERTEX_POINT('',#9334);
#7117=LINE('',#9335,#9336);
#7118=CIRCLE('',#9337,0.3);
#7119=VERTEX_POINT('',#9338);
#7120=LINE('',#9339,#9340);
#7121=VERTEX_POINT('',#9341);
#7122=CIRCLE('',#9342,0.3);
#7123=LINE('',#9343,#9344);
#7124=VERTEX_POINT('',#9345);
#7125=VERTEX_POINT('',#9346);
#7126=LINE('',#9347,#9348);
#7127=VERTEX_POINT('',#9349);
#7128=LINE('',#9350,#9351);
#7129=VERTEX_POINT('',#9352);
#7130=LINE('',#9353,#9354);
#7131=VERTEX_POINT('',#9355);
#7132=CIRCLE('',#9356,0.3);
#7133=VERTEX_POINT('',#9357);
#7134=LINE('',#9358,#9359);
#7135=CIRCLE('',#9360,0.3);
#7136=VERTEX_POINT('',#9361);
#7137=VERTEX_POINT('',#9362);
#7138=LINE('',#9363,#9364);
#7139=VERTEX_POINT('',#9365);
#7140=CIRCLE('',#9366,0.3);
#7141=VERTEX_POINT('',#9367);
#7142=LINE('',#9368,#9369);
#7143=VERTEX_POINT('',#9370);
#7144=LINE('',#9371,#9372);
#7145=VERTEX_POINT('',#9373);
#7146=LINE('',#9374,#9375);
#7147=CIRCLE('',#9376,0.3);
#7148=LINE('',#9377,#9378);
#7149=LINE('',#9379,#9380);
#7150=VERTEX_POINT('',#9381);
#7151=CIRCLE('',#9382,0.32);
#7152=VERTEX_POINT('',#9383);
#7153=LINE('',#9384,#9385);
#7154=CIRCLE('',#9386,0.62);
#7155=B_SPLINE_CURVE_WITH_KNOTS('',3,(#9387,#9388,#9389,#9390,#9391,#9392,#9393,#9394,#9395,#9396,#9397),.UNSPECIFIED.,.F.,.F.,(4,1,1,1,1,1,1,1,4),(0.0,0.125,0.25,0.375,0.5,0.625,0.75,0.875,1.0),.UNSPECIFIED.);
#7156=B_SPLINE_CURVE_WITH_KNOTS('',3,(#9398,#9399,#9400,#9401,#9402,#9403,#9404,#9405,#9406,#9407,#9408),.UNSPECIFIED.,.F.,.F.,(4,1,1,1,1,1,1,1,4),(0.0,0.125,0.25,0.375,0.5,0.625,0.75,0.875,1.0),.UNSPECIFIED.);
#7157=B_SPLINE_CURVE_WITH_KNOTS('',3,(#9409,#9410,#9411,#9412,#9413,#9414,#9415,#9416,#9417,#9418,#9419,#9420,#9421),.UNSPECIFIED.,.F.,.F.,(4,1,1,1,1,1,1,1,1,1,4),(0.0,0.1,0.2,0.3,0.4,0.5,0.6,0.7,0.8,0.9,1.0),.UNSPECIFIED.);
#7158=LINE('',#9422,#9423);
#7159=CIRCLE('',#9424,0.338);
#7160=LINE('',#9425,#9426);
#7161=CIRCLE('',#9427,0.638);
#7162=LINE('',#9428,#9429);
#7163=CIRCLE('',#9430,0.638);
#7164=LINE('',#9431,#9432);
#7165=CIRCLE('',#9433,0.338);
#7166=LINE('',#9434,#9435);
#7167=CIRCLE('',#9436,0.638);
#7168=LINE('',#9437,#9438);
#7169=CIRCLE('',#9439,0.338);
#7170=LINE('',#9440,#9441);
#7171=CIRCLE('',#9442,0.638);
#7172=LINE('',#9443,#9444);
#7173=VERTEX_POINT('',#9445);
#7174=LINE('',#9446,#9447);
#7175=B_SPLINE_CURVE_WITH_KNOTS('',3,(#9448,#9449,#9450,#9451,#9452,#9453,#9454,#9455,#9456,#9457,#9458),.UNSPECIFIED.,.F.,.F.,(4,1,1,1,1,1,1,1,4),(0.0,0.125,0.25,0.375,0.5,0.625,0.75,0.875,1.0),.UNSPECIFIED.);
#7176=VERTEX_POINT('',#9459);
#7177=CIRCLE('',#9460,0.62);
#7178=B_SPLINE_CURVE_WITH_KNOTS('',3,(#9461,#9462,#9463,#9464,#9465,#9466,#9467,#9468,#9469,#9470,#9471),.UNSPECIFIED.,.F.,.F.,(4,1,1,1,1,1,1,1,4),(0.0,0.125,0.25,0.375,0.5,0.625,0.75,0.875,1.0),.UNSPECIFIED.);
#7179=CIRCLE('',#9472,0.62);
#7180=CIRCLE('',#9473,0.62);
#7181=LINE('',#9474,#9475);
#7182=LINE('',#9476,#9477);
#7183=LINE('',#9478,#9479);
#7184=LINE('',#9480,#9481);
#7185=LINE('',#9482,#9483);
#7186=LINE('',#9484,#9485);
#7187=LINE('',#9486,#9487);
#7188=CIRCLE('',#9488,0.638);
#7189=VERTEX_POINT('',#9489);
#7190=LINE('',#9490,#9491);
#7191=VERTEX_POINT('',#9492);
#7192=LINE('',#9493,#9494);
#7193=LINE('',#9495,#9496);
#7194=VERTEX_POINT('',#9497);
#7195=LINE('',#9498,#9499);
#7196=VERTEX_POINT('',#9500);
#7197=LINE('',#9501,#9502);
#7198=LINE('',#9503,#9504);
#7199=VERTEX_POINT('',#9505);
#7200=LINE('',#9506,#9507);
#7201=VERTEX_POINT('',#9508);
#7202=CIRCLE('',#9509,0.34);
#7203=VERTEX_POINT('',#9510);
#7204=LINE('',#9511,#9512);
#7205=VERTEX_POINT('',#9513);
#7206=CIRCLE('',#9514,0.34);
#7207=LINE('',#9515,#9516);
#7208=VERTEX_POINT('',#9517);
#7209=LINE('',#9518,#9519);
#7210=LINE('',#9520,#9521);
#7211=CIRCLE('',#9522,0.638);
#7212=VERTEX_POINT('',#9523);
#7213=VERTEX_POINT('',#9524);
#7214=LINE('',#9525,#9526);
#7215=VERTEX_POINT('',#9527);
#7216=LINE('',#9528,#9529);
#7217=VERTEX_POINT('',#9530);
#7218=LINE('',#9531,#9532);
#7219=LINE('',#9533,#9534);
#7220=VERTEX_POINT('',#9535);
#7221=VERTEX_POINT('',#9536);
#7222=LINE('',#9537,#9538);
#7223=VERTEX_POINT('',#9539);
#7224=LINE('',#9540,#9541);
#7225=VERTEX_POINT('',#9542);
#7226=LINE('',#9543,#9544);
#7227=LINE('',#9545,#9546);
#7228=VERTEX_POINT('',#9547);
#7229=VERTEX_POINT('',#9548);
#7230=LINE('',#9549,#9550);
#7231=VERTEX_POINT('',#9551);
#7232=LINE('',#9552,#9553);
#7233=VERTEX_POINT('',#9554);
#7234=LINE('',#9555,#9556);
#7235=LINE('',#9557,#9558);
#7236=VERTEX_POINT('',#9559);
#7237=VERTEX_POINT('',#9560);
#7238=LINE('',#9561,#9562);
#7239=VERTEX_POINT('',#9563);
#7240=LINE('',#9564,#9565);
#7241=VERTEX_POINT('',#9566);
#7242=LINE('',#9567,#9568);
#7243=LINE('',#9569,#9570);
#7244=VERTEX_POINT('',#9571);
#7245=LINE('',#9572,#9573);
#7246=LINE('',#9574,#9575);
#7247=VERTEX_POINT('',#9576);
#7248=LINE('',#9577,#9578);
#7249=VERTEX_POINT('',#9579);
#7250=LINE('',#9580,#9581);
#7251=LINE('',#9582,#9583);
#7252=VERTEX_POINT('',#9584);
#7253=LINE('',#9585,#9586);
#7254=LINE('',#9587,#9588);
#7255=VERTEX_POINT('',#9589);
#7256=LINE('',#9590,#9591);
#7257=VERTEX_POINT('',#9592);
#7258=LINE('',#9593,#9594);
#7259=LINE('',#9595,#9596);
#7260=VERTEX_POINT('',#9597);
#7261=CIRCLE('',#9598,0.638);
#7262=VERTEX_POINT('',#9599);
#7263=LINE('',#9600,#9601);
#7264=VERTEX_POINT('',#9602);
#7265=CIRCLE('',#9603,0.34);
#7266=VERTEX_POINT('',#9604);
#7267=LINE('',#9605,#9606);
#7268=VERTEX_POINT('',#9607);
#7269=CIRCLE('',#9608,0.34);
#7270=VERTEX_POINT('',#9609);
#7271=LINE('',#9610,#9611);
#7272=CIRCLE('',#9612,0.638);
#7273=LINE('',#9613,#9614);
#7274=LINE('',#9615,#9616);
#7275=LINE('',#9617,#9618);
#7276=LINE('',#9619,#9620);
#7277=LINE('',#9621,#9622);
#7278=LINE('',#9623,#9624);
#7279=LINE('',#9625,#9626);
#7280=VERTEX_POINT('',#9627);
#7281=VERTEX_POINT('',#9628);
#7282=LINE('',#9629,#9630);
#7283=VERTEX_POINT('',#9631);
#7284=B_SPLINE_CURVE_WITH_KNOTS('',3,(#9632,#9633,#9634,#9635,#9636),.UNSPECIFIED.,.F.,.F.,(4,1,4),(0.0,0.5,1.0),.UNSPECIFIED.);
#7285=VERTEX_POINT('',#9637);
#7286=LINE('',#9638,#9639);
#7287=B_SPLINE_CURVE_WITH_KNOTS('',3,(#9640,#9641,#9642,#9643),.UNSPECIFIED.,.F.,.F.,(4,4),(0.0,1.0),.UNSPECIFIED.);
#7288=VERTEX_POINT('',#9644);
#7289=B_SPLINE_CURVE_WITH_KNOTS('',3,(#9645,#9646,#9647,#9648),.UNSPECIFIED.,.F.,.F.,(4,4),(0.0,1.0),.UNSPECIFIED.);
#7290=VERTEX_POINT('',#9649);
#7291=LINE('',#9650,#9651);
#7292=VERTEX_POINT('',#9652);
#7293=B_SPLINE_CURVE_WITH_KNOTS('',3,(#9653,#9654,#9655,#9656,#9657,#9658,#9659),.UNSPECIFIED.,.F.,.F.,(4,1,1,1,4),(0.0,0.25,0.5,0.75,1.0),.UNSPECIFIED.);
#7294=VERTEX_POINT('',#9660);
#7295=LINE('',#9661,#9662);
#7296=B_SPLINE_CURVE_WITH_KNOTS('',3,(#9663,#9664,#9665,#9666),.UNSPECIFIED.,.F.,.F.,(4,4),(0.0,1.0),.UNSPECIFIED.);
#7297=VERTEX_POINT('',#9667);
#7298=VERTEX_POINT('',#9668);
#7299=LINE('',#9669,#9670);
#7300=VERTEX_POINT('',#9671);
#7301=B_SPLINE_CURVE_WITH_KNOTS('',3,(#9672,#9673,#9674,#9675,#9676,#9677,#9678),.UNSPECIFIED.,.F.,.F.,(4,1,1,1,4),(0.0,0.25,0.5,0.75,1.0),.UNSPECIFIED.);
#7302=VERTEX_POINT('',#9679);
#7303=LINE('',#9680,#9681);
#7304=B_SPLINE_CURVE_WITH_KNOTS('',3,(#9682,#9683,#9684,#9685),.UNSPECIFIED.,.F.,.F.,(4,4),(0.0,1.0),.UNSPECIFIED.);
#7305=VERTEX_POINT('',#9686);
#7306=B_SPLINE_CURVE_WITH_KNOTS('',3,(#9687,#9688,#9689,#9690),.UNSPECIFIED.,.F.,.F.,(4,4),(0.0,1.0),.UNSPECIFIED.);
#7307=VERTEX_POINT('',#9691);
#7308=LINE('',#9692,#9693);
#7309=VERTEX_POINT('',#9694);
#7310=B_SPLINE_CURVE_WITH_KNOTS('',3,(#9695,#9696,#9697,#9698,#9699),.UNSPECIFIED.,.F.,.F.,(4,1,4),(0.0,0.5,1.0),.UNSPECIFIED.);
#7311=VERTEX_POINT('',#9700);
#7312=LINE('',#9701,#9702);
#7313=B_SPLINE_CURVE_WITH_KNOTS('',3,(#9703,#9704,#9705,#9706),.UNSPECIFIED.,.F.,.F.,(4,4),(0.0,1.0),.UNSPECIFIED.);
#7314=VERTEX_POINT('',#9707);
#7315=VERTEX_POINT('',#9708);
#7316=B_SPLINE_CURVE_WITH_KNOTS('',3,(#9709,#9710,#9711,#9712),.UNSPECIFIED.,.F.,.F.,(4,4),(0.0,1.0),.UNSPECIFIED.);
#7317=B_SPLINE_CURVE_WITH_KNOTS('',3,(#9713,#9714,#9715,#9716,#9717,#9718,#9719,#9720,#9721,#9722,#9723,#9724,#9725,#9726,#9727,#9728,#9729,#9730,#9731,#9732),.UNSPECIFIED.,.F.,.F.,(4,1,1,1,1,1,1,1,1,1,1,1,1,1,1,1,1,4),(0.0,0.05882352941176,0.1176470588235,0.1764705882353,0.2352941176471,0.2941176470588,0.3529411764706,0.4117647058824,0.4705882352941,0.5294117647059,0.5882352941176,0.6470588235294,0.7058823529412,0.7647058823529,0.8235294117647,0.8823529411765,0.9411764705882,1.0),.UNSPECIFIED.);
#7318=B_SPLINE_CURVE_WITH_KNOTS('',3,(#9733,#9734,#9735,#9736,#9737,#9738,#9739,#9740,#9741,#9742,#9743,#9744,#9745,#9746,#9747,#9748,#9749,#9750,#9751,#9752),.UNSPECIFIED.,.F.,.F.,(4,1,1,1,1,1,1,1,1,1,1,1,1,1,1,1,1,4),(0.0,0.05882352941176,0.1176470588235,0.1764705882353,0.2352941176471,0.2941176470588,0.3529411764706,0.4117647058824,0.4705882352941,0.5294117647059,0.5882352941176,0.6470588235294,0.7058823529412,0.7647058823529,0.8235294117647,0.8823529411765,0.9411764705882,1.0),.UNSPECIFIED.);
#7319=VERTEX_POINT('',#9753);
#7320=LINE('',#9754,#9755);
#7321=LINE('',#9756,#9757);
#7322=VERTEX_POINT('',#9758);
#7323=B_SPLINE_CURVE_WITH_KNOTS('',3,(#9759,#9760,#9761,#9762,#9763,#9764,#9765),.UNSPECIFIED.,.F.,.F.,(4,1,1,1,4),(0.0,0.25,0.5,0.75,1.0),.UNSPECIFIED.);
#7324=VERTEX_POINT('',#9766);
#7325=LINE('',#9767,#9768);
#7326=B_SPLINE_CURVE_WITH_KNOTS('',3,(#9769,#9770,#9771,#9772),.UNSPECIFIED.,.F.,.F.,(4,4),(0.0,1.0),.UNSPECIFIED.);
#7327=LINE('',#9773,#9774);
#7328=VERTEX_POINT('',#9775);
#7329=B_SPLINE_CURVE_WITH_KNOTS('',3,(#9776,#9777,#9778,#9779),.UNSPECIFIED.,.F.,.F.,(4,4),(0.0,1.0),.UNSPECIFIED.);
#7330=VERTEX_POINT('',#9780);
#7331=LINE('',#9781,#9782);
#7332=VERTEX_POINT('',#9783);
#7333=B_SPLINE_CURVE_WITH_KNOTS('',3,(#9784,#9785,#9786,#9787,#9788),.UNSPECIFIED.,.F.,.F.,(4,1,4),(0.0,0.5,1.0),.UNSPECIFIED.);
#7334=LINE('',#9789,#9790);
#7335=VERTEX_POINT('',#9791);
#7336=VERTEX_POINT('',#9792);
#7337=LINE('',#9793,#9794);
#7338=VERTEX_POINT('',#9795);
#7339=B_SPLINE_CURVE_WITH_KNOTS('',3,(#9796,#9797,#9798,#9799,#9800),.UNSPECIFIED.,.F.,.F.,(4,1,4),(0.0,0.5,1.0),.UNSPECIFIED.);
#7340=VERTEX_POINT('',#9801);
#7341=LINE('',#9802,#9803);
#7342=B_SPLINE_CURVE_WITH_KNOTS('',3,(#9804,#9805,#9806,#9807),.UNSPECIFIED.,.F.,.F.,(4,4),(0.0,1.0),.UNSPECIFIED.);
#7343=LINE('',#9808,#9809);
#7344=VERTEX_POINT('',#9810);
#7345=B_SPLINE_CURVE_WITH_KNOTS('',3,(#9811,#9812,#9813,#9814),.UNSPECIFIED.,.F.,.F.,(4,4),(0.0,1.0),.UNSPECIFIED.);
#7346=VERTEX_POINT('',#9815);
#7347=LINE('',#9816,#9817);
#7348=VERTEX_POINT('',#9818);
#7349=B_SPLINE_CURVE_WITH_KNOTS('',3,(#9819,#9820,#9821,#9822,#9823,#9824,#9825),.UNSPECIFIED.,.F.,.F.,(4,1,1,1,4),(0.0,0.25,0.5,0.75,1.0),.UNSPECIFIED.);
#7350=VERTEX_POINT('',#9826);
#7351=LINE('',#9827,#9828);
#7352=B_SPLINE_CURVE_WITH_KNOTS('',3,(#9829,#9830,#9831,#9832),.UNSPECIFIED.,.F.,.F.,(4,4),(0.0,1.0),.UNSPECIFIED.);
#7353=LINE('',#9833,#9834);
#7354=LINE('',#9835,#9836);
#7355=LINE('',#9837,#9838);
#7356=VERTEX_POINT('',#9839);
#7357=LINE('',#9840,#9841);
#7358=LINE('',#9842,#9843);
#7359=LINE('',#9844,#9845);
#7360=LINE('',#9846,#9847);
#7361=VERTEX_POINT('',#9848);
#7362=LINE('',#9849,#9850);
#7363=LINE('',#9851,#9852);
#7364=LINE('',#9853,#9854);
#7365=LINE('',#9855,#9856);
#7366=CIRCLE('',#9857,0.638);
#7367=CIRCLE('',#9858,0.638);
#7368=LINE('',#9859,#9860);
#7369=LINE('',#9861,#9862);
#7370=B_SPLINE_CURVE_WITH_KNOTS('',3,(#9863,#9864,#9865,#9866,#9867,#9868,#9869,#9870,#9871,#9872,#9873,#9874,#9875,#9876,#9877,#9878,#9879,#9880,#9881,#9882),.UNSPECIFIED.,.F.,.F.,(4,1,1,1,1,1,1,1,1,1,1,1,1,1,1,1,1,4),(0.0,0.05882352941176,0.1176470588235,0.1764705882353,0.2352941176471,0.2941176470588,0.3529411764706,0.4117647058824,0.4705882352941,0.5294117647059,0.5882352941176,0.6470588235294,0.7058823529412,0.7647058823529,0.8235294117647,0.8823529411765,0.9411764705882,1.0),.UNSPECIFIED.);
#7371=B_SPLINE_CURVE_WITH_KNOTS('',3,(#9883,#9884,#9885,#9886,#9887,#9888,#9889,#9890,#9891,#9892,#9893,#9894,#9895,#9896,#9897,#9898,#9899,#9900,#9901,#9902),.UNSPECIFIED.,.F.,.F.,(4,1,1,1,1,1,1,1,1,1,1,1,1,1,1,1,1,4),(0.0,0.05882352941176,0.1176470588235,0.1764705882353,0.2352941176471,0.2941176470588,0.3529411764706,0.4117647058824,0.4705882352941,0.5294117647059,0.5882352941176,0.6470588235294,0.7058823529412,0.7647058823529,0.8235294117647,0.8823529411765,0.9411764705882,1.0),.UNSPECIFIED.);
#7372=LINE('',#9903,#9904);
#7373=LINE('',#9905,#9906);
#7374=LINE('',#9907,#9908);
#7375=LINE('',#9909,#9910);
#7376=LINE('',#9911,#9912);
#7377=LINE('',#9913,#9914);
#7378=VERTEX_POINT('',#9915);
#7379=LINE('',#9916,#9917);
#7380=VERTEX_POINT('',#9918);
#7381=LINE('',#9919,#9920);
#7382=LINE('',#9921,#9922);
#7383=VERTEX_POINT('',#9923);
#7384=LINE('',#9924,#9925);
#7385=LINE('',#9926,#9927);
#7386=VERTEX_POINT('',#9928);
#7387=LINE('',#9929,#9930);
#7388=LINE('',#9931,#9932);
#7389=LINE('',#9933,#9934);
#7390=VERTEX_POINT('',#9935);
#7391=LINE('',#9936,#9937);
#7392=VERTEX_POINT('',#9938);
#7393=LINE('',#9939,#9940);
#7394=LINE('',#9941,#9942);
#7395=VERTEX_POINT('',#9943);
#7396=LINE('',#9944,#9945);
#7397=LINE('',#9946,#9947);
#7398=VERTEX_POINT('',#9948);
#7399=LINE('',#9949,#9950);
#7400=LINE('',#9951,#9952);
#7401=LINE('',#9953,#9954);
#7402=VERTEX_POINT('',#9955);
#7403=LINE('',#9956,#9957);
#7404=VERTEX_POINT('',#9958);
#7405=LINE('',#9959,#9960);
#7406=LINE('',#9961,#9962);
#7407=VERTEX_POINT('',#9963);
#7408=LINE('',#9964,#9965);
#7409=LINE('',#9966,#9967);
#7410=VERTEX_POINT('',#9968);
#7411=LINE('',#9969,#9970);
#7412=LINE('',#9971,#9972);
#7413=LINE('',#9973,#9974);
#7414=VERTEX_POINT('',#9975);
#7415=LINE('',#9976,#9977);
#7416=VERTEX_POINT('',#9978);
#7417=LINE('',#9979,#9980);
#7418=LINE('',#9981,#9982);
#7419=VERTEX_POINT('',#9983);
#7420=LINE('',#9984,#9985);
#7421=LINE('',#9986,#9987);
#7422=VERTEX_POINT('',#9988);
#7423=LINE('',#9989,#9990);
#7424=LINE('',#9991,#9992);
#7425=LINE('',#9993,#9994);
#7426=VERTEX_POINT('',#9995);
#7427=B_SPLINE_CURVE_WITH_KNOTS('',3,(#9996,#9997,#9998,#9999,#10000,#10001,#10002,#10003,#10004,#10005,#10006),.UNSPECIFIED.,.F.,.F.,(4,1,1,1,1,1,1,1,4),(0.0,0.125,0.25,0.375,0.5,0.625,0.75,0.875,1.0),.UNSPECIFIED.);
#7428=VERTEX_POINT('',#10007);
#7429=LINE('',#10008,#10009);
#7430=B_SPLINE_CURVE_WITH_KNOTS('',3,(#10010,#10011,#10012,#10013,#10014,#10015,#10016,#10017,#10018,#10019,#10020,#10021,#10022),.UNSPECIFIED.,.F.,.F.,(4,1,1,1,1,1,1,1,1,1,4),(0.0,0.1,0.2,0.3,0.4,0.5,0.6,0.7,0.8,0.9,1.0),.UNSPECIFIED.);
#7431=CIRCLE('',#10023,0.32);
#7432=VERTEX_POINT('',#10024);
#7433=CIRCLE('',#10025,0.32);
#7434=B_SPLINE_CURVE_WITH_KNOTS('',3,(#10026,#10027,#10028,#10029,#10030,#10031,#10032,#10033,#10034,#10035,#10036,#10037,#10038),.UNSPECIFIED.,.F.,.F.,(4,1,1,1,1,1,1,1,1,1,4),(0.0,0.1,0.2,0.3,0.4,0.5,0.6,0.7,0.8,0.9,1.0),.UNSPECIFIED.);
#7435=VERTEX_POINT('',#10039);
#7436=LINE('',#10040,#10041);
#7437=B_SPLINE_CURVE_WITH_KNOTS('',3,(#10042,#10043,#10044,#10045,#10046,#10047,#10048,#10049,#10050,#10051,#10052),.UNSPECIFIED.,.F.,.F.,(4,1,1,1,1,1,1,1,4),(0.0,0.125,0.25,0.375,0.5,0.625,0.75,0.875,1.0),.UNSPECIFIED.);
#7438=CIRCLE('',#10053,0.62);
#7439=CIRCLE('',#10054,0.62);
#7440=LINE('',#10055,#10056);
#7441=LINE('',#10057,#10058);
#7442=LINE('',#10059,#10060);
#7443=LINE('',#10061,#10062);
#7444=CIRCLE('',#10063,0.338);
#7445=CIRCLE('',#10064,0.338);
#7446=CIRCLE('',#10065,0.338);
#7447=VERTEX_POINT('',#10066);
#7448=VERTEX_POINT('',#10067);
#7449=CIRCLE('',#10068,0.64);
#7450=VERTEX_POINT('',#10069);
#7451=LINE('',#10070,#10071);
#7452=VERTEX_POINT('',#10072);
#7453=LINE('',#10073,#10074);
#7454=VERTEX_POINT('',#10075);
#7455=LINE('',#10076,#10077);
#7456=VERTEX_POINT('',#10078);
#7457=CIRCLE('',#10079,0.64);
#7458=LINE('',#10080,#10081);
#7459=VERTEX_POINT('',#10082);
#7460=LINE('',#10083,#10084);
#7461=VERTEX_POINT('',#10085);
#7462=LINE('',#10086,#10087);
#7463=LINE('',#10088,#10089);
#7464=VERTEX_POINT('',#10090);
#7465=VERTEX_POINT('',#10091);
#7466=LINE('',#10092,#10093);
#7467=VERTEX_POINT('',#10094);
#7468=LINE('',#10095,#10096);
#7469=B_SPLINE_CURVE_WITH_KNOTS('',3,(#10097,#10098,#10099,#10100,#10101,#10102),.UNSPECIFIED.,.F.,.F.,(4,1,1,4),(0.0,0.5,0.75,1.0),.UNSPECIFIED.);
#7470=VERTEX_POINT('',#10103);
#7471=B_SPLINE_CURVE_WITH_KNOTS('',3,(#10104,#10105,#10106,#10107,#10108,#10109),.UNSPECIFIED.,.F.,.F.,(4,1,1,4),(0.0,0.25,0.5,1.0),.UNSPECIFIED.);
#7472=LINE('',#10110,#10111);
#7473=VERTEX_POINT('',#10112);
#7474=B_SPLINE_CURVE_WITH_KNOTS('',3,(#10113,#10114,#10115,#10116,#10117,#10118),.UNSPECIFIED.,.F.,.F.,(4,1,1,4),(0.0,0.5,0.75,1.0),.UNSPECIFIED.);
#7475=VERTEX_POINT('',#10119);
#7476=LINE('',#10120,#10121);
#7477=VERTEX_POINT('',#10122);
#7478=LINE('',#10123,#10124);
#7479=VERTEX_POINT('',#10125);
#7480=LINE('',#10126,#10127);
#7481=LINE('',#10128,#10129);
#7482=VERTEX_POINT('',#10130);
#7483=LINE('',#10131,#10132);
#7484=LINE('',#10133,#10134);
#7485=VERTEX_POINT('',#10135);
#7486=LINE('',#10136,#10137);
#7487=VERTEX_POINT('',#10138);
#7488=LINE('',#10139,#10140);
#7489=VERTEX_POINT('',#10141);
#7490=LINE('',#10142,#10143);
#7491=B_SPLINE_CURVE_WITH_KNOTS('',3,(#10144,#10145,#10146,#10147,#10148,#10149),.UNSPECIFIED.,.F.,.F.,(4,1,1,4),(0.0,0.25,0.5,1.0),.UNSPECIFIED.);
#7492=LINE('',#10150,#10151);
#7493=LINE('',#10152,#10153);
#7494=LINE('',#10154,#10155);
#7495=LINE('',#10156,#10157);
#7496=VERTEX_POINT('',#10158);
#7497=VERTEX_POINT('',#10159);
#7498=LINE('',#10160,#10161);
#7499=VERTEX_POINT('',#10162);
#7500=LINE('',#10163,#10164);
#7501=VERTEX_POINT('',#10165);
#7502=LINE('',#10166,#10167);
#7503=LINE('',#10168,#10169);
#7504=VERTEX_POINT('',#10170);
#7505=VERTEX_POINT('',#10171);
#7506=LINE('',#10172,#10173);
#7507=VERTEX_POINT('',#10174);
#7508=LINE('',#10175,#10176);
#7509=VERTEX_POINT('',#10177);
#7510=LINE('',#10178,#10179);
#7511=LINE('',#10180,#10181);
#7512=VERTEX_POINT('',#10182);
#7513=VERTEX_POINT('',#10183);
#7514=LINE('',#10184,#10185);
#7515=VERTEX_POINT('',#10186);
#7516=LINE('',#10187,#10188);
#7517=VERTEX_POINT('',#10189);
#7518=LINE('',#10190,#10191);
#7519=LINE('',#10192,#10193);
#7520=VERTEX_POINT('',#10194);
#7521=VERTEX_POINT('',#10195);
#7522=LINE('',#10196,#10197);
#7523=VERTEX_POINT('',#10198);
#7524=LINE('',#10199,#10200);
#7525=VERTEX_POINT('',#10201);
#7526=LINE('',#10202,#10203);
#7527=LINE('',#10204,#10205);
#7528=LINE('',#10206,#10207);
#7529=VERTEX_POINT('',#10208);
#7530=CIRCLE('',#10209,1.27);
#7531=LINE('',#10210,#10211);
#7532=VERTEX_POINT('',#10212);
#7533=LINE('',#10213,#10214);
#7534=LINE('',#10215,#10216);
#7535=CIRCLE('',#10217,1.27);
#7536=VERTEX_POINT('',#10218);
#7537=CIRCLE('',#10219,1.27);
#7538=LINE('',#10220,#10221);
#7539=VERTEX_POINT('',#10222);
#7540=LINE('',#10223,#10224);
#7541=LINE('',#10225,#10226);
#7542=CIRCLE('',#10227,1.27);
#7543=VERTEX_POINT('',#10228);
#7544=CIRCLE('',#10229,1.27);
#7545=LINE('',#10230,#10231);
#7546=VERTEX_POINT('',#10232);
#7547=LINE('',#10233,#10234);
#7548=LINE('',#10235,#10236);
#7549=CIRCLE('',#10237,1.27);
#7550=VERTEX_POINT('',#10238);
#7551=CIRCLE('',#10239,1.27);
#7552=LINE('',#10240,#10241);
#7553=VERTEX_POINT('',#10242);
#7554=LINE('',#10243,#10244);
#7555=LINE('',#10245,#10246);
#7556=CIRCLE('',#10247,1.27);
#7557=VERTEX_POINT('',#10248);
#7558=B_SPLINE_CURVE_WITH_KNOTS('',3,(#10249,#10250,#10251,#10252,#10253,#10254,#10255,#10256,#10257,#10258,#10259),.UNSPECIFIED.,.F.,.F.,(4,1,1,1,1,1,1,1,4),(0.0,0.125,0.25,0.375,0.5,0.625,0.75,0.875,1.0),.UNSPECIFIED.);
#7559=VERTEX_POINT('',#10260);
#7560=LINE('',#10261,#10262);
#7561=B_SPLINE_CURVE_WITH_KNOTS('',3,(#10263,#10264,#10265,#10266,#10267,#10268,#10269,#10270,#10271,#10272,#10273,#10274,#10275),.UNSPECIFIED.,.F.,.F.,(4,1,1,1,1,1,1,1,1,1,4),(0.0,0.1,0.2,0.3,0.4,0.5,0.6,0.7,0.8,0.9,1.0),.UNSPECIFIED.);
#7562=CIRCLE('',#10276,0.32);
#7563=VERTEX_POINT('',#10277);
#7564=CIRCLE('',#10278,0.32);
#7565=B_SPLINE_CURVE_WITH_KNOTS('',3,(#10279,#10280,#10281,#10282,#10283,#10284,#10285,#10286,#10287,#10288,#10289,#10290,#10291),.UNSPECIFIED.,.F.,.F.,(4,1,1,1,1,1,1,1,1,1,4),(0.0,0.1,0.2,0.3,0.4,0.5,0.6,0.7,0.8,0.9,1.0),.UNSPECIFIED.);
#7566=VERTEX_POINT('',#10292);
#7567=CIRCLE('',#10293,0.32);
#7568=B_SPLINE_CURVE_WITH_KNOTS('',3,(#10294,#10295,#10296,#10297,#10298,#10299,#10300,#10301,#10302,#10303,#10304,#10305,#10306),.UNSPECIFIED.,.F.,.F.,(4,1,1,1,1,1,1,1,1,1,4),(0.0,0.1,0.2,0.3,0.4,0.5,0.6,0.7,0.8,0.9,1.0),.UNSPECIFIED.);
#7569=VERTEX_POINT('',#10307);
#7570=B_SPLINE_CURVE_WITH_KNOTS('',3,(#10308,#10309,#10310,#10311,#10312,#10313,#10314,#10315,#10316,#10317,#10318,#10319,#10320),.UNSPECIFIED.,.F.,.F.,(4,1,1,1,1,1,1,1,1,1,4),(0.0,0.1,0.2,0.3,0.4,0.5,0.6,0.7,0.8,0.9,1.0),.UNSPECIFIED.);
#7571=CIRCLE('',#10321,0.32);
#7572=VERTEX_POINT('',#10322);
#7573=LINE('',#10323,#10324);
#7574=B_SPLINE_CURVE_WITH_KNOTS('',3,(#10325,#10326,#10327,#10328,#10329,#10330,#10331,#10332,#10333,#10334,#10335),.UNSPECIFIED.,.F.,.F.,(4,1,1,1,1,1,1,1,4),(0.0,0.125,0.25,0.375,0.5,0.625,0.75,0.875,1.0),.UNSPECIFIED.);
#7575=CIRCLE('',#10336,0.62);
#7576=CIRCLE('',#10337,0.62);
#7577=VERTEX_POINT('',#10338);
#7578=B_SPLINE_CURVE_WITH_KNOTS('',3,(#10339,#10340,#10341,#10342,#10343,#10344,#10345,#10346,#10347,#10348,#10349),.UNSPECIFIED.,.F.,.F.,(4,1,1,1,1,1,1,1,4),(0.0,0.125,0.25,0.375,0.5,0.625,0.75,0.875,1.0),.UNSPECIFIED.);
#7579=CIRCLE('',#10350,0.62);
#7580=VERTEX_POINT('',#10351);
#7581=CIRCLE('',#10352,0.62);
#7582=B_SPLINE_CURVE_WITH_KNOTS('',3,(#10353,#10354,#10355,#10356,#10357,#10358,#10359,#10360,#10361,#10362,#10363),.UNSPECIFIED.,.F.,.F.,(4,1,1,1,1,1,1,1,4),(0.0,0.125,0.25,0.375,0.5,0.625,0.75,0.875,1.0),.UNSPECIFIED.);
#7583=LINE('',#10364,#10365);
#7584=LINE('',#10366,#10367);
#7585=LINE('',#10368,#10369);
#7586=LINE('',#10370,#10371);
#7587=LINE('',#10372,#10373);
#7588=LINE('',#10374,#10375);
#7589=LINE('',#10376,#10377);
#7590=LINE('',#10378,#10379);
#7591=LINE('',#10380,#10381);
#7592=LINE('',#10382,#10383);
#7593=B_SPLINE_CURVE_WITH_KNOTS('',3,(#10384,#10385,#10386,#10387,#10388,#10389,#10390,#10391,#10392,#10393,#10394,#10395,#10396),.UNSPECIFIED.,.F.,.F.,(4,1,1,1,1,1,1,1,1,1,4),(0.0,0.1,0.2,0.3,0.4,0.5,0.6,0.7,0.8,0.9,1.0),.UNSPECIFIED.);
#7594=VERTEX_POINT('',#10397);
#7595=B_SPLINE_CURVE_WITH_KNOTS('',3,(#10398,#10399,#10400,#10401),.UNSPECIFIED.,.F.,.F.,(4,4),(0.0,1.0),.UNSPECIFIED.);
#7596=VERTEX_POINT('',#10402);
#7597=LINE('',#10403,#10404);
#7598=B_SPLINE_CURVE_WITH_KNOTS('',3,(#10405,#10406,#10407,#10408),.UNSPECIFIED.,.F.,.F.,(4,4),(0.0,1.0),.UNSPECIFIED.);
#7599=VERTEX_POINT('',#10409);
#7600=B_SPLINE_CURVE_WITH_KNOTS('',3,(#10410,#10411,#10412,#10413),.UNSPECIFIED.,.F.,.F.,(4,4),(0.0,1.0),.UNSPECIFIED.);
#7601=B_SPLINE_CURVE_WITH_KNOTS('',3,(#10414,#10415,#10416,#10417),.UNSPECIFIED.,.F.,.F.,(4,4),(0.0,1.0),.UNSPECIFIED.);
#7602=VERTEX_POINT('',#10418);
#7603=LINE('',#10419,#10420);
#7604=B_SPLINE_CURVE_WITH_KNOTS('',3,(#10421,#10422,#10423,#10424),.UNSPECIFIED.,.F.,.F.,(4,4),(0.0,1.0),.UNSPECIFIED.);
#7605=B_SPLINE_CURVE_WITH_KNOTS('',3,(#10425,#10426,#10427,#10428),.UNSPECIFIED.,.F.,.F.,(4,4),(0.0,1.0),.UNSPECIFIED.);
#7606=VERTEX_POINT('',#10429);
#7607=B_SPLINE_CURVE_WITH_KNOTS('',3,(#10430,#10431,#10432,#10433,#10434),.UNSPECIFIED.,.F.,.F.,(4,1,4),(0.0,0.5,1.0),.UNSPECIFIED.);
#7608=VERTEX_POINT('',#10435);
#7609=LINE('',#10436,#10437);
#7610=B_SPLINE_CURVE_WITH_KNOTS('',3,(#10438,#10439,#10440,#10441,#10442),.UNSPECIFIED.,.F.,.F.,(4,1,4),(0.0,0.5,1.0),.UNSPECIFIED.);
#7611=VERTEX_POINT('',#10443);
#7612=LINE('',#10444,#10445);
#7613=B_SPLINE_CURVE_WITH_KNOTS('',3,(#10446,#10447,#10448,#10449,#10450),.UNSPECIFIED.,.F.,.F.,(4,1,4),(0.0,0.5,1.0),.UNSPECIFIED.);
#7614=VERTEX_POINT('',#10451);
#7615=LINE('',#10452,#10453);
#7616=B_SPLINE_CURVE_WITH_KNOTS('',3,(#10454,#10455,#10456,#10457,#10458),.UNSPECIFIED.,.F.,.F.,(4,1,4),(0.0,0.5,1.0),.UNSPECIFIED.);
#7617=LINE('',#10459,#10460);
#7618=VERTEX_POINT('',#10461);
#7619=B_SPLINE_CURVE_WITH_KNOTS('',3,(#10462,#10463,#10464,#10465,#10466,#10467,#10468,#10469,#10470),.UNSPECIFIED.,.F.,.F.,(4,1,1,1,1,1,4),(0.0,0.1666666666667,0.3333333333333,0.5,0.6666666666667,0.8333333333333,1.0),.UNSPECIFIED.);
#7620=VERTEX_POINT('',#10471);
#7621=LINE('',#10472,#10473);
#7622=B_SPLINE_CURVE_WITH_KNOTS('',3,(#10474,#10475,#10476,#10477,#10478,#10479,#10480,#10481,#10482),.UNSPECIFIED.,.F.,.F.,(4,1,1,1,1,1,4),(0.0,0.1666666666667,0.3333333333333,0.5,0.6666666666667,0.8333333333333,1.0),.UNSPECIFIED.);
#7623=VERTEX_POINT('',#10483);
#7624=LINE('',#10484,#10485);
#7625=B_SPLINE_CURVE_WITH_KNOTS('',3,(#10486,#10487,#10488,#10489,#10490,#10491,#10492,#10493,#10494,#10495),.UNSPECIFIED.,.F.,.F.,(4,1,1,1,1,1,1,4),(0.0,0.1428571428571,0.2857142857143,0.4285714285714,0.5714285714286,0.7142857142857,0.8571428571429,1.0),.UNSPECIFIED.);
#7626=VERTEX_POINT('',#10496);
#7627=LINE('',#10497,#10498);
#7628=B_SPLINE_CURVE_WITH_KNOTS('',3,(#10499,#10500,#10501,#10502,#10503,#10504,#10505,#10506,#10507,#10508),.UNSPECIFIED.,.F.,.F.,(4,1,1,1,1,1,1,4),(0.0,0.1428571428571,0.2857142857143,0.4285714285714,0.5714285714286,0.7142857142857,0.8571428571429,1.0),.UNSPECIFIED.);
#7629=LINE('',#10509,#10510);
#7630=VERTEX_POINT('',#10511);
#7631=B_SPLINE_CURVE_WITH_KNOTS('',3,(#10512,#10513,#10514,#10515,#10516,#10517,#10518,#10519,#10520,#10521,#10522,#10523,#10524),.UNSPECIFIED.,.F.,.F.,(4,1,1,1,1,1,1,1,1,1,4),(0.0,0.1,0.2,0.3,0.4,0.5,0.6,0.7,0.8,0.9,1.0),.UNSPECIFIED.);
#7632=VERTEX_POINT('',#10525);
#7633=LINE('',#10526,#10527);
#7634=B_SPLINE_CURVE_WITH_KNOTS('',3,(#10528,#10529,#10530,#10531,#10532,#10533,#10534,#10535,#10536,#10537,#10538,#10539,#10540,#10541),.UNSPECIFIED.,.F.,.F.,(4,1,1,1,1,1,1,1,1,1,1,4),(0.0,0.09090909090909,0.1818181818182,0.2727272727273,0.3636363636364,0.4545454545455,0.5454545454545,0.6363636363636,0.7272727272727,0.8181818181818,0.9090909090909,1.0),.UNSPECIFIED.);
#7635=VERTEX_POINT('',#10542);
#7636=LINE('',#10543,#10544);
#7637=B_SPLINE_CURVE_WITH_KNOTS('',3,(#10545,#10546,#10547,#10548,#10549,#10550,#10551,#10552,#10553,#10554,#10555,#10556,#10557,#10558),.UNSPECIFIED.,.F.,.F.,(4,1,1,1,1,1,1,1,1,1,1,4),(0.0,0.09090909090909,0.1818181818182,0.2727272727273,0.3636363636364,0.4545454545455,0.5454545454545,0.6363636363636,0.7272727272727,0.8181818181818,0.9090909090909,1.0),.UNSPECIFIED.);
#7638=VERTEX_POINT('',#10559);
#7639=LINE('',#10560,#10561);
#7640=B_SPLINE_CURVE_WITH_KNOTS('',3,(#10562,#10563,#10564,#10565,#10566,#10567,#10568,#10569,#10570,#10571,#10572,#10573,#10574),.UNSPECIFIED.,.F.,.F.,(4,1,1,1,1,1,1,1,1,1,4),(0.0,0.1,0.2,0.3,0.4,0.5,0.6,0.7,0.8,0.9,1.0),.UNSPECIFIED.);
#7641=LINE('',#10575,#10576);
#7642=VERTEX_POINT('',#10577);
#7643=LINE('',#10578,#10579);
#7644=VERTEX_POINT('',#10580);
#7645=LINE('',#10581,#10582);
#7646=LINE('',#10583,#10584);
#7647=VERTEX_POINT('',#10585);
#7648=LINE('',#10586,#10587);
#7649=LINE('',#10588,#10589);
#7650=VERTEX_POINT('',#10590);
#7651=LINE('',#10591,#10592);
#7652=LINE('',#10593,#10594);
#7653=LINE('',#10595,#10596);
#7654=CARTESIAN_POINT('',(3.0,2.56,-0.7949999999999));
#7655=CARTESIAN_POINT('',(3.0,2.86,-0.7949999999999));
#7656=CARTESIAN_POINT('',(3.0,2.71,-0.7949999999999));
#7657=VECTOR('',#10597,1.0);
#7658=CARTESIAN_POINT('',(2.112519022697,2.56,-1.566886113168));
#7659=AXIS2_PLACEMENT_3D('',#10598,#10599,#10600);
#7660=CARTESIAN_POINT('',(2.112519022697,2.86,-1.566886113168));
#7661=CARTESIAN_POINT('',(2.112519022697,2.56,-1.566886113168));
#7662=VECTOR('',#10601,0.3);
#7663=AXIS2_PLACEMENT_3D('',#10602,#10603,#10604);
#7664=CARTESIAN_POINT('',(3.0,-2.86,-0.7949999999999));
#7665=CARTESIAN_POINT('',(3.0,-2.56,-0.7949999999999));
#7666=CARTESIAN_POINT('',(3.0,-2.71,-0.7949999999999));
#7667=VECTOR('',#10605,1.0);
#7668=CARTESIAN_POINT('',(2.112519022697,-2.86,-1.566886113168));
#7669=AXIS2_PLACEMENT_3D('',#10606,#10607,#10608);
#7670=CARTESIAN_POINT('',(2.112519022697,-2.56,-1.566886113168));
#7671=CARTESIAN_POINT('',(2.112519022697,-2.86,-1.566886113168));
#7672=VECTOR('',#10609,0.3);
#7673=AXIS2_PLACEMENT_3D('',#10610,#10611,#10612);
#7674=CARTESIAN_POINT('',(-3.0,2.56,-0.7949999999999));
#7675=CARTESIAN_POINT('',(-3.0,2.86,-0.7949999999999));
#7676=CARTESIAN_POINT('',(-3.0,2.71,-0.7949999999999));
#7677=VECTOR('',#10613,1.0);
#7678=CARTESIAN_POINT('',(-3.887480977303,2.56,-1.566886113168));
#7679=AXIS2_PLACEMENT_3D('',#10614,#10615,#10616);
#7680=CARTESIAN_POINT('',(-3.887480977303,2.86,-1.566886113168));
#7681=CARTESIAN_POINT('',(-3.887480977303,2.56,-1.566886113168));
#7682=VECTOR('',#10617,0.3);
#7683=AXIS2_PLACEMENT_3D('',#10618,#10619,#10620);
#7684=CARTESIAN_POINT('',(-3.0,-2.86,-0.7949999999999));
#7685=CARTESIAN_POINT('',(-3.0,-2.56,-0.7949999999999));
#7686=CARTESIAN_POINT('',(-3.0,-2.71,-0.7949999999999));
#7687=VECTOR('',#10621,1.0);
#7688=CARTESIAN_POINT('',(-3.887480977303,-2.86,-1.566886113168));
#7689=AXIS2_PLACEMENT_3D('',#10622,#10623,#10624);
#7690=CARTESIAN_POINT('',(-3.887480977303,-2.56,-1.566886113168));
#7691=CARTESIAN_POINT('',(-3.887480977303,-2.86,-1.566886113168));
#7692=VECTOR('',#10625,0.3);
#7693=AXIS2_PLACEMENT_3D('',#10626,#10627,#10628);
#7694=CARTESIAN_POINT('',(-6.55,-0.42,-14.5));
#7695=CARTESIAN_POINT('',(-6.55,-0.42,-15.08148840088));
#7696=CARTESIAN_POINT('',(-6.55,-0.42,-14.5));
#7697=VECTOR('',#10629,0.5814884008799);
#7698=CARTESIAN_POINT('',(-6.55,-2.42,-15.08148840088));
#7699=CARTESIAN_POINT('',(-6.55,-2.42,-15.08148840088));
#7700=VECTOR('',#10630,2.0);
#7701=CARTESIAN_POINT('',(-6.55,-2.42,-15.0));
#7702=CARTESIAN_POINT('',(-6.55,-2.42,-15.08148840088));
#7703=VECTOR('',#10631,0.08148840087991);
#7704=CARTESIAN_POINT('',(-6.55,-2.222,-15.0));
#7705=CARTESIAN_POINT('',(-6.55,-2.42,-15.0));
#7706=VECTOR('',#10632,0.198);
#7707=CARTESIAN_POINT('',(-6.55,-2.222,-0.62));
#7708=CARTESIAN_POINT('',(-6.55,-2.222,-15.0));
#7709=VECTOR('',#10633,14.38);
#7710=CARTESIAN_POINT('',(-6.549999986342,-2.219979095964,-0.6199999980579));
#7711=CARTESIAN_POINT('',(-6.549999986342,-2.219979095964,-0.6199999980579));
#7712=VECTOR('',#10634,0.002020904036209);
#7713=CARTESIAN_POINT('',(-6.549999986342,2.219979095962,-0.6199999980579));
#7714=CARTESIAN_POINT('',(-6.549999986342,-2.219979095964,-0.6199999980579));
#7715=VECTOR('',#10635,4.439958191926);
#7716=CARTESIAN_POINT('',(-6.55,2.222,-0.62));
#7717=CARTESIAN_POINT('',(-6.55,2.222,-0.62));
#7718=VECTOR('',#10636,0.002020904038023);
#7719=CARTESIAN_POINT('',(-6.55,2.222,-15.0));
#7720=CARTESIAN_POINT('',(-6.55,2.222,-0.62));
#7721=VECTOR('',#10637,14.38);
#7722=CARTESIAN_POINT('',(-6.55,1.36307075111,-15.0));
#7723=CARTESIAN_POINT('',(-6.55,1.36307075111,-15.0));
#7724=VECTOR('',#10638,0.8589292488897);
#7725=CARTESIAN_POINT('',(-6.55,1.36307075111,-14.5));
#7726=CARTESIAN_POINT('',(-6.55,1.36307075111,-14.5));
#7727=VECTOR('',#10639,0.5);
#7728=CARTESIAN_POINT('',(-6.55,-0.42,-14.5));
#7729=VECTOR('',#10640,1.78307075111);
#7730=CARTESIAN_POINT('',(-6.55,-1.026286844421,-1.596225596483));
#7731=CARTESIAN_POINT('',(-6.55,1.026286844421,-1.596225596483));
#7732=CARTESIAN_POINT('',(-6.55,-1.026286844421,-1.596225596483));
#7733=VECTOR('',#10641,2.052573688842);
#7734=CARTESIAN_POINT('',(-6.55,-1.523774403517,-1.646286844421));
#7735=CARTESIAN_POINT('',(-6.55,-1.026286844421,-1.596225596483));
#7736=VECTOR('',#10642,0.5);
#7737=CARTESIAN_POINT('',(-6.55,-0.8527111182559,-8.315030623969));
#7738=CARTESIAN_POINT('',(-6.55,-1.523774403517,-1.646286844421));
#7739=VECTOR('',#10643,6.702422661253);
#7740=CARTESIAN_POINT('',(-6.55,-0.6039673387081,-8.54));
#7741=AXIS2_PLACEMENT_3D('',#10644,#10645,#10646);
#7742=CARTESIAN_POINT('',(-6.55,0.6039673387081,-8.54));
#7743=CARTESIAN_POINT('',(-6.55,-0.6039673387081,-8.54));
#7744=VECTOR('',#10647,1.207934677416);
#7745=CARTESIAN_POINT('',(-6.55,0.8527111182559,-8.315030623969));
#7746=AXIS2_PLACEMENT_3D('',#10648,#10649,#10650);
#7747=CARTESIAN_POINT('',(-6.55,1.523774403517,-1.646286844421));
#7748=CARTESIAN_POINT('',(-6.55,0.8527111182559,-8.315030623969));
#7749=VECTOR('',#10651,6.702422661253);
#7750=CARTESIAN_POINT('',(-6.55,1.523774403517,-1.646286844421));
#7751=VECTOR('',#10652,0.5);
#7752=CARTESIAN_POINT('',(6.55,1.026286844421,-1.596225596483));
#7753=CARTESIAN_POINT('',(6.25,1.026286844421,-1.596225596483));
#7754=CARTESIAN_POINT('',(6.55,1.026286844421,-1.596225596483));
#7755=VECTOR('',#10653,0.3);
#7756=CARTESIAN_POINT('',(6.25,1.523774403517,-1.646286844421));
#7757=CARTESIAN_POINT('',(6.25,1.523774403517,-1.646286844421));
#7758=VECTOR('',#10654,0.5);
#7759=CARTESIAN_POINT('',(6.55,1.523774403517,-1.646286844421));
#7760=CARTESIAN_POINT('',(6.55,1.523774403517,-1.646286844421));
#7761=VECTOR('',#10655,0.3);
#7762=CARTESIAN_POINT('',(6.55,1.523774403517,-1.646286844421));
#7763=VECTOR('',#10656,0.5);
#7764=CARTESIAN_POINT('',(-6.25,1.026286844421,-1.596225596483));
#7765=CARTESIAN_POINT('',(-6.55,1.026286844421,-1.596225596483));
#7766=VECTOR('',#10657,0.3);
#7767=CARTESIAN_POINT('',(-6.25,1.523774403517,-1.646286844421));
#7768=CARTESIAN_POINT('',(-6.25,1.523774403517,-1.646286844421));
#7769=VECTOR('',#10658,0.3);
#7770=CARTESIAN_POINT('',(-6.25,1.523774403517,-1.646286844421));
#7771=VECTOR('',#10659,0.5);
#7772=CARTESIAN_POINT('',(6.55,1.36307075111,-14.5));
#7773=CARTESIAN_POINT('',(6.55,1.36307075111,-15.0));
#7774=CARTESIAN_POINT('',(6.55,1.36307075111,-14.5));
#7775=VECTOR('',#10660,0.5);
#7776=CARTESIAN_POINT('',(6.55,2.222,-15.0));
#7777=CARTESIAN_POINT('',(6.55,1.36307075111,-15.0));
#7778=VECTOR('',#10661,0.8589292488897);
#7779=CARTESIAN_POINT('',(6.55,2.222,-0.62));
#7780=CARTESIAN_POINT('',(6.55,2.222,-15.0));
#7781=VECTOR('',#10662,14.38);
#7782=CARTESIAN_POINT('',(6.549999986342,2.219979095962,-0.6199999980579));
#7783=CARTESIAN_POINT('',(6.55,2.222,-0.62));
#7784=VECTOR('',#10663,0.002020904038022);
#7785=CARTESIAN_POINT('',(6.549999986342,-2.219979095964,-0.6199999980579));
#7786=CARTESIAN_POINT('',(6.549999986342,2.219979095962,-0.6199999980579));
#7787=VECTOR('',#10664,4.439958191926);
#7788=CARTESIAN_POINT('',(6.55,-2.222,-0.62));
#7789=CARTESIAN_POINT('',(6.549999986342,-2.219979095964,-0.6199999980579));
#7790=VECTOR('',#10665,0.00202090403621);
#7791=CARTESIAN_POINT('',(6.55,-2.222,-15.0));
#7792=CARTESIAN_POINT('',(6.55,-2.222,-0.62));
#7793=VECTOR('',#10666,14.38);
#7794=CARTESIAN_POINT('',(6.55,-2.42,-15.0));
#7795=CARTESIAN_POINT('',(6.55,-2.42,-15.0));
#7796=VECTOR('',#10667,0.198);
#7797=CARTESIAN_POINT('',(6.55,-2.42,-15.08148840088));
#7798=CARTESIAN_POINT('',(6.55,-2.42,-15.0));
#7799=VECTOR('',#10668,0.08148840087991);
#7800=CARTESIAN_POINT('',(6.55,-0.42,-15.08148840088));
#7801=CARTESIAN_POINT('',(6.55,-2.42,-15.08148840088));
#7802=VECTOR('',#10669,2.0);
#7803=CARTESIAN_POINT('',(6.55,-0.42,-14.5));
#7804=CARTESIAN_POINT('',(6.55,-0.42,-15.08148840088));
#7805=VECTOR('',#10670,0.5814884008799);
#7806=CARTESIAN_POINT('',(6.55,-0.42,-14.5));
#7807=VECTOR('',#10671,1.78307075111);
#7808=CARTESIAN_POINT('',(6.55,0.8527111182559,-8.315030623969));
#7809=CARTESIAN_POINT('',(6.55,0.8527111182559,-8.315030623969));
#7810=VECTOR('',#10672,6.702422661253);
#7811=CARTESIAN_POINT('',(6.55,0.6039673387081,-8.54));
#7812=AXIS2_PLACEMENT_3D('',#10673,#10674,#10675);
#7813=CARTESIAN_POINT('',(6.55,-0.6039673387081,-8.54));
#7814=CARTESIAN_POINT('',(6.55,-0.6039673387081,-8.54));
#7815=VECTOR('',#10676,1.207934677416);
#7816=CARTESIAN_POINT('',(6.55,-0.8527111182559,-8.315030623969));
#7817=AXIS2_PLACEMENT_3D('',#10677,#10678,#10679);
#7818=CARTESIAN_POINT('',(6.55,-1.523774403517,-1.646286844421));
#7819=CARTESIAN_POINT('',(6.55,-1.523774403517,-1.646286844421));
#7820=VECTOR('',#10680,6.702422661253);
#7821=CARTESIAN_POINT('',(6.55,-1.026286844421,-1.596225596483));
#7822=CARTESIAN_POINT('',(6.55,-1.026286844421,-1.596225596483));
#7823=VECTOR('',#10681,0.5);
#7824=CARTESIAN_POINT('',(6.55,-1.026286844421,-1.596225596483));
#7825=VECTOR('',#10682,2.052573688842);
#7826=CARTESIAN_POINT('',(6.550064659039,-1.024037116326,-1.62));
#7827=CARTESIAN_POINT('',(6.55,-1.026286844421,-1.596225596483));
#7828=VECTOR('',#10683,0.02388069764214);
#7829=CARTESIAN_POINT('',(6.550064659039,1.024037116326,-1.62));
#7830=CARTESIAN_POINT('',(6.550064659039,1.024037116326,-1.62));
#7831=VECTOR('',#10684,2.048074232652);
#7832=CARTESIAN_POINT('',(6.55,1.026286844421,-1.596225596483));
#7833=VECTOR('',#10685,0.02388069764214);
#7834=CARTESIAN_POINT('',(6.25,1.024037116326,-1.62));
#7835=CARTESIAN_POINT('',(6.25,1.024037116326,-1.62));
#7836=VECTOR('',#10686,0.3000646590394);
#7837=CARTESIAN_POINT('',(6.25,1.026286844421,-1.596225596483));
#7838=VECTOR('',#10687,0.02388061010703);
#7839=CARTESIAN_POINT('',(6.25,-2.222,-8.88));
#7840=CARTESIAN_POINT('',(6.25,2.222,-8.88));
#7841=CARTESIAN_POINT('',(6.25,-2.222,-8.88));
#7842=VECTOR('',#10688,4.444);
#7843=CARTESIAN_POINT('',(6.25,-2.222,-0.62));
#7844=CARTESIAN_POINT('',(6.25,-2.222,-0.62));
#7845=VECTOR('',#10689,8.26);
#7846=CARTESIAN_POINT('',(6.249999993022,-2.219979095964,-0.6199999980579));
#7847=CARTESIAN_POINT('',(6.25,-2.222,-0.62));
#7848=VECTOR('',#10690,0.002020904036345);
#7849=CARTESIAN_POINT('',(6.249999993022,2.219979095962,-0.6199999980579));
#7850=CARTESIAN_POINT('',(6.249999993022,-2.219979095964,-0.6199999980579));
#7851=VECTOR('',#10691,4.439958191926);
#7852=CARTESIAN_POINT('',(6.25,2.222,-0.62));
#7853=CARTESIAN_POINT('',(6.249999993022,2.219979095962,-0.6199999980579));
#7854=VECTOR('',#10692,0.002020904038053);
#7855=CARTESIAN_POINT('',(6.25,2.222,-0.62));
#7856=VECTOR('',#10693,8.26);
#7857=CARTESIAN_POINT('',(6.25,-1.523774403517,-1.646286844421));
#7858=CARTESIAN_POINT('',(6.25,-0.8527111182559,-8.315030623969));
#7859=CARTESIAN_POINT('',(6.25,-1.523774403517,-1.646286844421));
#7860=VECTOR('',#10694,6.702422661253);
#7861=CARTESIAN_POINT('',(6.25,-0.6039673387081,-8.54));
#7862=AXIS2_PLACEMENT_3D('',#10695,#10696,#10697);
#7863=CARTESIAN_POINT('',(6.25,0.6039673387081,-8.54));
#7864=CARTESIAN_POINT('',(6.25,-0.6039673387081,-8.54));
#7865=VECTOR('',#10698,1.207934677416);
#7866=CARTESIAN_POINT('',(6.25,0.8527111182559,-8.315030623969));
#7867=AXIS2_PLACEMENT_3D('',#10699,#10700,#10701);
#7868=CARTESIAN_POINT('',(6.25,0.8527111182559,-8.315030623969));
#7869=VECTOR('',#10702,6.702422661253);
#7870=CARTESIAN_POINT('',(6.25,-1.024037116326,-1.62));
#7871=CARTESIAN_POINT('',(6.25,-1.024037116326,-1.62));
#7872=VECTOR('',#10703,2.048074232652);
#7873=CARTESIAN_POINT('',(6.25,-1.026286844421,-1.596225596483));
#7874=CARTESIAN_POINT('',(6.25,-1.026286844421,-1.596225596483));
#7875=VECTOR('',#10704,0.02388061010703);
#7876=CARTESIAN_POINT('',(6.25,-1.026286844421,-1.596225596483));
#7877=VECTOR('',#10705,0.5);
#7878=CARTESIAN_POINT('',(6.25,-0.42,-15.08148840088));
#7879=CARTESIAN_POINT('',(6.25,-0.42,-15.0));
#7880=CARTESIAN_POINT('',(6.25,-0.42,-15.08148840088));
#7881=VECTOR('',#10706,0.08148840087991);
#7882=CARTESIAN_POINT('',(6.25,-2.42,-15.08148840088));
#7883=CARTESIAN_POINT('',(6.25,-2.42,-15.08148840088));
#7884=VECTOR('',#10707,2.0);
#7885=CARTESIAN_POINT('',(6.25,-2.42,-15.0));
#7886=CARTESIAN_POINT('',(6.25,-2.42,-15.08148840088));
#7887=VECTOR('',#10708,0.08148840087991);
#7888=CARTESIAN_POINT('',(6.25,-2.42,-15.0));
#7889=VECTOR('',#10709,2.0);
#7890=CARTESIAN_POINT('',(6.55,-1.523774403517,-1.646286844421));
#7891=VECTOR('',#10710,0.3);
#7892=CARTESIAN_POINT('',(6.55,-1.026286844421,-1.596225596483));
#7893=VECTOR('',#10711,0.3);
#7894=CARTESIAN_POINT('',(-6.25,-1.026286844421,-1.596225596483));
#7895=CARTESIAN_POINT('',(-6.55,-1.026286844421,-1.596225596483));
#7896=VECTOR('',#10712,0.3);
#7897=CARTESIAN_POINT('',(-6.25,-1.523774403517,-1.646286844421));
#7898=CARTESIAN_POINT('',(-6.25,-1.026286844421,-1.596225596483));
#7899=VECTOR('',#10713,0.5);
#7900=CARTESIAN_POINT('',(-6.25,-1.523774403517,-1.646286844421));
#7901=VECTOR('',#10714,0.3);
#7902=CARTESIAN_POINT('',(6.550064659039,-1.024037116326,-1.62));
#7903=VECTOR('',#10715,0.3000646590394);
#7904=CARTESIAN_POINT('',(6.248301668361,-1.020915971623,-1.652924882975));
#7905=CARTESIAN_POINT('',(6.25,-1.024037116326,-1.62));
#7906=CARTESIAN_POINT('',(6.25,-1.02369032247,-1.623664806019));
#7907=CARTESIAN_POINT('',(6.249874073834,-1.022996734758,-1.630994417955));
#7908=CARTESIAN_POINT('',(6.249307629035,-1.021956353191,-1.641975858968));
#7909=CARTESIAN_POINT('',(6.248678741202,-1.021262765479,-1.649279527131));
#7910=CARTESIAN_POINT('',(6.248301668361,-1.020915971623,-1.652924882975));
#7911=CARTESIAN_POINT('',(6.546863026508,-1.020915971623,-1.683807843245));
#7912=CARTESIAN_POINT('',(6.546863026508,-1.020915971623,-1.683807843245));
#7913=VECTOR('',#10716,0.3001543633101);
#7914=CARTESIAN_POINT('',(6.550064659039,-1.024037116326,-1.62));
#7915=CARTESIAN_POINT('',(6.550083149776,-1.023393754932,-1.626798836452));
#7916=CARTESIAN_POINT('',(6.549883360639,-1.022690805009,-1.640709845494));
#7917=CARTESIAN_POINT('',(6.548771946733,-1.022274738685,-1.662701949226));
#7918=CARTESIAN_POINT('',(6.547564493082,-1.021578530797,-1.67684133163));
#7919=CARTESIAN_POINT('',(6.546863026508,-1.020915971623,-1.683807843245));
#7920=CARTESIAN_POINT('',(6.546863026508,1.020915971623,-1.683807843245));
#7921=CARTESIAN_POINT('',(6.546863026508,1.020915971623,-1.683807843245));
#7922=VECTOR('',#10717,2.041831943247);
#7923=CARTESIAN_POINT('',(6.550064659039,1.024037116326,-1.62));
#7924=CARTESIAN_POINT('',(6.550083149776,1.023393754932,-1.626798836452));
#7925=CARTESIAN_POINT('',(6.549883360639,1.022690805009,-1.640709845494));
#7926=CARTESIAN_POINT('',(6.548771946733,1.022274738685,-1.662701949226));
#7927=CARTESIAN_POINT('',(6.547564493082,1.021578530797,-1.67684133163));
#7928=CARTESIAN_POINT('',(6.546863026508,1.020915971623,-1.683807843245));
#7929=CARTESIAN_POINT('',(6.248301668361,1.020915971623,-1.652924882975));
#7930=CARTESIAN_POINT('',(6.248301668361,1.020915971623,-1.652924882975));
#7931=VECTOR('',#10718,0.3001543633101);
#7932=CARTESIAN_POINT('',(6.25,1.024037116326,-1.62));
#7933=CARTESIAN_POINT('',(6.25,1.02369032247,-1.623664806019));
#7934=CARTESIAN_POINT('',(6.249874073834,1.022996734758,-1.630994417955));
#7935=CARTESIAN_POINT('',(6.249307629035,1.021956353191,-1.641975858968));
#7936=CARTESIAN_POINT('',(6.248678741202,1.021262765479,-1.649279527131));
#7937=CARTESIAN_POINT('',(6.248301668361,1.020915971623,-1.652924882975));
#7938=CARTESIAN_POINT('',(6.248301668361,-1.020915971623,-1.652924882975));
#7939=VECTOR('',#10719,2.041831943247);
#7940=CARTESIAN_POINT('',(5.683396663279,0.5013728932375,-7.114150234051));
#7941=CARTESIAN_POINT('',(6.248301668361,1.020915971623,-1.652924882975));
#7942=VECTOR('',#10720,5.514891205663);
#7943=CARTESIAN_POINT('',(5.683396663279,-0.5013728932375,-7.114150234051));
#7944=CARTESIAN_POINT('',(5.683396663279,-0.5013728932375,-7.114150234051));
#7945=VECTOR('',#10721,1.002745786475);
#7946=CARTESIAN_POINT('',(6.248301668361,-1.020915971623,-1.652924882975));
#7947=VECTOR('',#10722,5.514891205663);
#7948=CARTESIAN_POINT('',(5.996810868718,-0.5013728932375,-7.14656956157));
#7949=CARTESIAN_POINT('',(5.996810868718,-0.5013728932375,-7.14656956157));
#7950=VECTOR('',#10723,0.3150864595121);
#7951=CARTESIAN_POINT('',(6.546863026508,-1.020915971623,-1.683807843245));
#7952=VECTOR('',#10724,5.514911420666);
#7953=CARTESIAN_POINT('',(5.996810868718,0.5013728932375,-7.14656956157));
#7954=CARTESIAN_POINT('',(5.996810868718,0.5013728932375,-7.14656956157));
#7955=VECTOR('',#10725,1.002745786475);
#7956=CARTESIAN_POINT('',(6.546863026508,1.020915971623,-1.683807843245));
#7957=VECTOR('',#10726,5.514911420666);
#7958=CARTESIAN_POINT('',(5.683396663279,0.5013728932375,-7.114150234051));
#7959=VECTOR('',#10727,0.3150864595121);
#7960=CARTESIAN_POINT('',(6.32,0.4,-7.502));
#7961=CARTESIAN_POINT('',(5.996810868718,0.5013728932375,-7.14656956157));
#7962=CARTESIAN_POINT('',(5.994553911292,0.4992411197461,-7.168984200713));
#7963=CARTESIAN_POINT('',(5.994733003072,0.494463999685,-7.214304897784));
#7964=CARTESIAN_POINT('',(6.009105148897,0.4857479344125,-7.280807568067));
#7965=CARTESIAN_POINT('',(6.037012184464,0.4754688870408,-7.342892982568));
#7966=CARTESIAN_POINT('',(6.077041241706,0.4636715757664,-7.397657891826));
#7967=CARTESIAN_POINT('',(6.127908981311,0.4502198332922,-7.443173622468));
#7968=CARTESIAN_POINT('',(6.186922771287,0.4352345526554,-7.476918900905));
#7969=CARTESIAN_POINT('',(6.251787519398,0.4186254048829,-7.497687830146));
#7970=CARTESIAN_POINT('',(6.297242014972,0.4064016577056,-7.502183988918));
#7971=CARTESIAN_POINT('',(6.32,0.4,-7.502));
#7972=CARTESIAN_POINT('',(6.32,0.4,-7.82));
#7973=CARTESIAN_POINT('',(6.32,0.4,-7.82));
#7974=VECTOR('',#10728,0.318);
#7975=CARTESIAN_POINT('',(5.683396663279,0.5013728932375,-7.114150234051));
#7976=CARTESIAN_POINT('',(5.679722533892,0.4979937967963,-7.149669920322));
#7977=CARTESIAN_POINT('',(5.678333755908,0.4912356039138,-7.221325192852));
#7978=CARTESIAN_POINT('',(5.694187051225,0.48109831459,-7.327653368658));
#7979=CARTESIAN_POINT('',(5.72753371797,0.4709610252663,-7.429854072039));
#7980=CARTESIAN_POINT('',(5.777441600888,0.4608237359425,-7.525070631446));
#7981=CARTESIAN_POINT('',(5.842515628937,0.4506864466188,-7.610641417642));
#7982=CARTESIAN_POINT('',(5.920936782846,0.440549157295,-7.684174479569));
#7983=CARTESIAN_POINT('',(6.010512965691,0.4304118679713,-7.743614343547));
#7984=CARTESIAN_POINT('',(6.108740213483,0.4202745786475,-7.787299486853));
#7985=CARTESIAN_POINT('',(6.212872925544,0.4101372893238,-7.81400877777));
#7986=CARTESIAN_POINT('',(6.28429079475,0.4033790964413,-7.82));
#7987=CARTESIAN_POINT('',(6.32,0.4,-7.82));
#7988=CARTESIAN_POINT('',(6.32,-0.4,-7.82));
#7989=CARTESIAN_POINT('',(6.32,-0.4,-7.82));
#7990=VECTOR('',#10729,0.8);
#7991=CARTESIAN_POINT('',(5.683396663279,-0.5013728932375,-7.114150234051));
#7992=CARTESIAN_POINT('',(5.679722533892,-0.4979937967963,-7.149669920322));
#7993=CARTESIAN_POINT('',(5.678333755908,-0.4912356039138,-7.221325192852));
#7994=CARTESIAN_POINT('',(5.694187051225,-0.48109831459,-7.327653368658));
#7995=CARTESIAN_POINT('',(5.72753371797,-0.4709610252663,-7.429854072039));
#7996=CARTESIAN_POINT('',(5.777441600888,-0.4608237359425,-7.525070631446));
#7997=CARTESIAN_POINT('',(5.842515628937,-0.4506864466188,-7.610641417642));
#7998=CARTESIAN_POINT('',(5.920936782846,-0.440549157295,-7.684174479569));
#7999=CARTESIAN_POINT('',(6.010512965691,-0.4304118679713,-7.743614343547));
#8000=CARTESIAN_POINT('',(6.108740213483,-0.4202745786475,-7.787299486853));
#8001=CARTESIAN_POINT('',(6.212872925544,-0.4101372893238,-7.81400877777));
#8002=CARTESIAN_POINT('',(6.28429079475,-0.4033790964413,-7.82));
#8003=CARTESIAN_POINT('',(6.32,-0.4,-7.82));
#8004=CARTESIAN_POINT('',(6.32,-0.4,-7.502));
#8005=CARTESIAN_POINT('',(6.32,-0.4,-7.502));
#8006=VECTOR('',#10730,0.318);
#8007=CARTESIAN_POINT('',(5.996810868718,-0.5013728932375,-7.14656956157));
#8008=CARTESIAN_POINT('',(5.994553911292,-0.4992411197461,-7.168984200713));
#8009=CARTESIAN_POINT('',(5.994733003072,-0.494463999685,-7.214304897784));
#8010=CARTESIAN_POINT('',(6.009105148897,-0.4857479344125,-7.280807568067));
#8011=CARTESIAN_POINT('',(6.037012184464,-0.4754688870408,-7.342892982568));
#8012=CARTESIAN_POINT('',(6.077041241706,-0.4636715757664,-7.397657891826));
#8013=CARTESIAN_POINT('',(6.127908981311,-0.4502198332922,-7.443173622468));
#8014=CARTESIAN_POINT('',(6.186922771287,-0.4352345526554,-7.476918900905));
#8015=CARTESIAN_POINT('',(6.251787519398,-0.4186254048829,-7.497687830146));
#8016=CARTESIAN_POINT('',(6.297242014972,-0.4064016577056,-7.502183988918));
#8017=CARTESIAN_POINT('',(6.32,-0.4,-7.502));
#8018=CARTESIAN_POINT('',(6.32,0.4,-7.502));
#8019=VECTOR('',#10731,0.8);
#8020=CARTESIAN_POINT('',(-6.25,-0.8527111182559,-8.315030623969));
#8021=CARTESIAN_POINT('',(-6.25,-1.523774403517,-1.646286844421));
#8022=VECTOR('',#10732,6.702422661253);
#8023=CARTESIAN_POINT('',(-6.25,-0.8527111182559,-8.315030623969));
#8024=VECTOR('',#10733,0.3);
#8025=CARTESIAN_POINT('',(6.55,-0.8527111182559,-8.315030623969));
#8026=VECTOR('',#10734,0.3);
#8027=CARTESIAN_POINT('',(-6.25,-0.6039673387081,-8.54));
#8028=AXIS2_PLACEMENT_3D('',#10735,#10736,#10737);
#8029=CARTESIAN_POINT('',(-6.25,-0.6039673387081,-8.54));
#8030=VECTOR('',#10738,0.3);
#8031=CARTESIAN_POINT('',(6.55,-0.6039673387081,-8.54));
#8032=VECTOR('',#10739,0.3);
#8033=CARTESIAN_POINT('',(-6.25,0.6039673387081,-8.54));
#8034=CARTESIAN_POINT('',(-6.25,-0.6039673387081,-8.54));
#8035=VECTOR('',#10740,1.207934677416);
#8036=CARTESIAN_POINT('',(-6.25,0.6039673387081,-8.54));
#8037=VECTOR('',#10741,0.3);
#8038=CARTESIAN_POINT('',(6.55,0.6039673387081,-8.54));
#8039=VECTOR('',#10742,0.3);
#8040=CARTESIAN_POINT('',(-6.25,0.8527111182559,-8.315030623969));
#8041=AXIS2_PLACEMENT_3D('',#10743,#10744,#10745);
#8042=CARTESIAN_POINT('',(-6.25,0.8527111182559,-8.315030623969));
#8043=VECTOR('',#10746,0.3);
#8044=CARTESIAN_POINT('',(6.55,0.8527111182559,-8.315030623969));
#8045=VECTOR('',#10747,0.3);
#8046=CARTESIAN_POINT('',(-6.25,0.8527111182559,-8.315030623969));
#8047=VECTOR('',#10748,6.702422661253);
#8048=CARTESIAN_POINT('',(-6.25,2.222,-0.62));
#8049=CARTESIAN_POINT('',(-6.249999993022,2.219979095938,-0.6199999980579));
#8050=CARTESIAN_POINT('',(-6.25,2.222,-0.62));
#8051=VECTOR('',#10749,0.002020904062015);
#8052=CARTESIAN_POINT('',(-6.249999993022,-2.219979095988,-0.6199999980579));
#8053=CARTESIAN_POINT('',(-6.249999993022,2.219979095938,-0.6199999980579));
#8054=VECTOR('',#10750,4.439958191926);
#8055=CARTESIAN_POINT('',(-6.25,-2.222,-0.62));
#8056=CARTESIAN_POINT('',(-6.249999993022,-2.219979095988,-0.6199999980579));
#8057=VECTOR('',#10751,0.002020904012237);
#8058=CARTESIAN_POINT('',(-6.25,-2.222,-8.88));
#8059=CARTESIAN_POINT('',(-6.25,-2.222,-0.62));
#8060=VECTOR('',#10752,8.26);
#8061=CARTESIAN_POINT('',(-6.25,2.222,-8.88));
#8062=CARTESIAN_POINT('',(-6.25,2.222,-8.88));
#8063=VECTOR('',#10753,4.444);
#8064=CARTESIAN_POINT('',(-6.25,2.222,-0.62));
#8065=VECTOR('',#10754,8.26);
#8066=CARTESIAN_POINT('',(-6.25,-1.024013861914,-1.62));
#8067=CARTESIAN_POINT('',(-6.25,-1.026286844421,-1.596225596483));
#8068=VECTOR('',#10755,0.02388281206343);
#8069=CARTESIAN_POINT('',(-6.25,1.024013861914,-1.62));
#8070=CARTESIAN_POINT('',(-6.25,1.024013861914,-1.62));
#8071=VECTOR('',#10756,2.048027723829);
#8072=CARTESIAN_POINT('',(-6.25,1.026286844421,-1.596225596483));
#8073=VECTOR('',#10757,0.02388281206343);
#8074=CARTESIAN_POINT('',(-6.25,-2.42,-15.0));
#8075=CARTESIAN_POINT('',(-6.25,-2.42,-15.08148840088));
#8076=CARTESIAN_POINT('',(-6.25,-2.42,-15.0));
#8077=VECTOR('',#10758,0.08148840087991);
#8078=CARTESIAN_POINT('',(-6.25,-0.42,-15.08148840088));
#8079=CARTESIAN_POINT('',(-6.25,-2.42,-15.08148840088));
#8080=VECTOR('',#10759,2.0);
#8081=CARTESIAN_POINT('',(-6.25,-0.42,-15.0));
#8082=CARTESIAN_POINT('',(-6.25,-0.42,-15.0));
#8083=VECTOR('',#10760,0.08148840087991);
#8084=CARTESIAN_POINT('',(-6.25,-0.42,-15.0));
#8085=VECTOR('',#10761,2.0);
#8086=CARTESIAN_POINT('',(-6.55006532739,1.024013861914,-1.62));
#8087=CARTESIAN_POINT('',(-6.55006532739,1.024013861914,-1.62));
#8088=VECTOR('',#10762,0.3000653273903);
#8089=CARTESIAN_POINT('',(-6.55,1.026286844421,-1.596225596483));
#8090=VECTOR('',#10763,0.02388290140927);
#8091=CARTESIAN_POINT('',(-6.55006532739,-1.024013861914,-1.62));
#8092=CARTESIAN_POINT('',(-6.55006532739,-1.024013861914,-1.62));
#8093=VECTOR('',#10764,2.048027723829);
#8094=CARTESIAN_POINT('',(-6.55,-1.026286844421,-1.596225596483));
#8095=VECTOR('',#10765,0.02388290140927);
#8096=CARTESIAN_POINT('',(-6.25,-1.024013861914,-1.62));
#8097=VECTOR('',#10766,0.3000653273903);
#8098=CARTESIAN_POINT('',(-6.546864352114,-1.020860328239,-1.68381057102));
#8099=CARTESIAN_POINT('',(-6.55006532739,-1.024013861914,-1.62));
#8100=CARTESIAN_POINT('',(-6.550084005811,-1.023363970289,-1.626797582338));
#8101=CARTESIAN_POINT('',(-6.549884497725,-1.02265373974,-1.640709248645));
#8102=CARTESIAN_POINT('',(-6.54877287623,-1.022233006708,-1.662706576082));
#8103=CARTESIAN_POINT('',(-6.547565463166,-1.021529555885,-1.676845916362));
#8104=CARTESIAN_POINT('',(-6.546864352114,-1.020860328239,-1.68381057102));
#8105=CARTESIAN_POINT('',(-6.248301531546,-1.020860328239,-1.652926205599));
#8106=CARTESIAN_POINT('',(-6.248301531546,-1.020860328239,-1.652926205599));
#8107=VECTOR('',#10767,0.3001559625468);
#8108=CARTESIAN_POINT('',(-6.25,-1.024013861914,-1.62));
#8109=CARTESIAN_POINT('',(-6.25,-1.023663469284,-1.623664953761));
#8110=CARTESIAN_POINT('',(-6.24987406368,-1.022962684023,-1.630994861182));
#8111=CARTESIAN_POINT('',(-6.249307573222,-1.021911506131,-1.641976743853));
#8112=CARTESIAN_POINT('',(-6.248678634737,-1.02121072087,-1.649280704364));
#8113=CARTESIAN_POINT('',(-6.248301531546,-1.020860328239,-1.652926205599));
#8114=CARTESIAN_POINT('',(-6.248301531546,1.020860328239,-1.652926205599));
#8115=CARTESIAN_POINT('',(-6.248301531546,1.020860328239,-1.652926205599));
#8116=VECTOR('',#10768,2.041720656479);
#8117=CARTESIAN_POINT('',(-6.25,1.024013861914,-1.62));
#8118=CARTESIAN_POINT('',(-6.25,1.023663469284,-1.623664953761));
#8119=CARTESIAN_POINT('',(-6.24987406368,1.022962684023,-1.630994861182));
#8120=CARTESIAN_POINT('',(-6.249307573222,1.021911506131,-1.641976743853));
#8121=CARTESIAN_POINT('',(-6.248678634737,1.02121072087,-1.649280704364));
#8122=CARTESIAN_POINT('',(-6.248301531546,1.020860328239,-1.652926205599));
#8123=CARTESIAN_POINT('',(-6.546864352114,1.020860328239,-1.68381057102));
#8124=CARTESIAN_POINT('',(-6.546864352114,1.020860328239,-1.68381057102));
#8125=VECTOR('',#10769,0.3001559625468);
#8126=CARTESIAN_POINT('',(-6.55006532739,1.024013861914,-1.62));
#8127=CARTESIAN_POINT('',(-6.550084005811,1.023363970289,-1.626797582338));
#8128=CARTESIAN_POINT('',(-6.549884497725,1.02265373974,-1.640709248645));
#8129=CARTESIAN_POINT('',(-6.54877287623,1.022233006708,-1.662706576082));
#8130=CARTESIAN_POINT('',(-6.547565463166,1.021529555885,-1.676845916362));
#8131=CARTESIAN_POINT('',(-6.546864352114,1.020860328239,-1.68381057102));
#8132=CARTESIAN_POINT('',(-6.546864352114,-1.020860328239,-1.68381057102));
#8133=VECTOR('',#10770,2.041720656479);
#8134=CARTESIAN_POINT('',(-5.996987719558,0.4959896351651,-7.146141873012));
#8135=CARTESIAN_POINT('',(-6.546864352114,1.020860328239,-1.68381057102));
#8136=VECTOR('',#10771,5.514972058696);
#8137=CARTESIAN_POINT('',(-5.996987719558,-0.4959896351651,-7.146141873012));
#8138=CARTESIAN_POINT('',(-5.996987719558,-0.4959896351651,-7.146141873012));
#8139=VECTOR('',#10772,0.9919792703302);
#8140=CARTESIAN_POINT('',(-6.546864352114,-1.020860328239,-1.68381057102));
#8141=VECTOR('',#10773,5.514972058696);
#8142=CARTESIAN_POINT('',(-5.683419750765,-0.4959896351651,-7.11370532343));
#8143=CARTESIAN_POINT('',(-5.683419750765,-0.4959896351651,-7.11370532343));
#8144=VECTOR('',#10774,0.3152411787851);
#8145=CARTESIAN_POINT('',(-6.248301531546,-1.020860328239,-1.652926205599));
#8146=VECTOR('',#10775,5.514951427207);
#8147=CARTESIAN_POINT('',(-5.683419750765,0.4959896351651,-7.11370532343));
#8148=CARTESIAN_POINT('',(-5.683419750765,0.4959896351651,-7.11370532343));
#8149=VECTOR('',#10776,0.9919792703302);
#8150=CARTESIAN_POINT('',(-6.248301531546,1.020860328239,-1.652926205599));
#8151=VECTOR('',#10777,5.514951427207);
#8152=CARTESIAN_POINT('',(-5.996987719558,0.4959896351651,-7.146141873012));
#8153=VECTOR('',#10778,0.3152411787851);
#8154=CARTESIAN_POINT('',(-6.25,0.4,-7.82));
#8155=CARTESIAN_POINT('',(-5.683419750765,0.4959896351651,-7.11370532343));
#8156=CARTESIAN_POINT('',(-5.679593567036,0.4924344634923,-7.150693494969));
#8157=CARTESIAN_POINT('',(-5.678361575757,0.4853241201468,-7.225333334935));
#8158=CARTESIAN_POINT('',(-5.695829728573,0.4746586051284,-7.335937953172));
#8159=CARTESIAN_POINT('',(-5.732091717819,0.4639930901101,-7.441879240459));
#8160=CARTESIAN_POINT('',(-5.786063142057,0.4533275750917,-7.539989286284));
#8161=CARTESIAN_POINT('',(-5.856130032725,0.4426620600734,-7.62733414511));
#8162=CARTESIAN_POINT('',(-5.940197109607,0.431996545055,-7.70130185638));
#8163=CARTESIAN_POINT('',(-6.035750371141,0.4213310300367,-7.759680469127));
#8164=CARTESIAN_POINT('',(-6.13993255155,0.4106655150183,-7.800724241169));
#8165=CARTESIAN_POINT('',(-6.213062530612,0.4035551716728,-7.815711891917));
#8166=CARTESIAN_POINT('',(-6.25,0.4,-7.82));
#8167=CARTESIAN_POINT('',(-6.286670660313,0.4,-7.504121443159));
#8168=CARTESIAN_POINT('',(-6.286670660313,0.4,-7.504121443159));
#8169=VECTOR('',#10779,0.318);
#8170=CARTESIAN_POINT('',(-5.996987719558,0.4959896351651,-7.146141873012));
#8171=CARTESIAN_POINT('',(-5.994860122947,0.4939587921685,-7.167276863813));
#8172=CARTESIAN_POINT('',(-5.994723579692,0.4894137569427,-7.209980088292));
#8173=CARTESIAN_POINT('',(-6.00691498276,0.4811369574405,-7.272920961665));
#8174=CARTESIAN_POINT('',(-6.031094430606,0.4713891596418,-7.332331708777));
#8175=CARTESIAN_POINT('',(-6.06617041002,0.4602139856604,-7.385765416937));
#8176=CARTESIAN_POINT('',(-6.111234018759,0.4474802852345,-7.431670975628));
#8177=CARTESIAN_POINT('',(-6.164156050038,0.4333052107497,-7.467772263989));
#8178=CARTESIAN_POINT('',(-6.223188929614,0.4176020907174,-7.492977606135));
#8179=CARTESIAN_POINT('',(-6.265325066234,0.4060492944215,-7.501818440972));
#8180=CARTESIAN_POINT('',(-6.286670660313,0.4,-7.504121443159));
#8181=CARTESIAN_POINT('',(-6.286670660313,-0.4,-7.504121443159));
#8182=CARTESIAN_POINT('',(-6.286670660313,-0.4,-7.504121443159));
#8183=VECTOR('',#10780,0.8);
#8184=CARTESIAN_POINT('',(-5.996987719558,-0.4959896351651,-7.146141873012));
#8185=CARTESIAN_POINT('',(-5.994860122947,-0.4939587921685,-7.167276863813));
#8186=CARTESIAN_POINT('',(-5.994723579692,-0.4894137569427,-7.209980088292));
#8187=CARTESIAN_POINT('',(-6.00691498276,-0.4811369574405,-7.272920961665));
#8188=CARTESIAN_POINT('',(-6.031094430606,-0.4713891596418,-7.332331708777));
#8189=CARTESIAN_POINT('',(-6.06617041002,-0.4602139856604,-7.385765416937));
#8190=CARTESIAN_POINT('',(-6.111234018759,-0.4474802852345,-7.431670975628));
#8191=CARTESIAN_POINT('',(-6.164156050038,-0.4333052107497,-7.467772263989));
#8192=CARTESIAN_POINT('',(-6.223188929614,-0.4176020907174,-7.492977606135));
#8193=CARTESIAN_POINT('',(-6.265325066234,-0.4060492944215,-7.501818440972));
#8194=CARTESIAN_POINT('',(-6.286670660313,-0.4,-7.504121443159));
#8195=CARTESIAN_POINT('',(-6.25,-0.4,-7.82));
#8196=CARTESIAN_POINT('',(-6.25,-0.4,-7.82));
#8197=VECTOR('',#10781,0.318);
#8198=CARTESIAN_POINT('',(-5.683419750765,-0.4959896351651,-7.11370532343));
#8199=CARTESIAN_POINT('',(-5.679593567036,-0.4924344634923,-7.150693494969));
#8200=CARTESIAN_POINT('',(-5.678361575757,-0.4853241201468,-7.225333334935));
#8201=CARTESIAN_POINT('',(-5.695829728573,-0.4746586051284,-7.335937953172));
#8202=CARTESIAN_POINT('',(-5.732091717819,-0.4639930901101,-7.441879240459));
#8203=CARTESIAN_POINT('',(-5.786063142057,-0.4533275750917,-7.539989286284));
#8204=CARTESIAN_POINT('',(-5.856130032725,-0.4426620600734,-7.62733414511));
#8205=CARTESIAN_POINT('',(-5.940197109607,-0.431996545055,-7.70130185638));
#8206=CARTESIAN_POINT('',(-6.035750371141,-0.4213310300367,-7.759680469127));
#8207=CARTESIAN_POINT('',(-6.13993255155,-0.4106655150183,-7.800724241169));
#8208=CARTESIAN_POINT('',(-6.213062530612,-0.4035551716728,-7.815711891917));
#8209=CARTESIAN_POINT('',(-6.25,-0.4,-7.82));
#8210=CARTESIAN_POINT('',(-6.25,0.4,-7.82));
#8211=VECTOR('',#10782,0.8);
#8212=CARTESIAN_POINT('',(-5.912,2.56,-0.62));
#8213=AXIS2_PLACEMENT_3D('',#10783,#10784,#10785);
#8214=CARTESIAN_POINT('',(-5.912,2.56,-8.88));
#8215=AXIS2_PLACEMENT_3D('',#10786,#10787,#10788);
#8216=CARTESIAN_POINT('',(-5.912,2.56,-0.62));
#8217=VECTOR('',#10789,8.26);
#8218=CARTESIAN_POINT('',(-5.909955503064,2.559999985091,-0.6199999912001));
#8219=CARTESIAN_POINT('',(-5.909955503064,2.559999985091,-0.6199999912001));
#8220=VECTOR('',#10790,0.002044496936475);
#8221=CARTESIAN_POINT('',(5.912,2.56,-8.88));
#8222=CARTESIAN_POINT('',(5.912,2.56,-8.88));
#8223=VECTOR('',#10791,11.824);
#8224=CARTESIAN_POINT('',(5.912,2.56,-0.62));
#8225=CARTESIAN_POINT('',(5.912,2.56,-0.62));
#8226=VECTOR('',#10792,8.26);
#8227=CARTESIAN_POINT('',(5.90997909589,2.559999993022,-0.6199999980579));
#8228=CARTESIAN_POINT('',(5.912,2.56,-0.62));
#8229=VECTOR('',#10793,0.002020904110189);
#8230=CARTESIAN_POINT('',(0.7999997880498,2.56,-0.62));
#8231=CARTESIAN_POINT('',(5.90997909589,2.559999993022,-0.6199999980579));
#8232=VECTOR('',#10794,5.10997930784);
#8233=CARTESIAN_POINT('',(-0.7999999545064,2.56,-0.62));
#8234=CARTESIAN_POINT('',(-0.7999999545064,2.56,-0.62));
#8235=VECTOR('',#10795,1.599999742556);
#8236=CARTESIAN_POINT('',(-0.7999999545064,2.56,-0.62));
#8237=VECTOR('',#10796,5.109955548557);
#8238=CARTESIAN_POINT('',(4.287077479269,2.56,-8.02724811809));
#8239=CARTESIAN_POINT('',(1.712922520731,2.56,-8.02724811809));
#8240=CARTESIAN_POINT('',(4.287077479269,2.56,-8.02724811809));
#8241=VECTOR('',#10797,2.574154958538);
#8242=CARTESIAN_POINT('',(1.21775188191,2.56,-7.957922520731));
#8243=CARTESIAN_POINT('',(1.21775188191,2.56,-7.957922520731));
#8244=VECTOR('',#10798,0.5);
#8245=CARTESIAN_POINT('',(2.112519022697,2.56,-1.566886113168));
#8246=VECTOR('',#10799,6.453367694393);
#8247=CARTESIAN_POINT('',(3.887480977303,2.56,-1.566886113168));
#8248=AXIS2_PLACEMENT_3D('',#10800,#10801,#10802);
#8249=CARTESIAN_POINT('',(4.78224811809,2.56,-7.957922520731));
#8250=CARTESIAN_POINT('',(4.78224811809,2.56,-7.957922520731));
#8251=VECTOR('',#10803,6.453367694393);
#8252=CARTESIAN_POINT('',(4.287077479269,2.56,-8.02724811809));
#8253=VECTOR('',#10804,0.5);
#8254=CARTESIAN_POINT('',(-1.712922520731,2.56,-8.02724811809));
#8255=CARTESIAN_POINT('',(-4.287077479269,2.56,-8.02724811809));
#8256=CARTESIAN_POINT('',(-1.712922520731,2.56,-8.02724811809));
#8257=VECTOR('',#10805,2.574154958538);
#8258=CARTESIAN_POINT('',(-4.78224811809,2.56,-7.957922520731));
#8259=CARTESIAN_POINT('',(-4.78224811809,2.56,-7.957922520731));
#8260=VECTOR('',#10806,0.4999999999999);
#8261=CARTESIAN_POINT('',(-3.887480977303,2.56,-1.566886113168));
#8262=VECTOR('',#10807,6.453367694393);
#8263=CARTESIAN_POINT('',(-2.112519022697,2.56,-1.566886113168));
#8264=AXIS2_PLACEMENT_3D('',#10808,#10809,#10810);
#8265=CARTESIAN_POINT('',(-1.21775188191,2.56,-7.957922520731));
#8266=CARTESIAN_POINT('',(-1.21775188191,2.56,-7.957922520731));
#8267=VECTOR('',#10811,6.453367694393);
#8268=CARTESIAN_POINT('',(-1.712922520731,2.56,-8.02724811809));
#8269=VECTOR('',#10812,0.4999999999999);
#8270=CARTESIAN_POINT('',(-1.712922520731,-2.86,-8.02724811809));
#8271=CARTESIAN_POINT('',(-1.712922520731,-2.56,-8.02724811809));
#8272=CARTESIAN_POINT('',(-1.712922520731,-2.86,-8.02724811809));
#8273=VECTOR('',#10813,0.3);
#8274=CARTESIAN_POINT('',(-1.21775188191,-2.86,-7.957922520731));
#8275=CARTESIAN_POINT('',(-1.712922520731,-2.86,-8.02724811809));
#8276=VECTOR('',#10814,0.5);
#8277=CARTESIAN_POINT('',(-1.21775188191,-2.56,-7.957922520731));
#8278=CARTESIAN_POINT('',(-1.21775188191,-2.86,-7.957922520731));
#8279=VECTOR('',#10815,0.3);
#8280=CARTESIAN_POINT('',(-1.712922520731,-2.56,-8.02724811809));
#8281=VECTOR('',#10816,0.5);
#8282=CARTESIAN_POINT('',(-1.712922520731,2.86,-8.02724811809));
#8283=CARTESIAN_POINT('',(-1.712922520731,2.56,-8.02724811809));
#8284=VECTOR('',#10817,0.3);
#8285=CARTESIAN_POINT('',(-1.21775188191,2.86,-7.957922520731));
#8286=CARTESIAN_POINT('',(-1.21775188191,2.56,-7.957922520731));
#8287=VECTOR('',#10818,0.3);
#8288=CARTESIAN_POINT('',(-1.712922520731,2.86,-8.02724811809));
#8289=VECTOR('',#10819,0.5);
#8290=CARTESIAN_POINT('',(5.909979095964,-2.559999993022,-0.6199999980579));
#8291=CARTESIAN_POINT('',(5.912,-2.56,-0.62));
#8292=CARTESIAN_POINT('',(5.909979095964,-2.559999993022,-0.6199999980579));
#8293=VECTOR('',#10820,0.002020904036219);
#8294=CARTESIAN_POINT('',(5.912,-2.56,-8.88));
#8295=CARTESIAN_POINT('',(5.912,-2.56,-0.62));
#8296=VECTOR('',#10821,8.26);
#8297=CARTESIAN_POINT('',(-5.912,-2.56,-8.88));
#8298=CARTESIAN_POINT('',(-5.912,-2.56,-8.88));
#8299=VECTOR('',#10822,11.824);
#8300=CARTESIAN_POINT('',(-5.912,-2.56,-0.62));
#8301=CARTESIAN_POINT('',(-5.912,-2.56,-0.62));
#8302=VECTOR('',#10823,8.26);
#8303=CARTESIAN_POINT('',(-5.909979095964,-2.559999993022,-0.6199999980579));
#8304=CARTESIAN_POINT('',(-5.912,-2.56,-0.62));
#8305=VECTOR('',#10824,0.002020904036217);
#8306=CARTESIAN_POINT('',(-0.8000000239507,-2.56,-0.62));
#8307=CARTESIAN_POINT('',(-5.909979095964,-2.559999993022,-0.6199999980579));
#8308=VECTOR('',#10825,5.109979072013);
#8309=CARTESIAN_POINT('',(0.8000000787219,-2.56,-0.62));
#8310=CARTESIAN_POINT('',(-0.8000000239507,-2.56,-0.62));
#8311=VECTOR('',#10826,1.600000102673);
#8312=CARTESIAN_POINT('',(0.8000000787219,-2.56,-0.62));
#8313=VECTOR('',#10827,5.109979017242);
#8314=CARTESIAN_POINT('',(1.712922520731,-2.56,-8.02724811809));
#8315=CARTESIAN_POINT('',(4.287077479269,-2.56,-8.02724811809));
#8316=CARTESIAN_POINT('',(1.712922520731,-2.56,-8.02724811809));
#8317=VECTOR('',#10828,2.574154958538);
#8318=CARTESIAN_POINT('',(4.78224811809,-2.56,-7.957922520731));
#8319=CARTESIAN_POINT('',(4.287077479269,-2.56,-8.02724811809));
#8320=VECTOR('',#10829,0.5);
#8321=CARTESIAN_POINT('',(3.887480977303,-2.56,-1.566886113168));
#8322=CARTESIAN_POINT('',(4.78224811809,-2.56,-7.957922520731));
#8323=VECTOR('',#10830,6.453367694393);
#8324=AXIS2_PLACEMENT_3D('',#10831,#10832,#10833);
#8325=CARTESIAN_POINT('',(1.21775188191,-2.56,-7.957922520731));
#8326=CARTESIAN_POINT('',(2.112519022697,-2.56,-1.566886113168));
#8327=VECTOR('',#10834,6.453367694393);
#8328=CARTESIAN_POINT('',(1.21775188191,-2.56,-7.957922520731));
#8329=VECTOR('',#10835,0.5);
#8330=CARTESIAN_POINT('',(-4.287077479269,-2.56,-8.02724811809));
#8331=CARTESIAN_POINT('',(-4.287077479269,-2.56,-8.02724811809));
#8332=VECTOR('',#10836,2.574154958538);
#8333=CARTESIAN_POINT('',(-2.112519022697,-2.56,-1.566886113168));
#8334=CARTESIAN_POINT('',(-1.21775188191,-2.56,-7.957922520731));
#8335=VECTOR('',#10837,6.453367694393);
#8336=AXIS2_PLACEMENT_3D('',#10838,#10839,#10840);
#8337=CARTESIAN_POINT('',(-4.78224811809,-2.56,-7.957922520731));
#8338=CARTESIAN_POINT('',(-3.887480977303,-2.56,-1.566886113168));
#8339=VECTOR('',#10841,6.453367694393);
#8340=CARTESIAN_POINT('',(-4.78224811809,-2.56,-7.957922520731));
#8341=VECTOR('',#10842,0.5);
#8342=CARTESIAN_POINT('',(-4.287077479269,-2.86,-8.02724811809));
#8343=CARTESIAN_POINT('',(-4.287077479269,-2.56,-8.02724811809));
#8344=VECTOR('',#10843,0.3);
#8345=CARTESIAN_POINT('',(-4.78224811809,-2.86,-7.957922520731));
#8346=CARTESIAN_POINT('',(-4.78224811809,-2.86,-7.957922520731));
#8347=VECTOR('',#10844,0.3);
#8348=CARTESIAN_POINT('',(-4.78224811809,-2.86,-7.957922520731));
#8349=VECTOR('',#10845,0.5);
#8350=CARTESIAN_POINT('',(-4.287077479269,2.86,-8.02724811809));
#8351=CARTESIAN_POINT('',(-4.287077479269,2.86,-8.02724811809));
#8352=VECTOR('',#10846,0.3);
#8353=CARTESIAN_POINT('',(-4.78224811809,2.86,-7.957922520731));
#8354=CARTESIAN_POINT('',(-4.78224811809,2.86,-7.957922520731));
#8355=VECTOR('',#10847,0.5);
#8356=CARTESIAN_POINT('',(-4.78224811809,2.56,-7.957922520731));
#8357=VECTOR('',#10848,0.3);
#8358=CARTESIAN_POINT('',(-0.8000000264365,-2.86,-0.62));
#8359=CARTESIAN_POINT('',(0.8000000807286,-2.86,-0.62));
#8360=CARTESIAN_POINT('',(-0.8000000264365,-2.86,-0.62));
#8361=VECTOR('',#10849,1.600000107165);
#8362=CARTESIAN_POINT('',(-5.909979095964,-2.859999986342,-0.6199999980579));
#8363=CARTESIAN_POINT('',(-0.8000000264365,-2.86,-0.62));
#8364=VECTOR('',#10850,5.109979069527);
#8365=CARTESIAN_POINT('',(-5.912,-2.86,-0.62));
#8366=CARTESIAN_POINT('',(-5.912,-2.86,-0.62));
#8367=VECTOR('',#10851,0.002020904036084);
#8368=CARTESIAN_POINT('',(-5.912,-2.86,-14.5));
#8369=CARTESIAN_POINT('',(-5.912,-2.86,-14.5));
#8370=VECTOR('',#10852,13.88);
#8371=CARTESIAN_POINT('',(5.912,-2.86,-14.5));
#8372=CARTESIAN_POINT('',(-5.912,-2.86,-14.5));
#8373=VECTOR('',#10853,11.824);
#8374=CARTESIAN_POINT('',(5.912,-2.86,-0.62));
#8375=CARTESIAN_POINT('',(5.912,-2.86,-0.62));
#8376=VECTOR('',#10854,13.88);
#8377=CARTESIAN_POINT('',(5.909979095964,-2.859999986342,-0.6199999980579));
#8378=CARTESIAN_POINT('',(5.909979095964,-2.859999986342,-0.6199999980579));
#8379=VECTOR('',#10855,0.002020904036065);
#8380=CARTESIAN_POINT('',(5.909979095964,-2.859999986342,-0.6199999980579));
#8381=VECTOR('',#10856,5.109979015235);
#8382=CARTESIAN_POINT('',(1.712922520731,-2.86,-8.02724811809));
#8383=CARTESIAN_POINT('',(4.287077479269,-2.86,-8.02724811809));
#8384=CARTESIAN_POINT('',(1.712922520731,-2.86,-8.02724811809));
#8385=VECTOR('',#10857,2.574154958538);
#8386=CARTESIAN_POINT('',(1.21775188191,-2.86,-7.957922520731));
#8387=CARTESIAN_POINT('',(1.21775188191,-2.86,-7.957922520731));
#8388=VECTOR('',#10858,0.5);
#8389=CARTESIAN_POINT('',(2.112519022697,-2.86,-1.566886113168));
#8390=VECTOR('',#10859,6.453367694393);
#8391=CARTESIAN_POINT('',(3.887480977303,-2.86,-1.566886113168));
#8392=AXIS2_PLACEMENT_3D('',#10860,#10861,#10862);
#8393=CARTESIAN_POINT('',(4.78224811809,-2.86,-7.957922520731));
#8394=CARTESIAN_POINT('',(4.78224811809,-2.86,-7.957922520731));
#8395=VECTOR('',#10863,6.453367694393);
#8396=CARTESIAN_POINT('',(4.287077479269,-2.86,-8.02724811809));
#8397=VECTOR('',#10864,0.5);
#8398=CARTESIAN_POINT('',(-4.287077479269,-2.86,-8.02724811809));
#8399=VECTOR('',#10865,2.574154958538);
#8400=CARTESIAN_POINT('',(-3.887480977303,-2.86,-1.566886113168));
#8401=VECTOR('',#10866,6.453367694393);
#8402=CARTESIAN_POINT('',(-2.112519022697,-2.86,-1.566886113168));
#8403=AXIS2_PLACEMENT_3D('',#10867,#10868,#10869);
#8404=CARTESIAN_POINT('',(-1.21775188191,-2.86,-7.957922520731));
#8405=VECTOR('',#10870,6.453367694393);
#8406=CARTESIAN_POINT('',(-2.112519022697,-2.86,-1.566886113168));
#8407=VECTOR('',#10871,0.3);
#8408=CARTESIAN_POINT('',(-2.112519022697,2.86,-1.566886113168));
#8409=CARTESIAN_POINT('',(-2.112519022697,2.56,-1.566886113168));
#8410=VECTOR('',#10872,0.3);
#8411=CARTESIAN_POINT('',(-1.21775188191,2.86,-7.957922520731));
#8412=VECTOR('',#10873,6.453367694393);
#8413=AXIS2_PLACEMENT_3D('',#10874,#10875,#10876);
#8414=CARTESIAN_POINT('',(-3.887480977303,2.86,-1.566886113168));
#8415=VECTOR('',#10877,6.453367694393);
#8416=CARTESIAN_POINT('',(-0.8000000000808,2.86,-0.62));
#8417=CARTESIAN_POINT('',(0.8000000000808,2.86,-0.62));
#8418=CARTESIAN_POINT('',(-0.8000000000808,2.86,-0.62));
#8419=VECTOR('',#10878,1.600000000162);
#8420=CARTESIAN_POINT('',(5.909979095962,2.859999986342,-0.6199999980579));
#8421=CARTESIAN_POINT('',(0.8000000000808,2.86,-0.62));
#8422=VECTOR('',#10879,5.109979095881);
#8423=CARTESIAN_POINT('',(5.912,2.86,-0.62));
#8424=CARTESIAN_POINT('',(5.909979095962,2.859999986342,-0.6199999980579));
#8425=VECTOR('',#10880,0.002020904038221);
#8426=CARTESIAN_POINT('',(5.912,2.86,-15.0));
#8427=CARTESIAN_POINT('',(5.912,2.86,-15.0));
#8428=VECTOR('',#10881,14.38);
#8429=CARTESIAN_POINT('',(4.02,2.86,-15.0));
#8430=CARTESIAN_POINT('',(4.02,2.86,-15.0));
#8431=VECTOR('',#10882,1.892);
#8432=CARTESIAN_POINT('',(4.02,2.86,-14.5));
#8433=CARTESIAN_POINT('',(4.02,2.86,-15.0));
#8434=VECTOR('',#10883,0.5);
#8435=CARTESIAN_POINT('',(-3.98,2.86,-14.5));
#8436=CARTESIAN_POINT('',(-3.98,2.86,-14.5));
#8437=VECTOR('',#10884,8.0);
#8438=CARTESIAN_POINT('',(-3.98,2.86,-15.0));
#8439=CARTESIAN_POINT('',(-3.98,2.86,-15.0));
#8440=VECTOR('',#10885,0.5);
#8441=CARTESIAN_POINT('',(-5.912,2.86,-15.0));
#8442=CARTESIAN_POINT('',(-5.912,2.86,-15.0));
#8443=VECTOR('',#10886,1.932);
#8444=CARTESIAN_POINT('',(-5.912,2.86,-0.62));
#8445=CARTESIAN_POINT('',(-5.912,2.86,-0.62));
#8446=VECTOR('',#10887,14.38);
#8447=CARTESIAN_POINT('',(-5.909979095962,2.859999986342,-0.6199999980579));
#8448=CARTESIAN_POINT('',(-5.912,2.86,-0.62));
#8449=VECTOR('',#10888,0.002020904038202);
#8450=CARTESIAN_POINT('',(-5.909979095962,2.859999986342,-0.6199999980579));
#8451=VECTOR('',#10889,5.109979095881);
#8452=CARTESIAN_POINT('',(4.287077479269,2.86,-8.02724811809));
#8453=CARTESIAN_POINT('',(1.712922520731,2.86,-8.02724811809));
#8454=CARTESIAN_POINT('',(4.287077479269,2.86,-8.02724811809));
#8455=VECTOR('',#10890,2.574154958538);
#8456=CARTESIAN_POINT('',(4.78224811809,2.86,-7.957922520731));
#8457=CARTESIAN_POINT('',(4.287077479269,2.86,-8.02724811809));
#8458=VECTOR('',#10891,0.5);
#8459=CARTESIAN_POINT('',(3.887480977303,2.86,-1.566886113168));
#8460=CARTESIAN_POINT('',(4.78224811809,2.86,-7.957922520731));
#8461=VECTOR('',#10892,6.453367694393);
#8462=AXIS2_PLACEMENT_3D('',#10893,#10894,#10895);
#8463=CARTESIAN_POINT('',(1.21775188191,2.86,-7.957922520731));
#8464=CARTESIAN_POINT('',(2.112519022697,2.86,-1.566886113168));
#8465=VECTOR('',#10896,6.453367694393);
#8466=CARTESIAN_POINT('',(1.21775188191,2.86,-7.957922520731));
#8467=VECTOR('',#10897,0.5);
#8468=CARTESIAN_POINT('',(-1.712922520731,2.86,-8.02724811809));
#8469=VECTOR('',#10898,2.574154958538);
#8470=CARTESIAN_POINT('',(-4.280430783441,2.860135197025,-7.971833150988));
#8471=CARTESIAN_POINT('',(-4.287077479269,2.86,-8.02724811809));
#8472=CARTESIAN_POINT('',(-4.28494491012,2.860176399146,-8.008765574507));
#8473=CARTESIAN_POINT('',(-4.282740851637,2.86022144906,-7.990291531791));
#8474=CARTESIAN_POINT('',(-4.280430783441,2.860135197025,-7.971833150988));
#8475=CARTESIAN_POINT('',(-1.719569216559,2.860135197025,-7.971833150988));
#8476=CARTESIAN_POINT('',(-1.719569216559,2.860135197025,-7.971833150988));
#8477=VECTOR('',#10899,2.560861566882);
#8478=CARTESIAN_POINT('',(-1.712922520731,2.86,-8.02724811809));
#8479=CARTESIAN_POINT('',(-1.71505508988,2.860176399146,-8.008765574507));
#8480=CARTESIAN_POINT('',(-1.717259148363,2.86022144906,-7.990291531791));
#8481=CARTESIAN_POINT('',(-1.719569216559,2.860135197025,-7.971833150988));
#8482=CARTESIAN_POINT('',(-1.719603745453,2.560000023653,-7.974002160496));
#8483=CARTESIAN_POINT('',(-1.719603745453,2.560000023653,-7.974002160496));
#8484=VECTOR('',#10900,0.3001430127279);
#8485=CARTESIAN_POINT('',(-1.712922520731,2.56,-8.02724811809));
#8486=CARTESIAN_POINT('',(-1.715143953162,2.560128005354,-8.009498298024));
#8487=CARTESIAN_POINT('',(-1.71738254054,2.560128029008,-7.9917501626));
#8488=CARTESIAN_POINT('',(-1.719603745453,2.560000023653,-7.974002160496));
#8489=CARTESIAN_POINT('',(-4.280396254547,2.560000023653,-7.974002160496));
#8490=CARTESIAN_POINT('',(-4.280396254547,2.560000023653,-7.974002160496));
#8491=VECTOR('',#10901,2.560792509093);
#8492=CARTESIAN_POINT('',(-4.287077479269,2.56,-8.02724811809));
#8493=CARTESIAN_POINT('',(-4.284856046838,2.560128005354,-8.009498298024));
#8494=CARTESIAN_POINT('',(-4.28261745946,2.560128029008,-7.9917501626));
#8495=CARTESIAN_POINT('',(-4.280396254547,2.560000023653,-7.974002160496));
#8496=CARTESIAN_POINT('',(-4.280430783441,2.860135197025,-7.971833150988));
#8497=VECTOR('',#10902,0.3001430127279);
#8498=CARTESIAN_POINT('',(-3.739902926576,2.497701732601,-3.65538223238));
#8499=CARTESIAN_POINT('',(-4.280396254547,2.560000023653,-7.974002160496));
#8500=CARTESIAN_POINT('',(-4.100229729455,2.549617244591,-6.534424997947));
#8501=CARTESIAN_POINT('',(-3.92007867889,2.51846781413,-5.094920793639));
#8502=CARTESIAN_POINT('',(-3.739902926576,2.497701732601,-3.65538223238));
#8503=CARTESIAN_POINT('',(-3.739869614562,2.808772662347,-3.650899042067));
#8504=CARTESIAN_POINT('',(-3.739869614562,2.808772662347,-3.650899042067));
#8505=VECTOR('',#10903,0.3111032359819);
#8506=CARTESIAN_POINT('',(-4.280430783441,2.860135197025,-7.971833150988));
#8507=CARTESIAN_POINT('',(-4.100178609543,2.853405042154,-6.531545252596));
#8508=CARTESIAN_POINT('',(-3.920137522365,2.825891866463,-5.091226653368));
#8509=CARTESIAN_POINT('',(-3.739869614562,2.808772662347,-3.650899042067));
#8510=CARTESIAN_POINT('',(-2.260130385438,2.808772662347,-3.650899042067));
#8511=CARTESIAN_POINT('',(-2.260130385438,2.808772662347,-3.650899042067));
#8512=VECTOR('',#10904,1.479739229125);
#8513=CARTESIAN_POINT('',(-1.719569216559,2.860135197025,-7.971833150988));
#8514=CARTESIAN_POINT('',(-1.899821390457,2.853405042154,-6.531545252596));
#8515=CARTESIAN_POINT('',(-2.079862477635,2.825891866463,-5.091226653368));
#8516=CARTESIAN_POINT('',(-2.260130385438,2.808772662347,-3.650899042067));
#8517=CARTESIAN_POINT('',(-2.260097073424,2.497701732601,-3.65538223238));
#8518=CARTESIAN_POINT('',(-2.260097073424,2.497701732601,-3.65538223238));
#8519=VECTOR('',#10905,0.3111032359819);
#8520=CARTESIAN_POINT('',(-1.719603745453,2.560000023653,-7.974002160496));
#8521=CARTESIAN_POINT('',(-1.899770270545,2.549617244591,-6.534424997947));
#8522=CARTESIAN_POINT('',(-2.07992132111,2.51846781413,-5.094920793639));
#8523=CARTESIAN_POINT('',(-2.260097073424,2.497701732601,-3.65538223238));
#8524=CARTESIAN_POINT('',(-3.739902926576,2.497701732601,-3.65538223238));
#8525=VECTOR('',#10906,1.479805853152);
#8526=CARTESIAN_POINT('',(-2.308133550408,2.289655872268,-3.360210526316));
#8527=CARTESIAN_POINT('',(-2.260097073424,2.497701732601,-3.65538223238));
#8528=CARTESIAN_POINT('',(-2.26276484102,2.497394260154,-3.634067742073));
#8529=CARTESIAN_POINT('',(-2.268124768548,2.492505586513,-3.591504120979));
#8530=CARTESIAN_POINT('',(-2.276118267409,2.472643086346,-3.530378875404));
#8531=CARTESIAN_POINT('',(-2.284124197391,2.441041799438,-3.474414872267));
#8532=CARTESIAN_POINT('',(-2.29212679532,2.398959633865,-3.425837635043));
#8533=CARTESIAN_POINT('',(-2.30013029034,2.34807150693,-3.38658128856));
#8534=CARTESIAN_POINT('',(-2.305465782812,2.309626261788,-3.367666099985));
#8535=CARTESIAN_POINT('',(-2.308133550408,2.289655872268,-3.360210526316));
#8536=CARTESIAN_POINT('',(-3.691866449592,2.289655872268,-3.360210526316));
#8537=CARTESIAN_POINT('',(-3.691866449592,2.289655872268,-3.360210526316));
#8538=VECTOR('',#10907,1.383732899184);
#8539=CARTESIAN_POINT('',(-3.739902926576,2.497701732601,-3.65538223238));
#8540=CARTESIAN_POINT('',(-3.73723515898,2.497394260154,-3.634067742073));
#8541=CARTESIAN_POINT('',(-3.731875231452,2.492505586513,-3.591504120979));
#8542=CARTESIAN_POINT('',(-3.723881732591,2.472643086346,-3.530378875404));
#8543=CARTESIAN_POINT('',(-3.715875802609,2.441041799438,-3.474414872267));
#8544=CARTESIAN_POINT('',(-3.70787320468,2.398959633865,-3.425837635043));
#8545=CARTESIAN_POINT('',(-3.69986970966,2.34807150693,-3.38658128856));
#8546=CARTESIAN_POINT('',(-3.694534217188,2.309626261788,-3.367666099985));
#8547=CARTESIAN_POINT('',(-3.691866449592,2.289655872268,-3.360210526316));
#8548=CARTESIAN_POINT('',(-3.691866449592,2.398805831631,-3.067843057185));
#8549=CARTESIAN_POINT('',(-3.691866449592,2.398805831631,-3.067843057185));
#8550=VECTOR('',#10908,0.3120776355894);
#8551=CARTESIAN_POINT('',(-3.739869614562,2.808772662347,-3.650899042067));
#8552=CARTESIAN_POINT('',(-3.735497680388,2.808357480105,-3.615967602321));
#8553=CARTESIAN_POINT('',(-3.728548586848,2.80168234054,-3.54536033292));
#8554=CARTESIAN_POINT('',(-3.721908465021,2.773096817889,-3.440330760219));
#8555=CARTESIAN_POINT('',(-3.717675196892,2.726840210796,-3.341740906756));
#8556=CARTESIAN_POINT('',(-3.714221738943,2.664295913935,-3.252358544598));
#8557=CARTESIAN_POINT('',(-3.710008883216,2.587127767369,-3.174743001832));
#8558=CARTESIAN_POINT('',(-3.703378334121,2.49727877194,-3.111279208168));
#8559=CARTESIAN_POINT('',(-3.696323577011,2.432139388859,-3.08038405938));
#8560=CARTESIAN_POINT('',(-3.691866449592,2.398805831631,-3.067843057185));
#8561=CARTESIAN_POINT('',(-2.308133550408,2.398805831631,-3.067843057185));
#8562=CARTESIAN_POINT('',(-2.308133550408,2.398805831631,-3.067843057185));
#8563=VECTOR('',#10909,1.383732899184);
#8564=CARTESIAN_POINT('',(-2.260130385438,2.808772662347,-3.650899042067));
#8565=CARTESIAN_POINT('',(-2.264502319741,2.808357480093,-3.615967601284));
#8566=CARTESIAN_POINT('',(-2.271451413092,2.801682340546,-3.545360333401));
#8567=CARTESIAN_POINT('',(-2.278091534995,2.773096817887,-3.44033076009));
#8568=CARTESIAN_POINT('',(-2.282324803104,2.726840210796,-3.341740906791));
#8569=CARTESIAN_POINT('',(-2.285778261058,2.664295913935,-3.252358544588));
#8570=CARTESIAN_POINT('',(-2.289991116784,2.587127767369,-3.174743001834));
#8571=CARTESIAN_POINT('',(-2.29662166588,2.49727877194,-3.111279208167));
#8572=CARTESIAN_POINT('',(-2.303676422989,2.432139388859,-3.08038405938));
#8573=CARTESIAN_POINT('',(-2.308133550408,2.398805831631,-3.067843057185));
#8574=CARTESIAN_POINT('',(-2.308133550408,2.289655872268,-3.360210526316));
#8575=VECTOR('',#10910,0.3120776355894);
#8576=CARTESIAN_POINT('',(-2.465733748559,2.287456211753,-2.547456211753));
#8577=CARTESIAN_POINT('',(-2.308133550408,2.398805831631,-3.067843057185));
#8578=CARTESIAN_POINT('',(-2.310631857441,2.380121721297,-3.060813580339));
#8579=CARTESIAN_POINT('',(-2.317076866341,2.343564616256,-3.043003464229));
#8580=CARTESIAN_POINT('',(-2.330670329429,2.293505684848,-3.005080646538));
#8581=CARTESIAN_POINT('',(-2.347522029623,2.251074983789,-2.956824499377));
#8582=CARTESIAN_POINT('',(-2.366409624001,2.219224259241,-2.900949974609));
#8583=CARTESIAN_POINT('',(-2.38636585023,2.199215001616,-2.839725435914));
#8584=CARTESIAN_POINT('',(-2.406380928088,2.191956176516,-2.775697946879));
#8585=CARTESIAN_POINT('',(-2.425440244626,2.197674282633,-2.711549392129));
#8586=CARTESIAN_POINT('',(-2.442685925405,2.216461392752,-2.649321469089));
#8587=CARTESIAN_POINT('',(-2.456600951392,2.246719240298,-2.593494267561));
#8588=CARTESIAN_POINT('',(-2.463195554306,2.273078708684,-2.561760878031));
#8589=CARTESIAN_POINT('',(-2.465733748559,2.287456211753,-2.547456211753));
#8590=CARTESIAN_POINT('',(-2.465733748559,2.064522727852,-2.324522727852));
#8591=CARTESIAN_POINT('',(-2.465733748559,2.064522727852,-2.324522727852));
#8592=VECTOR('',#10911,0.3152755564396);
#8593=CARTESIAN_POINT('',(-2.308133550408,2.289655872268,-3.360210526316));
#8594=CARTESIAN_POINT('',(-2.312909313988,2.253905434667,-3.346863765053));
#8595=CARTESIAN_POINT('',(-2.322460841149,2.184837327897,-3.313656163528));
#8596=CARTESIAN_POINT('',(-2.33678813189,2.091942275969,-3.245941765875));
#8597=CARTESIAN_POINT('',(-2.351115422631,2.012814159334,-3.162554514565));
#8598=CARTESIAN_POINT('',(-2.365442713372,1.950058487562,-3.06624030191));
#8599=CARTESIAN_POINT('',(-2.379770004113,1.905741879506,-2.960170806277));
#8600=CARTESIAN_POINT('',(-2.394097294854,1.881323681289,-2.847838923652));
#8601=CARTESIAN_POINT('',(-2.408424585595,1.87760799292,-2.732943783139));
#8602=CARTESIAN_POINT('',(-2.422751876336,1.894717183229,-2.619268906821));
#8603=CARTESIAN_POINT('',(-2.437079167077,1.932087800045,-2.510557686048));
#8604=CARTESIAN_POINT('',(-2.451406457818,1.988489371379,-2.410389861507));
#8605=CARTESIAN_POINT('',(-2.460957984979,2.037539123341,-2.351506332364));
#8606=CARTESIAN_POINT('',(-2.465733748559,2.064522727852,-2.324522727852));
#8607=CARTESIAN_POINT('',(-3.534266251441,2.064522727852,-2.324522727852));
#8608=CARTESIAN_POINT('',(-3.534266251441,2.064522727852,-2.324522727852));
#8609=VECTOR('',#10912,1.068532502882);
#8610=CARTESIAN_POINT('',(-3.691866449592,2.289655872268,-3.360210526316));
#8611=CARTESIAN_POINT('',(-3.687090686012,2.253905434667,-3.346863765053));
#8612=CARTESIAN_POINT('',(-3.677539158851,2.184837327897,-3.313656163528));
#8613=CARTESIAN_POINT('',(-3.66321186811,2.091942275969,-3.245941765875));
#8614=CARTESIAN_POINT('',(-3.648884577369,2.012814159334,-3.162554514565));
#8615=CARTESIAN_POINT('',(-3.634557286628,1.950058487562,-3.06624030191));
#8616=CARTESIAN_POINT('',(-3.620229995887,1.905741879506,-2.960170806277));
#8617=CARTESIAN_POINT('',(-3.605902705146,1.881323681289,-2.847838923652));
#8618=CARTESIAN_POINT('',(-3.591575414405,1.87760799292,-2.732943783139));
#8619=CARTESIAN_POINT('',(-3.577248123664,1.894717183229,-2.619268906821));
#8620=CARTESIAN_POINT('',(-3.562920832923,1.932087800045,-2.510557686048));
#8621=CARTESIAN_POINT('',(-3.548593542182,1.988489371379,-2.410389861507));
#8622=CARTESIAN_POINT('',(-3.539042015021,2.037539123341,-2.351506332364));
#8623=CARTESIAN_POINT('',(-3.534266251441,2.064522727852,-2.324522727852));
#8624=CARTESIAN_POINT('',(-3.534266251441,2.287456211753,-2.547456211753));
#8625=CARTESIAN_POINT('',(-3.534266251441,2.287456211753,-2.547456211753));
#8626=VECTOR('',#10913,0.3152755564396);
#8627=CARTESIAN_POINT('',(-3.691866449592,2.398805831631,-3.067843057185));
#8628=CARTESIAN_POINT('',(-3.689368142559,2.380121721297,-3.060813580339));
#8629=CARTESIAN_POINT('',(-3.682923133659,2.343564616256,-3.043003464229));
#8630=CARTESIAN_POINT('',(-3.669329670571,2.293505684848,-3.005080646538));
#8631=CARTESIAN_POINT('',(-3.652477970376,2.251074983789,-2.956824499377));
#8632=CARTESIAN_POINT('',(-3.633590375999,2.219224259241,-2.900949974609));
#8633=CARTESIAN_POINT('',(-3.61363414977,2.199215001616,-2.839725435914));
#8634=CARTESIAN_POINT('',(-3.593619071912,2.191956176516,-2.775697946879));
#8635=CARTESIAN_POINT('',(-3.574559755374,2.197674282633,-2.711549392129));
#8636=CARTESIAN_POINT('',(-3.557314074595,2.216461392752,-2.649321469089));
#8637=CARTESIAN_POINT('',(-3.543399048608,2.246719240298,-2.593494267561));
#8638=CARTESIAN_POINT('',(-3.536804445694,2.273078708684,-2.561760878031));
#8639=CARTESIAN_POINT('',(-3.534266251441,2.287456211753,-2.547456211753));
#8640=CARTESIAN_POINT('',(-2.465733748559,2.287456211753,-2.547456211753));
#8641=VECTOR('',#10914,1.068532502882);
#8642=CARTESIAN_POINT('',(-3.4,3.048002194466,-1.790763174074));
#8643=CARTESIAN_POINT('',(-3.534266251441,2.287456211753,-2.547456211753));
#8644=VECTOR('',#10915,1.081222443056);
#8645=CARTESIAN_POINT('',(-2.6,3.048002194466,-1.790763174074));
#8646=CARTESIAN_POINT('',(-2.6,3.048002194466,-1.790763174074));
#8647=VECTOR('',#10916,0.8);
#8648=CARTESIAN_POINT('',(-2.465733748559,2.287456211753,-2.547456211753));
#8649=VECTOR('',#10917,1.081222443056);
#8650=CARTESIAN_POINT('',(-2.6,2.823142238049,-1.565903217656));
#8651=CARTESIAN_POINT('',(-2.6,2.823142238049,-1.565903217656));
#8652=VECTOR('',#10918,0.318);
#8653=CARTESIAN_POINT('',(-2.465733748559,2.064522727852,-2.324522727852));
#8654=VECTOR('',#10919,1.081219010551);
#8655=CARTESIAN_POINT('',(-3.4,2.823142238049,-1.565903217656));
#8656=CARTESIAN_POINT('',(-3.4,2.823142238049,-1.565903217656));
#8657=VECTOR('',#10920,0.8);
#8658=CARTESIAN_POINT('',(-3.534266251441,2.064522727852,-2.324522727852));
#8659=VECTOR('',#10921,1.081219010551);
#8660=CARTESIAN_POINT('',(-3.4,3.048002194466,-1.790763174074));
#8661=VECTOR('',#10922,0.318);
#8662=CARTESIAN_POINT('',(1.712922520731,-2.56,-8.02724811809));
#8663=VECTOR('',#10923,0.3);
#8664=CARTESIAN_POINT('',(1.21775188191,-2.86,-7.957922520731));
#8665=VECTOR('',#10924,0.3);
#8666=CARTESIAN_POINT('',(1.712922520731,2.86,-8.02724811809));
#8667=VECTOR('',#10925,0.3);
#8668=CARTESIAN_POINT('',(1.21775188191,2.56,-7.957922520731));
#8669=VECTOR('',#10926,0.3);
#8670=CARTESIAN_POINT('',(3.887480977303,-2.86,-1.566886113168));
#8671=VECTOR('',#10927,0.3);
#8672=CARTESIAN_POINT('',(3.887480977303,2.56,-1.566886113168));
#8673=VECTOR('',#10928,0.3);
#8674=CARTESIAN_POINT('',(4.78224811809,-2.86,-7.957922520731));
#8675=VECTOR('',#10929,0.3);
#8676=CARTESIAN_POINT('',(4.78224811809,2.56,-7.957922520731));
#8677=VECTOR('',#10930,0.3);
#8678=CARTESIAN_POINT('',(4.287077479269,-2.86,-8.02724811809));
#8679=VECTOR('',#10931,0.3);
#8680=CARTESIAN_POINT('',(4.287077479269,2.56,-8.02724811809));
#8681=VECTOR('',#10932,0.3);
#8682=CARTESIAN_POINT('',(4.280421749253,-2.56,-7.974));
#8683=CARTESIAN_POINT('',(4.287077479269,-2.56,-8.02724811809));
#8684=CARTESIAN_POINT('',(4.284856584495,-2.560577742524,-8.009489619886));
#8685=CARTESIAN_POINT('',(4.282638007823,-2.560577742524,-7.991721411985));
#8686=CARTESIAN_POINT('',(4.280421749253,-2.56,-7.974));
#8687=CARTESIAN_POINT('',(4.280421749253,-2.86013505375,-7.964215182419));
#8688=CARTESIAN_POINT('',(4.280421749253,-2.86013505375,-7.964215182419));
#8689=CARTESIAN_POINT('',(4.280421749253,-2.760090035833,-7.967476788279));
#8690=CARTESIAN_POINT('',(4.280421749253,-2.660045017917,-7.97073839414));
#8691=CARTESIAN_POINT('',(4.280421749253,-2.56,-7.974));
#8692=CARTESIAN_POINT('',(4.287077479269,-2.86,-8.02724811809));
#8693=CARTESIAN_POINT('',(4.285255757297,-2.860718765573,-8.006163107944));
#8694=CARTESIAN_POINT('',(4.283037180625,-2.86076378349,-7.985130147851));
#8695=CARTESIAN_POINT('',(4.280421749253,-2.86013505375,-7.964215182419));
#8696=CARTESIAN_POINT('',(1.719578250747,-2.86013505375,-7.964215182419));
#8697=CARTESIAN_POINT('',(1.719578250747,-2.86013505375,-7.964215182419));
#8698=VECTOR('',#10933,2.560843498506);
#8699=CARTESIAN_POINT('',(1.712922520731,-2.86,-8.02724811809));
#8700=CARTESIAN_POINT('',(1.714744242703,-2.860718765573,-8.006163107944));
#8701=CARTESIAN_POINT('',(1.716962819375,-2.86076378349,-7.985130147851));
#8702=CARTESIAN_POINT('',(1.719578250747,-2.86013505375,-7.964215182419));
#8703=CARTESIAN_POINT('',(1.719578250747,-2.56,-7.974));
#8704=CARTESIAN_POINT('',(1.719578250747,-2.56,-7.974));
#8705=CARTESIAN_POINT('',(1.719578250747,-2.660045017917,-7.97073839414));
#8706=CARTESIAN_POINT('',(1.719578250747,-2.760090035833,-7.967476788279));
#8707=CARTESIAN_POINT('',(1.719578250747,-2.86013505375,-7.964215182419));
#8708=CARTESIAN_POINT('',(1.712922520731,-2.56,-8.02724811809));
#8709=CARTESIAN_POINT('',(1.715143415505,-2.560577742524,-8.009489619886));
#8710=CARTESIAN_POINT('',(1.717361992177,-2.560577742524,-7.991721411985));
#8711=CARTESIAN_POINT('',(1.719578250747,-2.56,-7.974));
#8712=CARTESIAN_POINT('',(4.280421749253,-2.56,-7.974));
#8713=VECTOR('',#10934,2.560843498506);
#8714=CARTESIAN_POINT('',(2.262563409789,-2.277055543617,-3.639157268131));
#8715=CARTESIAN_POINT('',(1.719578250747,-2.56,-7.974));
#8716=CARTESIAN_POINT('',(1.809981220002,-2.536433417851,-7.251129354565));
#8717=CARTESIAN_POINT('',(1.990976273016,-2.442081062187,-5.805606694701));
#8718=CARTESIAN_POINT('',(2.172065883282,-2.324212953014,-4.361631056775));
#8719=CARTESIAN_POINT('',(2.262563409789,-2.277055543617,-3.639157268131));
#8720=CARTESIAN_POINT('',(3.737436590211,-2.277055543617,-3.639157268131));
#8721=CARTESIAN_POINT('',(3.737436590211,-2.277055543617,-3.639157268131));
#8722=VECTOR('',#10935,1.474873180422);
#8723=CARTESIAN_POINT('',(4.280421749253,-2.56,-7.974));
#8724=CARTESIAN_POINT('',(4.190018779998,-2.536433417851,-7.251129354565));
#8725=CARTESIAN_POINT('',(4.009023726984,-2.442081062187,-5.805606694701));
#8726=CARTESIAN_POINT('',(3.827934116718,-2.324212953014,-4.361631056775));
#8727=CARTESIAN_POINT('',(3.737436590211,-2.277055543617,-3.639157268131));
#8728=CARTESIAN_POINT('',(3.737436590211,-2.587547783844,-3.618890775536));
#8729=CARTESIAN_POINT('',(3.737436590211,-2.587547783844,-3.618890775536));
#8730=VECTOR('',#10936,0.3111529558965);
#8731=CARTESIAN_POINT('',(4.280421749253,-2.86013505375,-7.964215182419));
#8732=CARTESIAN_POINT('',(4.189825792038,-2.838356477098,-7.239741455516));
#8733=CARTESIAN_POINT('',(4.009038689767,-2.747454360139,-5.790756644839));
#8734=CARTESIAN_POINT('',(3.828142067461,-2.632976926065,-4.343144589235));
#8735=CARTESIAN_POINT('',(3.737436590211,-2.587547783844,-3.618890775536));
#8736=CARTESIAN_POINT('',(2.262563409789,-2.587547783844,-3.618890775536));
#8737=CARTESIAN_POINT('',(2.262563409789,-2.587547783844,-3.618890775536));
#8738=VECTOR('',#10937,1.474873180422);
#8739=CARTESIAN_POINT('',(1.719578250747,-2.86013505375,-7.964215182419));
#8740=CARTESIAN_POINT('',(1.810174207962,-2.838356477098,-7.239741455516));
#8741=CARTESIAN_POINT('',(1.990961310233,-2.747454360139,-5.790756644839));
#8742=CARTESIAN_POINT('',(2.171857932539,-2.632976926065,-4.343144589235));
#8743=CARTESIAN_POINT('',(2.262563409789,-2.587547783844,-3.618890775536));
#8744=CARTESIAN_POINT('',(2.262563409789,-2.277055543617,-3.639157268131));
#8745=VECTOR('',#10938,0.3111529558965);
#8746=CARTESIAN_POINT('',(2.308493830934,-2.178808388524,-3.067836208327));
#8747=CARTESIAN_POINT('',(2.262563409789,-2.587547783844,-3.618890775536));
#8748=CARTESIAN_POINT('',(2.266736699229,-2.585457623853,-3.585568413048));
#8749=CARTESIAN_POINT('',(2.273402098416,-2.575907637798,-3.518444789144));
#8750=CARTESIAN_POINT('',(2.279750485072,-2.544567403087,-3.419053438236));
#8751=CARTESIAN_POINT('',(2.283806912157,-2.497195212944,-3.32607562642));
#8752=CARTESIAN_POINT('',(2.287112088674,-2.435087966406,-3.241957485696));
#8753=CARTESIAN_POINT('',(2.291145724835,-2.359787760433,-3.168949588085));
#8754=CARTESIAN_POINT('',(2.297493747012,-2.27307773645,-3.109136948584));
#8755=CARTESIAN_POINT('',(2.304237881045,-2.210676773303,-3.079825858261));
#8756=CARTESIAN_POINT('',(2.308493830934,-2.178808388524,-3.067836208327));
#8757=CARTESIAN_POINT('',(2.308493830934,-2.069655872268,-3.360210526316));
#8758=CARTESIAN_POINT('',(2.308493830934,-2.069655872268,-3.360210526316));
#8759=VECTOR('',#10939,0.3120849461678);
#8760=CARTESIAN_POINT('',(2.262563409789,-2.277055543617,-3.639157268131));
#8761=CARTESIAN_POINT('',(2.265115099853,-2.275725881938,-3.618786223099));
#8762=CARTESIAN_POINT('',(2.27021847998,-2.269155966714,-3.578299916092));
#8763=CARTESIAN_POINT('',(2.277873550171,-2.247929056958,-3.520553437937));
#8764=CARTESIAN_POINT('',(2.285528620361,-2.216105268459,-3.467899174649));
#8765=CARTESIAN_POINT('',(2.293183690552,-2.174846722322,-3.422259747314));
#8766=CARTESIAN_POINT('',(2.300838760743,-2.125659905377,-3.385301737683));
#8767=CARTESIAN_POINT('',(2.30594214087,-2.08878093597,-3.367350513306));
#8768=CARTESIAN_POINT('',(2.308493830934,-2.069655872268,-3.360210526316));
#8769=CARTESIAN_POINT('',(3.691506169066,-2.069655872268,-3.360210526316));
#8770=CARTESIAN_POINT('',(3.691506169066,-2.069655872268,-3.360210526316));
#8771=VECTOR('',#10940,1.383012338133);
#8772=CARTESIAN_POINT('',(3.737436590211,-2.277055543617,-3.639157268131));
#8773=CARTESIAN_POINT('',(3.734884900147,-2.275725881938,-3.618786223099));
#8774=CARTESIAN_POINT('',(3.72978152002,-2.269155966714,-3.578299916092));
#8775=CARTESIAN_POINT('',(3.722126449829,-2.247929056958,-3.520553437937));
#8776=CARTESIAN_POINT('',(3.714471379639,-2.216105268459,-3.467899174649));
#8777=CARTESIAN_POINT('',(3.706816309448,-2.174846722322,-3.422259747314));
#8778=CARTESIAN_POINT('',(3.699161239257,-2.125659905377,-3.385301737683));
#8779=CARTESIAN_POINT('',(3.69405785913,-2.08878093597,-3.367350513306));
#8780=CARTESIAN_POINT('',(3.691506169066,-2.069655872268,-3.360210526316));
#8781=CARTESIAN_POINT('',(3.691506169066,-2.178808388524,-3.067836208327));
#8782=CARTESIAN_POINT('',(3.691506169066,-2.178808388524,-3.067836208327));
#8783=VECTOR('',#10941,0.3120849461678);
#8784=CARTESIAN_POINT('',(3.737436590211,-2.587547783844,-3.618890775536));
#8785=CARTESIAN_POINT('',(3.733263300771,-2.585457623853,-3.585568413048));
#8786=CARTESIAN_POINT('',(3.726597901584,-2.575907637798,-3.518444789144));
#8787=CARTESIAN_POINT('',(3.720249514928,-2.544567403087,-3.419053438236));
#8788=CARTESIAN_POINT('',(3.716193087843,-2.497195212944,-3.32607562642));
#8789=CARTESIAN_POINT('',(3.712887911326,-2.435087966406,-3.241957485696));
#8790=CARTESIAN_POINT('',(3.708854275165,-2.359787760433,-3.168949588085));
#8791=CARTESIAN_POINT('',(3.702506252988,-2.27307773645,-3.109136948584));
#8792=CARTESIAN_POINT('',(3.695762118955,-2.210676773303,-3.079825858261));
#8793=CARTESIAN_POINT('',(3.691506169066,-2.178808388524,-3.067836208327));
#8794=CARTESIAN_POINT('',(2.308493830934,-2.178808388524,-3.067836208327));
#8795=VECTOR('',#10942,1.383012338133);
#8796=CARTESIAN_POINT('',(3.534100512913,-2.067458589795,-2.547458589795));
#8797=CARTESIAN_POINT('',(3.691506169066,-2.178808388524,-3.067836208327));
#8798=CARTESIAN_POINT('',(3.689010677554,-2.160122246575,-3.060806033998));
#8799=CARTESIAN_POINT('',(3.682572829458,-2.12356259593,-3.042994151985));
#8800=CARTESIAN_POINT('',(3.668995288921,-2.073504164407,-3.005069936716));
#8801=CARTESIAN_POINT('',(3.652164471973,-2.03107629473,-2.956815142533));
#8802=CARTESIAN_POINT('',(3.633300581274,-1.999227676908,-2.900942876147));
#8803=CARTESIAN_POINT('',(3.613369527247,-1.979219684989,-2.839721002259));
#8804=CARTESIAN_POINT('',(3.593379822212,-1.971961164157,-2.775696594908));
#8805=CARTESIAN_POINT('',(3.574344640058,-1.977678658894,-2.711551007716));
#8806=CARTESIAN_POINT('',(3.557120961272,-1.996463634971,-2.649326789654));
#8807=CARTESIAN_POINT('',(3.543222769253,-2.026719826298,-2.593499637842));
#8808=CARTESIAN_POINT('',(3.536635764209,-2.053080053002,-2.561764374248));
#8809=CARTESIAN_POINT('',(3.534100512913,-2.067458589795,-2.547458589795));
#8810=CARTESIAN_POINT('',(2.465899487087,-2.067458589795,-2.547458589795));
#8811=CARTESIAN_POINT('',(2.465899487087,-2.067458589795,-2.547458589795));
#8812=VECTOR('',#10943,1.068201025827);
#8813=CARTESIAN_POINT('',(2.308493830934,-2.178808388524,-3.067836208327));
#8814=CARTESIAN_POINT('',(2.310989322446,-2.160122246575,-3.060806033998));
#8815=CARTESIAN_POINT('',(2.317427170542,-2.12356259593,-3.042994151985));
#8816=CARTESIAN_POINT('',(2.331004711079,-2.073504164407,-3.005069936716));
#8817=CARTESIAN_POINT('',(2.347835528027,-2.03107629473,-2.956815142533));
#8818=CARTESIAN_POINT('',(2.366699418726,-1.999227676908,-2.900942876147));
#8819=CARTESIAN_POINT('',(2.386630472753,-1.979219684989,-2.839721002259));
#8820=CARTESIAN_POINT('',(2.406620177788,-1.971961164157,-2.775696594908));
#8821=CARTESIAN_POINT('',(2.425655359942,-1.977678658894,-2.711551007716));
#8822=CARTESIAN_POINT('',(2.442879038728,-1.996463634971,-2.649326789654));
#8823=CARTESIAN_POINT('',(2.456777230747,-2.026719826298,-2.593499637842));
#8824=CARTESIAN_POINT('',(2.463364235791,-2.053080053002,-2.561764374248));
#8825=CARTESIAN_POINT('',(2.465899487087,-2.067458589795,-2.547458589795));
#8826=CARTESIAN_POINT('',(2.465899487087,-1.844522727852,-2.324522727852));
#8827=CARTESIAN_POINT('',(2.465899487087,-1.844522727852,-2.324522727852));
#8828=VECTOR('',#10944,0.3152789194982);
#8829=CARTESIAN_POINT('',(2.308493830934,-2.069655872268,-3.360210526316));
#8830=CARTESIAN_POINT('',(2.313263699302,-2.033905434667,-3.346863765053));
#8831=CARTESIAN_POINT('',(2.322803436038,-1.964837327897,-3.313656163528));
#8832=CARTESIAN_POINT('',(2.337113041143,-1.871942275969,-3.245941765875));
#8833=CARTESIAN_POINT('',(2.351422646248,-1.792814159334,-3.162554514565));
#8834=CARTESIAN_POINT('',(2.365732251353,-1.730058487562,-3.06624030191));
#8835=CARTESIAN_POINT('',(2.380041856458,-1.685741879506,-2.960170806277));
#8836=CARTESIAN_POINT('',(2.394351461562,-1.661323681289,-2.847838923652));
#8837=CARTESIAN_POINT('',(2.408661066667,-1.65760799292,-2.732943783139));
#8838=CARTESIAN_POINT('',(2.422970671772,-1.674717183229,-2.619268906821));
#8839=CARTESIAN_POINT('',(2.437280276877,-1.712087800045,-2.510557686048));
#8840=CARTESIAN_POINT('',(2.451589881982,-1.768489371379,-2.410389861507));
#8841=CARTESIAN_POINT('',(2.461129618718,-1.817539123341,-2.351506332364));
#8842=CARTESIAN_POINT('',(2.465899487087,-1.844522727852,-2.324522727852));
#8843=CARTESIAN_POINT('',(3.534100512913,-1.844522727852,-2.324522727852));
#8844=CARTESIAN_POINT('',(3.534100512913,-1.844522727852,-2.324522727852));
#8845=VECTOR('',#10945,1.068201025827);
#8846=CARTESIAN_POINT('',(3.691506169066,-2.069655872268,-3.360210526316));
#8847=CARTESIAN_POINT('',(3.686736300698,-2.033905434667,-3.346863765053));
#8848=CARTESIAN_POINT('',(3.677196563962,-1.964837327897,-3.313656163528));
#8849=CARTESIAN_POINT('',(3.662886958857,-1.871942275969,-3.245941765875));
#8850=CARTESIAN_POINT('',(3.648577353752,-1.792814159334,-3.162554514565));
#8851=CARTESIAN_POINT('',(3.634267748647,-1.730058487562,-3.06624030191));
#8852=CARTESIAN_POINT('',(3.619958143542,-1.685741879506,-2.960170806277));
#8853=CARTESIAN_POINT('',(3.605648538438,-1.661323681289,-2.847838923652));
#8854=CARTESIAN_POINT('',(3.591338933333,-1.65760799292,-2.732943783139));
#8855=CARTESIAN_POINT('',(3.577029328228,-1.674717183229,-2.619268906821));
#8856=CARTESIAN_POINT('',(3.562719723123,-1.712087800045,-2.510557686048));
#8857=CARTESIAN_POINT('',(3.548410118018,-1.768489371379,-2.410389861507));
#8858=CARTESIAN_POINT('',(3.538870381282,-1.817539123341,-2.351506332364));
#8859=CARTESIAN_POINT('',(3.534100512913,-1.844522727852,-2.324522727852));
#8860=CARTESIAN_POINT('',(3.534100512913,-2.067458589795,-2.547458589795));
#8861=VECTOR('',#10946,0.3152789194982);
#8862=CARTESIAN_POINT('',(3.4,-2.603142238048,-1.565903217656));
#8863=CARTESIAN_POINT('',(3.534100512913,-1.844522727852,-2.324522727852));
#8864=VECTOR('',#10947,1.081198441575);
#8865=CARTESIAN_POINT('',(3.4,-2.828002194466,-1.790763174074));
#8866=CARTESIAN_POINT('',(3.4,-2.828002194466,-1.790763174074));
#8867=VECTOR('',#10948,0.318);
#8868=CARTESIAN_POINT('',(3.534100512913,-2.067458589795,-2.547458589795));
#8869=VECTOR('',#10949,1.081201865677);
#8870=CARTESIAN_POINT('',(2.6,-2.828002194466,-1.790763174074));
#8871=CARTESIAN_POINT('',(2.6,-2.828002194466,-1.790763174074));
#8872=VECTOR('',#10950,0.8);
#8873=CARTESIAN_POINT('',(2.465899487087,-2.067458589795,-2.547458589795));
#8874=VECTOR('',#10951,1.081201865677);
#8875=CARTESIAN_POINT('',(2.6,-2.603142238048,-1.565903217656));
#8876=CARTESIAN_POINT('',(2.6,-2.603142238048,-1.565903217656));
#8877=VECTOR('',#10952,0.318);
#8878=CARTESIAN_POINT('',(2.465899487087,-1.844522727852,-2.324522727852));
#8879=VECTOR('',#10953,1.081198441575);
#8880=CARTESIAN_POINT('',(3.4,-2.603142238048,-1.565903217656));
#8881=VECTOR('',#10954,0.8);
#8882=CARTESIAN_POINT('',(4.280430783441,2.860135197025,-7.971833150988));
#8883=CARTESIAN_POINT('',(4.287077479269,2.86,-8.02724811809));
#8884=CARTESIAN_POINT('',(4.28494491012,2.860176399146,-8.008765574507));
#8885=CARTESIAN_POINT('',(4.282740851637,2.86022144906,-7.990291531791));
#8886=CARTESIAN_POINT('',(4.280430783441,2.860135197025,-7.971833150988));
#8887=CARTESIAN_POINT('',(4.280396254547,2.560000023653,-7.974002160496));
#8888=CARTESIAN_POINT('',(4.280396254547,2.560000023653,-7.974002160496));
#8889=VECTOR('',#10955,0.3001430127279);
#8890=CARTESIAN_POINT('',(4.287077479269,2.56,-8.02724811809));
#8891=CARTESIAN_POINT('',(4.284856046838,2.560128005354,-8.009498298024));
#8892=CARTESIAN_POINT('',(4.28261745946,2.560128029008,-7.9917501626));
#8893=CARTESIAN_POINT('',(4.280396254547,2.560000023653,-7.974002160496));
#8894=CARTESIAN_POINT('',(1.719603745453,2.560000023653,-7.974002160496));
#8895=CARTESIAN_POINT('',(1.719603745453,2.560000023653,-7.974002160496));
#8896=VECTOR('',#10956,2.560792509093);
#8897=CARTESIAN_POINT('',(1.712922520731,2.56,-8.02724811809));
#8898=CARTESIAN_POINT('',(1.715143953162,2.560128005354,-8.009498298024));
#8899=CARTESIAN_POINT('',(1.71738254054,2.560128029008,-7.9917501626));
#8900=CARTESIAN_POINT('',(1.719603745453,2.560000023653,-7.974002160496));
#8901=CARTESIAN_POINT('',(1.719569216559,2.860135197025,-7.971833150988));
#8902=CARTESIAN_POINT('',(1.719569216559,2.860135197025,-7.971833150988));
#8903=VECTOR('',#10957,0.3001430127279);
#8904=CARTESIAN_POINT('',(1.712922520731,2.86,-8.02724811809));
#8905=CARTESIAN_POINT('',(1.71505508988,2.860176399146,-8.008765574507));
#8906=CARTESIAN_POINT('',(1.717259148363,2.86022144906,-7.990291531791));
#8907=CARTESIAN_POINT('',(1.719569216559,2.860135197025,-7.971833150988));
#8908=CARTESIAN_POINT('',(4.280430783441,2.860135197025,-7.971833150988));
#8909=VECTOR('',#10958,2.560861566882);
#8910=CARTESIAN_POINT('',(2.260130385438,2.808772662347,-3.650899042067));
#8911=CARTESIAN_POINT('',(1.719569216559,2.860135197025,-7.971833150988));
#8912=CARTESIAN_POINT('',(1.899821390457,2.853405042154,-6.531545252596));
#8913=CARTESIAN_POINT('',(2.079862477635,2.825891866463,-5.091226653368));
#8914=CARTESIAN_POINT('',(2.260130385438,2.808772662347,-3.650899042067));
#8915=CARTESIAN_POINT('',(3.739869614562,2.808772662347,-3.650899042067));
#8916=CARTESIAN_POINT('',(3.739869614562,2.808772662347,-3.650899042067));
#8917=VECTOR('',#10959,1.479739229125);
#8918=CARTESIAN_POINT('',(4.280430783441,2.860135197025,-7.971833150988));
#8919=CARTESIAN_POINT('',(4.100178609543,2.853405042154,-6.531545252596));
#8920=CARTESIAN_POINT('',(3.920137522365,2.825891866463,-5.091226653368));
#8921=CARTESIAN_POINT('',(3.739869614562,2.808772662347,-3.650899042067));
#8922=CARTESIAN_POINT('',(3.739902926576,2.497701732601,-3.65538223238));
#8923=CARTESIAN_POINT('',(3.739902926576,2.497701732601,-3.65538223238));
#8924=VECTOR('',#10960,0.3111032359819);
#8925=CARTESIAN_POINT('',(4.280396254547,2.560000023653,-7.974002160496));
#8926=CARTESIAN_POINT('',(4.100229729455,2.549617244591,-6.534424997947));
#8927=CARTESIAN_POINT('',(3.92007867889,2.51846781413,-5.094920793639));
#8928=CARTESIAN_POINT('',(3.739902926576,2.497701732601,-3.65538223238));
#8929=CARTESIAN_POINT('',(2.260097073424,2.497701732601,-3.65538223238));
#8930=CARTESIAN_POINT('',(2.260097073424,2.497701732601,-3.65538223238));
#8931=VECTOR('',#10961,1.479805853152);
#8932=CARTESIAN_POINT('',(1.719603745453,2.560000023653,-7.974002160496));
#8933=CARTESIAN_POINT('',(1.899770270545,2.549617244591,-6.534424997947));
#8934=CARTESIAN_POINT('',(2.07992132111,2.51846781413,-5.094920793639));
#8935=CARTESIAN_POINT('',(2.260097073424,2.497701732601,-3.65538223238));
#8936=CARTESIAN_POINT('',(2.260130385438,2.808772662347,-3.650899042067));
#8937=VECTOR('',#10962,0.3111032359819);
#8938=CARTESIAN_POINT('',(2.308133550408,2.289655872268,-3.360210526316));
#8939=CARTESIAN_POINT('',(2.260097073424,2.497701732601,-3.65538223238));
#8940=CARTESIAN_POINT('',(2.26276484102,2.497394260154,-3.634067742073));
#8941=CARTESIAN_POINT('',(2.268124768548,2.492505586513,-3.591504120979));
#8942=CARTESIAN_POINT('',(2.276118267409,2.472643086346,-3.530378875404));
#8943=CARTESIAN_POINT('',(2.284124197391,2.441041799438,-3.474414872267));
#8944=CARTESIAN_POINT('',(2.29212679532,2.398959633865,-3.425837635043));
#8945=CARTESIAN_POINT('',(2.30013029034,2.34807150693,-3.38658128856));
#8946=CARTESIAN_POINT('',(2.305465782812,2.309626261788,-3.367666099985));
#8947=CARTESIAN_POINT('',(2.308133550408,2.289655872268,-3.360210526316));
#8948=CARTESIAN_POINT('',(2.308133550408,2.398805831631,-3.067843057185));
#8949=CARTESIAN_POINT('',(2.308133550408,2.398805831631,-3.067843057185));
#8950=VECTOR('',#10963,0.3120776355894);
#8951=CARTESIAN_POINT('',(2.260130385438,2.808772662347,-3.650899042067));
#8952=CARTESIAN_POINT('',(2.264502319612,2.808357480105,-3.615967602321));
#8953=CARTESIAN_POINT('',(2.271451413152,2.80168234054,-3.54536033292));
#8954=CARTESIAN_POINT('',(2.278091534979,2.773096817889,-3.440330760219));
#8955=CARTESIAN_POINT('',(2.282324803108,2.726840210796,-3.341740906756));
#8956=CARTESIAN_POINT('',(2.285778261057,2.664295913935,-3.252358544598));
#8957=CARTESIAN_POINT('',(2.289991116784,2.587127767369,-3.174743001832));
#8958=CARTESIAN_POINT('',(2.296621665879,2.49727877194,-3.111279208168));
#8959=CARTESIAN_POINT('',(2.303676422989,2.432139388859,-3.08038405938));
#8960=CARTESIAN_POINT('',(2.308133550408,2.398805831631,-3.067843057185));
#8961=CARTESIAN_POINT('',(3.691866449592,2.398805831631,-3.067843057185));
#8962=CARTESIAN_POINT('',(3.691866449592,2.398805831631,-3.067843057185));
#8963=VECTOR('',#10964,1.383732899184);
#8964=CARTESIAN_POINT('',(3.739869614562,2.808772662347,-3.650899042067));
#8965=CARTESIAN_POINT('',(3.735497680259,2.808357480093,-3.615967601284));
#8966=CARTESIAN_POINT('',(3.728548586908,2.801682340546,-3.545360333401));
#8967=CARTESIAN_POINT('',(3.721908465005,2.773096817887,-3.44033076009));
#8968=CARTESIAN_POINT('',(3.717675196896,2.726840210796,-3.341740906791));
#8969=CARTESIAN_POINT('',(3.714221738942,2.664295913935,-3.252358544588));
#8970=CARTESIAN_POINT('',(3.710008883216,2.587127767369,-3.174743001834));
#8971=CARTESIAN_POINT('',(3.70337833412,2.49727877194,-3.111279208167));
#8972=CARTESIAN_POINT('',(3.696323577011,2.432139388859,-3.08038405938));
#8973=CARTESIAN_POINT('',(3.691866449592,2.398805831631,-3.067843057185));
#8974=CARTESIAN_POINT('',(3.691866449592,2.289655872268,-3.360210526316));
#8975=CARTESIAN_POINT('',(3.691866449592,2.289655872268,-3.360210526316));
#8976=VECTOR('',#10965,0.3120776355894);
#8977=CARTESIAN_POINT('',(3.739902926576,2.497701732601,-3.65538223238));
#8978=CARTESIAN_POINT('',(3.73723515898,2.497394260154,-3.634067742073));
#8979=CARTESIAN_POINT('',(3.731875231452,2.492505586513,-3.591504120979));
#8980=CARTESIAN_POINT('',(3.723881732591,2.472643086346,-3.530378875404));
#8981=CARTESIAN_POINT('',(3.715875802609,2.441041799438,-3.474414872267));
#8982=CARTESIAN_POINT('',(3.70787320468,2.398959633865,-3.425837635043));
#8983=CARTESIAN_POINT('',(3.69986970966,2.34807150693,-3.38658128856));
#8984=CARTESIAN_POINT('',(3.694534217188,2.309626261788,-3.367666099985));
#8985=CARTESIAN_POINT('',(3.691866449592,2.289655872268,-3.360210526316));
#8986=CARTESIAN_POINT('',(2.308133550408,2.289655872268,-3.360210526316));
#8987=VECTOR('',#10966,1.383732899184);
#8988=CARTESIAN_POINT('',(3.534266251441,2.064522727852,-2.324522727852));
#8989=CARTESIAN_POINT('',(3.691866449592,2.289655872268,-3.360210526316));
#8990=CARTESIAN_POINT('',(3.687090686012,2.253905434667,-3.346863765053));
#8991=CARTESIAN_POINT('',(3.677539158851,2.184837327897,-3.313656163528));
#8992=CARTESIAN_POINT('',(3.66321186811,2.091942275969,-3.245941765875));
#8993=CARTESIAN_POINT('',(3.648884577369,2.012814159334,-3.162554514565));
#8994=CARTESIAN_POINT('',(3.634557286628,1.950058487562,-3.06624030191));
#8995=CARTESIAN_POINT('',(3.620229995887,1.905741879506,-2.960170806277));
#8996=CARTESIAN_POINT('',(3.605902705146,1.881323681289,-2.847838923652));
#8997=CARTESIAN_POINT('',(3.591575414405,1.87760799292,-2.732943783139));
#8998=CARTESIAN_POINT('',(3.577248123664,1.894717183229,-2.619268906821));
#8999=CARTESIAN_POINT('',(3.562920832923,1.932087800045,-2.510557686048));
#9000=CARTESIAN_POINT('',(3.548593542182,1.988489371379,-2.410389861507));
#9001=CARTESIAN_POINT('',(3.539042015021,2.037539123341,-2.351506332364));
#9002=CARTESIAN_POINT('',(3.534266251441,2.064522727852,-2.324522727852));
#9003=CARTESIAN_POINT('',(2.465733748559,2.064522727852,-2.324522727852));
#9004=CARTESIAN_POINT('',(2.465733748559,2.064522727852,-2.324522727852));
#9005=VECTOR('',#10967,1.068532502882);
#9006=CARTESIAN_POINT('',(2.308133550408,2.289655872268,-3.360210526316));
#9007=CARTESIAN_POINT('',(2.312909313988,2.253905434667,-3.346863765053));
#9008=CARTESIAN_POINT('',(2.322460841149,2.184837327897,-3.313656163528));
#9009=CARTESIAN_POINT('',(2.33678813189,2.091942275969,-3.245941765875));
#9010=CARTESIAN_POINT('',(2.351115422631,2.012814159334,-3.162554514565));
#9011=CARTESIAN_POINT('',(2.365442713372,1.950058487562,-3.06624030191));
#9012=CARTESIAN_POINT('',(2.379770004113,1.905741879506,-2.960170806277));
#9013=CARTESIAN_POINT('',(2.394097294854,1.881323681289,-2.847838923652));
#9014=CARTESIAN_POINT('',(2.408424585595,1.87760799292,-2.732943783139));
#9015=CARTESIAN_POINT('',(2.422751876336,1.894717183229,-2.619268906821));
#9016=CARTESIAN_POINT('',(2.437079167077,1.932087800045,-2.510557686048));
#9017=CARTESIAN_POINT('',(2.451406457818,1.988489371379,-2.410389861507));
#9018=CARTESIAN_POINT('',(2.460957984979,2.037539123341,-2.351506332364));
#9019=CARTESIAN_POINT('',(2.465733748559,2.064522727852,-2.324522727852));
#9020=CARTESIAN_POINT('',(2.465733748559,2.287456211753,-2.547456211753));
#9021=CARTESIAN_POINT('',(2.465733748559,2.287456211753,-2.547456211753));
#9022=VECTOR('',#10968,0.3152755564396);
#9023=CARTESIAN_POINT('',(2.308133550408,2.398805831631,-3.067843057185));
#9024=CARTESIAN_POINT('',(2.310631857441,2.380121721297,-3.060813580339));
#9025=CARTESIAN_POINT('',(2.317076866341,2.343564616256,-3.043003464229));
#9026=CARTESIAN_POINT('',(2.330670329429,2.293505684848,-3.005080646538));
#9027=CARTESIAN_POINT('',(2.347522029624,2.251074983789,-2.956824499377));
#9028=CARTESIAN_POINT('',(2.366409624001,2.219224259241,-2.900949974609));
#9029=CARTESIAN_POINT('',(2.38636585023,2.199215001616,-2.839725435914));
#9030=CARTESIAN_POINT('',(2.406380928088,2.191956176516,-2.775697946879));
#9031=CARTESIAN_POINT('',(2.425440244626,2.197674282633,-2.711549392129));
#9032=CARTESIAN_POINT('',(2.442685925405,2.216461392752,-2.649321469089));
#9033=CARTESIAN_POINT('',(2.456600951392,2.246719240298,-2.593494267561));
#9034=CARTESIAN_POINT('',(2.463195554306,2.273078708684,-2.561760878031));
#9035=CARTESIAN_POINT('',(2.465733748559,2.287456211753,-2.547456211753));
#9036=CARTESIAN_POINT('',(3.534266251441,2.287456211753,-2.547456211753));
#9037=CARTESIAN_POINT('',(3.534266251441,2.287456211753,-2.547456211753));
#9038=VECTOR('',#10969,1.068532502882);
#9039=CARTESIAN_POINT('',(3.691866449592,2.398805831631,-3.067843057185));
#9040=CARTESIAN_POINT('',(3.689368142559,2.380121721297,-3.060813580339));
#9041=CARTESIAN_POINT('',(3.682923133659,2.343564616256,-3.043003464229));
#9042=CARTESIAN_POINT('',(3.669329670571,2.293505684848,-3.005080646538));
#9043=CARTESIAN_POINT('',(3.652477970377,2.251074983789,-2.956824499377));
#9044=CARTESIAN_POINT('',(3.633590375999,2.219224259241,-2.900949974609));
#9045=CARTESIAN_POINT('',(3.61363414977,2.199215001616,-2.839725435914));
#9046=CARTESIAN_POINT('',(3.593619071912,2.191956176516,-2.775697946879));
#9047=CARTESIAN_POINT('',(3.574559755374,2.197674282633,-2.711549392129));
#9048=CARTESIAN_POINT('',(3.557314074595,2.216461392752,-2.649321469089));
#9049=CARTESIAN_POINT('',(3.543399048608,2.246719240298,-2.593494267561));
#9050=CARTESIAN_POINT('',(3.536804445694,2.273078708684,-2.561760878031));
#9051=CARTESIAN_POINT('',(3.534266251441,2.287456211753,-2.547456211753));
#9052=CARTESIAN_POINT('',(3.534266251441,2.064522727852,-2.324522727852));
#9053=VECTOR('',#10970,0.3152755564396);
#9054=CARTESIAN_POINT('',(3.4,3.048002194466,-1.790763174074));
#9055=CARTESIAN_POINT('',(3.534266251441,2.287456211753,-2.547456211753));
#9056=VECTOR('',#10971,1.081222443056);
#9057=CARTESIAN_POINT('',(3.4,2.823142238049,-1.565903217656));
#9058=CARTESIAN_POINT('',(3.4,2.823142238049,-1.565903217656));
#9059=VECTOR('',#10972,0.318);
#9060=CARTESIAN_POINT('',(3.534266251441,2.064522727852,-2.324522727852));
#9061=VECTOR('',#10973,1.081219010551);
#9062=CARTESIAN_POINT('',(2.6,2.823142238049,-1.565903217656));
#9063=CARTESIAN_POINT('',(2.6,2.823142238049,-1.565903217656));
#9064=VECTOR('',#10974,0.8);
#9065=CARTESIAN_POINT('',(2.465733748559,2.064522727852,-2.324522727852));
#9066=VECTOR('',#10975,1.081219010551);
#9067=CARTESIAN_POINT('',(2.6,3.048002194466,-1.790763174074));
#9068=CARTESIAN_POINT('',(2.6,3.048002194466,-1.790763174074));
#9069=VECTOR('',#10976,0.318);
#9070=CARTESIAN_POINT('',(2.465733748559,2.287456211753,-2.547456211753));
#9071=VECTOR('',#10977,1.081222443056);
#9072=CARTESIAN_POINT('',(3.4,3.048002194466,-1.790763174074));
#9073=VECTOR('',#10978,0.8);
#9074=CARTESIAN_POINT('',(-5.61,3.068644712743,-0.32));
#9075=CARTESIAN_POINT('',(-5.909979095962,2.859999986342,-0.6199999980579));
#9076=CARTESIAN_POINT('',(-5.889534990854,2.859999986342,-0.6199999980579));
#9077=CARTESIAN_POINT('',(-5.848996353553,2.859954593599,-0.615860957527));
#9078=CARTESIAN_POINT('',(-5.79064095037,2.860517411334,-0.5973869168291));
#9079=CARTESIAN_POINT('',(-5.739780312428,2.86348688119,-0.5692217468542));
#9080=CARTESIAN_POINT('',(-5.696841121234,2.871116510391,-0.5333507700691));
#9081=CARTESIAN_POINT('',(-5.664336486656,2.884636793299,-0.4944265685507));
#9082=CARTESIAN_POINT('',(-5.640210662197,2.905013639759,-0.4539357721291));
#9083=CARTESIAN_POINT('',(-5.62324147082,2.93521478199,-0.4115858279056));
#9084=CARTESIAN_POINT('',(-5.614018867143,2.973819540732,-0.3731650827579));
#9085=CARTESIAN_POINT('',(-5.610325356338,3.019986356457,-0.3410746041933));
#9086=CARTESIAN_POINT('',(-5.61,3.052051970865,-0.3261589651275));
#9087=CARTESIAN_POINT('',(-5.61,3.068644712743,-0.32));
#9088=CARTESIAN_POINT('',(-5.61,3.18,-0.3));
#9089=AXIS2_PLACEMENT_3D('',#10979,#10980,#10981);
#9090=CARTESIAN_POINT('',(-1.1,3.18,-0.3));
#9091=CARTESIAN_POINT('',(-5.61,3.18,-0.3));
#9092=VECTOR('',#10982,4.51);
#9093=CARTESIAN_POINT('',(-1.1,3.068644712743,-0.32));
#9094=AXIS2_PLACEMENT_3D('',#10983,#10984,#10985);
#9095=CARTESIAN_POINT('',(-1.1,3.068644712743,-0.32));
#9096=CARTESIAN_POINT('',(-1.1,3.052604398537,-0.3259539126537));
#9097=CARTESIAN_POINT('',(-1.099702584106,3.021324164048,-0.3403679157307));
#9098=CARTESIAN_POINT('',(-1.096184727299,2.975345795112,-0.3719133260749));
#9099=CARTESIAN_POINT('',(-1.087236521716,2.936542955967,-0.4100306799727));
#9100=CARTESIAN_POINT('',(-1.070583625487,2.905981326156,-0.4523204195786));
#9101=CARTESIAN_POINT('',(-1.046735878955,2.885303338618,-0.4928694368498));
#9102=CARTESIAN_POINT('',(-1.014754973283,2.871546643789,-0.5317622489598));
#9103=CARTESIAN_POINT('',(-0.9714835053519,2.863590975661,-0.5684111097284));
#9104=CARTESIAN_POINT('',(-0.9203176947784,2.860537800521,-0.5970053129076));
#9105=CARTESIAN_POINT('',(-0.8614597111439,2.859951915874,-0.6158080474426));
#9106=CARTESIAN_POINT('',(-0.8205867780176,2.86,-0.62));
#9107=CARTESIAN_POINT('',(-0.8000000000808,2.86,-0.62));
#9108=CARTESIAN_POINT('',(1.1,3.18,-0.3));
#9109=CARTESIAN_POINT('',(5.61,3.18,-0.3));
#9110=CARTESIAN_POINT('',(1.1,3.18,-0.3));
#9111=VECTOR('',#10986,4.51);
#9112=CARTESIAN_POINT('',(5.61,3.068644712743,-0.32));
#9113=AXIS2_PLACEMENT_3D('',#10987,#10988,#10989);
#9114=CARTESIAN_POINT('',(5.61,3.068644712743,-0.32));
#9115=CARTESIAN_POINT('',(5.61,3.052051970865,-0.3261589651275));
#9116=CARTESIAN_POINT('',(5.610325356338,3.019986356457,-0.3410746041933));
#9117=CARTESIAN_POINT('',(5.614018867143,2.973819540732,-0.3731650827579));
#9118=CARTESIAN_POINT('',(5.62324147082,2.93521478199,-0.4115858279056));
#9119=CARTESIAN_POINT('',(5.640210662197,2.905013639759,-0.4539357721291));
#9120=CARTESIAN_POINT('',(5.664336486656,2.884636793299,-0.4944265685507));
#9121=CARTESIAN_POINT('',(5.696841121234,2.871116510391,-0.5333507700691));
#9122=CARTESIAN_POINT('',(5.739780312427,2.86348688119,-0.5692217468541));
#9123=CARTESIAN_POINT('',(5.79064095037,2.860517411334,-0.5973869168291));
#9124=CARTESIAN_POINT('',(5.848996353553,2.859954593599,-0.615860957527));
#9125=CARTESIAN_POINT('',(5.889534990854,2.859999986342,-0.6199999980579));
#9126=CARTESIAN_POINT('',(5.909979095962,2.859999986342,-0.6199999980579));
#9127=CARTESIAN_POINT('',(1.1,3.068644712743,-0.32));
#9128=CARTESIAN_POINT('',(0.8000000000808,2.86,-0.62));
#9129=CARTESIAN_POINT('',(0.8205867780176,2.86,-0.62));
#9130=CARTESIAN_POINT('',(0.8614597111439,2.859951915874,-0.6158080474426));
#9131=CARTESIAN_POINT('',(0.9203176947784,2.860537800521,-0.5970053129076));
#9132=CARTESIAN_POINT('',(0.9714835053519,2.863590975661,-0.5684111097284));
#9133=CARTESIAN_POINT('',(1.014754973283,2.871546643789,-0.5317622489598));
#9134=CARTESIAN_POINT('',(1.046735878955,2.885303338618,-0.4928694368498));
#9135=CARTESIAN_POINT('',(1.070583625487,2.905981326156,-0.4523204195786));
#9136=CARTESIAN_POINT('',(1.087236521716,2.936542955967,-0.4100306799727));
#9137=CARTESIAN_POINT('',(1.096184727299,2.975345795112,-0.3719133260749));
#9138=CARTESIAN_POINT('',(1.099702584106,3.021324164048,-0.3403679157307));
#9139=CARTESIAN_POINT('',(1.1,3.052604398537,-0.3259539126537));
#9140=CARTESIAN_POINT('',(1.1,3.068644712743,-0.32));
#9141=AXIS2_PLACEMENT_3D('',#10990,#10991,#10992);
#9142=CARTESIAN_POINT('',(-1.1,2.63741360135,-0.32));
#9143=CARTESIAN_POINT('',(-1.1,2.63741360135,-0.32));
#9144=VECTOR('',#10993,0.4312311113934);
#9145=CARTESIAN_POINT('',(-0.7999999545064,2.56,-0.62));
#9146=CARTESIAN_POINT('',(-0.8202426894861,2.56,-0.62));
#9147=CARTESIAN_POINT('',(-0.860684278104,2.55997678575,-0.6159350213622));
#9148=CARTESIAN_POINT('',(-0.9194405896446,2.560263452022,-0.5974096199475));
#9149=CARTESIAN_POINT('',(-0.9717269566175,2.561836306608,-0.5684075952873));
#9150=CARTESIAN_POINT('',(-1.017869548413,2.566163477526,-0.5291551080488));
#9151=CARTESIAN_POINT('',(-1.054147726402,2.574730376463,-0.4827201495919));
#9152=CARTESIAN_POINT('',(-1.079722552277,2.587944718882,-0.4332318947313));
#9153=CARTESIAN_POINT('',(-1.096357559052,2.608270220597,-0.3774931800161));
#9154=CARTESIAN_POINT('',(-1.1,2.626810248381,-0.3391774503377));
#9155=CARTESIAN_POINT('',(-1.1,2.63741360135,-0.32));
#9156=CARTESIAN_POINT('',(-0.7999999545064,2.56,-0.62));
#9157=VECTOR('',#10994,0.3);
#9158=CARTESIAN_POINT('',(0.8000000000808,2.86,-0.62));
#9159=VECTOR('',#10995,0.3);
#9160=CARTESIAN_POINT('',(-0.8000000264365,-2.86,-0.62));
#9161=VECTOR('',#10996,0.3);
#9162=CARTESIAN_POINT('',(0.8000000787219,-2.56,-0.62));
#9163=VECTOR('',#10997,0.3);
#9164=CARTESIAN_POINT('',(1.1,2.63741360135,-0.32));
#9165=CARTESIAN_POINT('',(1.1,2.63741360135,-0.32));
#9166=CARTESIAN_POINT('',(1.1,2.626810248381,-0.3391774503377));
#9167=CARTESIAN_POINT('',(1.096357559082,2.608270220597,-0.3774931800161));
#9168=CARTESIAN_POINT('',(1.07972255217,2.587944718882,-0.4332318947313));
#9169=CARTESIAN_POINT('',(1.0541477268,2.574730376463,-0.4827201495919));
#9170=CARTESIAN_POINT('',(1.017869546927,2.566163477526,-0.5291551080488));
#9171=CARTESIAN_POINT('',(0.971726962164,2.561836306608,-0.5684075952873));
#9172=CARTESIAN_POINT('',(0.9194405689447,2.560263452022,-0.5974096199475));
#9173=CARTESIAN_POINT('',(0.8606843553568,2.55997678575,-0.6159350213622));
#9174=CARTESIAN_POINT('',(0.8202425230295,2.56,-0.62));
#9175=CARTESIAN_POINT('',(0.7999997880498,2.56,-0.62));
#9176=CARTESIAN_POINT('',(1.1,3.068644712743,-0.32));
#9177=VECTOR('',#10998,0.4312311113934);
#9178=CARTESIAN_POINT('',(1.1,3.26,-0.3));
#9179=CARTESIAN_POINT('',(1.1,3.26,-0.3));
#9180=VECTOR('',#10999,0.08);
#9181=CARTESIAN_POINT('',(1.1,3.18,0.0));
#9182=AXIS2_PLACEMENT_3D('',#11000,#11001,#11002);
#9183=CARTESIAN_POINT('',(1.1,3.26,0.0));
#9184=CARTESIAN_POINT('',(1.1,3.26,0.0));
#9185=VECTOR('',#11003,0.08);
#9186=CARTESIAN_POINT('',(1.1,3.26,-0.3));
#9187=VECTOR('',#11004,0.3);
#9188=CARTESIAN_POINT('',(1.4,3.56,-0.3));
#9189=CARTESIAN_POINT('',(1.4,3.56,0.0));
#9190=CARTESIAN_POINT('',(1.4,3.56,-0.3));
#9191=VECTOR('',#11005,0.3);
#9192=AXIS2_PLACEMENT_3D('',#11006,#11007,#11008);
#9193=AXIS2_PLACEMENT_3D('',#11009,#11010,#11011);
#9194=CARTESIAN_POINT('',(-7.25,-1.62,0.0));
#9195=CARTESIAN_POINT('',(-7.25,1.62,0.0));
#9196=CARTESIAN_POINT('',(-7.25,-1.62,0.0));
#9197=VECTOR('',#11012,3.24);
#9198=CARTESIAN_POINT('',(-6.95,-1.92,0.0));
#9199=AXIS2_PLACEMENT_3D('',#11013,#11014,#11015);
#9200=CARTESIAN_POINT('',(-6.87,-1.92,0.0));
#9201=CARTESIAN_POINT('',(-6.95,-1.92,0.0));
#9202=VECTOR('',#11016,0.08);
#9203=CARTESIAN_POINT('',(-6.87,1.92,0.0));
#9204=CARTESIAN_POINT('',(-6.87,-1.92,0.0));
#9205=VECTOR('',#11017,3.84);
#9206=CARTESIAN_POINT('',(-6.95,1.92,0.0));
#9207=CARTESIAN_POINT('',(-6.95,1.92,0.0));
#9208=VECTOR('',#11018,0.08);
#9209=AXIS2_PLACEMENT_3D('',#11019,#11020,#11021);
#9210=CARTESIAN_POINT('',(6.95,1.92,0.0));
#9211=CARTESIAN_POINT('',(6.87,1.92,0.0));
#9212=CARTESIAN_POINT('',(6.95,1.92,0.0));
#9213=VECTOR('',#11022,0.08);
#9214=CARTESIAN_POINT('',(6.87,-1.92,0.0));
#9215=CARTESIAN_POINT('',(6.87,1.92,0.0));
#9216=VECTOR('',#11023,3.84);
#9217=CARTESIAN_POINT('',(6.95,-1.92,0.0));
#9218=CARTESIAN_POINT('',(6.95,-1.92,0.0));
#9219=VECTOR('',#11024,0.08);
#9220=CARTESIAN_POINT('',(7.25,-1.62,0.0));
#9221=AXIS2_PLACEMENT_3D('',#11025,#11026,#11027);
#9222=CARTESIAN_POINT('',(7.25,1.62,0.0));
#9223=CARTESIAN_POINT('',(7.25,1.62,0.0));
#9224=VECTOR('',#11028,3.24);
#9225=AXIS2_PLACEMENT_3D('',#11029,#11030,#11031);
#9226=CARTESIAN_POINT('',(-5.31,3.56,0.0));
#9227=CARTESIAN_POINT('',(-1.4,3.56,0.0));
#9228=CARTESIAN_POINT('',(-5.31,3.56,0.0));
#9229=VECTOR('',#11032,3.91);
#9230=CARTESIAN_POINT('',(-5.61,3.26,0.0));
#9231=AXIS2_PLACEMENT_3D('',#11033,#11034,#11035);
#9232=CARTESIAN_POINT('',(-5.61,3.18,0.0));
#9233=CARTESIAN_POINT('',(-5.61,3.26,0.0));
#9234=VECTOR('',#11036,0.08);
#9235=CARTESIAN_POINT('',(-1.1,3.18,0.0));
#9236=CARTESIAN_POINT('',(-5.61,3.18,0.0));
#9237=VECTOR('',#11037,4.51);
#9238=CARTESIAN_POINT('',(-1.1,3.26,0.0));
#9239=CARTESIAN_POINT('',(-1.1,3.26,0.0));
#9240=VECTOR('',#11038,0.08);
#9241=AXIS2_PLACEMENT_3D('',#11039,#11040,#11041);
#9242=CARTESIAN_POINT('',(5.61,3.18,0.0));
#9243=CARTESIAN_POINT('',(1.1,3.18,0.0));
#9244=VECTOR('',#11042,4.51);
#9245=CARTESIAN_POINT('',(5.61,3.26,0.0));
#9246=CARTESIAN_POINT('',(5.61,3.26,0.0));
#9247=VECTOR('',#11043,0.08);
#9248=CARTESIAN_POINT('',(5.31,3.56,0.0));
#9249=AXIS2_PLACEMENT_3D('',#11044,#11045,#11046);
#9250=CARTESIAN_POINT('',(1.4,3.56,0.0));
#9251=VECTOR('',#11047,3.91);
#9252=CARTESIAN_POINT('',(5.31,-3.56,0.0));
#9253=CARTESIAN_POINT('',(1.4,-3.56,0.0));
#9254=CARTESIAN_POINT('',(5.31,-3.56,0.0));
#9255=VECTOR('',#11048,3.91);
#9256=CARTESIAN_POINT('',(5.61,-3.26,0.0));
#9257=AXIS2_PLACEMENT_3D('',#11049,#11050,#11051);
#9258=CARTESIAN_POINT('',(5.61,-3.18,0.0));
#9259=CARTESIAN_POINT('',(5.61,-3.26,0.0));
#9260=VECTOR('',#11052,0.08);
#9261=CARTESIAN_POINT('',(1.1,-3.18,0.0));
#9262=CARTESIAN_POINT('',(5.61,-3.18,0.0));
#9263=VECTOR('',#11053,4.51);
#9264=CARTESIAN_POINT('',(1.1,-3.26,0.0));
#9265=CARTESIAN_POINT('',(1.1,-3.26,0.0));
#9266=VECTOR('',#11054,0.08);
#9267=AXIS2_PLACEMENT_3D('',#11055,#11056,#11057);
#9268=CARTESIAN_POINT('',(-1.1,-3.26,0.0));
#9269=CARTESIAN_POINT('',(-1.1,-3.18,0.0));
#9270=CARTESIAN_POINT('',(-1.1,-3.26,0.0));
#9271=VECTOR('',#11058,0.08);
#9272=CARTESIAN_POINT('',(-5.61,-3.18,0.0));
#9273=CARTESIAN_POINT('',(-1.1,-3.18,0.0));
#9274=VECTOR('',#11059,4.51);
#9275=CARTESIAN_POINT('',(-5.61,-3.26,0.0));
#9276=CARTESIAN_POINT('',(-5.61,-3.26,0.0));
#9277=VECTOR('',#11060,0.08);
#9278=CARTESIAN_POINT('',(-5.31,-3.56,0.0));
#9279=AXIS2_PLACEMENT_3D('',#11061,#11062,#11063);
#9280=CARTESIAN_POINT('',(-1.4,-3.56,0.0));
#9281=CARTESIAN_POINT('',(-1.4,-3.56,0.0));
#9282=VECTOR('',#11064,3.91);
#9283=AXIS2_PLACEMENT_3D('',#11065,#11066,#11067);
#9284=CARTESIAN_POINT('',(-7.25,1.62,-0.3));
#9285=CARTESIAN_POINT('',(-6.95,1.92,-0.3));
#9286=AXIS2_PLACEMENT_3D('',#11068,#11069,#11070);
#9287=CARTESIAN_POINT('',(-7.25,1.62,0.0));
#9288=VECTOR('',#11071,0.3);
#9289=CARTESIAN_POINT('',(-6.95,1.92,0.0));
#9290=VECTOR('',#11072,0.3);
#9291=CARTESIAN_POINT('',(-6.32741360135,1.92,-0.32));
#9292=AXIS2_PLACEMENT_3D('',#11073,#11074,#11075);
#9293=CARTESIAN_POINT('',(-6.758644712743,1.92,-0.32));
#9294=CARTESIAN_POINT('',(-6.32741360135,1.92,-0.32));
#9295=VECTOR('',#11076,0.4312311113934);
#9296=CARTESIAN_POINT('',(-6.87,1.92,-0.3));
#9297=AXIS2_PLACEMENT_3D('',#11077,#11078,#11079);
#9298=CARTESIAN_POINT('',(-6.95,1.92,-0.3));
#9299=VECTOR('',#11080,0.08);
#9300=CARTESIAN_POINT('',(-6.87,-1.92,-0.3));
#9301=CARTESIAN_POINT('',(-6.87,-1.92,-0.3));
#9302=VECTOR('',#11081,3.84);
#9303=CARTESIAN_POINT('',(-6.95,-1.92,-0.3));
#9304=CARTESIAN_POINT('',(-6.95,-1.92,-0.3));
#9305=VECTOR('',#11082,0.08);
#9306=CARTESIAN_POINT('',(-7.25,-1.62,-0.3));
#9307=AXIS2_PLACEMENT_3D('',#11083,#11084,#11085);
#9308=CARTESIAN_POINT('',(-7.25,-1.62,-0.3));
#9309=VECTOR('',#11086,3.24);
#9310=CARTESIAN_POINT('',(7.25,1.62,-0.3));
#9311=CARTESIAN_POINT('',(7.25,-1.62,-0.3));
#9312=CARTESIAN_POINT('',(7.25,1.62,-0.3));
#9313=VECTOR('',#11087,3.24);
#9314=CARTESIAN_POINT('',(6.95,-1.92,-0.3));
#9315=AXIS2_PLACEMENT_3D('',#11088,#11089,#11090);
#9316=CARTESIAN_POINT('',(6.87,-1.92,-0.3));
#9317=CARTESIAN_POINT('',(6.95,-1.92,-0.3));
#9318=VECTOR('',#11091,0.08);
#9319=CARTESIAN_POINT('',(6.87,1.92,-0.3));
#9320=CARTESIAN_POINT('',(6.87,1.92,-0.3));
#9321=VECTOR('',#11092,3.84);
#9322=CARTESIAN_POINT('',(6.95,1.92,-0.3));
#9323=CARTESIAN_POINT('',(6.95,1.92,-0.3));
#9324=VECTOR('',#11093,0.08);
#9325=AXIS2_PLACEMENT_3D('',#11094,#11095,#11096);
#9326=CARTESIAN_POINT('',(-1.1,3.26,-0.3));
#9327=CARTESIAN_POINT('',(-1.1,3.26,-0.3));
#9328=VECTOR('',#11097,0.08);
#9329=CARTESIAN_POINT('',(-5.61,3.26,-0.3));
#9330=CARTESIAN_POINT('',(-5.61,3.26,-0.3));
#9331=VECTOR('',#11098,0.08);
#9332=CARTESIAN_POINT('',(-5.31,3.56,-0.3));
#9333=AXIS2_PLACEMENT_3D('',#11099,#11100,#11101);
#9334=CARTESIAN_POINT('',(-1.4,3.56,-0.3));
#9335=CARTESIAN_POINT('',(-5.31,3.56,-0.3));
#9336=VECTOR('',#11102,3.91);
#9337=AXIS2_PLACEMENT_3D('',#11103,#11104,#11105);
#9338=CARTESIAN_POINT('',(5.31,3.56,-0.3));
#9339=CARTESIAN_POINT('',(1.4,3.56,-0.3));
#9340=VECTOR('',#11106,3.91);
#9341=CARTESIAN_POINT('',(5.61,3.26,-0.3));
#9342=AXIS2_PLACEMENT_3D('',#11107,#11108,#11109);
#9343=CARTESIAN_POINT('',(5.61,3.26,-0.3));
#9344=VECTOR('',#11110,0.08);
#9345=CARTESIAN_POINT('',(1.1,-3.26,-0.3));
#9346=CARTESIAN_POINT('',(1.1,-3.18,-0.3));
#9347=CARTESIAN_POINT('',(1.1,-3.26,-0.3));
#9348=VECTOR('',#11111,0.08);
#9349=CARTESIAN_POINT('',(5.61,-3.18,-0.3));
#9350=CARTESIAN_POINT('',(5.61,-3.18,-0.3));
#9351=VECTOR('',#11112,4.51);
#9352=CARTESIAN_POINT('',(5.61,-3.26,-0.3));
#9353=CARTESIAN_POINT('',(5.61,-3.26,-0.3));
#9354=VECTOR('',#11113,0.08);
#9355=CARTESIAN_POINT('',(5.31,-3.56,-0.3));
#9356=AXIS2_PLACEMENT_3D('',#11114,#11115,#11116);
#9357=CARTESIAN_POINT('',(1.4,-3.56,-0.3));
#9358=CARTESIAN_POINT('',(5.31,-3.56,-0.3));
#9359=VECTOR('',#11117,3.91);
#9360=AXIS2_PLACEMENT_3D('',#11118,#11119,#11120);
#9361=CARTESIAN_POINT('',(-1.4,-3.56,-0.3));
#9362=CARTESIAN_POINT('',(-5.31,-3.56,-0.3));
#9363=CARTESIAN_POINT('',(-1.4,-3.56,-0.3));
#9364=VECTOR('',#11121,3.91);
#9365=CARTESIAN_POINT('',(-5.61,-3.26,-0.3));
#9366=AXIS2_PLACEMENT_3D('',#11122,#11123,#11124);
#9367=CARTESIAN_POINT('',(-5.61,-3.18,-0.3));
#9368=CARTESIAN_POINT('',(-5.61,-3.26,-0.3));
#9369=VECTOR('',#11125,0.08);
#9370=CARTESIAN_POINT('',(-1.1,-3.18,-0.3));
#9371=CARTESIAN_POINT('',(-1.1,-3.18,-0.3));
#9372=VECTOR('',#11126,4.51);
#9373=CARTESIAN_POINT('',(-1.1,-3.26,-0.3));
#9374=CARTESIAN_POINT('',(-1.1,-3.26,-0.3));
#9375=VECTOR('',#11127,0.07999999999999);
#9376=AXIS2_PLACEMENT_3D('',#11128,#11129,#11130);
#9377=CARTESIAN_POINT('',(-7.25,-1.62,-0.3));
#9378=VECTOR('',#11131,0.3);
#9379=CARTESIAN_POINT('',(-6.95,-1.92,-0.3));
#9380=VECTOR('',#11132,0.3);
#9381=CARTESIAN_POINT('',(-6.758644712743,-1.92,-0.32));
#9382=AXIS2_PLACEMENT_3D('',#11133,#11134,#11135);
#9383=CARTESIAN_POINT('',(-6.32741360135,-1.92,-0.32));
#9384=CARTESIAN_POINT('',(-6.758644712743,-1.92,-0.32));
#9385=VECTOR('',#11136,0.4312311113934);
#9386=AXIS2_PLACEMENT_3D('',#11137,#11138,#11139);
#9387=CARTESIAN_POINT('',(-6.32741360135,-1.92,-0.32));
#9388=CARTESIAN_POINT('',(-6.316869754213,-1.92,-0.3390698268197));
#9389=CARTESIAN_POINT('',(-6.298363796239,-1.923626650316,-0.3772958033679));
#9390=CARTESIAN_POINT('',(-6.278018251056,-1.9401094317,-0.4329326456077));
#9391=CARTESIAN_POINT('',(-6.264524840606,-1.966309210654,-0.4835415613888));
#9392=CARTESIAN_POINT('',(-6.256077442791,-2.00283613669,-0.5298389664343));
#9393=CARTESIAN_POINT('',(-6.251828920503,-2.048584955572,-0.5685743992535));
#9394=CARTESIAN_POINT('',(-6.250264633488,-2.100528739787,-0.5973870837027));
#9395=CARTESIAN_POINT('',(-6.24997654177,-2.159298745113,-0.615932312468));
#9396=CARTESIAN_POINT('',(-6.249999993022,-2.19971347716,-0.6199999980579));
#9397=CARTESIAN_POINT('',(-6.249999993022,-2.219979095988,-0.6199999980579));
#9398=CARTESIAN_POINT('',(-6.249999993022,2.219979095938,-0.6199999980579));
#9399=CARTESIAN_POINT('',(-6.249999993022,2.199713477049,-0.6199999980579));
#9400=CARTESIAN_POINT('',(-6.24997654177,2.159298744991,-0.615932312439));
#9401=CARTESIAN_POINT('',(-6.250264633489,2.100528739701,-0.5973870836646));
#9402=CARTESIAN_POINT('',(-6.251828920507,2.048584955505,-0.5685743992066));
#9403=CARTESIAN_POINT('',(-6.256077442798,2.002836136647,-0.5298389663877));
#9404=CARTESIAN_POINT('',(-6.264524840615,1.966309210629,-0.4835415613488));
#9405=CARTESIAN_POINT('',(-6.278018251065,1.94010943169,-0.432932645579));
#9406=CARTESIAN_POINT('',(-6.298363796246,1.923626650314,-0.3772958033523));
#9407=CARTESIAN_POINT('',(-6.316869754216,1.92,-0.3390698268146));
#9408=CARTESIAN_POINT('',(-6.32741360135,1.92,-0.32));
#9409=CARTESIAN_POINT('',(-6.758644712743,1.92,-0.32));
#9410=CARTESIAN_POINT('',(-6.742051970865,1.92,-0.3261589651275));
#9411=CARTESIAN_POINT('',(-6.709986356457,1.920325356338,-0.3410746041933));
#9412=CARTESIAN_POINT('',(-6.663819540732,1.924018867143,-0.373165082758));
#9413=CARTESIAN_POINT('',(-6.62521478199,1.93324147082,-0.4115858279057));
#9414=CARTESIAN_POINT('',(-6.595013639759,1.950210662197,-0.4539357721293));
#9415=CARTESIAN_POINT('',(-6.574636793299,1.974336486656,-0.4944265685509));
#9416=CARTESIAN_POINT('',(-6.56111651039,2.006841121235,-0.5333507700692));
#9417=CARTESIAN_POINT('',(-6.55348688119,2.049780312428,-0.5692217468543));
#9418=CARTESIAN_POINT('',(-6.550517411334,2.100640950371,-0.5973869168292));
#9419=CARTESIAN_POINT('',(-6.549954593599,2.158996353554,-0.6158609575271));
#9420=CARTESIAN_POINT('',(-6.549999986342,2.199534990854,-0.6199999980579));
#9421=CARTESIAN_POINT('',(-6.549999986342,2.219979095962,-0.6199999980579));
#9422=CARTESIAN_POINT('',(-6.249999993022,2.219979095938,-0.6199999980579));
#9423=VECTOR('',#11140,0.2999999933196);
#9424=AXIS2_PLACEMENT_3D('',#11141,#11142,#11143);
#9425=CARTESIAN_POINT('',(6.549999986342,2.219979095962,-0.6199999980579));
#9426=VECTOR('',#11144,0.2999999933196);
#9427=AXIS2_PLACEMENT_3D('',#11145,#11146,#11147);
#9428=CARTESIAN_POINT('',(5.90997909589,2.559999993022,-0.6199999980579));
#9429=VECTOR('',#11148,0.2999999933196);
#9430=AXIS2_PLACEMENT_3D('',#11149,#11150,#11151);
#9431=CARTESIAN_POINT('',(6.249999993022,-2.219979095964,-0.6199999980579));
#9432=VECTOR('',#11152,0.2999999933196);
#9433=AXIS2_PLACEMENT_3D('',#11153,#11154,#11155);
#9434=CARTESIAN_POINT('',(5.909979095964,-2.859999986342,-0.6199999980579));
#9435=VECTOR('',#11156,0.2999999933196);
#9436=AXIS2_PLACEMENT_3D('',#11157,#11158,#11159);
#9437=CARTESIAN_POINT('',(-5.909979095964,-2.559999993022,-0.6199999980579));
#9438=VECTOR('',#11160,0.2999999933196);
#9439=AXIS2_PLACEMENT_3D('',#11161,#11162,#11163);
#9440=CARTESIAN_POINT('',(-6.549999986342,-2.219979095964,-0.6199999980579));
#9441=VECTOR('',#11164,0.2999999933196);
#9442=AXIS2_PLACEMENT_3D('',#11165,#11166,#11167);
#9443=CARTESIAN_POINT('',(-5.909979095962,2.859999986342,-0.6199999980579));
#9444=VECTOR('',#11168,0.3000000021783);
#9445=CARTESIAN_POINT('',(5.61,2.63741360135,-0.32));
#9446=CARTESIAN_POINT('',(5.61,2.63741360135,-0.32));
#9447=VECTOR('',#11169,0.4312311113934);
#9448=CARTESIAN_POINT('',(5.90997909589,2.559999993022,-0.6199999980579));
#9449=CARTESIAN_POINT('',(5.889713476942,2.559999993022,-0.6199999980579));
#9450=CARTESIAN_POINT('',(5.849298744873,2.55997654177,-0.6159323124109));
#9451=CARTESIAN_POINT('',(5.790528739618,2.560264633491,-0.5973870836277));
#9452=CARTESIAN_POINT('',(5.738584955441,2.56182892051,-0.5685743991612));
#9453=CARTESIAN_POINT('',(5.692836136605,2.566077442805,-0.5298389663426));
#9454=CARTESIAN_POINT('',(5.656309210606,2.574524840624,-0.4835415613102));
#9455=CARTESIAN_POINT('',(5.630109431679,2.588018251075,-0.4329326455512));
#9456=CARTESIAN_POINT('',(5.613626650312,2.608363796253,-0.3772958033373));
#9457=CARTESIAN_POINT('',(5.61,2.626869754219,-0.3390698268096));
#9458=CARTESIAN_POINT('',(5.61,2.63741360135,-0.32));
#9459=CARTESIAN_POINT('',(-5.61,2.63741360135,-0.32));
#9460=AXIS2_PLACEMENT_3D('',#11170,#11171,#11172);
#9461=CARTESIAN_POINT('',(-5.61,2.63741360135,-0.32));
#9462=CARTESIAN_POINT('',(-5.61,2.626871101446,-0.3390673901854));
#9463=CARTESIAN_POINT('',(-5.613625697601,2.60836717451,-0.3772884476731));
#9464=CARTESIAN_POINT('',(-5.630104438282,2.588022735471,-0.432919019428));
#9465=CARTESIAN_POINT('',(-5.656297595494,2.57452921906,-0.4835226329053));
#9466=CARTESIAN_POINT('',(-5.69281559895,2.566080724159,-0.5298168897741));
#9467=CARTESIAN_POINT('',(-5.738553486259,2.56183072228,-0.5685521540546));
#9468=CARTESIAN_POINT('',(-5.79048807204,2.56026524137,-0.5973690310787));
#9469=CARTESIAN_POINT('',(-5.849240817433,2.559976559162,-0.6159185455084));
#9470=CARTESIAN_POINT('',(-5.88966095567,2.559999985091,-0.6199999912001));
#9471=CARTESIAN_POINT('',(-5.909955503064,2.559999985091,-0.6199999912001));
#9472=AXIS2_PLACEMENT_3D('',#11173,#11174,#11175);
#9473=AXIS2_PLACEMENT_3D('',#11176,#11177,#11178);
#9474=CARTESIAN_POINT('',(-1.1,3.26,0.0));
#9475=VECTOR('',#11179,0.3);
#9476=CARTESIAN_POINT('',(-1.4,3.56,0.0));
#9477=VECTOR('',#11180,0.3);
#9478=CARTESIAN_POINT('',(-5.31,3.56,-0.3));
#9479=VECTOR('',#11181,0.3);
#9480=CARTESIAN_POINT('',(5.31,3.56,0.0));
#9481=VECTOR('',#11182,0.3);
#9482=CARTESIAN_POINT('',(-5.61,3.26,-0.3));
#9483=VECTOR('',#11183,0.3);
#9484=CARTESIAN_POINT('',(-5.61,3.068644712743,-0.32));
#9485=VECTOR('',#11184,0.4312311113934);
#9486=CARTESIAN_POINT('',(5.61,3.26,0.0));
#9487=VECTOR('',#11185,0.3);
#9488=AXIS2_PLACEMENT_3D('',#11186,#11187,#11188);
#9489=CARTESIAN_POINT('',(-3.98,2.55,-15.0));
#9490=CARTESIAN_POINT('',(-3.98,2.86,-15.0));
#9491=VECTOR('',#11189,0.31);
#9492=CARTESIAN_POINT('',(4.02,2.55,-15.0));
#9493=CARTESIAN_POINT('',(4.02,2.55,-15.0));
#9494=VECTOR('',#11190,8.0);
#9495=CARTESIAN_POINT('',(4.02,2.86,-15.0));
#9496=VECTOR('',#11191,0.31);
#9497=CARTESIAN_POINT('',(6.29,1.36307075111,-15.0));
#9498=CARTESIAN_POINT('',(6.55,1.36307075111,-15.0));
#9499=VECTOR('',#11192,0.26);
#9500=CARTESIAN_POINT('',(6.29,-0.42,-15.0));
#9501=CARTESIAN_POINT('',(6.29,-0.42,-15.0));
#9502=VECTOR('',#11193,1.78307075111);
#9503=CARTESIAN_POINT('',(6.25,-0.42,-15.0));
#9504=VECTOR('',#11194,0.04);
#9505=CARTESIAN_POINT('',(6.251949028153,-2.42,-15.0));
#9506=CARTESIAN_POINT('',(6.25,-2.42,-15.0));
#9507=VECTOR('',#11195,0.00194902815276);
#9508=CARTESIAN_POINT('',(5.946826102105,-2.61,-15.0));
#9509=AXIS2_PLACEMENT_3D('',#11196,#11197,#11198);
#9510=CARTESIAN_POINT('',(-5.906826102105,-2.61,-15.0));
#9511=CARTESIAN_POINT('',(-5.906826102105,-2.61,-15.0));
#9512=VECTOR('',#11199,11.85365220421);
#9513=CARTESIAN_POINT('',(-6.211949028153,-2.42,-15.0));
#9514=AXIS2_PLACEMENT_3D('',#11200,#11201,#11202);
#9515=CARTESIAN_POINT('',(-6.25,-2.42,-15.0));
#9516=VECTOR('',#11203,0.03805097184723);
#9517=CARTESIAN_POINT('',(-6.25,1.36307075111,-15.0));
#9518=CARTESIAN_POINT('',(-6.25,1.36307075111,-15.0));
#9519=VECTOR('',#11204,1.78307075111);
#9520=CARTESIAN_POINT('',(-6.55,1.36307075111,-15.0));
#9521=VECTOR('',#11205,0.3);
#9522=AXIS2_PLACEMENT_3D('',#11206,#11207,#11208);
#9523=CARTESIAN_POINT('',(-3.8,1.165,-15.0));
#9524=CARTESIAN_POINT('',(-3.2,1.165,-15.0));
#9525=CARTESIAN_POINT('',(-3.8,1.165,-15.0));
#9526=VECTOR('',#11209,0.6);
#9527=CARTESIAN_POINT('',(-3.2,1.415,-15.0));
#9528=CARTESIAN_POINT('',(-3.2,1.415,-15.0));
#9529=VECTOR('',#11210,0.25);
#9530=CARTESIAN_POINT('',(-3.8,1.415,-15.0));
#9531=CARTESIAN_POINT('',(-3.8,1.415,-15.0));
#9532=VECTOR('',#11211,0.6);
#9533=CARTESIAN_POINT('',(-3.8,1.415,-15.0));
#9534=VECTOR('',#11212,0.25);
#9535=CARTESIAN_POINT('',(-1.3,1.165,-15.0));
#9536=CARTESIAN_POINT('',(-0.7,1.165,-15.0));
#9537=CARTESIAN_POINT('',(-1.3,1.165,-15.0));
#9538=VECTOR('',#11213,0.6);
#9539=CARTESIAN_POINT('',(-0.7,1.415,-15.0));
#9540=CARTESIAN_POINT('',(-0.7,1.415,-15.0));
#9541=VECTOR('',#11214,0.25);
#9542=CARTESIAN_POINT('',(-1.3,1.415,-15.0));
#9543=CARTESIAN_POINT('',(-1.3,1.415,-15.0));
#9544=VECTOR('',#11215,0.6);
#9545=CARTESIAN_POINT('',(-1.3,1.415,-15.0));
#9546=VECTOR('',#11216,0.25);
#9547=CARTESIAN_POINT('',(0.7,1.165,-15.0));
#9548=CARTESIAN_POINT('',(1.3,1.165,-15.0));
#9549=CARTESIAN_POINT('',(0.7,1.165,-15.0));
#9550=VECTOR('',#11217,0.6);
#9551=CARTESIAN_POINT('',(1.3,1.415,-15.0));
#9552=CARTESIAN_POINT('',(1.3,1.415,-15.0));
#9553=VECTOR('',#11218,0.25);
#9554=CARTESIAN_POINT('',(0.7,1.415,-15.0));
#9555=CARTESIAN_POINT('',(0.7,1.415,-15.0));
#9556=VECTOR('',#11219,0.6);
#9557=CARTESIAN_POINT('',(0.7,1.415,-15.0));
#9558=VECTOR('',#11220,0.25);
#9559=CARTESIAN_POINT('',(3.2,1.165,-15.0));
#9560=CARTESIAN_POINT('',(3.8,1.165,-15.0));
#9561=CARTESIAN_POINT('',(3.2,1.165,-15.0));
#9562=VECTOR('',#11221,0.6);
#9563=CARTESIAN_POINT('',(3.8,1.415,-15.0));
#9564=CARTESIAN_POINT('',(3.8,1.415,-15.0));
#9565=VECTOR('',#11222,0.25);
#9566=CARTESIAN_POINT('',(3.2,1.415,-15.0));
#9567=CARTESIAN_POINT('',(3.2,1.415,-15.0));
#9568=VECTOR('',#11223,0.6);
#9569=CARTESIAN_POINT('',(3.2,1.415,-15.0));
#9570=VECTOR('',#11224,0.25);
#9571=CARTESIAN_POINT('',(-6.25,1.36307075111,-14.5));
#9572=CARTESIAN_POINT('',(-6.25,1.36307075111,-15.0));
#9573=VECTOR('',#11225,0.5);
#9574=CARTESIAN_POINT('',(-6.55,1.36307075111,-14.5));
#9575=VECTOR('',#11226,0.3);
#9576=CARTESIAN_POINT('',(4.02,2.55,-14.5));
#9577=CARTESIAN_POINT('',(4.02,2.86,-14.5));
#9578=VECTOR('',#11227,0.31);
#9579=CARTESIAN_POINT('',(-3.98,2.55,-14.5));
#9580=CARTESIAN_POINT('',(4.02,2.55,-14.5));
#9581=VECTOR('',#11228,8.0);
#9582=CARTESIAN_POINT('',(-3.98,2.55,-14.5));
#9583=VECTOR('',#11229,0.31);
#9584=CARTESIAN_POINT('',(-6.25,-0.42,-14.5));
#9585=CARTESIAN_POINT('',(-6.25,1.36307075111,-14.5));
#9586=VECTOR('',#11230,1.78307075111);
#9587=CARTESIAN_POINT('',(-6.25,-0.42,-14.5));
#9588=VECTOR('',#11231,0.3);
#9589=CARTESIAN_POINT('',(6.29,-0.42,-14.5));
#9590=CARTESIAN_POINT('',(6.55,-0.42,-14.5));
#9591=VECTOR('',#11232,0.26);
#9592=CARTESIAN_POINT('',(6.29,1.36307075111,-14.5));
#9593=CARTESIAN_POINT('',(6.29,-0.42,-14.5));
#9594=VECTOR('',#11233,1.78307075111);
#9595=CARTESIAN_POINT('',(6.29,1.36307075111,-14.5));
#9596=VECTOR('',#11234,0.26);
#9597=CARTESIAN_POINT('',(-6.518498145092,-2.42,-14.5));
#9598=AXIS2_PLACEMENT_3D('',#11235,#11236,#11237);
#9599=CARTESIAN_POINT('',(-6.211949028153,-2.42,-14.5));
#9600=CARTESIAN_POINT('',(-6.518498145092,-2.42,-14.5));
#9601=VECTOR('',#11238,0.3065491169392);
#9602=CARTESIAN_POINT('',(-5.906826102105,-2.61,-14.5));
#9603=AXIS2_PLACEMENT_3D('',#11239,#11240,#11241);
#9604=CARTESIAN_POINT('',(5.946826102105,-2.61,-14.5));
#9605=CARTESIAN_POINT('',(-5.906826102105,-2.61,-14.5));
#9606=VECTOR('',#11242,11.85365220421);
#9607=CARTESIAN_POINT('',(6.251949028153,-2.42,-14.5));
#9608=AXIS2_PLACEMENT_3D('',#11243,#11244,#11245);
#9609=CARTESIAN_POINT('',(6.518498145092,-2.42,-14.5));
#9610=CARTESIAN_POINT('',(6.251949028153,-2.42,-14.5));
#9611=VECTOR('',#11246,0.2665491169392);
#9612=AXIS2_PLACEMENT_3D('',#11247,#11248,#11249);
#9613=CARTESIAN_POINT('',(-3.98,2.55,-15.0));
#9614=VECTOR('',#11250,0.5);
#9615=CARTESIAN_POINT('',(4.02,2.55,-15.0));
#9616=VECTOR('',#11251,0.5);
#9617=CARTESIAN_POINT('',(6.25,-0.42,-15.08148840088));
#9618=VECTOR('',#11252,0.3);
#9619=CARTESIAN_POINT('',(6.29,-0.42,-15.0));
#9620=VECTOR('',#11253,0.5);
#9621=CARTESIAN_POINT('',(-6.55,-0.42,-15.08148840088));
#9622=VECTOR('',#11254,0.3);
#9623=CARTESIAN_POINT('',(-6.25,-0.42,-15.0));
#9624=VECTOR('',#11255,0.5);
#9625=CARTESIAN_POINT('',(6.29,1.36307075111,-15.0));
#9626=VECTOR('',#11256,0.5);
#9627=CARTESIAN_POINT('',(7.559445281543,-0.7018294330336,-17.25073608489));
#9628=CARTESIAN_POINT('',(6.74053752344,-0.8423328133459,-18.33219386258));
#9629=CARTESIAN_POINT('',(7.559445281543,-0.7018294330336,-17.25073608489));
#9630=VECTOR('',#11257,1.36378225575);
#9631=CARTESIAN_POINT('',(7.562077780968,-0.6709194896887,-17.0128215339));
#9632=CARTESIAN_POINT('',(7.562077780968,-0.6709194896887,-17.0128215339));
#9633=CARTESIAN_POINT('',(7.590977729509,-0.6761128678502,-17.05279508609));
#9634=CARTESIAN_POINT('',(7.609872797991,-0.6864442997722,-17.13231635727));
#9635=CARTESIAN_POINT('',(7.589227913272,-0.6967195041178,-17.21140484348));
#9636=CARTESIAN_POINT('',(7.559445281543,-0.7018294330336,-17.25073608489));
#9637=CARTESIAN_POINT('',(6.318259994258,-0.4474029626182,-15.29240963985));
#9638=CARTESIAN_POINT('',(7.562077780968,-0.6709194896887,-17.0128215339));
#9639=VECTOR('',#11258,2.134680165646);
#9640=CARTESIAN_POINT('',(6.318259994258,-0.4474029626182,-15.29240963985));
#9641=CARTESIAN_POINT('',(6.272688229103,-0.4392136258932,-15.2293761251));
#9642=CARTESIAN_POINT('',(6.25,-0.4300766089258,-15.15904829354));
#9643=CARTESIAN_POINT('',(6.25,-0.42,-15.08148840088));
#9644=CARTESIAN_POINT('',(6.56137666571,-0.4245671604364,-15.11664194071));
#9645=CARTESIAN_POINT('',(6.56137666571,-0.4245671604364,-15.11664194071));
#9646=CARTESIAN_POINT('',(6.553781371517,-0.4232022709822,-15.10613635492));
#9647=CARTESIAN_POINT('',(6.55,-0.421679434821,-15.09441504966));
#9648=CARTESIAN_POINT('',(6.55,-0.42,-15.08148840088));
#9649=CARTESIAN_POINT('',(7.805194452419,-0.6480836875069,-16.83705383476));
#9650=CARTESIAN_POINT('',(6.56137666571,-0.4245671604364,-15.11664194071));
#9651=VECTOR('',#11259,2.134680165646);
#9652=CARTESIAN_POINT('',(7.798613203858,-0.7253585458691,-17.43184021222));
#9653=CARTESIAN_POINT('',(7.805194452419,-0.6480836875069,-16.83705383476));
#9654=CARTESIAN_POINT('',(7.841319388095,-0.6545754102087,-16.88702077499));
#9655=CARTESIAN_POINT('',(7.887058092021,-0.6675211555503,-16.98666447721));
#9656=CARTESIAN_POINT('',(7.907246186084,-0.686870918218,-17.13560004934));
#9657=CARTESIAN_POINT('',(7.883774309005,-0.70615859446,-17.28405774081));
#9658=CARTESIAN_POINT('',(7.835841493519,-0.7189711347243,-17.38267616046));
#9659=CARTESIAN_POINT('',(7.798613203858,-0.7253585458691,-17.43184021222));
#9660=CARTESIAN_POINT('',(6.965524156098,-0.8682950685155,-18.5320259429));
#9661=CARTESIAN_POINT('',(7.798613203858,-0.7253585458691,-17.43184021222));
#9662=VECTOR('',#11260,1.387399312746);
#9663=CARTESIAN_POINT('',(6.74053752344,-0.8423328133459,-18.33219386258));
#9664=CARTESIAN_POINT('',(6.81553306766,-0.8509868984024,-18.39880455602));
#9665=CARTESIAN_POINT('',(6.890528611879,-0.859640983459,-18.46541524946));
#9666=CARTESIAN_POINT('',(6.965524156098,-0.8682950685155,-18.5320259429));
#9667=CARTESIAN_POINT('',(-7.798613203858,-0.7253585458691,-17.43184021222));
#9668=CARTESIAN_POINT('',(-6.965524156098,-0.8682950685155,-18.5320259429));
#9669=CARTESIAN_POINT('',(-7.798613203858,-0.7253585458691,-17.43184021222));
#9670=VECTOR('',#11261,1.387399312746);
#9671=CARTESIAN_POINT('',(-7.805194452419,-0.6480836875069,-16.83705383476));
#9672=CARTESIAN_POINT('',(-7.798613203858,-0.7253585458691,-17.43184021222));
#9673=CARTESIAN_POINT('',(-7.835841493519,-0.7189711347243,-17.38267616046));
#9674=CARTESIAN_POINT('',(-7.883774309005,-0.70615859446,-17.28405774081));
#9675=CARTESIAN_POINT('',(-7.907246186084,-0.686870918218,-17.13560004934));
#9676=CARTESIAN_POINT('',(-7.887058092021,-0.6675211555503,-16.98666447721));
#9677=CARTESIAN_POINT('',(-7.841319388095,-0.6545754102087,-16.88702077499));
#9678=CARTESIAN_POINT('',(-7.805194452419,-0.6480836875069,-16.83705383476));
#9679=CARTESIAN_POINT('',(-6.56137666571,-0.4245671604364,-15.11664194071));
#9680=CARTESIAN_POINT('',(-7.805194452419,-0.6480836875069,-16.83705383476));
#9681=VECTOR('',#11262,2.134680165646);
#9682=CARTESIAN_POINT('',(-6.55,-0.42,-15.08148840088));
#9683=CARTESIAN_POINT('',(-6.55,-0.421679434821,-15.09441504966));
#9684=CARTESIAN_POINT('',(-6.553781371517,-0.4232022709822,-15.10613635492));
#9685=CARTESIAN_POINT('',(-6.56137666571,-0.4245671604364,-15.11664194071));
#9686=CARTESIAN_POINT('',(-6.318259994258,-0.4474029626182,-15.29240963985));
#9687=CARTESIAN_POINT('',(-6.25,-0.42,-15.08148840088));
#9688=CARTESIAN_POINT('',(-6.25,-0.4300766089258,-15.15904829354));
#9689=CARTESIAN_POINT('',(-6.272688229103,-0.4392136258932,-15.2293761251));
#9690=CARTESIAN_POINT('',(-6.318259994258,-0.4474029626182,-15.29240963985));
#9691=CARTESIAN_POINT('',(-7.562077780968,-0.6709194896887,-17.0128215339));
#9692=CARTESIAN_POINT('',(-6.318259994258,-0.4474029626182,-15.29240963985));
#9693=VECTOR('',#11263,2.134680165646);
#9694=CARTESIAN_POINT('',(-7.559445281543,-0.7018294330336,-17.25073608489));
#9695=CARTESIAN_POINT('',(-7.559445281543,-0.7018294330336,-17.25073608489));
#9696=CARTESIAN_POINT('',(-7.589227913272,-0.6967195041178,-17.21140484348));
#9697=CARTESIAN_POINT('',(-7.609872797991,-0.6864442997722,-17.13231635727));
#9698=CARTESIAN_POINT('',(-7.590977729509,-0.6761128678502,-17.05279508609));
#9699=CARTESIAN_POINT('',(-7.562077780968,-0.6709194896887,-17.0128215339));
#9700=CARTESIAN_POINT('',(-6.74053752344,-0.8423328133459,-18.33219386258));
#9701=CARTESIAN_POINT('',(-7.559445281543,-0.7018294330336,-17.25073608489));
#9702=VECTOR('',#11264,1.36378225575);
#9703=CARTESIAN_POINT('',(-6.74053752344,-0.8423328133459,-18.33219386258));
#9704=CARTESIAN_POINT('',(-6.81553306766,-0.8509868984024,-18.39880455602));
#9705=CARTESIAN_POINT('',(-6.890528611879,-0.859640983459,-18.46541524946));
#9706=CARTESIAN_POINT('',(-6.965524156098,-0.8682950685155,-18.5320259429));
#9707=CARTESIAN_POINT('',(6.74053752344,-1.997667186654,-18.33219386258));
#9708=CARTESIAN_POINT('',(6.965524156098,-1.971704931484,-18.5320259429));
#9709=CARTESIAN_POINT('',(6.74053752344,-1.997667186654,-18.33219386258));
#9710=CARTESIAN_POINT('',(6.81553306766,-1.989013101598,-18.39880455602));
#9711=CARTESIAN_POINT('',(6.890528611879,-1.980359016541,-18.46541524946));
#9712=CARTESIAN_POINT('',(6.965524156098,-1.971704931484,-18.5320259429));
#9713=CARTESIAN_POINT('',(6.74053752344,-0.8423328133459,-18.33219386258));
#9714=CARTESIAN_POINT('',(6.718922843884,-0.8460413330319,-18.36073842464));
#9715=CARTESIAN_POINT('',(6.676788347739,-0.8597585780975,-18.41638166176));
#9716=CARTESIAN_POINT('',(6.615158477623,-0.900382917911,-18.49777068478));
#9717=CARTESIAN_POINT('',(6.560278844494,-0.9582569587026,-18.5702452773));
#9718=CARTESIAN_POINT('',(6.513293942451,-1.030350001541,-18.63229400898));
#9719=CARTESIAN_POINT('',(6.474123086259,-1.11744924845,-18.68402343353));
#9720=CARTESIAN_POINT('',(6.445502482591,-1.215023672933,-18.72182008905));
#9721=CARTESIAN_POINT('',(6.428197392432,-1.319411433678,-18.74467336424));
#9722=CARTESIAN_POINT('',(6.422921821793,-1.430381490048,-18.7516403356));
#9723=CARTESIAN_POINT('',(6.430415776418,-1.537845287282,-18.74174374415));
#9724=CARTESIAN_POINT('',(6.447838959221,-1.633241235744,-18.71873451464));
#9725=CARTESIAN_POINT('',(6.473331693894,-1.718655307923,-18.6850685542));
#9726=CARTESIAN_POINT('',(6.505595181123,-1.793516077331,-18.64246107021));
#9727=CARTESIAN_POINT('',(6.54339042525,-1.857492863013,-18.59254829271));
#9728=CARTESIAN_POINT('',(6.586591301957,-1.911256638614,-18.53549678275));
#9729=CARTESIAN_POINT('',(6.635040704205,-1.954081960115,-18.47151401745));
#9730=CARTESIAN_POINT('',(6.687047941541,-1.98390971471,-18.40283273955));
#9731=CARTESIAN_POINT('',(6.722491185372,-1.994570902029,-18.35602603717));
#9732=CARTESIAN_POINT('',(6.74053752344,-1.997667186654,-18.33219386258));
#9733=CARTESIAN_POINT('',(6.965524156098,-1.971704931484,-18.5320259429));
#9734=CARTESIAN_POINT('',(6.944794456703,-1.968148251493,-18.5594017913));
#9735=CARTESIAN_POINT('',(6.904394911612,-1.954970689448,-18.61275383471));
#9736=CARTESIAN_POINT('',(6.845312974781,-1.915895219375,-18.69077803154));
#9737=CARTESIAN_POINT('',(6.792772415057,-1.860259731635,-18.76016362033));
#9738=CARTESIAN_POINT('',(6.74780501504,-1.790909250507,-18.81954801864));
#9739=CARTESIAN_POINT('',(6.710403458265,-1.707141409828,-18.86894088868));
#9740=CARTESIAN_POINT('',(6.683194022382,-1.613392053347,-18.90487394191));
#9741=CARTESIAN_POINT('',(6.666875669095,-1.512977214459,-18.92642412251));
#9742=CARTESIAN_POINT('',(6.662216197575,-1.406427335836,-18.93257746722));
#9743=CARTESIAN_POINT('',(6.669815277527,-1.303719079775,-18.92254204621));
#9744=CARTESIAN_POINT('',(6.686809342695,-1.212915231558,-18.90009951374));
#9745=CARTESIAN_POINT('',(6.711431007803,-1.131760405128,-18.86758389648));
#9746=CARTESIAN_POINT('',(6.742373096101,-1.060886446527,-18.82672146513));
#9747=CARTESIAN_POINT('',(6.778432377766,-1.000476172773,-18.77910121703));
#9748=CARTESIAN_POINT('',(6.819561259552,-0.9497404962656,-18.72478600429));
#9749=CARTESIAN_POINT('',(6.865532844104,-0.9094130961283,-18.66407546983));
#9750=CARTESIAN_POINT('',(6.914811593278,-0.8813087198148,-18.59899746069));
#9751=CARTESIAN_POINT('',(6.948414835989,-0.8712305851063,-18.5546206822));
#9752=CARTESIAN_POINT('',(6.965524156098,-0.8682950685155,-18.5320259429));
#9753=CARTESIAN_POINT('',(7.798613203858,-2.114641454131,-17.43184021222));
#9754=CARTESIAN_POINT('',(7.798613203858,-2.114641454131,-17.43184021222));
#9755=VECTOR('',#11265,1.389282908262);
#9756=CARTESIAN_POINT('',(7.798613203858,-2.114641454131,-17.43184021222));
#9757=VECTOR('',#11266,1.387399312746);
#9758=CARTESIAN_POINT('',(7.805194452419,-2.191916312493,-16.83705383476));
#9759=CARTESIAN_POINT('',(7.805194452419,-2.191916312493,-16.83705383476));
#9760=CARTESIAN_POINT('',(7.841319388095,-2.185424589791,-16.88702077499));
#9761=CARTESIAN_POINT('',(7.887058092021,-2.17247884445,-16.98666447721));
#9762=CARTESIAN_POINT('',(7.907246186084,-2.153129081782,-17.13560004934));
#9763=CARTESIAN_POINT('',(7.883774309005,-2.13384140554,-17.28405774081));
#9764=CARTESIAN_POINT('',(7.835841493519,-2.121028865276,-17.38267616046));
#9765=CARTESIAN_POINT('',(7.798613203858,-2.114641454131,-17.43184021222));
#9766=CARTESIAN_POINT('',(6.56137666571,-2.415432839564,-15.11664194071));
#9767=CARTESIAN_POINT('',(6.56137666571,-2.415432839564,-15.11664194071));
#9768=VECTOR('',#11267,2.134680165646);
#9769=CARTESIAN_POINT('',(6.56137666571,-2.415432839564,-15.11664194071));
#9770=CARTESIAN_POINT('',(6.553781371517,-2.416797729018,-15.10613635492));
#9771=CARTESIAN_POINT('',(6.55,-2.418320565179,-15.09441504966));
#9772=CARTESIAN_POINT('',(6.55,-2.42,-15.08148840088));
#9773=CARTESIAN_POINT('',(6.25,-2.42,-15.08148840088));
#9774=VECTOR('',#11268,0.3);
#9775=CARTESIAN_POINT('',(6.318259994258,-2.392597037382,-15.29240963985));
#9776=CARTESIAN_POINT('',(6.318259994258,-2.392597037382,-15.29240963985));
#9777=CARTESIAN_POINT('',(6.272688229103,-2.400786374107,-15.2293761251));
#9778=CARTESIAN_POINT('',(6.25,-2.409923391074,-15.15904829354));
#9779=CARTESIAN_POINT('',(6.25,-2.42,-15.08148840088));
#9780=CARTESIAN_POINT('',(7.562077780968,-2.169080510311,-17.0128215339));
#9781=CARTESIAN_POINT('',(7.562077780968,-2.169080510311,-17.0128215339));
#9782=VECTOR('',#11269,2.134680165646);
#9783=CARTESIAN_POINT('',(7.559445281543,-2.138170566966,-17.25073608489));
#9784=CARTESIAN_POINT('',(7.562077780968,-2.169080510311,-17.0128215339));
#9785=CARTESIAN_POINT('',(7.590977729509,-2.16388713215,-17.05279508609));
#9786=CARTESIAN_POINT('',(7.609872797991,-2.153555700228,-17.13231635727));
#9787=CARTESIAN_POINT('',(7.589227913272,-2.143280495882,-17.21140484348));
#9788=CARTESIAN_POINT('',(7.559445281543,-2.138170566966,-17.25073608489));
#9789=CARTESIAN_POINT('',(7.559445281543,-2.138170566966,-17.25073608489));
#9790=VECTOR('',#11270,1.36378225575);
#9791=CARTESIAN_POINT('',(-7.559445281543,-2.138170566966,-17.25073608489));
#9792=CARTESIAN_POINT('',(-6.74053752344,-1.997667186654,-18.33219386258));
#9793=CARTESIAN_POINT('',(-7.559445281543,-2.138170566966,-17.25073608489));
#9794=VECTOR('',#11271,1.36378225575);
#9795=CARTESIAN_POINT('',(-7.562077780968,-2.169080510311,-17.0128215339));
#9796=CARTESIAN_POINT('',(-7.559445281543,-2.138170566966,-17.25073608489));
#9797=CARTESIAN_POINT('',(-7.589227913272,-2.143280495882,-17.21140484348));
#9798=CARTESIAN_POINT('',(-7.609872797991,-2.153555700228,-17.13231635727));
#9799=CARTESIAN_POINT('',(-7.590977729509,-2.16388713215,-17.05279508609));
#9800=CARTESIAN_POINT('',(-7.562077780968,-2.169080510311,-17.0128215339));
#9801=CARTESIAN_POINT('',(-6.318259994258,-2.392597037382,-15.29240963985));
#9802=CARTESIAN_POINT('',(-6.318259994258,-2.392597037382,-15.29240963985));
#9803=VECTOR('',#11272,2.134680165646);
#9804=CARTESIAN_POINT('',(-6.25,-2.42,-15.08148840088));
#9805=CARTESIAN_POINT('',(-6.25,-2.409923391074,-15.15904829354));
#9806=CARTESIAN_POINT('',(-6.272688229103,-2.400786374107,-15.2293761251));
#9807=CARTESIAN_POINT('',(-6.318259994258,-2.392597037382,-15.29240963985));
#9808=CARTESIAN_POINT('',(-6.55,-2.42,-15.08148840088));
#9809=VECTOR('',#11273,0.3);
#9810=CARTESIAN_POINT('',(-6.56137666571,-2.415432839564,-15.11664194071));
#9811=CARTESIAN_POINT('',(-6.55,-2.42,-15.08148840088));
#9812=CARTESIAN_POINT('',(-6.55,-2.418320565179,-15.09441504966));
#9813=CARTESIAN_POINT('',(-6.553781371517,-2.416797729018,-15.10613635492));
#9814=CARTESIAN_POINT('',(-6.56137666571,-2.415432839564,-15.11664194071));
#9815=CARTESIAN_POINT('',(-7.805194452419,-2.191916312493,-16.83705383476));
#9816=CARTESIAN_POINT('',(-7.805194452419,-2.191916312493,-16.83705383476));
#9817=VECTOR('',#11274,2.134680165646);
#9818=CARTESIAN_POINT('',(-7.798613203858,-2.114641454131,-17.43184021222));
#9819=CARTESIAN_POINT('',(-7.798613203858,-2.114641454131,-17.43184021222));
#9820=CARTESIAN_POINT('',(-7.835841493519,-2.121028865276,-17.38267616046));
#9821=CARTESIAN_POINT('',(-7.883774309005,-2.13384140554,-17.28405774081));
#9822=CARTESIAN_POINT('',(-7.907246186084,-2.153129081782,-17.13560004934));
#9823=CARTESIAN_POINT('',(-7.887058092021,-2.17247884445,-16.98666447721));
#9824=CARTESIAN_POINT('',(-7.841319388095,-2.185424589791,-16.88702077499));
#9825=CARTESIAN_POINT('',(-7.805194452419,-2.191916312493,-16.83705383476));
#9826=CARTESIAN_POINT('',(-6.965524156098,-1.971704931484,-18.5320259429));
#9827=CARTESIAN_POINT('',(-7.798613203858,-2.114641454131,-17.43184021222));
#9828=VECTOR('',#11275,1.387399312746);
#9829=CARTESIAN_POINT('',(-6.74053752344,-1.997667186654,-18.33219386258));
#9830=CARTESIAN_POINT('',(-6.81553306766,-1.989013101598,-18.39880455602));
#9831=CARTESIAN_POINT('',(-6.890528611879,-1.980359016541,-18.46541524946));
#9832=CARTESIAN_POINT('',(-6.965524156098,-1.971704931484,-18.5320259429));
#9833=CARTESIAN_POINT('',(7.559445281543,-2.138170566966,-17.25073608489));
#9834=VECTOR('',#11276,1.436341133933);
#9835=CARTESIAN_POINT('',(7.562077780968,-2.169080510311,-17.0128215339));
#9836=VECTOR('',#11277,1.498161020623);
#9837=CARTESIAN_POINT('',(6.318259994258,-2.392597037382,-15.29240963985));
#9838=VECTOR('',#11278,1.945194074764);
#9839=CARTESIAN_POINT('',(6.518498145092,-2.42,-15.0));
#9840=CARTESIAN_POINT('',(6.518498145092,-2.42,-15.0));
#9841=VECTOR('',#11279,0.03150185490803);
#9842=CARTESIAN_POINT('',(6.518498145092,-2.42,-14.5));
#9843=VECTOR('',#11280,0.5);
#9844=CARTESIAN_POINT('',(6.251949028153,-2.42,-15.0));
#9845=VECTOR('',#11281,0.5);
#9846=CARTESIAN_POINT('',(-6.211949028153,-2.42,-15.0));
#9847=VECTOR('',#11282,0.5);
#9848=CARTESIAN_POINT('',(-6.518498145092,-2.42,-15.0));
#9849=CARTESIAN_POINT('',(-6.518498145092,-2.42,-15.0));
#9850=VECTOR('',#11283,0.5);
#9851=CARTESIAN_POINT('',(-6.55,-2.42,-15.0));
#9852=VECTOR('',#11284,0.03150185490803);
#9853=CARTESIAN_POINT('',(5.946826102105,-2.61,-15.0));
#9854=VECTOR('',#11285,0.5);
#9855=CARTESIAN_POINT('',(-5.906826102105,-2.61,-15.0));
#9856=VECTOR('',#11286,0.5);
#9857=AXIS2_PLACEMENT_3D('',#11287,#11288,#11289);
#9858=AXIS2_PLACEMENT_3D('',#11290,#11291,#11292);
#9859=CARTESIAN_POINT('',(6.56137666571,-2.415432839564,-15.11664194071));
#9860=VECTOR('',#11293,1.990865679127);
#9861=CARTESIAN_POINT('',(7.805194452419,-2.191916312493,-16.83705383476));
#9862=VECTOR('',#11294,1.543832624986);
#9863=CARTESIAN_POINT('',(-6.74053752344,-1.997667186654,-18.33219386258));
#9864=CARTESIAN_POINT('',(-6.718908010947,-1.99395612202,-18.36075801316));
#9865=CARTESIAN_POINT('',(-6.676747239154,-1.980225445342,-18.41643595017));
#9866=CARTESIAN_POINT('',(-6.615087231413,-1.93956084824,-18.49786477324));
#9867=CARTESIAN_POINT('',(-6.560188217535,-1.881631036054,-18.57036496017));
#9868=CARTESIAN_POINT('',(-6.513199432425,-1.809479640721,-18.63241881986));
#9869=CARTESIAN_POINT('',(-6.474036319294,-1.722318789728,-18.68413801885));
#9870=CARTESIAN_POINT('',(-6.445433658717,-1.624682644994,-18.72191097855));
#9871=CARTESIAN_POINT('',(-6.428155249822,-1.520214137305,-18.74472901819));
#9872=CARTESIAN_POINT('',(-6.422925272197,-1.409185267423,-18.75163577896));
#9873=CARTESIAN_POINT('',(-6.430470690174,-1.301717956959,-18.7416712245));
#9874=CARTESIAN_POINT('',(-6.447934182899,-1.206362969058,-18.7186087613));
#9875=CARTESIAN_POINT('',(-6.473455307399,-1.121007116991,-18.68490530897));
#9876=CARTESIAN_POINT('',(-6.505728411128,-1.046225820388,-18.64228512533));
#9877=CARTESIAN_POINT('',(-6.543515644585,-0.9823291675219,-18.5923829268));
#9878=CARTESIAN_POINT('',(-6.586704722052,-0.9286270756233,-18.53534699904));
#9879=CARTESIAN_POINT('',(-6.635126803141,-0.8858603644669,-18.47140031434));
#9880=CARTESIAN_POINT('',(-6.687088410765,-0.8560769213956,-18.40277929548));
#9881=CARTESIAN_POINT('',(-6.722504913925,-0.8454267425067,-18.35600790711));
#9882=CARTESIAN_POINT('',(-6.74053752344,-0.8423328133459,-18.33219386258));
#9883=CARTESIAN_POINT('',(-6.965524156098,-0.8682950685155,-18.5320259429));
#9884=CARTESIAN_POINT('',(-6.944780296434,-0.8718541780425,-18.5594204915));
#9885=CARTESIAN_POINT('',(-6.904355551442,-0.8850445850359,-18.61280581414));
#9886=CARTESIAN_POINT('',(-6.84524392177,-0.9241593989995,-18.69086922364));
#9887=CARTESIAN_POINT('',(-6.792684516501,-0.9798494889427,-18.76027970004));
#9888=CARTESIAN_POINT('',(-6.747714564959,-1.049254937027,-18.81966746792));
#9889=CARTESIAN_POINT('',(-6.710320938039,-1.133081118781,-18.86904986572));
#9890=CARTESIAN_POINT('',(-6.683129020783,-1.226889162979,-18.90495978368));
#9891=CARTESIAN_POINT('',(-6.66683672246,-1.327380251388,-18.92647555583));
#9892=CARTESIAN_POINT('',(-6.662221122744,-1.433984875384,-18.93257096299));
#9893=CARTESIAN_POINT('',(-6.669869292938,-1.536697126279,-18.92247071292));
#9894=CARTESIAN_POINT('',(-6.686902472186,-1.627464813302,-18.899976526));
#9895=CARTESIAN_POINT('',(-6.711551186138,-1.708563059104,-18.86742518777));
#9896=CARTESIAN_POINT('',(-6.742501898673,-1.779360257151,-18.82655136717));
#9897=CARTESIAN_POINT('',(-6.778552954652,-1.839693561918,-18.77894198199));
#9898=CARTESIAN_POINT('',(-6.8196695706,-1.890369486758,-18.72464296764));
#9899=CARTESIAN_POINT('',(-6.865613472002,-1.930640459011,-18.66396899182));
#9900=CARTESIAN_POINT('',(-6.91484937304,-1.958703724506,-18.59894756836));
#9901=CARTESIAN_POINT('',(-6.948427568297,-1.968771599428,-18.55460386779));
#9902=CARTESIAN_POINT('',(-6.965524156098,-1.971704931484,-18.5320259429));
#9903=CARTESIAN_POINT('',(-7.798613203858,-2.114641454131,-17.43184021222));
#9904=VECTOR('',#11295,1.389282908262);
#9905=CARTESIAN_POINT('',(-7.805194452419,-2.191916312493,-16.83705383476));
#9906=VECTOR('',#11296,1.543832624986);
#9907=CARTESIAN_POINT('',(-6.56137666571,-2.415432839564,-15.11664194071));
#9908=VECTOR('',#11297,1.990865679127);
#9909=CARTESIAN_POINT('',(-7.559445281543,-2.138170566966,-17.25073608489));
#9910=VECTOR('',#11298,1.436341133933);
#9911=CARTESIAN_POINT('',(-7.562077780968,-2.169080510311,-17.0128215339));
#9912=VECTOR('',#11299,1.498161020623);
#9913=CARTESIAN_POINT('',(-6.318259994258,-2.392597037382,-15.29240963985));
#9914=VECTOR('',#11300,1.945194074764);
#9915=CARTESIAN_POINT('',(-3.8,1.415,-17.8));
#9916=CARTESIAN_POINT('',(-3.8,1.415,-15.0));
#9917=VECTOR('',#11301,2.8);
#9918=CARTESIAN_POINT('',(-3.8,1.165,-17.8));
#9919=CARTESIAN_POINT('',(-3.8,1.165,-17.8));
#9920=VECTOR('',#11302,0.25);
#9921=CARTESIAN_POINT('',(-3.8,1.165,-15.0));
#9922=VECTOR('',#11303,2.8);
#9923=CARTESIAN_POINT('',(-3.2,1.165,-17.8));
#9924=CARTESIAN_POINT('',(-3.2,1.165,-17.8));
#9925=VECTOR('',#11304,0.6);
#9926=CARTESIAN_POINT('',(-3.2,1.165,-15.0));
#9927=VECTOR('',#11305,2.8);
#9928=CARTESIAN_POINT('',(-3.2,1.415,-17.8));
#9929=CARTESIAN_POINT('',(-3.2,1.415,-17.8));
#9930=VECTOR('',#11306,0.25);
#9931=CARTESIAN_POINT('',(-3.2,1.415,-15.0));
#9932=VECTOR('',#11307,2.8);
#9933=CARTESIAN_POINT('',(-3.8,1.415,-17.8));
#9934=VECTOR('',#11308,0.6);
#9935=CARTESIAN_POINT('',(-1.3,1.415,-17.8));
#9936=CARTESIAN_POINT('',(-1.3,1.415,-15.0));
#9937=VECTOR('',#11309,2.8);
#9938=CARTESIAN_POINT('',(-1.3,1.165,-17.8));
#9939=CARTESIAN_POINT('',(-1.3,1.165,-17.8));
#9940=VECTOR('',#11310,0.25);
#9941=CARTESIAN_POINT('',(-1.3,1.165,-15.0));
#9942=VECTOR('',#11311,2.8);
#9943=CARTESIAN_POINT('',(-0.7,1.165,-17.8));
#9944=CARTESIAN_POINT('',(-0.7,1.165,-17.8));
#9945=VECTOR('',#11312,0.6);
#9946=CARTESIAN_POINT('',(-0.7,1.165,-15.0));
#9947=VECTOR('',#11313,2.8);
#9948=CARTESIAN_POINT('',(-0.7,1.415,-17.8));
#9949=CARTESIAN_POINT('',(-0.7,1.415,-17.8));
#9950=VECTOR('',#11314,0.25);
#9951=CARTESIAN_POINT('',(-0.7,1.415,-15.0));
#9952=VECTOR('',#11315,2.8);
#9953=CARTESIAN_POINT('',(-1.3,1.415,-17.8));
#9954=VECTOR('',#11316,0.6);
#9955=CARTESIAN_POINT('',(0.7,1.415,-17.8));
#9956=CARTESIAN_POINT('',(0.7,1.415,-15.0));
#9957=VECTOR('',#11317,2.8);
#9958=CARTESIAN_POINT('',(0.7,1.165,-17.8));
#9959=CARTESIAN_POINT('',(0.7,1.165,-17.8));
#9960=VECTOR('',#11318,0.25);
#9961=CARTESIAN_POINT('',(0.7,1.165,-15.0));
#9962=VECTOR('',#11319,2.8);
#9963=CARTESIAN_POINT('',(1.3,1.165,-17.8));
#9964=CARTESIAN_POINT('',(1.3,1.165,-17.8));
#9965=VECTOR('',#11320,0.6);
#9966=CARTESIAN_POINT('',(1.3,1.165,-15.0));
#9967=VECTOR('',#11321,2.8);
#9968=CARTESIAN_POINT('',(1.3,1.415,-17.8));
#9969=CARTESIAN_POINT('',(1.3,1.415,-17.8));
#9970=VECTOR('',#11322,0.25);
#9971=CARTESIAN_POINT('',(1.3,1.415,-15.0));
#9972=VECTOR('',#11323,2.8);
#9973=CARTESIAN_POINT('',(0.7,1.415,-17.8));
#9974=VECTOR('',#11324,0.6);
#9975=CARTESIAN_POINT('',(3.2,1.415,-17.8));
#9976=CARTESIAN_POINT('',(3.2,1.415,-15.0));
#9977=VECTOR('',#11325,2.8);
#9978=CARTESIAN_POINT('',(3.2,1.165,-17.8));
#9979=CARTESIAN_POINT('',(3.2,1.165,-17.8));
#9980=VECTOR('',#11326,0.25);
#9981=CARTESIAN_POINT('',(3.2,1.165,-15.0));
#9982=VECTOR('',#11327,2.8);
#9983=CARTESIAN_POINT('',(3.8,1.165,-17.8));
#9984=CARTESIAN_POINT('',(3.8,1.165,-17.8));
#9985=VECTOR('',#11328,0.6);
#9986=CARTESIAN_POINT('',(3.8,1.165,-15.0));
#9987=VECTOR('',#11329,2.8);
#9988=CARTESIAN_POINT('',(3.8,1.415,-17.8));
#9989=CARTESIAN_POINT('',(3.8,1.415,-17.8));
#9990=VECTOR('',#11330,0.25);
#9991=CARTESIAN_POINT('',(3.8,1.415,-15.0));
#9992=VECTOR('',#11331,2.8);
#9993=CARTESIAN_POINT('',(3.2,1.415,-17.8));
#9994=VECTOR('',#11332,0.6);
#9995=CARTESIAN_POINT('',(6.32741360135,1.92,-0.32));
#9996=CARTESIAN_POINT('',(6.32741360135,1.92,-0.32));
#9997=CARTESIAN_POINT('',(6.316869754215,1.92,-0.339069826817));
#9998=CARTESIAN_POINT('',(6.298363796243,1.923626650315,-0.3772958033598));
#9999=CARTESIAN_POINT('',(6.278018251061,1.940109431695,-0.4329326455928));
#10000=CARTESIAN_POINT('',(6.264524840611,1.966309210641,-0.4835415613681));
#10001=CARTESIAN_POINT('',(6.256077442795,2.002836136667,-0.5298389664101));
#10002=CARTESIAN_POINT('',(6.251828920505,2.048584955537,-0.5685743992292));
#10003=CARTESIAN_POINT('',(6.250264633489,2.100528739742,-0.5973870836829));
#10004=CARTESIAN_POINT('',(6.24997654177,2.15929874505,-0.6159323124529));
#10005=CARTESIAN_POINT('',(6.249999993022,2.199713477103,-0.6199999980579));
#10006=CARTESIAN_POINT('',(6.249999993022,2.219979095962,-0.6199999980579));
#10007=CARTESIAN_POINT('',(6.758644712743,1.92,-0.32));
#10008=CARTESIAN_POINT('',(6.758644712743,1.92,-0.32));
#10009=VECTOR('',#11333,0.4312311113934);
#10010=CARTESIAN_POINT('',(6.549999986342,2.219979095962,-0.6199999980579));
#10011=CARTESIAN_POINT('',(6.549999986342,2.199534990854,-0.6199999980579));
#10012=CARTESIAN_POINT('',(6.549954593599,2.158996353554,-0.6158609575271));
#10013=CARTESIAN_POINT('',(6.550517411334,2.100640950371,-0.5973869168292));
#10014=CARTESIAN_POINT('',(6.55348688119,2.049780312428,-0.5692217468543));
#10015=CARTESIAN_POINT('',(6.56111651039,2.006841121235,-0.5333507700692));
#10016=CARTESIAN_POINT('',(6.574636793299,1.974336486656,-0.4944265685509));
#10017=CARTESIAN_POINT('',(6.595013639759,1.950210662197,-0.4539357721293));
#10018=CARTESIAN_POINT('',(6.62521478199,1.93324147082,-0.4115858279057));
#10019=CARTESIAN_POINT('',(6.663819540732,1.924018867143,-0.373165082758));
#10020=CARTESIAN_POINT('',(6.709986356457,1.920325356338,-0.3410746041933));
#10021=CARTESIAN_POINT('',(6.742051970865,1.92,-0.3261589651275));
#10022=CARTESIAN_POINT('',(6.758644712743,1.92,-0.32));
#10023=AXIS2_PLACEMENT_3D('',#11334,#11335,#11336);
#10024=CARTESIAN_POINT('',(6.758644712743,-1.92,-0.32));
#10025=AXIS2_PLACEMENT_3D('',#11337,#11338,#11339);
#10026=CARTESIAN_POINT('',(6.758644712743,-1.92,-0.32));
#10027=CARTESIAN_POINT('',(6.742051970865,-1.92,-0.3261589651275));
#10028=CARTESIAN_POINT('',(6.709986356456,-1.920325356338,-0.3410746041935));
#10029=CARTESIAN_POINT('',(6.663819540731,-1.924018867143,-0.3731650827585));
#10030=CARTESIAN_POINT('',(6.62521478199,-1.93324147082,-0.4115858279066));
#10031=CARTESIAN_POINT('',(6.595013639759,-1.950210662198,-0.4539357721306));
#10032=CARTESIAN_POINT('',(6.574636793298,-1.974336486657,-0.4944265685526));
#10033=CARTESIAN_POINT('',(6.56111651039,-2.006841121236,-0.5333507700711));
#10034=CARTESIAN_POINT('',(6.55348688119,-2.04978031243,-0.5692217468562));
#10035=CARTESIAN_POINT('',(6.550517411334,-2.100640950374,-0.5973869168307));
#10036=CARTESIAN_POINT('',(6.549954593599,-2.158996353558,-0.6158609575282));
#10037=CARTESIAN_POINT('',(6.549999986342,-2.199534990858,-0.6199999980579));
#10038=CARTESIAN_POINT('',(6.549999986342,-2.219979095964,-0.6199999980579));
#10039=CARTESIAN_POINT('',(6.32741360135,-1.92,-0.32));
#10040=CARTESIAN_POINT('',(6.32741360135,-1.92,-0.32));
#10041=VECTOR('',#11340,0.4312311113934);
#10042=CARTESIAN_POINT('',(6.249999993022,-2.219979095964,-0.6199999980579));
#10043=CARTESIAN_POINT('',(6.249999993022,-2.199713477106,-0.6199999980579));
#10044=CARTESIAN_POINT('',(6.24997654177,-2.159298745054,-0.6159323124539));
#10045=CARTESIAN_POINT('',(6.250264633489,-2.100528739745,-0.5973870836842));
#10046=CARTESIAN_POINT('',(6.251828920505,-2.048584955539,-0.5685743992308));
#10047=CARTESIAN_POINT('',(6.256077442794,-2.002836136669,-0.5298389664117));
#10048=CARTESIAN_POINT('',(6.264524840611,-1.966309210642,-0.4835415613694));
#10049=CARTESIAN_POINT('',(6.278018251061,-1.940109431695,-0.4329326455938));
#10050=CARTESIAN_POINT('',(6.298363796243,-1.923626650315,-0.3772958033603));
#10051=CARTESIAN_POINT('',(6.316869754214,-1.92,-0.3390698268172));
#10052=CARTESIAN_POINT('',(6.32741360135,-1.92,-0.32));
#10053=AXIS2_PLACEMENT_3D('',#11341,#11342,#11343);
#10054=AXIS2_PLACEMENT_3D('',#11344,#11345,#11346);
#10055=CARTESIAN_POINT('',(6.95,-1.92,0.0));
#10056=VECTOR('',#11347,0.3);
#10057=CARTESIAN_POINT('',(7.25,-1.62,0.0));
#10058=VECTOR('',#11348,0.3);
#10059=CARTESIAN_POINT('',(7.25,1.62,-0.3));
#10060=VECTOR('',#11349,0.3);
#10061=CARTESIAN_POINT('',(6.95,1.92,-0.3));
#10062=VECTOR('',#11350,0.3);
#10063=AXIS2_PLACEMENT_3D('',#11351,#11352,#11353);
#10064=AXIS2_PLACEMENT_3D('',#11354,#11355,#11356);
#10065=AXIS2_PLACEMENT_3D('',#11357,#11358,#11359);
#10066=CARTESIAN_POINT('',(5.55,1.24,-8.88));
#10067=CARTESIAN_POINT('',(4.91,1.88,-8.88));
#10068=AXIS2_PLACEMENT_3D('',#11360,#11361,#11362);
#10069=CARTESIAN_POINT('',(5.55,0.04,-8.88));
#10070=CARTESIAN_POINT('',(5.55,0.04,-8.88));
#10071=VECTOR('',#11363,1.2);
#10072=CARTESIAN_POINT('',(-5.55,0.04,-8.88));
#10073=CARTESIAN_POINT('',(-5.55,0.04,-8.88));
#10074=VECTOR('',#11364,11.1);
#10075=CARTESIAN_POINT('',(-5.55,1.24,-8.88));
#10076=CARTESIAN_POINT('',(-5.55,1.24,-8.88));
#10077=VECTOR('',#11365,1.2);
#10078=CARTESIAN_POINT('',(-4.91,1.88,-8.88));
#10079=AXIS2_PLACEMENT_3D('',#11366,#11367,#11368);
#10080=CARTESIAN_POINT('',(4.91,1.88,-8.88));
#10081=VECTOR('',#11369,9.82);
#10082=CARTESIAN_POINT('',(4.91,1.88,-1.366025403784));
#10083=CARTESIAN_POINT('',(4.91,1.88,-8.88));
#10084=VECTOR('',#11370,7.513974596216);
#10085=CARTESIAN_POINT('',(-4.91,1.88,-1.366025403784));
#10086=CARTESIAN_POINT('',(-4.91,1.88,-8.88));
#10087=VECTOR('',#11371,7.513974596216);
#10088=CARTESIAN_POINT('',(4.91,1.88,-1.366025403784));
#10089=VECTOR('',#11372,9.82);
#10090=CARTESIAN_POINT('',(-5.05,1.38,-0.5));
#10091=CARTESIAN_POINT('',(5.05,1.38,-0.5));
#10092=CARTESIAN_POINT('',(-5.05,1.38,-0.5));
#10093=VECTOR('',#11373,10.1);
#10094=CARTESIAN_POINT('',(5.362548339959,1.692548339959,-1.041349604631));
#10095=CARTESIAN_POINT('',(5.05,1.38,-0.5));
#10096=VECTOR('',#11374,0.6988793344039);
#10097=CARTESIAN_POINT('',(5.362548339959,1.692548339959,-1.041349604631));
#10098=CARTESIAN_POINT('',(5.311547256722,1.743549423196,-1.129686072039));
#10099=CARTESIAN_POINT('',(5.221510026938,1.809100513635,-1.24322389117));
#10100=CARTESIAN_POINT('',(5.063690992474,1.865945885333,-1.341682963126));
#10101=CARTESIAN_POINT('',(4.967020944522,1.88,-1.366025403784));
#10102=CARTESIAN_POINT('',(4.91,1.88,-1.366025403784));
#10103=CARTESIAN_POINT('',(-5.362548339959,1.692548339959,-1.041349604631));
#10104=CARTESIAN_POINT('',(-4.91,1.88,-1.366025403784));
#10105=CARTESIAN_POINT('',(-4.967020944522,1.88,-1.366025403784));
#10106=CARTESIAN_POINT('',(-5.063690992474,1.865945885333,-1.341682963126));
#10107=CARTESIAN_POINT('',(-5.221510026938,1.809100513635,-1.24322389117));
#10108=CARTESIAN_POINT('',(-5.311547256722,1.743549423196,-1.129686072039));
#10109=CARTESIAN_POINT('',(-5.362548339959,1.692548339959,-1.041349604631));
#10110=CARTESIAN_POINT('',(-5.362548339959,1.692548339959,-1.041349604631));
#10111=VECTOR('',#11375,0.6988793344039);
#10112=CARTESIAN_POINT('',(-5.55,1.24,-1.366025403784));
#10113=CARTESIAN_POINT('',(-5.362548339959,1.692548339959,-1.041349604631));
#10114=CARTESIAN_POINT('',(-5.413549423196,1.641547256722,-1.129686072039));
#10115=CARTESIAN_POINT('',(-5.479100513635,1.551510026938,-1.24322389117));
#10116=CARTESIAN_POINT('',(-5.535945885333,1.393690992474,-1.341682963126));
#10117=CARTESIAN_POINT('',(-5.55,1.297020944522,-1.366025403784));
#10118=CARTESIAN_POINT('',(-5.55,1.24,-1.366025403784));
#10119=CARTESIAN_POINT('',(-5.55,0.04,-1.366025403784));
#10120=CARTESIAN_POINT('',(-5.55,1.24,-1.366025403784));
#10121=VECTOR('',#11376,1.2);
#10122=CARTESIAN_POINT('',(-5.43,0.04,-1.158179306876));
#10123=CARTESIAN_POINT('',(-5.43,0.04,-1.158179306876));
#10124=VECTOR('',#11377,0.24);
#10125=CARTESIAN_POINT('',(-5.05,0.42,-0.5));
#10126=CARTESIAN_POINT('',(-5.05,0.42,-0.5));
#10127=VECTOR('',#11378,0.8497058314499);
#10128=CARTESIAN_POINT('',(-5.05,0.42,-0.5));
#10129=VECTOR('',#11379,0.96);
#10130=CARTESIAN_POINT('',(5.05,0.42,-0.5));
#10131=CARTESIAN_POINT('',(-5.05,0.42,-0.5));
#10132=VECTOR('',#11380,10.1);
#10133=CARTESIAN_POINT('',(5.05,0.42,-0.5));
#10134=VECTOR('',#11381,0.96);
#10135=CARTESIAN_POINT('',(5.43,0.04,-1.158179306876));
#10136=CARTESIAN_POINT('',(5.05,0.42,-0.5));
#10137=VECTOR('',#11382,0.8497058314499);
#10138=CARTESIAN_POINT('',(5.55,0.04,-1.366025403784));
#10139=CARTESIAN_POINT('',(5.43,0.04,-1.158179306876));
#10140=VECTOR('',#11383,0.24);
#10141=CARTESIAN_POINT('',(5.55,1.24,-1.366025403784));
#10142=CARTESIAN_POINT('',(5.55,0.04,-1.366025403784));
#10143=VECTOR('',#11384,1.2);
#10144=CARTESIAN_POINT('',(5.55,1.24,-1.366025403784));
#10145=CARTESIAN_POINT('',(5.55,1.297020944522,-1.366025403784));
#10146=CARTESIAN_POINT('',(5.535945885333,1.393690992474,-1.341682963126));
#10147=CARTESIAN_POINT('',(5.479100513635,1.551510026938,-1.24322389117));
#10148=CARTESIAN_POINT('',(5.413549423196,1.641547256722,-1.129686072039));
#10149=CARTESIAN_POINT('',(5.362548339959,1.692548339959,-1.041349604631));
#10150=CARTESIAN_POINT('',(5.55,1.24,-8.88));
#10151=VECTOR('',#11385,7.513974596216);
#10152=CARTESIAN_POINT('',(5.55,0.04,-8.88));
#10153=VECTOR('',#11386,7.513974596216);
#10154=CARTESIAN_POINT('',(-5.55,0.04,-8.88));
#10155=VECTOR('',#11387,7.513974596216);
#10156=CARTESIAN_POINT('',(-5.43,0.04,-1.158179306876));
#10157=VECTOR('',#11388,10.86);
#10158=CARTESIAN_POINT('',(-3.0,0.04,-6.014043994495));
#10159=CARTESIAN_POINT('',(-4.0,0.04,-6.014043994495));
#10160=CARTESIAN_POINT('',(-3.0,0.04,-6.014043994495));
#10161=VECTOR('',#11389,1.0);
#10162=CARTESIAN_POINT('',(-4.0,0.04,-2.861232469615));
#10163=CARTESIAN_POINT('',(-4.0,0.04,-6.014043994495));
#10164=VECTOR('',#11390,3.15281152488);
#10165=CARTESIAN_POINT('',(-3.0,0.04,-2.861232469615));
#10166=CARTESIAN_POINT('',(-4.0,0.04,-2.861232469615));
#10167=VECTOR('',#11391,1.0);
#10168=CARTESIAN_POINT('',(-3.0,0.04,-6.014043994495));
#10169=VECTOR('',#11392,3.15281152488);
#10170=CARTESIAN_POINT('',(-0.5,0.04,-6.014043994495));
#10171=CARTESIAN_POINT('',(-1.5,0.04,-6.014043994495));
#10172=CARTESIAN_POINT('',(-0.5,0.04,-6.014043994495));
#10173=VECTOR('',#11393,1.0);
#10174=CARTESIAN_POINT('',(-1.5,0.04,-2.861232469615));
#10175=CARTESIAN_POINT('',(-1.5,0.04,-6.014043994495));
#10176=VECTOR('',#11394,3.15281152488);
#10177=CARTESIAN_POINT('',(-0.5,0.04,-2.861232469615));
#10178=CARTESIAN_POINT('',(-1.5,0.04,-2.861232469615));
#10179=VECTOR('',#11395,1.0);
#10180=CARTESIAN_POINT('',(-0.5,0.04,-6.014043994495));
#10181=VECTOR('',#11396,3.15281152488);
#10182=CARTESIAN_POINT('',(1.5,0.04,-6.014043994495));
#10183=CARTESIAN_POINT('',(0.5,0.04,-6.014043994495));
#10184=CARTESIAN_POINT('',(1.5,0.04,-6.014043994495));
#10185=VECTOR('',#11397,1.0);
#10186=CARTESIAN_POINT('',(0.5,0.04,-2.861232469615));
#10187=CARTESIAN_POINT('',(0.5,0.04,-6.014043994495));
#10188=VECTOR('',#11398,3.15281152488);
#10189=CARTESIAN_POINT('',(1.5,0.04,-2.861232469615));
#10190=CARTESIAN_POINT('',(0.5,0.04,-2.861232469615));
#10191=VECTOR('',#11399,1.0);
#10192=CARTESIAN_POINT('',(1.5,0.04,-6.014043994495));
#10193=VECTOR('',#11400,3.15281152488);
#10194=CARTESIAN_POINT('',(4.0,0.04,-6.014043994495));
#10195=CARTESIAN_POINT('',(3.0,0.04,-6.014043994495));
#10196=CARTESIAN_POINT('',(4.0,0.04,-6.014043994495));
#10197=VECTOR('',#11401,1.0);
#10198=CARTESIAN_POINT('',(3.0,0.04,-2.861232469615));
#10199=CARTESIAN_POINT('',(3.0,0.04,-6.014043994495));
#10200=VECTOR('',#11402,3.15281152488);
#10201=CARTESIAN_POINT('',(4.0,0.04,-2.861232469615));
#10202=CARTESIAN_POINT('',(3.0,0.04,-2.861232469615));
#10203=VECTOR('',#11403,1.0);
#10204=CARTESIAN_POINT('',(4.0,0.04,-6.014043994495));
#10205=VECTOR('',#11404,3.15281152488);
#10206=CARTESIAN_POINT('',(-5.55,1.24,-8.88));
#10207=VECTOR('',#11405,7.513974596216);
#10208=CARTESIAN_POINT('',(-3.0,-0.4875134997845,-4.304451983362));
#10209=AXIS2_PLACEMENT_3D('',#11406,#11407,#11408);
#10210=CARTESIAN_POINT('',(-3.0,0.04,-6.014043994495));
#10211=VECTOR('',#11409,1.789126976205);
#10212=CARTESIAN_POINT('',(-4.0,-0.4875134997845,-4.304451983362));
#10213=CARTESIAN_POINT('',(-4.0,-0.4875134997845,-4.304451983362));
#10214=VECTOR('',#11410,1.0);
#10215=CARTESIAN_POINT('',(-4.0,0.04,-6.014043994495));
#10216=VECTOR('',#11411,1.789126976205);
#10217=AXIS2_PLACEMENT_3D('',#11412,#11413,#11414);
#10218=CARTESIAN_POINT('',(-0.5,-0.4875134997845,-4.304451983362));
#10219=AXIS2_PLACEMENT_3D('',#11415,#11416,#11417);
#10220=CARTESIAN_POINT('',(-0.5,0.04,-6.014043994495));
#10221=VECTOR('',#11418,1.789126976205);
#10222=CARTESIAN_POINT('',(-1.5,-0.4875134997845,-4.304451983362));
#10223=CARTESIAN_POINT('',(-1.5,-0.4875134997845,-4.304451983362));
#10224=VECTOR('',#11419,1.0);
#10225=CARTESIAN_POINT('',(-1.5,0.04,-6.014043994495));
#10226=VECTOR('',#11420,1.789126976205);
#10227=AXIS2_PLACEMENT_3D('',#11421,#11422,#11423);
#10228=CARTESIAN_POINT('',(1.5,-0.4875134997845,-4.304451983362));
#10229=AXIS2_PLACEMENT_3D('',#11424,#11425,#11426);
#10230=CARTESIAN_POINT('',(1.5,0.04,-6.014043994495));
#10231=VECTOR('',#11427,1.789126976205);
#10232=CARTESIAN_POINT('',(0.5,-0.4875134997845,-4.304451983362));
#10233=CARTESIAN_POINT('',(0.5,-0.4875134997845,-4.304451983362));
#10234=VECTOR('',#11428,1.0);
#10235=CARTESIAN_POINT('',(0.5,0.04,-6.014043994495));
#10236=VECTOR('',#11429,1.789126976205);
#10237=AXIS2_PLACEMENT_3D('',#11430,#11431,#11432);
#10238=CARTESIAN_POINT('',(4.0,-0.4875134997845,-4.304451983362));
#10239=AXIS2_PLACEMENT_3D('',#11433,#11434,#11435);
#10240=CARTESIAN_POINT('',(4.0,0.04,-6.014043994495));
#10241=VECTOR('',#11436,1.789126976205);
#10242=CARTESIAN_POINT('',(3.0,-0.4875134997845,-4.304451983362));
#10243=CARTESIAN_POINT('',(3.0,-0.4875134997845,-4.304451983362));
#10244=VECTOR('',#11437,1.0);
#10245=CARTESIAN_POINT('',(3.0,0.04,-6.014043994495));
#10246=VECTOR('',#11438,1.789126976205);
#10247=AXIS2_PLACEMENT_3D('',#11439,#11440,#11441);
#10248=CARTESIAN_POINT('',(5.61,-2.63741360135,-0.32));
#10249=CARTESIAN_POINT('',(5.61,-2.63741360135,-0.32));
#10250=CARTESIAN_POINT('',(5.61,-2.626869754214,-0.3390698268172));
#10251=CARTESIAN_POINT('',(5.613626650315,-2.608363796243,-0.3772958033604));
#10252=CARTESIAN_POINT('',(5.630109431695,-2.588018251061,-0.4329326455939));
#10253=CARTESIAN_POINT('',(5.656309210642,-2.57452484061,-0.4835415613695));
#10254=CARTESIAN_POINT('',(5.692836136669,-2.566077442794,-0.5298389664118));
#10255=CARTESIAN_POINT('',(5.73858495554,-2.561828920505,-0.5685743992309));
#10256=CARTESIAN_POINT('',(5.790528739745,-2.560264633489,-0.5973870836843));
#10257=CARTESIAN_POINT('',(5.849298745054,-2.55997654177,-0.615932312454));
#10258=CARTESIAN_POINT('',(5.889713477107,-2.559999993022,-0.6199999980579));
#10259=CARTESIAN_POINT('',(5.909979095964,-2.559999993022,-0.6199999980579));
#10260=CARTESIAN_POINT('',(5.61,-3.068644712743,-0.32));
#10261=CARTESIAN_POINT('',(5.61,-3.068644712743,-0.32));
#10262=VECTOR('',#11442,0.4312311113934);
#10263=CARTESIAN_POINT('',(5.909979095964,-2.859999986342,-0.6199999980579));
#10264=CARTESIAN_POINT('',(5.889534990859,-2.859999986342,-0.6199999980579));
#10265=CARTESIAN_POINT('',(5.848996353559,-2.859954593599,-0.6158609575283));
#10266=CARTESIAN_POINT('',(5.790640950374,-2.860517411334,-0.5973869168308));
#10267=CARTESIAN_POINT('',(5.739780312431,-2.86348688119,-0.5692217468563));
#10268=CARTESIAN_POINT('',(5.696841121237,-2.87111651039,-0.5333507700712));
#10269=CARTESIAN_POINT('',(5.664336486657,-2.884636793298,-0.4944265685526));
#10270=CARTESIAN_POINT('',(5.640210662198,-2.905013639759,-0.4539357721307));
#10271=CARTESIAN_POINT('',(5.62324147082,-2.935214781989,-0.4115858279067));
#10272=CARTESIAN_POINT('',(5.614018867143,-2.973819540731,-0.3731650827586));
#10273=CARTESIAN_POINT('',(5.610325356338,-3.019986356456,-0.3410746041935));
#10274=CARTESIAN_POINT('',(5.61,-3.052051970865,-0.3261589651275));
#10275=CARTESIAN_POINT('',(5.61,-3.068644712743,-0.32));
#10276=AXIS2_PLACEMENT_3D('',#11443,#11444,#11445);
#10277=CARTESIAN_POINT('',(1.1,-3.068644712743,-0.32));
#10278=AXIS2_PLACEMENT_3D('',#11446,#11447,#11448);
#10279=CARTESIAN_POINT('',(1.1,-3.068644712743,-0.32));
#10280=CARTESIAN_POINT('',(1.1,-3.052604398537,-0.3259539126537));
#10281=CARTESIAN_POINT('',(1.099702584105,-3.021324164048,-0.3403679157307));
#10282=CARTESIAN_POINT('',(1.096184727303,-2.975345795112,-0.3719133260749));
#10283=CARTESIAN_POINT('',(1.087236521702,-2.936542955967,-0.4100306799727));
#10284=CARTESIAN_POINT('',(1.070583625539,-2.905981326156,-0.4523204195786));
#10285=CARTESIAN_POINT('',(1.046735878762,-2.885303338618,-0.4928694368498));
#10286=CARTESIAN_POINT('',(1.014754974003,-2.871546643789,-0.5317622489598));
#10287=CARTESIAN_POINT('',(0.9714835026646,-2.863590975661,-0.5684111097284));
#10288=CARTESIAN_POINT('',(0.9203177048074,-2.860537800521,-0.5970053129076));
#10289=CARTESIAN_POINT('',(0.8614596737151,-2.859951915874,-0.6158080474426));
#10290=CARTESIAN_POINT('',(0.8205868586654,-2.86,-0.62));
#10291=CARTESIAN_POINT('',(0.8000000807286,-2.86,-0.62));
#10292=CARTESIAN_POINT('',(-5.61,-3.068644712743,-0.32));
#10293=AXIS2_PLACEMENT_3D('',#11449,#11450,#11451);
#10294=CARTESIAN_POINT('',(-5.61,-3.068644712743,-0.32));
#10295=CARTESIAN_POINT('',(-5.61,-3.052051970865,-0.3261589651275));
#10296=CARTESIAN_POINT('',(-5.610325356338,-3.019986356456,-0.3410746041935));
#10297=CARTESIAN_POINT('',(-5.614018867143,-2.973819540731,-0.3731650827586));
#10298=CARTESIAN_POINT('',(-5.62324147082,-2.935214781989,-0.4115858279066));
#10299=CARTESIAN_POINT('',(-5.640210662198,-2.905013639759,-0.4539357721307));
#10300=CARTESIAN_POINT('',(-5.664336486657,-2.884636793298,-0.4944265685525));
#10301=CARTESIAN_POINT('',(-5.696841121236,-2.87111651039,-0.5333507700711));
#10302=CARTESIAN_POINT('',(-5.739780312431,-2.86348688119,-0.5692217468563));
#10303=CARTESIAN_POINT('',(-5.790640950374,-2.860517411334,-0.5973869168308));
#10304=CARTESIAN_POINT('',(-5.848996353559,-2.859954593599,-0.6158609575283));
#10305=CARTESIAN_POINT('',(-5.889534990859,-2.859999986342,-0.6199999980579));
#10306=CARTESIAN_POINT('',(-5.909979095964,-2.859999986342,-0.6199999980579));
#10307=CARTESIAN_POINT('',(-1.1,-3.068644712743,-0.32));
#10308=CARTESIAN_POINT('',(-0.8000000264365,-2.86,-0.62));
#10309=CARTESIAN_POINT('',(-0.8205868043733,-2.86,-0.62));
#10310=CARTESIAN_POINT('',(-0.8614596989121,-2.859951915874,-0.6158080474426));
#10311=CARTESIAN_POINT('',(-0.9203176980559,-2.860537800521,-0.5970053129076));
#10312=CARTESIAN_POINT('',(-0.9714835044737,-2.863590975661,-0.5684111097284));
#10313=CARTESIAN_POINT('',(-1.014754973518,-2.871546643789,-0.5317622489598));
#10314=CARTESIAN_POINT('',(-1.046735878892,-2.885303338618,-0.4928694368498));
#10315=CARTESIAN_POINT('',(-1.070583625504,-2.905981326156,-0.4523204195786));
#10316=CARTESIAN_POINT('',(-1.087236521711,-2.936542955967,-0.4100306799727));
#10317=CARTESIAN_POINT('',(-1.096184727301,-2.975345795112,-0.3719133260749));
#10318=CARTESIAN_POINT('',(-1.099702584106,-3.021324164048,-0.3403679157307));
#10319=CARTESIAN_POINT('',(-1.1,-3.052604398537,-0.3259539126537));
#10320=CARTESIAN_POINT('',(-1.1,-3.068644712743,-0.32));
#10321=AXIS2_PLACEMENT_3D('',#11452,#11453,#11454);
#10322=CARTESIAN_POINT('',(1.1,-2.63741360135,-0.32));
#10323=CARTESIAN_POINT('',(1.1,-2.63741360135,-0.32));
#10324=VECTOR('',#11455,0.4312311113934);
#10325=CARTESIAN_POINT('',(0.8000000787219,-2.56,-0.62));
#10326=CARTESIAN_POINT('',(0.8202428137759,-2.56,-0.62));
#10327=CARTESIAN_POINT('',(0.8606842206325,-2.55997678575,-0.6159350213268));
#10328=CARTESIAN_POINT('',(0.9194406051888,-2.560263452023,-0.5974096199011));
#10329=CARTESIAN_POINT('',(0.9717269525621,-2.561836306613,-0.5684075952295));
#10330=CARTESIAN_POINT('',(1.017869549574,-2.566163477535,-0.5291551079918));
#10331=CARTESIAN_POINT('',(1.054147726134,-2.574730376474,-0.4827201495437));
#10332=CARTESIAN_POINT('',(1.079722552369,-2.587944718893,-0.4332318946969));
#10333=CARTESIAN_POINT('',(1.096357559031,-2.608270220606,-0.3774931799969));
#10334=CARTESIAN_POINT('',(1.1,-2.626810248384,-0.3391774503314));
#10335=CARTESIAN_POINT('',(1.1,-2.63741360135,-0.32));
#10336=AXIS2_PLACEMENT_3D('',#11456,#11457,#11458);
#10337=AXIS2_PLACEMENT_3D('',#11459,#11460,#11461);
#10338=CARTESIAN_POINT('',(-5.61,-2.63741360135,-0.32));
#10339=CARTESIAN_POINT('',(-5.909979095964,-2.559999993022,-0.6199999980579));
#10340=CARTESIAN_POINT('',(-5.889713477107,-2.559999993022,-0.6199999980579));
#10341=CARTESIAN_POINT('',(-5.849298745054,-2.55997654177,-0.615932312454));
#10342=CARTESIAN_POINT('',(-5.790528739745,-2.560264633489,-0.5973870836843));
#10343=CARTESIAN_POINT('',(-5.73858495554,-2.561828920505,-0.5685743992309));
#10344=CARTESIAN_POINT('',(-5.692836136669,-2.566077442794,-0.5298389664118));
#10345=CARTESIAN_POINT('',(-5.656309210642,-2.57452484061,-0.4835415613696));
#10346=CARTESIAN_POINT('',(-5.630109431695,-2.588018251061,-0.4329326455939));
#10347=CARTESIAN_POINT('',(-5.613626650315,-2.608363796243,-0.3772958033604));
#10348=CARTESIAN_POINT('',(-5.61,-2.626869754214,-0.3390698268172));
#10349=CARTESIAN_POINT('',(-5.61,-2.63741360135,-0.32));
#10350=AXIS2_PLACEMENT_3D('',#11462,#11463,#11464);
#10351=CARTESIAN_POINT('',(-1.1,-2.63741360135,-0.32));
#10352=AXIS2_PLACEMENT_3D('',#11465,#11466,#11467);
#10353=CARTESIAN_POINT('',(-1.1,-2.63741360135,-0.32));
#10354=CARTESIAN_POINT('',(-1.1,-2.626810248384,-0.3391774503314));
#10355=CARTESIAN_POINT('',(-1.096357559041,-2.608270220606,-0.3774931799969));
#10356=CARTESIAN_POINT('',(-1.079722552334,-2.587944718893,-0.4332318946969));
#10357=CARTESIAN_POINT('',(-1.054147726265,-2.574730376474,-0.4827201495437));
#10358=CARTESIAN_POINT('',(-1.017869549085,-2.566163477535,-0.5291551079918));
#10359=CARTESIAN_POINT('',(-0.9717269543871,-2.561836306613,-0.5684075952295));
#10360=CARTESIAN_POINT('',(-0.9194405983777,-2.560263452023,-0.597409619901));
#10361=CARTESIAN_POINT('',(-0.8606842460519,-2.559976785751,-0.6159350213268));
#10362=CARTESIAN_POINT('',(-0.8202427590047,-2.56,-0.62));
#10363=CARTESIAN_POINT('',(-0.8000000239507,-2.56,-0.62));
#10364=CARTESIAN_POINT('',(1.1,-3.26,0.0));
#10365=VECTOR('',#11468,0.3);
#10366=CARTESIAN_POINT('',(1.4,-3.56,0.0));
#10367=VECTOR('',#11469,0.3);
#10368=CARTESIAN_POINT('',(5.31,-3.56,-0.3));
#10369=VECTOR('',#11470,0.3);
#10370=CARTESIAN_POINT('',(-5.31,-3.56,0.0));
#10371=VECTOR('',#11471,0.3);
#10372=CARTESIAN_POINT('',(-1.4,-3.56,-0.3));
#10373=VECTOR('',#11472,0.3);
#10374=CARTESIAN_POINT('',(5.61,-3.26,-0.3));
#10375=VECTOR('',#11473,0.3);
#10376=CARTESIAN_POINT('',(-1.1,-3.26,-0.3));
#10377=VECTOR('',#11474,0.3);
#10378=CARTESIAN_POINT('',(-1.1,-3.068644712743,-0.32));
#10379=VECTOR('',#11475,0.4312311113934);
#10380=CARTESIAN_POINT('',(-5.61,-3.26,0.0));
#10381=VECTOR('',#11476,0.3);
#10382=CARTESIAN_POINT('',(-5.61,-2.63741360135,-0.32));
#10383=VECTOR('',#11477,0.4312311113934);
#10384=CARTESIAN_POINT('',(-6.549999986342,-2.219979095964,-0.6199999980579));
#10385=CARTESIAN_POINT('',(-6.549999986342,-2.199534990858,-0.6199999980579));
#10386=CARTESIAN_POINT('',(-6.549954593599,-2.158996353558,-0.6158609575282));
#10387=CARTESIAN_POINT('',(-6.550517411334,-2.100640950374,-0.5973869168307));
#10388=CARTESIAN_POINT('',(-6.55348688119,-2.04978031243,-0.5692217468562));
#10389=CARTESIAN_POINT('',(-6.56111651039,-2.006841121236,-0.533350770071));
#10390=CARTESIAN_POINT('',(-6.574636793298,-1.974336486657,-0.4944265685525));
#10391=CARTESIAN_POINT('',(-6.595013639759,-1.950210662198,-0.4539357721306));
#10392=CARTESIAN_POINT('',(-6.62521478199,-1.93324147082,-0.4115858279066));
#10393=CARTESIAN_POINT('',(-6.663819540731,-1.924018867143,-0.3731650827585));
#10394=CARTESIAN_POINT('',(-6.709986356456,-1.920325356338,-0.3410746041935));
#10395=CARTESIAN_POINT('',(-6.742051970865,-1.92,-0.3261589651275));
#10396=CARTESIAN_POINT('',(-6.758644712743,-1.92,-0.32));
#10397=CARTESIAN_POINT('',(-1.719578250747,-2.86013505375,-7.964215182419));
#10398=CARTESIAN_POINT('',(-1.712922520731,-2.86,-8.02724811809));
#10399=CARTESIAN_POINT('',(-1.714744242703,-2.860718765573,-8.006163107944));
#10400=CARTESIAN_POINT('',(-1.716962819375,-2.86076378349,-7.985130147851));
#10401=CARTESIAN_POINT('',(-1.719578250747,-2.86013505375,-7.964215182419));
#10402=CARTESIAN_POINT('',(-4.280421749253,-2.86013505375,-7.964215182419));
#10403=CARTESIAN_POINT('',(-4.280421749253,-2.86013505375,-7.964215182419));
#10404=VECTOR('',#11478,2.560843498506);
#10405=CARTESIAN_POINT('',(-4.287077479269,-2.86,-8.02724811809));
#10406=CARTESIAN_POINT('',(-4.285255757297,-2.860718765573,-8.006163107944));
#10407=CARTESIAN_POINT('',(-4.283037180625,-2.86076378349,-7.985130147851));
#10408=CARTESIAN_POINT('',(-4.280421749253,-2.86013505375,-7.964215182419));
#10409=CARTESIAN_POINT('',(-4.280421749253,-2.56,-7.974));
#10410=CARTESIAN_POINT('',(-4.280421749253,-2.56,-7.974));
#10411=CARTESIAN_POINT('',(-4.280421749253,-2.660045017917,-7.97073839414));
#10412=CARTESIAN_POINT('',(-4.280421749253,-2.760090035833,-7.967476788279));
#10413=CARTESIAN_POINT('',(-4.280421749253,-2.86013505375,-7.964215182419));
#10414=CARTESIAN_POINT('',(-4.287077479269,-2.56,-8.02724811809));
#10415=CARTESIAN_POINT('',(-4.284856584495,-2.560577742524,-8.009489619886));
#10416=CARTESIAN_POINT('',(-4.282638007823,-2.560577742524,-7.991721411985));
#10417=CARTESIAN_POINT('',(-4.280421749253,-2.56,-7.974));
#10418=CARTESIAN_POINT('',(-1.719578250747,-2.56,-7.974));
#10419=CARTESIAN_POINT('',(-1.719578250747,-2.56,-7.974));
#10420=VECTOR('',#11479,2.560843498506);
#10421=CARTESIAN_POINT('',(-1.712922520731,-2.56,-8.02724811809));
#10422=CARTESIAN_POINT('',(-1.715143415505,-2.560577742524,-8.009489619886));
#10423=CARTESIAN_POINT('',(-1.717361992177,-2.560577742524,-7.991721411985));
#10424=CARTESIAN_POINT('',(-1.719578250747,-2.56,-7.974));
#10425=CARTESIAN_POINT('',(-1.719578250747,-2.86013505375,-7.964215182419));
#10426=CARTESIAN_POINT('',(-1.719578250747,-2.760090035833,-7.967476788279));
#10427=CARTESIAN_POINT('',(-1.719578250747,-2.660045017917,-7.97073839414));
#10428=CARTESIAN_POINT('',(-1.719578250747,-2.56,-7.974));
#10429=CARTESIAN_POINT('',(-2.262563409789,-2.277055543617,-3.639157268131));
#10430=CARTESIAN_POINT('',(-1.719578250747,-2.56,-7.974));
#10431=CARTESIAN_POINT('',(-1.809981220002,-2.536433417851,-7.251129354565));
#10432=CARTESIAN_POINT('',(-1.990976273016,-2.442081062187,-5.805606694701));
#10433=CARTESIAN_POINT('',(-2.172065883282,-2.324212953014,-4.361631056775));
#10434=CARTESIAN_POINT('',(-2.262563409789,-2.277055543617,-3.639157268131));
#10435=CARTESIAN_POINT('',(-2.262563409789,-2.587547783844,-3.618890775536));
#10436=CARTESIAN_POINT('',(-2.262563409789,-2.587547783844,-3.618890775536));
#10437=VECTOR('',#11480,0.3111529558965);
#10438=CARTESIAN_POINT('',(-1.719578250747,-2.86013505375,-7.964215182419));
#10439=CARTESIAN_POINT('',(-1.810174207962,-2.838356477098,-7.239741455516));
#10440=CARTESIAN_POINT('',(-1.990961310233,-2.747454360139,-5.790756644839));
#10441=CARTESIAN_POINT('',(-2.171857932539,-2.632976926065,-4.343144589235));
#10442=CARTESIAN_POINT('',(-2.262563409789,-2.587547783844,-3.618890775536));
#10443=CARTESIAN_POINT('',(-3.737436590211,-2.587547783844,-3.618890775536));
#10444=CARTESIAN_POINT('',(-3.737436590211,-2.587547783844,-3.618890775536));
#10445=VECTOR('',#11481,1.474873180422);
#10446=CARTESIAN_POINT('',(-4.280421749253,-2.86013505375,-7.964215182419));
#10447=CARTESIAN_POINT('',(-4.189825792038,-2.838356477098,-7.239741455516));
#10448=CARTESIAN_POINT('',(-4.009038689767,-2.747454360139,-5.790756644839));
#10449=CARTESIAN_POINT('',(-3.828142067461,-2.632976926065,-4.343144589235));
#10450=CARTESIAN_POINT('',(-3.737436590211,-2.587547783844,-3.618890775536));
#10451=CARTESIAN_POINT('',(-3.737436590211,-2.277055543617,-3.639157268131));
#10452=CARTESIAN_POINT('',(-3.737436590211,-2.277055543617,-3.639157268131));
#10453=VECTOR('',#11482,0.3111529558965);
#10454=CARTESIAN_POINT('',(-4.280421749253,-2.56,-7.974));
#10455=CARTESIAN_POINT('',(-4.190018779998,-2.536433417851,-7.251129354565));
#10456=CARTESIAN_POINT('',(-4.009023726984,-2.442081062187,-5.805606694701));
#10457=CARTESIAN_POINT('',(-3.827934116718,-2.324212953014,-4.361631056775));
#10458=CARTESIAN_POINT('',(-3.737436590211,-2.277055543617,-3.639157268131));
#10459=CARTESIAN_POINT('',(-2.262563409789,-2.277055543617,-3.639157268131));
#10460=VECTOR('',#11483,1.474873180422);
#10461=CARTESIAN_POINT('',(-3.691506169066,-2.069655872268,-3.360210526316));
#10462=CARTESIAN_POINT('',(-3.737436590211,-2.277055543617,-3.639157268131));
#10463=CARTESIAN_POINT('',(-3.734884900147,-2.275725881938,-3.618786223099));
#10464=CARTESIAN_POINT('',(-3.72978152002,-2.269155966714,-3.578299916092));
#10465=CARTESIAN_POINT('',(-3.722126449829,-2.247929056958,-3.520553437937));
#10466=CARTESIAN_POINT('',(-3.714471379639,-2.216105268459,-3.467899174649));
#10467=CARTESIAN_POINT('',(-3.706816309448,-2.174846722322,-3.422259747314));
#10468=CARTESIAN_POINT('',(-3.699161239257,-2.125659905377,-3.385301737683));
#10469=CARTESIAN_POINT('',(-3.69405785913,-2.08878093597,-3.367350513306));
#10470=CARTESIAN_POINT('',(-3.691506169066,-2.069655872268,-3.360210526316));
#10471=CARTESIAN_POINT('',(-2.308493830934,-2.069655872268,-3.360210526316));
#10472=CARTESIAN_POINT('',(-2.308493830934,-2.069655872268,-3.360210526316));
#10473=VECTOR('',#11484,1.383012338133);
#10474=CARTESIAN_POINT('',(-2.262563409789,-2.277055543617,-3.639157268131));
#10475=CARTESIAN_POINT('',(-2.265115099853,-2.275725881938,-3.618786223099));
#10476=CARTESIAN_POINT('',(-2.27021847998,-2.269155966714,-3.578299916092));
#10477=CARTESIAN_POINT('',(-2.277873550171,-2.247929056958,-3.520553437937));
#10478=CARTESIAN_POINT('',(-2.285528620361,-2.216105268459,-3.467899174649));
#10479=CARTESIAN_POINT('',(-2.293183690552,-2.174846722322,-3.422259747314));
#10480=CARTESIAN_POINT('',(-2.300838760743,-2.125659905377,-3.385301737683));
#10481=CARTESIAN_POINT('',(-2.30594214087,-2.08878093597,-3.367350513306));
#10482=CARTESIAN_POINT('',(-2.308493830934,-2.069655872268,-3.360210526316));
#10483=CARTESIAN_POINT('',(-2.308493830934,-2.178808388524,-3.067836208327));
#10484=CARTESIAN_POINT('',(-2.308493830934,-2.178808388524,-3.067836208327));
#10485=VECTOR('',#11485,0.3120849461678);
#10486=CARTESIAN_POINT('',(-2.262563409789,-2.587547783844,-3.618890775536));
#10487=CARTESIAN_POINT('',(-2.266736699229,-2.585457623853,-3.585568413048));
#10488=CARTESIAN_POINT('',(-2.273402098416,-2.575907637798,-3.518444789144));
#10489=CARTESIAN_POINT('',(-2.279750485072,-2.544567403087,-3.419053438236));
#10490=CARTESIAN_POINT('',(-2.283806912157,-2.497195212944,-3.32607562642));
#10491=CARTESIAN_POINT('',(-2.287112088674,-2.435087966406,-3.241957485696));
#10492=CARTESIAN_POINT('',(-2.291145724835,-2.359787760433,-3.168949588085));
#10493=CARTESIAN_POINT('',(-2.297493747012,-2.27307773645,-3.109136948584));
#10494=CARTESIAN_POINT('',(-2.304237881045,-2.210676773303,-3.079825858261));
#10495=CARTESIAN_POINT('',(-2.308493830934,-2.178808388524,-3.067836208327));
#10496=CARTESIAN_POINT('',(-3.691506169066,-2.178808388524,-3.067836208327));
#10497=CARTESIAN_POINT('',(-3.691506169066,-2.178808388524,-3.067836208327));
#10498=VECTOR('',#11486,1.383012338133);
#10499=CARTESIAN_POINT('',(-3.737436590211,-2.587547783844,-3.618890775536));
#10500=CARTESIAN_POINT('',(-3.733263300771,-2.585457623853,-3.585568413048));
#10501=CARTESIAN_POINT('',(-3.726597901584,-2.575907637798,-3.518444789144));
#10502=CARTESIAN_POINT('',(-3.720249514928,-2.544567403087,-3.419053438236));
#10503=CARTESIAN_POINT('',(-3.716193087843,-2.497195212944,-3.32607562642));
#10504=CARTESIAN_POINT('',(-3.712887911326,-2.435087966406,-3.241957485696));
#10505=CARTESIAN_POINT('',(-3.708854275165,-2.359787760433,-3.168949588085));
#10506=CARTESIAN_POINT('',(-3.702506252988,-2.27307773645,-3.109136948584));
#10507=CARTESIAN_POINT('',(-3.695762118955,-2.210676773303,-3.079825858261));
#10508=CARTESIAN_POINT('',(-3.691506169066,-2.178808388524,-3.067836208327));
#10509=CARTESIAN_POINT('',(-3.691506169066,-2.069655872268,-3.360210526316));
#10510=VECTOR('',#11487,0.3120849461678);
#10511=CARTESIAN_POINT('',(-3.534100512913,-2.067458589795,-2.547458589795));
#10512=CARTESIAN_POINT('',(-3.691506169066,-2.178808388524,-3.067836208327));
#10513=CARTESIAN_POINT('',(-3.689010677554,-2.160122246575,-3.060806033998));
#10514=CARTESIAN_POINT('',(-3.682572829458,-2.12356259593,-3.042994151985));
#10515=CARTESIAN_POINT('',(-3.668995288921,-2.073504164407,-3.005069936716));
#10516=CARTESIAN_POINT('',(-3.652164471973,-2.03107629473,-2.956815142533));
#10517=CARTESIAN_POINT('',(-3.633300581274,-1.999227676908,-2.900942876147));
#10518=CARTESIAN_POINT('',(-3.613369527247,-1.979219684989,-2.839721002259));
#10519=CARTESIAN_POINT('',(-3.593379822212,-1.971961164157,-2.775696594908));
#10520=CARTESIAN_POINT('',(-3.574344640058,-1.977678658894,-2.711551007716));
#10521=CARTESIAN_POINT('',(-3.557120961272,-1.996463634971,-2.649326789654));
#10522=CARTESIAN_POINT('',(-3.543222769253,-2.026719826298,-2.593499637842));
#10523=CARTESIAN_POINT('',(-3.536635764209,-2.053080053002,-2.561764374248));
#10524=CARTESIAN_POINT('',(-3.534100512913,-2.067458589795,-2.547458589795));
#10525=CARTESIAN_POINT('',(-3.534100512913,-1.844522727852,-2.324522727852));
#10526=CARTESIAN_POINT('',(-3.534100512913,-1.844522727852,-2.324522727852));
#10527=VECTOR('',#11488,0.3152789194982);
#10528=CARTESIAN_POINT('',(-3.691506169066,-2.069655872268,-3.360210526316));
#10529=CARTESIAN_POINT('',(-3.686736300698,-2.033905434667,-3.346863765053));
#10530=CARTESIAN_POINT('',(-3.677196563962,-1.964837327897,-3.313656163528));
#10531=CARTESIAN_POINT('',(-3.662886958857,-1.871942275969,-3.245941765875));
#10532=CARTESIAN_POINT('',(-3.648577353752,-1.792814159334,-3.162554514565));
#10533=CARTESIAN_POINT('',(-3.634267748647,-1.730058487562,-3.06624030191));
#10534=CARTESIAN_POINT('',(-3.619958143542,-1.685741879506,-2.960170806277));
#10535=CARTESIAN_POINT('',(-3.605648538438,-1.661323681289,-2.847838923652));
#10536=CARTESIAN_POINT('',(-3.591338933333,-1.65760799292,-2.732943783139));
#10537=CARTESIAN_POINT('',(-3.577029328228,-1.674717183229,-2.619268906821));
#10538=CARTESIAN_POINT('',(-3.562719723123,-1.712087800045,-2.510557686048));
#10539=CARTESIAN_POINT('',(-3.548410118018,-1.768489371379,-2.410389861507));
#10540=CARTESIAN_POINT('',(-3.538870381282,-1.817539123341,-2.351506332364));
#10541=CARTESIAN_POINT('',(-3.534100512913,-1.844522727852,-2.324522727852));
#10542=CARTESIAN_POINT('',(-2.465899487087,-1.844522727852,-2.324522727852));
#10543=CARTESIAN_POINT('',(-2.465899487087,-1.844522727852,-2.324522727852));
#10544=VECTOR('',#11489,1.068201025827);
#10545=CARTESIAN_POINT('',(-2.308493830934,-2.069655872268,-3.360210526316));
#10546=CARTESIAN_POINT('',(-2.313263699302,-2.033905434667,-3.346863765053));
#10547=CARTESIAN_POINT('',(-2.322803436038,-1.964837327897,-3.313656163528));
#10548=CARTESIAN_POINT('',(-2.337113041143,-1.871942275969,-3.245941765875));
#10549=CARTESIAN_POINT('',(-2.351422646248,-1.792814159334,-3.162554514565));
#10550=CARTESIAN_POINT('',(-2.365732251353,-1.730058487562,-3.06624030191));
#10551=CARTESIAN_POINT('',(-2.380041856458,-1.685741879506,-2.960170806277));
#10552=CARTESIAN_POINT('',(-2.394351461562,-1.661323681289,-2.847838923652));
#10553=CARTESIAN_POINT('',(-2.408661066667,-1.65760799292,-2.732943783139));
#10554=CARTESIAN_POINT('',(-2.422970671772,-1.674717183229,-2.619268906821));
#10555=CARTESIAN_POINT('',(-2.437280276877,-1.712087800045,-2.510557686048));
#10556=CARTESIAN_POINT('',(-2.451589881982,-1.768489371379,-2.410389861507));
#10557=CARTESIAN_POINT('',(-2.461129618718,-1.817539123341,-2.351506332364));
#10558=CARTESIAN_POINT('',(-2.465899487087,-1.844522727852,-2.324522727852));
#10559=CARTESIAN_POINT('',(-2.465899487087,-2.067458589795,-2.547458589795));
#10560=CARTESIAN_POINT('',(-2.465899487087,-2.067458589795,-2.547458589795));
#10561=VECTOR('',#11490,0.3152789194982);
#10562=CARTESIAN_POINT('',(-2.308493830934,-2.178808388524,-3.067836208327));
#10563=CARTESIAN_POINT('',(-2.310989322446,-2.160122246575,-3.060806033998));
#10564=CARTESIAN_POINT('',(-2.317427170542,-2.12356259593,-3.042994151985));
#10565=CARTESIAN_POINT('',(-2.331004711079,-2.073504164407,-3.005069936716));
#10566=CARTESIAN_POINT('',(-2.347835528027,-2.03107629473,-2.956815142533));
#10567=CARTESIAN_POINT('',(-2.366699418726,-1.999227676908,-2.900942876147));
#10568=CARTESIAN_POINT('',(-2.386630472753,-1.979219684989,-2.839721002259));
#10569=CARTESIAN_POINT('',(-2.406620177788,-1.971961164157,-2.775696594908));
#10570=CARTESIAN_POINT('',(-2.425655359942,-1.977678658894,-2.711551007716));
#10571=CARTESIAN_POINT('',(-2.442879038728,-1.996463634971,-2.649326789654));
#10572=CARTESIAN_POINT('',(-2.456777230747,-2.026719826298,-2.593499637842));
#10573=CARTESIAN_POINT('',(-2.463364235791,-2.053080053002,-2.561764374248));
#10574=CARTESIAN_POINT('',(-2.465899487087,-2.067458589795,-2.547458589795));
#10575=CARTESIAN_POINT('',(-3.534100512913,-2.067458589795,-2.547458589795));
#10576=VECTOR('',#11491,1.068201025827);
#10577=CARTESIAN_POINT('',(-2.6,-2.828002194466,-1.790763174074));
#10578=CARTESIAN_POINT('',(-2.465899487087,-2.067458589795,-2.547458589795));
#10579=VECTOR('',#11492,1.081201865677);
#10580=CARTESIAN_POINT('',(-3.4,-2.828002194466,-1.790763174074));
#10581=CARTESIAN_POINT('',(-3.4,-2.828002194466,-1.790763174074));
#10582=VECTOR('',#11493,0.8);
#10583=CARTESIAN_POINT('',(-3.534100512913,-2.067458589795,-2.547458589795));
#10584=VECTOR('',#11494,1.081201865677);
#10585=CARTESIAN_POINT('',(-3.4,-2.603142238048,-1.565903217656));
#10586=CARTESIAN_POINT('',(-3.4,-2.603142238048,-1.565903217656));
#10587=VECTOR('',#11495,0.318);
#10588=CARTESIAN_POINT('',(-3.534100512913,-1.844522727852,-2.324522727852));
#10589=VECTOR('',#11496,1.081198441575);
#10590=CARTESIAN_POINT('',(-2.6,-2.603142238048,-1.565903217656));
#10591=CARTESIAN_POINT('',(-2.6,-2.603142238048,-1.565903217656));
#10592=VECTOR('',#11497,0.8);
#10593=CARTESIAN_POINT('',(-2.465899487087,-1.844522727852,-2.324522727852));
#10594=VECTOR('',#11498,1.081198441575);
#10595=CARTESIAN_POINT('',(-2.6,-2.828002194466,-1.790763174074));
#10596=VECTOR('',#11499,0.318);
#10597=DIRECTION('',(-0.0,1.0,-0.0));
#10598=CARTESIAN_POINT('',(3.0,2.56,-1.691136511057));
#10599=DIRECTION('',(0.0,-1.0,0.0));
#10600=DIRECTION('',(0.990341277642723,0.0,0.138651194718903));
#10601=DIRECTION('',(0.0,1.0,0.0));
#10602=CARTESIAN_POINT('',(3.0,2.86,-1.691136511057));
#10603=DIRECTION('',(0.0,-1.0,0.0));
#10604=DIRECTION('',(0.990341277642723,0.0,0.138651194718903));
#10605=DIRECTION('',(-0.0,1.0,-0.0));
#10606=CARTESIAN_POINT('',(3.0,-2.86,-1.691136511057));
#10607=DIRECTION('',(0.0,-1.0,0.0));
#10608=DIRECTION('',(0.990341277642723,0.0,0.138651194718903));
#10609=DIRECTION('',(0.0,1.0,0.0));
#10610=CARTESIAN_POINT('',(3.0,-2.56,-1.691136511057));
#10611=DIRECTION('',(0.0,-1.0,0.0));
#10612=DIRECTION('',(0.990341277642723,0.0,0.138651194718903));
#10613=DIRECTION('',(-0.0,1.0,-0.0));
#10614=CARTESIAN_POINT('',(-3.0,2.56,-1.691136511057));
#10615=DIRECTION('',(0.0,-1.0,0.0));
#10616=DIRECTION('',(0.990341277642723,0.0,0.138651194718903));
#10617=DIRECTION('',(0.0,1.0,0.0));
#10618=CARTESIAN_POINT('',(-3.0,2.86,-1.691136511057));
#10619=DIRECTION('',(0.0,-1.0,0.0));
#10620=DIRECTION('',(0.990341277642723,0.0,0.138651194718903));
#10621=DIRECTION('',(-0.0,1.0,-0.0));
#10622=CARTESIAN_POINT('',(-3.0,-2.86,-1.691136511057));
#10623=DIRECTION('',(0.0,-1.0,0.0));
#10624=DIRECTION('',(0.990341277642723,0.0,0.138651194718903));
#10625=DIRECTION('',(0.0,1.0,0.0));
#10626=CARTESIAN_POINT('',(-3.0,-2.56,-1.691136511057));
#10627=DIRECTION('',(0.0,-1.0,0.0));
#10628=DIRECTION('',(0.990341277642723,0.0,0.138651194718903));
#10629=DIRECTION('',(0.0,0.0,-1.0));
#10630=DIRECTION('',(0.0,1.0,0.0));
#10631=DIRECTION('',(0.0,0.0,1.0));
#10632=DIRECTION('',(0.0,1.0,0.0));
#10633=DIRECTION('',(0.0,0.0,1.0));
#10634=DIRECTION('',(-6.75858302099099E-06,-0.999999999976699,-9.61019304787799E-07));
#10635=DIRECTION('',(0.0,1.0,0.0));
#10636=DIRECTION('',(6.75858389391699E-06,-0.999999999976699,9.61019413799199E-07));
#10637=DIRECTION('',(0.0,0.0,-1.0));
#10638=DIRECTION('',(0.0,1.0,0.0));
#10639=DIRECTION('',(0.0,0.0,-1.0));
#10640=DIRECTION('',(0.0,1.0,0.0));
#10641=DIRECTION('',(0.0,1.0,0.0));
#10642=DIRECTION('',(0.0,-0.994975118191174,-0.100122495876097));
#10643=DIRECTION('',(0.0,0.100122495876097,-0.994975118191174));
#10644=CARTESIAN_POINT('',(-6.55,-0.6039673387081,-8.29));
#10645=DIRECTION('',(1.0,0.0,0.0));
#10646=DIRECTION('',(0.0,-0.994975118191184,-0.100122495875998));
#10647=DIRECTION('',(0.0,1.0,0.0));
#10648=CARTESIAN_POINT('',(-6.55,0.6039673387081,-8.29));
#10649=DIRECTION('',(1.0,0.0,0.0));
#10650=DIRECTION('',(0.0,0.0,-1.0));
#10651=DIRECTION('',(0.0,0.100122495876097,0.994975118191174));
#10652=DIRECTION('',(0.0,-0.994975118191174,0.100122495876097));
#10653=DIRECTION('',(-1.0,0.0,0.0));
#10654=DIRECTION('',(0.0,-0.994975118191174,0.100122495876097));
#10655=DIRECTION('',(-1.0,0.0,0.0));
#10656=DIRECTION('',(0.0,-0.994975118191174,0.100122495876097));
#10657=DIRECTION('',(1.0,0.0,0.0));
#10658=DIRECTION('',(-1.0,0.0,0.0));
#10659=DIRECTION('',(0.0,-0.994975118191174,0.100122495876097));
#10660=DIRECTION('',(0.0,0.0,-1.0));
#10661=DIRECTION('',(0.0,1.0,0.0));
#10662=DIRECTION('',(0.0,0.0,1.0));
#10663=DIRECTION('',(-6.75858345442399E-06,-0.999999999976699,9.61019194051799E-07));
#10664=DIRECTION('',(0.0,-1.0,0.0));
#10665=DIRECTION('',(6.75858258149399E-06,-0.999999999976699,-9.61019249850599E-07));
#10666=DIRECTION('',(0.0,0.0,-1.0));
#10667=DIRECTION('',(0.0,1.0,0.0));
#10668=DIRECTION('',(0.0,0.0,-1.0));
#10669=DIRECTION('',(0.0,1.0,0.0));
#10670=DIRECTION('',(0.0,0.0,1.0));
#10671=DIRECTION('',(0.0,1.0,0.0));
#10672=DIRECTION('',(0.0,0.100122495876097,0.994975118191174));
#10673=CARTESIAN_POINT('',(6.55,0.6039673387081,-8.29));
#10674=DIRECTION('',(1.0,0.0,0.0));
#10675=DIRECTION('',(0.0,0.0,-1.0));
#10676=DIRECTION('',(0.0,1.0,0.0));
#10677=CARTESIAN_POINT('',(6.55,-0.6039673387081,-8.29));
#10678=DIRECTION('',(1.0,0.0,0.0));
#10679=DIRECTION('',(0.0,-0.994975118191184,-0.100122495875998));
#10680=DIRECTION('',(0.0,0.100122495876097,-0.994975118191174));
#10681=DIRECTION('',(0.0,-0.994975118191174,-0.100122495876097));
#10682=DIRECTION('',(0.0,1.0,0.0));
#10683=DIRECTION('',(0.00270758586370001,0.0942069670310202,-0.995548952257802));
#10684=DIRECTION('',(0.0,-1.0,0.0));
#10685=DIRECTION('',(0.0027075858637,-0.09420696703104,-0.9955489522578));
#10686=DIRECTION('',(1.0,0.0,0.0));
#10687=DIRECTION('',(3.71924509348502E-14,-0.0942073123495806,-0.995552601473106));
#10688=DIRECTION('',(0.0,1.0,0.0));
#10689=DIRECTION('',(0.0,0.0,-1.0));
#10690=DIRECTION('',(-3.45292745879492E-06,0.999999999993577,9.61019304723278E-07));
#10691=DIRECTION('',(0.0,1.0,0.0));
#10692=DIRECTION('',(3.45292701637992E-06,0.999999999993577,-9.61019413784778E-07));
#10693=DIRECTION('',(0.0,0.0,-1.0));
#10694=DIRECTION('',(0.0,0.100122495876097,-0.994975118191174));
#10695=CARTESIAN_POINT('',(6.25,-0.6039673387081,-8.29));
#10696=DIRECTION('',(1.0,0.0,0.0));
#10697=DIRECTION('',(0.0,-0.994975118191184,-0.100122495875998));
#10698=DIRECTION('',(0.0,1.0,0.0));
#10699=CARTESIAN_POINT('',(6.25,0.6039673387081,-8.29));
#10700=DIRECTION('',(1.0,0.0,0.0));
#10701=DIRECTION('',(0.0,0.0,-1.0));
#10702=DIRECTION('',(0.0,0.100122495876097,0.994975118191174));
#10703=DIRECTION('',(0.0,1.0,0.0));
#10704=DIRECTION('',(3.71924509348602E-14,0.0942073123495806,-0.995552601473106));
#10705=DIRECTION('',(0.0,-0.994975118191174,-0.100122495876097));
#10706=DIRECTION('',(-2.179889186951E-14,0.0,1.0));
#10707=DIRECTION('',(0.0,1.0,0.0));
#10708=DIRECTION('',(0.0,0.0,1.0));
#10709=DIRECTION('',(0.0,1.0,0.0));
#10710=DIRECTION('',(-1.0,0.0,0.0));
#10711=DIRECTION('',(-1.0,0.0,0.0));
#10712=DIRECTION('',(1.0,0.0,0.0));
#10713=DIRECTION('',(0.0,-0.994975118191174,-0.100122495876097));
#10714=DIRECTION('',(-1.0,0.0,0.0));
#10715=DIRECTION('',(-1.0,0.0,0.0));
#10716=DIRECTION('',(-0.994692713626677,0.0,0.102890259295998));
#10717=DIRECTION('',(0.0,-1.0,0.0));
#10718=DIRECTION('',(0.994692713626677,0.0,-0.102890259295998));
#10719=DIRECTION('',(0.0,1.0,0.0));
#10720=DIRECTION('',(-0.102432665308299,-0.094207312349579,-0.990268918717389));
#10721=DIRECTION('',(0.0,1.0,0.0));
#10722=DIRECTION('',(-0.102432665308299,0.094207312349579,-0.990268918717389));
#10723=DIRECTION('',(-0.994692713626677,0.0,0.102890259295998));
#10724=DIRECTION('',(-0.0997390739095189,0.0942069670310389,-0.990543873081089));
#10725=DIRECTION('',(0.0,-1.0,0.0));
#10726=DIRECTION('',(-0.0997390739095189,-0.0942069670310389,-0.990543873081089));
#10727=DIRECTION('',(0.994692713626677,0.0,-0.102890259295998));
#10728=DIRECTION('',(0.0,0.0,1.0));
#10729=DIRECTION('',(0.0,1.0,0.0));
#10730=DIRECTION('',(0.0,0.0,-1.0));
#10731=DIRECTION('',(0.0,-1.0,0.0));
#10732=DIRECTION('',(0.0,0.100122495876097,-0.994975118191174));
#10733=DIRECTION('',(-1.0,0.0,0.0));
#10734=DIRECTION('',(-1.0,0.0,0.0));
#10735=CARTESIAN_POINT('',(-6.25,-0.6039673387081,-8.29));
#10736=DIRECTION('',(1.0,0.0,0.0));
#10737=DIRECTION('',(0.0,-0.994975118191184,-0.100122495875998));
#10738=DIRECTION('',(-1.0,0.0,0.0));
#10739=DIRECTION('',(-1.0,0.0,0.0));
#10740=DIRECTION('',(0.0,1.0,0.0));
#10741=DIRECTION('',(-1.0,0.0,0.0));
#10742=DIRECTION('',(-1.0,0.0,0.0));
#10743=CARTESIAN_POINT('',(-6.25,0.6039673387081,-8.29));
#10744=DIRECTION('',(1.0,0.0,0.0));
#10745=DIRECTION('',(0.0,0.0,-1.0));
#10746=DIRECTION('',(-1.0,0.0,0.0));
#10747=DIRECTION('',(-1.0,0.0,0.0));
#10748=DIRECTION('',(0.0,0.100122495876097,0.994975118191174));
#10749=DIRECTION('',(3.45293137039592E-06,-0.999999999993577,9.61021599868178E-07));
#10750=DIRECTION('',(0.0,-1.0,0.0));
#10751=DIRECTION('',(-3.45292354452592E-06,-0.999999999993577,-9.61017063772778E-07));
#10752=DIRECTION('',(0.0,0.0,-1.0));
#10753=DIRECTION('',(0.0,-1.0,0.0));
#10754=DIRECTION('',(0.0,0.0,-1.0));
#10755=DIRECTION('',(0.0,0.095172314752378,-0.995460813143679));
#10756=DIRECTION('',(0.0,-1.0,0.0));
#10757=DIRECTION('',(0.0,-0.0951723147523482,-0.995460813143682));
#10758=DIRECTION('',(0.0,0.0,-1.0));
#10759=DIRECTION('',(0.0,1.0,0.0));
#10760=DIRECTION('',(0.0,0.0,-1.0));
#10761=DIRECTION('',(0.0,-1.0,0.0));
#10762=DIRECTION('',(1.0,0.0,0.0));
#10763=DIRECTION('',(-0.00273532051991797,-0.0951719587131089,-0.995457089128589));
#10764=DIRECTION('',(0.0,1.0,0.0));
#10765=DIRECTION('',(-0.00273532051991798,0.0951719587130891,-0.995457089128591));
#10766=DIRECTION('',(-1.0,0.0,0.0));
#10767=DIRECTION('',(-0.994692286082782,0.0,-0.102894392497398));
#10768=DIRECTION('',(0.0,-1.0,0.0));
#10769=DIRECTION('',(0.994692286082782,0.0,0.102894392497398));
#10770=DIRECTION('',(0.0,1.0,0.0));
#10771=DIRECTION('',(0.0997061502221296,-0.0951719587131097,-0.990454936825796));
#10772=DIRECTION('',(0.0,1.0,0.0));
#10773=DIRECTION('',(0.0997061502221296,0.0951719587131097,-0.990454936825796));
#10774=DIRECTION('',(-0.994692286082782,0.0,-0.102894392497398));
#10775=DIRECTION('',(0.102427335623401,0.095172314752371,-0.99017719193171));
#10776=DIRECTION('',(0.0,-1.0,0.0));
#10777=DIRECTION('',(0.102427335623401,-0.095172314752371,-0.99017719193171));
#10778=DIRECTION('',(0.994692286082782,0.0,0.102894392497398));
#10779=DIRECTION('',(0.115316541865201,0.0,-0.993328795098708));
#10780=DIRECTION('',(0.0,1.0,0.0));
#10781=DIRECTION('',(-0.115316541865201,0.0,0.993328795098708));
#10782=DIRECTION('',(0.0,-1.0,0.0));
#10783=CARTESIAN_POINT('',(-5.912,2.222,-0.62));
#10784=DIRECTION('',(0.0,-0.0,1.0));
#10785=DIRECTION('',(0.0,1.0,0.0));
#10786=CARTESIAN_POINT('',(-5.912,2.222,-8.88));
#10787=DIRECTION('',(0.0,-0.0,1.0));
#10788=DIRECTION('',(0.0,1.0,0.0));
#10789=DIRECTION('',(0.0,0.0,-1.0));
#10790=DIRECTION('',(-0.999999999964148,7.29230155362735E-06,-4.30418814466221E-06));
#10791=DIRECTION('',(-1.0,0.0,0.0));
#10792=DIRECTION('',(0.0,0.0,-1.0));
#10793=DIRECTION('',(-0.999999999993577,-3.45293941875292E-06,9.61025971915078E-07));
#10794=DIRECTION('',(-1.0,1.365574809431E-09,-3.800683368056E-10));
#10795=DIRECTION('',(1.0,0.0,0.0));
#10796=DIRECTION('',(-1.0,-2.917655162471E-09,1.72210881135E-09));
#10797=DIRECTION('',(-1.0,0.0,0.0));
#10798=DIRECTION('',(0.990341277642723,0.0,-0.138651194718903));
#10799=DIRECTION('',(-0.138651194718903,0.0,-0.990341277642723));
#10800=CARTESIAN_POINT('',(3.0,2.56,-1.691136511057));
#10801=DIRECTION('',(0.0,-1.0,0.0));
#10802=DIRECTION('',(0.990341277642723,0.0,0.138651194718903));
#10803=DIRECTION('',(-0.138651194718903,0.0,0.990341277642723));
#10804=DIRECTION('',(0.990341277642723,0.0,0.138651194718903));
#10805=DIRECTION('',(-1.0,0.0,0.0));
#10806=DIRECTION('',(0.990341277642723,0.0,-0.138651194718903));
#10807=DIRECTION('',(-0.138651194718903,0.0,-0.990341277642723));
#10808=CARTESIAN_POINT('',(-3.0,2.56,-1.691136511057));
#10809=DIRECTION('',(0.0,-1.0,0.0));
#10810=DIRECTION('',(0.990341277642723,0.0,0.138651194718903));
#10811=DIRECTION('',(-0.138651194718903,0.0,0.990341277642723));
#10812=DIRECTION('',(0.990341277642723,0.0,0.138651194718903));
#10813=DIRECTION('',(0.0,1.0,0.0));
#10814=DIRECTION('',(0.990341277642723,0.0,0.138651194718903));
#10815=DIRECTION('',(0.0,1.0,0.0));
#10816=DIRECTION('',(0.990341277642723,0.0,0.138651194718903));
#10817=DIRECTION('',(-3.678538954925E-13,1.0,-1.06581410364E-13));
#10818=DIRECTION('',(0.0,1.0,0.0));
#10819=DIRECTION('',(0.990341277642723,0.0,0.138651194718903));
#10820=DIRECTION('',(0.999999999993577,-3.45292745900992E-06,-9.61019249846278E-07));
#10821=DIRECTION('',(0.0,0.0,-1.0));
#10822=DIRECTION('',(1.0,0.0,0.0));
#10823=DIRECTION('',(0.0,0.0,-1.0));
#10824=DIRECTION('',(0.999999999993577,3.45292723926592E-06,9.61019249847178E-07));
#10825=DIRECTION('',(1.0,-1.365566181826E-09,-3.800656819781E-10));
#10826=DIRECTION('',(1.0,0.0,0.0));
#10827=DIRECTION('',(1.0,1.365566196463E-09,3.800657077784E-10));
#10828=DIRECTION('',(1.0,0.0,0.0));
#10829=DIRECTION('',(0.990341277642723,0.0,0.138651194718903));
#10830=DIRECTION('',(-0.138651194718903,0.0,0.990341277642723));
#10831=CARTESIAN_POINT('',(3.0,-2.56,-1.691136511057));
#10832=DIRECTION('',(0.0,-1.0,0.0));
#10833=DIRECTION('',(0.990341277642723,0.0,0.138651194718903));
#10834=DIRECTION('',(-0.138651194718903,0.0,-0.990341277642723));
#10835=DIRECTION('',(0.990341277642723,0.0,-0.138651194718903));
#10836=DIRECTION('',(1.0,0.0,0.0));
#10837=DIRECTION('',(-0.138651194718903,0.0,0.990341277642723));
#10838=CARTESIAN_POINT('',(-3.0,-2.56,-1.691136511057));
#10839=DIRECTION('',(0.0,-1.0,0.0));
#10840=DIRECTION('',(0.990341277642723,0.0,0.138651194718903));
#10841=DIRECTION('',(-0.138651194718903,0.0,-0.990341277642723));
#10842=DIRECTION('',(0.990341277642723,0.0,-0.138651194718903));
#10843=DIRECTION('',(0.0,-1.0,0.0));
#10844=DIRECTION('',(0.0,1.0,0.0));
#10845=DIRECTION('',(0.990341277642723,0.0,-0.138651194718903));
#10846=DIRECTION('',(-3.641531520771E-13,-1.0,1.06581410364E-13));
#10847=DIRECTION('',(0.990341277642723,0.0,-0.138651194718903));
#10848=DIRECTION('',(0.0,1.0,0.0));
#10849=DIRECTION('',(1.0,0.0,0.0));
#10850=DIRECTION('',(-1.0,2.672889174752E-09,3.80065682163E-10));
#10851=DIRECTION('',(0.999999999976699,6.75858302140999E-06,9.61019194973399E-07));
#10852=DIRECTION('',(0.0,0.0,1.0));
#10853=DIRECTION('',(1.0,0.0,0.0));
#10854=DIRECTION('',(0.0,0.0,-1.0));
#10855=DIRECTION('',(0.999999999976699,-6.75858302147199E-06,-9.61019249919199E-07));
#10856=DIRECTION('',(-1.0,-2.672889203151E-09,-3.800656862011E-10));
#10857=DIRECTION('',(1.0,0.0,0.0));
#10858=DIRECTION('',(0.990341277642723,0.0,-0.138651194718903));
#10859=DIRECTION('',(-0.138651194718903,0.0,-0.990341277642723));
#10860=CARTESIAN_POINT('',(3.0,-2.86,-1.691136511057));
#10861=DIRECTION('',(0.0,-1.0,0.0));
#10862=DIRECTION('',(0.990341277642723,0.0,0.138651194718903));
#10863=DIRECTION('',(-0.138651194718903,0.0,0.990341277642723));
#10864=DIRECTION('',(0.990341277642723,0.0,0.138651194718903));
#10865=DIRECTION('',(1.0,0.0,0.0));
#10866=DIRECTION('',(-0.138651194718903,0.0,-0.990341277642723));
#10867=CARTESIAN_POINT('',(-3.0,-2.86,-1.691136511057));
#10868=DIRECTION('',(0.0,-1.0,0.0));
#10869=DIRECTION('',(0.990341277642723,0.0,0.138651194718903));
#10870=DIRECTION('',(-0.138651194718903,0.0,0.990341277642723));
#10871=DIRECTION('',(0.0,1.0,0.0));
#10872=DIRECTION('',(0.0,1.0,0.0));
#10873=DIRECTION('',(-0.138651194718903,0.0,0.990341277642723));
#10874=CARTESIAN_POINT('',(-3.0,2.86,-1.691136511057));
#10875=DIRECTION('',(0.0,-1.0,0.0));
#10876=DIRECTION('',(0.990341277642723,0.0,0.138651194718903));
#10877=DIRECTION('',(-0.138651194718903,0.0,-0.990341277642723));
#10878=DIRECTION('',(1.0,0.0,0.0));
#10879=DIRECTION('',(1.0,-2.672889508592E-09,3.800658322888E-10));
#10880=DIRECTION('',(0.999999999976699,6.75858389325499E-06,-9.61019358768099E-07));
#10881=DIRECTION('',(0.0,0.0,1.0));
#10882=DIRECTION('',(1.0,0.0,0.0));
#10883=DIRECTION('',(0.0,0.0,1.0));
#10884=DIRECTION('',(1.0,0.0,0.0));
#10885=DIRECTION('',(0.0,0.0,1.0));
#10886=DIRECTION('',(1.0,0.0,0.0));
#10887=DIRECTION('',(0.0,0.0,-1.0));
#10888=DIRECTION('',(0.999999999976699,-6.75858389331999E-06,9.61019578525099E-07));
#10889=DIRECTION('',(1.0,2.672889508592E-09,-3.800657888357E-10));
#10890=DIRECTION('',(-1.0,0.0,0.0));
#10891=DIRECTION('',(0.990341277642723,0.0,0.138651194718903));
#10892=DIRECTION('',(-0.138651194718903,0.0,0.990341277642723));
#10893=CARTESIAN_POINT('',(3.0,2.86,-1.691136511057));
#10894=DIRECTION('',(0.0,-1.0,0.0));
#10895=DIRECTION('',(0.990341277642723,0.0,0.138651194718903));
#10896=DIRECTION('',(-0.138651194718903,0.0,-0.990341277642723));
#10897=DIRECTION('',(0.990341277642723,0.0,-0.138651194718903));
#10898=DIRECTION('',(-1.0,0.0,0.0));
#10899=DIRECTION('',(-1.0,0.0,0.0));
#10900=DIRECTION('',(0.000115041474407197,0.999973881263877,0.00722658671277783));
#10901=DIRECTION('',(1.0,0.0,0.0));
#10902=DIRECTION('',(0.000115041474405697,-0.999973881263877,-0.00722658671277783));
#10903=DIRECTION('',(-0.000107077039463802,-0.999896155900416,-0.0144106193509702));
#10904=DIRECTION('',(-1.0,0.0,0.0));
#10905=DIRECTION('',(-0.000107077039465202,0.999896155900416,0.0144106193509702));
#10906=DIRECTION('',(1.0,0.0,0.0));
#10907=DIRECTION('',(1.0,0.0,0.0));
#10908=DIRECTION('',(0.0,-0.349752583701788,-0.936842105263167));
#10909=DIRECTION('',(-1.0,0.0,0.0));
#10910=DIRECTION('',(0.0,0.349752583701788,0.936842105263167));
#10911=DIRECTION('',(0.0,0.707106781186498,-0.707106781186598));
#10912=DIRECTION('',(1.0,0.0,0.0));
#10913=DIRECTION('',(0.0,-0.707106781186498,0.707106781186598));
#10914=DIRECTION('',(-1.0,0.0,0.0));
#10915=DIRECTION('',(0.124180044821803,0.703413055839515,0.699849547647615));
#10916=DIRECTION('',(-1.0,0.0,0.0));
#10917=DIRECTION('',(-0.124180044821803,0.703413055839515,0.699849547647615));
#10918=DIRECTION('',(0.0,0.707106781186498,-0.707106781186598));
#10919=DIRECTION('',(-0.124180439051598,0.701633529186388,0.701633529186288));
#10920=DIRECTION('',(1.0,0.0,0.0));
#10921=DIRECTION('',(0.124180439051598,0.701633529186388,0.701633529186288));
#10922=DIRECTION('',(0.0,-0.707106781186498,0.707106781186598));
#10923=DIRECTION('',(0.0,-1.0,0.0));
#10924=DIRECTION('',(0.0,1.0,0.0));
#10925=DIRECTION('',(0.0,-1.0,0.0));
#10926=DIRECTION('',(0.0,1.0,0.0));
#10927=DIRECTION('',(0.0,1.0,0.0));
#10928=DIRECTION('',(0.0,1.0,0.0));
#10929=DIRECTION('',(0.0,1.0,0.0));
#10930=DIRECTION('',(0.0,1.0,0.0));
#10931=DIRECTION('',(-1.7763568394E-14,1.0,0.0));
#10932=DIRECTION('',(0.0,1.0,0.0));
#10933=DIRECTION('',(1.0,0.0,0.0));
#10934=DIRECTION('',(-1.0,0.0,0.0));
#10935=DIRECTION('',(-1.0,0.0,0.0));
#10936=DIRECTION('',(0.0,0.997876556667155,-0.0651335370918971));
#10937=DIRECTION('',(1.0,0.0,0.0));
#10938=DIRECTION('',(0.0,-0.997876556667155,0.0651335370918971));
#10939=DIRECTION('',(0.0,-0.349752583701788,0.936842105263168));
#10940=DIRECTION('',(-1.0,0.0,0.0));
#10941=DIRECTION('',(0.0,0.349752583701788,-0.936842105263168));
#10942=DIRECTION('',(1.0,0.0,0.0));
#10943=DIRECTION('',(1.0,0.0,0.0));
#10944=DIRECTION('',(0.0,-0.707106781186548,-0.707106781186548));
#10945=DIRECTION('',(-1.0,0.0,0.0));
#10946=DIRECTION('',(0.0,0.707106781186548,0.707106781186548));
#10947=DIRECTION('',(-0.1240295099927,-0.701646877229198,0.701646877229198));
#10948=DIRECTION('',(0.0,0.707106781186548,0.707106781186548));
#10949=DIRECTION('',(-0.1240291171987,-0.7034242437188,0.6998650665918));
#10950=DIRECTION('',(1.0,0.0,0.0));
#10951=DIRECTION('',(0.1240291171987,-0.7034242437188,0.6998650665918));
#10952=DIRECTION('',(0.0,-0.707106781186548,-0.707106781186548));
#10953=DIRECTION('',(0.1240295099927,-0.701646877229198,0.701646877229198));
#10954=DIRECTION('',(-1.0,0.0,0.0));
#10955=DIRECTION('',(0.000115041474405697,0.999973881263877,0.00722658671277783));
#10956=DIRECTION('',(1.0,0.0,0.0));
#10957=DIRECTION('',(0.000115041474408597,-0.999973881263877,-0.00722658671277783));
#10958=DIRECTION('',(-1.0,0.0,0.0));
#10959=DIRECTION('',(-1.0,0.0,0.0));
#10960=DIRECTION('',(-0.000107077039463802,0.999896155900416,0.0144106193509702));
#10961=DIRECTION('',(1.0,0.0,0.0));
#10962=DIRECTION('',(-0.000107077039463802,-0.999896155900416,-0.0144106193509702));
#10963=DIRECTION('',(0.0,-0.349752583701788,-0.936842105263167));
#10964=DIRECTION('',(-1.0,0.0,0.0));
#10965=DIRECTION('',(0.0,0.349752583701788,0.936842105263167));
#10966=DIRECTION('',(1.0,0.0,0.0));
#10967=DIRECTION('',(1.0,0.0,0.0));
#10968=DIRECTION('',(0.0,-0.707106781186498,0.707106781186598));
#10969=DIRECTION('',(-1.0,0.0,0.0));
#10970=DIRECTION('',(0.0,0.707106781186498,-0.707106781186598));
#10971=DIRECTION('',(-0.124180044821803,0.703413055839515,0.699849547647615));
#10972=DIRECTION('',(0.0,0.707106781186498,-0.707106781186598));
#10973=DIRECTION('',(-0.124180439051598,0.701633529186388,0.701633529186288));
#10974=DIRECTION('',(1.0,0.0,0.0));
#10975=DIRECTION('',(0.124180439051598,0.701633529186388,0.701633529186288));
#10976=DIRECTION('',(0.0,-0.707106781186498,0.707106781186598));
#10977=DIRECTION('',(0.124180044821803,0.703413055839515,0.699849547647615));
#10978=DIRECTION('',(-1.0,0.0,0.0));
#10979=CARTESIAN_POINT('',(-5.61,3.18,-0.62));
#10980=DIRECTION('',(1.0,0.0,-0.0));
#10981=DIRECTION('',(0.0,0.0,1.0));
#10982=DIRECTION('',(1.0,0.0,0.0));
#10983=CARTESIAN_POINT('',(-1.1,3.18,-0.62));
#10984=DIRECTION('',(1.0,0.0,-0.0));
#10985=DIRECTION('',(0.0,1.942890293094E-14,1.0));
#10986=DIRECTION('',(1.0,0.0,0.0));
#10987=CARTESIAN_POINT('',(5.61,3.18,-0.62));
#10988=DIRECTION('',(1.0,0.0,-0.0));
#10989=DIRECTION('',(0.0,0.0,1.0));
#10990=CARTESIAN_POINT('',(1.1,3.18,-0.62));
#10991=DIRECTION('',(1.0,0.0,-0.0));
#10992=DIRECTION('',(0.0,2.081668171172E-14,1.0));
#10993=DIRECTION('',(0.0,1.0,0.0));
#10994=DIRECTION('',(-1.51914491726898E-07,0.999999999999988,0.0));
#10995=DIRECTION('',(-7.06769844501265E-07,-0.99999999999975,0.0));
#10996=DIRECTION('',(8.286082560835E-09,1.0,0.0));
#10997=DIRECTION('',(6.689071888981E-09,-1.0,0.0));
#10998=DIRECTION('',(0.0,-1.0,0.0));
#10999=DIRECTION('',(0.0,-1.0,-1.457167719821E-14));
#11000=CARTESIAN_POINT('',(1.1,3.18,-0.62));
#11001=DIRECTION('',(1.0,0.0,-0.0));
#11002=DIRECTION('',(0.0,0.0,1.0));
#11003=DIRECTION('',(0.0,-1.0,0.0));
#11004=DIRECTION('',(0.0,0.0,1.0));
#11005=DIRECTION('',(0.0,0.0,1.0));
#11006=CARTESIAN_POINT('',(1.4,3.26,-0.3));
#11007=DIRECTION('',(0.0,0.0,-1.0));
#11008=DIRECTION('',(-1.0,0.0,0.0));
#11009=CARTESIAN_POINT('',(1.4,3.26,0.0));
#11010=DIRECTION('',(0.0,-0.0,1.0));
#11011=DIRECTION('',(0.0,1.0,0.0));
#11012=DIRECTION('',(0.0,1.0,0.0));
#11013=CARTESIAN_POINT('',(-6.95,-1.62,0.0));
#11014=DIRECTION('',(0.0,0.0,1.0));
#11015=DIRECTION('',(-1.0,0.0,0.0));
#11016=DIRECTION('',(1.0,0.0,0.0));
#11017=DIRECTION('',(0.0,1.0,0.0));
#11018=DIRECTION('',(1.0,0.0,0.0));
#11019=CARTESIAN_POINT('',(-6.95,1.62,0.0));
#11020=DIRECTION('',(0.0,-0.0,1.0));
#11021=DIRECTION('',(0.0,1.0,0.0));
#11022=DIRECTION('',(-1.0,0.0,0.0));
#11023=DIRECTION('',(0.0,-1.0,0.0));
#11024=DIRECTION('',(-1.0,0.0,0.0));
#11025=CARTESIAN_POINT('',(6.95,-1.62,0.0));
#11026=DIRECTION('',(0.0,0.0,1.0));
#11027=DIRECTION('',(0.0,-1.0,0.0));
#11028=DIRECTION('',(0.0,-1.0,0.0));
#11029=CARTESIAN_POINT('',(6.95,1.62,0.0));
#11030=DIRECTION('',(0.0,0.0,1.0));
#11031=DIRECTION('',(1.0,0.0,0.0));
#11032=DIRECTION('',(1.0,0.0,0.0));
#11033=CARTESIAN_POINT('',(-5.31,3.26,0.0));
#11034=DIRECTION('',(0.0,-0.0,1.0));
#11035=DIRECTION('',(0.0,1.0,0.0));
#11036=DIRECTION('',(0.0,-1.0,0.0));
#11037=DIRECTION('',(1.0,0.0,0.0));
#11038=DIRECTION('',(0.0,-1.0,0.0));
#11039=CARTESIAN_POINT('',(-1.4,3.26,0.0));
#11040=DIRECTION('',(0.0,0.0,1.0));
#11041=DIRECTION('',(1.0,0.0,0.0));
#11042=DIRECTION('',(1.0,0.0,0.0));
#11043=DIRECTION('',(0.0,-1.0,0.0));
#11044=CARTESIAN_POINT('',(5.31,3.26,0.0));
#11045=DIRECTION('',(0.0,0.0,1.0));
#11046=DIRECTION('',(1.0,0.0,0.0));
#11047=DIRECTION('',(1.0,0.0,0.0));
#11048=DIRECTION('',(-1.0,0.0,0.0));
#11049=CARTESIAN_POINT('',(5.31,-3.26,0.0));
#11050=DIRECTION('',(0.0,0.0,1.0));
#11051=DIRECTION('',(0.0,-1.0,0.0));
#11052=DIRECTION('',(0.0,1.0,0.0));
#11053=DIRECTION('',(-1.0,0.0,0.0));
#11054=DIRECTION('',(0.0,1.0,0.0));
#11055=CARTESIAN_POINT('',(1.4,-3.26,0.0));
#11056=DIRECTION('',(0.0,0.0,1.0));
#11057=DIRECTION('',(-1.0,0.0,0.0));
#11058=DIRECTION('',(0.0,1.0,0.0));
#11059=DIRECTION('',(-1.0,0.0,0.0));
#11060=DIRECTION('',(0.0,1.0,0.0));
#11061=CARTESIAN_POINT('',(-5.31,-3.26,0.0));
#11062=DIRECTION('',(0.0,0.0,1.0));
#11063=DIRECTION('',(-1.0,0.0,0.0));
#11064=DIRECTION('',(-1.0,0.0,0.0));
#11065=CARTESIAN_POINT('',(-1.4,-3.26,0.0));
#11066=DIRECTION('',(0.0,0.0,1.0));
#11067=DIRECTION('',(0.0,-1.0,0.0));
#11068=CARTESIAN_POINT('',(-6.95,1.62,-0.3));
#11069=DIRECTION('',(0.0,0.0,-1.0));
#11070=DIRECTION('',(-1.0,0.0,0.0));
#11071=DIRECTION('',(0.0,0.0,-1.0));
#11072=DIRECTION('',(0.0,0.0,-1.0));
#11073=CARTESIAN_POINT('',(-6.87,1.92,-0.62));
#11074=DIRECTION('',(0.0,1.0,0.0));
#11075=DIRECTION('',(0.0,0.0,1.0));
#11076=DIRECTION('',(-1.0,0.0,0.0));
#11077=CARTESIAN_POINT('',(-6.87,1.92,-0.62));
#11078=DIRECTION('',(0.0,1.0,0.0));
#11079=DIRECTION('',(0.0,0.0,1.0));
#11080=DIRECTION('',(1.0,0.0,0.0));
#11081=DIRECTION('',(0.0,1.0,0.0));
#11082=DIRECTION('',(1.0,0.0,0.0));
#11083=CARTESIAN_POINT('',(-6.95,-1.62,-0.3));
#11084=DIRECTION('',(0.0,0.0,-1.0));
#11085=DIRECTION('',(0.0,-1.0,0.0));
#11086=DIRECTION('',(0.0,1.0,0.0));
#11087=DIRECTION('',(0.0,-1.0,0.0));
#11088=CARTESIAN_POINT('',(6.95,-1.62,-0.3));
#11089=DIRECTION('',(0.0,0.0,-1.0));
#11090=DIRECTION('',(1.0,0.0,0.0));
#11091=DIRECTION('',(-1.0,0.0,0.0));
#11092=DIRECTION('',(0.0,-1.0,0.0));
#11093=DIRECTION('',(-1.0,0.0,0.0));
#11094=CARTESIAN_POINT('',(6.95,1.62,-0.3));
#11095=DIRECTION('',(0.0,0.0,-1.0));
#11096=DIRECTION('',(0.0,1.0,0.0));
#11097=DIRECTION('',(0.0,-1.0,0.0));
#11098=DIRECTION('',(0.0,-1.0,0.0));
#11099=CARTESIAN_POINT('',(-5.31,3.26,-0.3));
#11100=DIRECTION('',(0.0,0.0,-1.0));
#11101=DIRECTION('',(-1.0,0.0,0.0));
#11102=DIRECTION('',(1.0,0.0,0.0));
#11103=CARTESIAN_POINT('',(-1.4,3.26,-0.3));
#11104=DIRECTION('',(0.0,0.0,-1.0));
#11105=DIRECTION('',(0.0,1.0,0.0));
#11106=DIRECTION('',(1.0,0.0,0.0));
#11107=CARTESIAN_POINT('',(5.31,3.26,-0.3));
#11108=DIRECTION('',(0.0,0.0,-1.0));
#11109=DIRECTION('',(0.0,1.0,0.0));
#11110=DIRECTION('',(0.0,-1.0,0.0));
#11111=DIRECTION('',(0.0,1.0,0.0));
#11112=DIRECTION('',(-1.0,0.0,0.0));
#11113=DIRECTION('',(0.0,1.0,0.0));
#11114=CARTESIAN_POINT('',(5.31,-3.26,-0.3));
#11115=DIRECTION('',(0.0,0.0,-1.0));
#11116=DIRECTION('',(1.0,0.0,0.0));
#11117=DIRECTION('',(-1.0,0.0,0.0));
#11118=CARTESIAN_POINT('',(1.4,-3.26,-0.3));
#11119=DIRECTION('',(0.0,0.0,-1.0));
#11120=DIRECTION('',(0.0,-1.0,0.0));
#11121=DIRECTION('',(-1.0,0.0,0.0));
#11122=CARTESIAN_POINT('',(-5.31,-3.26,-0.3));
#11123=DIRECTION('',(0.0,0.0,-1.0));
#11124=DIRECTION('',(0.0,-1.0,0.0));
#11125=DIRECTION('',(0.0,1.0,0.0));
#11126=DIRECTION('',(-1.0,0.0,0.0));
#11127=DIRECTION('',(0.0,1.0,-1.52655665886E-14));
#11128=CARTESIAN_POINT('',(-1.4,-3.26,-0.3));
#11129=DIRECTION('',(0.0,0.0,-1.0));
#11130=DIRECTION('',(1.0,0.0,0.0));
#11131=DIRECTION('',(0.0,0.0,1.0));
#11132=DIRECTION('',(0.0,0.0,1.0));
#11133=CARTESIAN_POINT('',(-6.87,-1.92,-0.62));
#11134=DIRECTION('',(0.0,1.0,0.0));
#11135=DIRECTION('',(-2.775557561563E-14,0.0,1.0));
#11136=DIRECTION('',(1.0,0.0,0.0));
#11137=CARTESIAN_POINT('',(-6.87,-1.92,-0.62));
#11138=DIRECTION('',(0.0,1.0,0.0));
#11139=DIRECTION('',(0.0,0.0,1.0));
#11140=DIRECTION('',(-1.0,8.008556959034E-11,-1.443289964152E-14));
#11141=CARTESIAN_POINT('',(5.912,2.222,-0.62));
#11142=DIRECTION('',(0.0,-0.0,1.0));
#11143=DIRECTION('',(1.0,2.627746803847E-14,0.0));
#11144=DIRECTION('',(-1.0,-2.087219332774E-13,0.0));
#11145=CARTESIAN_POINT('',(5.912,2.222,-0.62));
#11146=DIRECTION('',(0.0,0.0,1.0));
#11147=DIRECTION('',(1.0,0.0,0.0));
#11148=DIRECTION('',(2.400035779158E-10,1.0,-4.366877327434E-14));
#11149=CARTESIAN_POINT('',(5.912,-2.222,-0.62));
#11150=DIRECTION('',(0.0,0.0,-1.0));
#11151=DIRECTION('',(1.0,0.0,0.0));
#11152=DIRECTION('',(1.0,-5.521509298756E-13,0.0));
#11153=CARTESIAN_POINT('',(5.912,-2.222,-0.62));
#11154=DIRECTION('',(0.0,0.0,1.0));
#11155=DIRECTION('',(1.313873401923E-14,-1.0,0.0));
#11156=DIRECTION('',(-6.158037180382E-13,1.0,0.0));
#11157=CARTESIAN_POINT('',(-5.912,-2.222,-0.62));
#11158=DIRECTION('',(0.0,0.0,1.0));
#11159=DIRECTION('',(-1.0,0.0,0.0));
#11160=DIRECTION('',(-5.506706324764E-13,-1.0,0.0));
#11161=CARTESIAN_POINT('',(-5.912,-2.222,-0.62));
#11162=DIRECTION('',(0.0,0.0,1.0));
#11163=DIRECTION('',(-1.0,0.0,0.0));
#11164=DIRECTION('',(1.0,-7.979543130012E-11,-1.554312269087E-14));
#11165=CARTESIAN_POINT('',(-5.912,2.222,-0.62));
#11166=DIRECTION('',(0.0,0.0,-1.0));
#11167=DIRECTION('',(-1.0,0.0,0.0));
#11168=DIRECTION('',(7.86429935783931E-05,-0.99999999690764,2.28592380400509E-08));
#11169=DIRECTION('',(0.0,1.0,0.0));
#11170=CARTESIAN_POINT('',(-5.61,3.18,-0.62));
#11171=DIRECTION('',(1.0,0.0,-0.0));
#11172=DIRECTION('',(0.0,0.0,1.0));
#11173=CARTESIAN_POINT('',(-1.1,3.18,-0.62));
#11174=DIRECTION('',(1.0,0.0,-0.0));
#11175=DIRECTION('',(0.0,0.0,1.0));
#11176=CARTESIAN_POINT('',(5.61,3.18,-0.62));
#11177=DIRECTION('',(1.0,0.0,-0.0));
#11178=DIRECTION('',(0.0,0.0,1.0));
#11179=DIRECTION('',(0.0,0.0,-1.0));
#11180=DIRECTION('',(0.0,0.0,-1.0));
#11181=DIRECTION('',(0.0,0.0,1.0));
#11182=DIRECTION('',(0.0,0.0,-1.0));
#11183=DIRECTION('',(0.0,0.0,1.0));
#11184=DIRECTION('',(0.0,-1.0,0.0));
#11185=DIRECTION('',(0.0,0.0,-1.0));
#11186=CARTESIAN_POINT('',(5.912,2.222,-15.0));
#11187=DIRECTION('',(0.0,0.0,-1.0));
#11188=DIRECTION('',(0.0,1.0,0.0));
#11189=DIRECTION('',(0.0,-1.0,0.0));
#11190=DIRECTION('',(-1.0,0.0,0.0));
#11191=DIRECTION('',(0.0,-1.0,0.0));
#11192=DIRECTION('',(-1.0,0.0,0.0));
#11193=DIRECTION('',(0.0,1.0,0.0));
#11194=DIRECTION('',(1.0,0.0,0.0));
#11195=DIRECTION('',(1.0,0.0,0.0));
#11196=CARTESIAN_POINT('',(5.946826102105,-2.27,-15.0));
#11197=DIRECTION('',(0.0,0.0,-1.0));
#11198=DIRECTION('',(0.897420370728984,-0.441176470588192,0.0));
#11199=DIRECTION('',(1.0,0.0,0.0));
#11200=CARTESIAN_POINT('',(-5.906826102105,-2.27,-15.0));
#11201=DIRECTION('',(0.0,0.0,-1.0));
#11202=DIRECTION('',(0.0,-1.0,0.0));
#11203=DIRECTION('',(1.0,0.0,0.0));
#11204=DIRECTION('',(0.0,-1.0,0.0));
#11205=DIRECTION('',(1.0,0.0,0.0));
#11206=CARTESIAN_POINT('',(-5.912,2.222,-15.0));
#11207=DIRECTION('',(0.0,0.0,-1.0));
#11208=DIRECTION('',(-1.0,0.0,0.0));
#11209=DIRECTION('',(1.0,0.0,0.0));
#11210=DIRECTION('',(0.0,-1.0,0.0));
#11211=DIRECTION('',(1.0,0.0,0.0));
#11212=DIRECTION('',(0.0,-1.0,0.0));
#11213=DIRECTION('',(1.0,0.0,0.0));
#11214=DIRECTION('',(0.0,-1.0,0.0));
#11215=DIRECTION('',(1.0,0.0,0.0));
#11216=DIRECTION('',(0.0,-1.0,0.0));
#11217=DIRECTION('',(1.0,0.0,0.0));
#11218=DIRECTION('',(0.0,-1.0,0.0));
#11219=DIRECTION('',(1.0,0.0,0.0));
#11220=DIRECTION('',(0.0,-1.0,0.0));
#11221=DIRECTION('',(1.0,0.0,0.0));
#11222=DIRECTION('',(0.0,-1.0,0.0));
#11223=DIRECTION('',(1.0,0.0,0.0));
#11224=DIRECTION('',(0.0,-1.0,0.0));
#11225=DIRECTION('',(0.0,0.0,1.0));
#11226=DIRECTION('',(1.0,0.0,0.0));
#11227=DIRECTION('',(0.0,-1.0,0.0));
#11228=DIRECTION('',(-1.0,0.0,0.0));
#11229=DIRECTION('',(0.0,1.0,0.0));
#11230=DIRECTION('',(0.0,-1.0,0.0));
#11231=DIRECTION('',(-1.0,0.0,0.0));
#11232=DIRECTION('',(-1.0,0.0,0.0));
#11233=DIRECTION('',(0.0,1.0,0.0));
#11234=DIRECTION('',(1.0,0.0,0.0));
#11235=CARTESIAN_POINT('',(-5.912,-2.222,-14.5));
#11236=DIRECTION('',(0.0,0.0,1.0));
#11237=DIRECTION('',(-0.950624051868294,-0.310344827586198,0.0));
#11238=DIRECTION('',(1.0,0.0,0.0));
#11239=CARTESIAN_POINT('',(-5.906826102105,-2.27,-14.5));
#11240=DIRECTION('',(0.0,0.0,1.0));
#11241=DIRECTION('',(-0.897420370728984,-0.441176470588192,0.0));
#11242=DIRECTION('',(1.0,0.0,0.0));
#11243=CARTESIAN_POINT('',(5.946826102105,-2.27,-14.5));
#11244=DIRECTION('',(0.0,0.0,1.0));
#11245=DIRECTION('',(-1.044915787883E-14,-1.0,0.0));
#11246=DIRECTION('',(1.0,0.0,0.0));
#11247=CARTESIAN_POINT('',(5.912,-2.222,-14.5));
#11248=DIRECTION('',(0.0,0.0,-1.0));
#11249=DIRECTION('',(0.950624051868294,-0.310344827586198,0.0));
#11250=DIRECTION('',(0.0,0.0,1.0));
#11251=DIRECTION('',(0.0,0.0,1.0));
#11252=DIRECTION('',(1.0,0.0,0.0));
#11253=DIRECTION('',(0.0,0.0,1.0));
#11254=DIRECTION('',(1.0,0.0,0.0));
#11255=DIRECTION('',(0.0,0.0,1.0));
#11256=DIRECTION('',(0.0,0.0,1.0));
#11257=DIRECTION('',(-0.600468113329907,-0.103024789859201,-0.792984197540209));
#11258=DIRECTION('',(-0.58267173074761,0.104707267471502,0.805934266752715));
#11259=DIRECTION('',(0.58267173074761,-0.104707267471502,-0.805934266752715));
#11260=DIRECTION('',(-0.600468113329907,-0.103024789859201,-0.792984197540209));
#11261=DIRECTION('',(0.600468113329907,-0.103024789859201,-0.792984197540209));
#11262=DIRECTION('',(0.58267173074761,0.104707267471502,0.805934266752715));
#11263=DIRECTION('',(-0.58267173074761,-0.104707267471502,-0.805934266752715));
#11264=DIRECTION('',(0.600468113329907,-0.103024789859201,-0.792984197540209));
#11265=DIRECTION('',(0.0,1.0,0.0));
#11266=DIRECTION('',(-0.600468113329907,0.103024789859201,-0.792984197540209));
#11267=DIRECTION('',(0.58267173074761,0.104707267471502,-0.805934266752715));
#11268=DIRECTION('',(1.0,0.0,1.184237892934E-14));
#11269=DIRECTION('',(-0.58267173074761,-0.104707267471502,0.805934266752715));
#11270=DIRECTION('',(-0.600468113329907,0.103024789859201,-0.792984197540209));
#11271=DIRECTION('',(0.600468113329907,0.103024789859201,-0.792984197540209));
#11272=DIRECTION('',(-0.58267173074761,0.104707267471502,-0.805934266752715));
#11273=DIRECTION('',(1.0,0.0,1.184237892934E-14));
#11274=DIRECTION('',(0.58267173074761,-0.104707267471502,0.805934266752715));
#11275=DIRECTION('',(0.600468113329907,0.103024789859201,-0.792984197540209));
#11276=DIRECTION('',(0.0,1.0,0.0));
#11277=DIRECTION('',(0.0,1.0,0.0));
#11278=DIRECTION('',(0.0,1.0,0.0));
#11279=DIRECTION('',(1.0,0.0,0.0));
#11280=DIRECTION('',(0.0,0.0,-1.0));
#11281=DIRECTION('',(0.0,0.0,1.0));
#11282=DIRECTION('',(0.0,0.0,1.0));
#11283=DIRECTION('',(0.0,0.0,1.0));
#11284=DIRECTION('',(1.0,0.0,0.0));
#11285=DIRECTION('',(0.0,0.0,1.0));
#11286=DIRECTION('',(0.0,0.0,1.0));
#11287=CARTESIAN_POINT('',(5.912,-2.222,-15.0));
#11288=DIRECTION('',(0.0,0.0,-1.0));
#11289=DIRECTION('',(1.0,0.0,0.0));
#11290=CARTESIAN_POINT('',(-5.912,-2.222,-15.0));
#11291=DIRECTION('',(0.0,0.0,1.0));
#11292=DIRECTION('',(-1.0,0.0,0.0));
#11293=DIRECTION('',(0.0,1.0,0.0));
#11294=DIRECTION('',(0.0,1.0,0.0));
#11295=DIRECTION('',(0.0,1.0,0.0));
#11296=DIRECTION('',(0.0,1.0,0.0));
#11297=DIRECTION('',(0.0,1.0,0.0));
#11298=DIRECTION('',(0.0,1.0,0.0));
#11299=DIRECTION('',(0.0,1.0,0.0));
#11300=DIRECTION('',(0.0,1.0,0.0));
#11301=DIRECTION('',(0.0,0.0,-1.0));
#11302=DIRECTION('',(0.0,1.0,0.0));
#11303=DIRECTION('',(0.0,0.0,-1.0));
#11304=DIRECTION('',(-1.0,0.0,0.0));
#11305=DIRECTION('',(0.0,0.0,-1.0));
#11306=DIRECTION('',(0.0,-1.0,0.0));
#11307=DIRECTION('',(0.0,0.0,-1.0));
#11308=DIRECTION('',(1.0,0.0,0.0));
#11309=DIRECTION('',(0.0,0.0,-1.0));
#11310=DIRECTION('',(0.0,1.0,0.0));
#11311=DIRECTION('',(0.0,0.0,-1.0));
#11312=DIRECTION('',(-1.0,0.0,0.0));
#11313=DIRECTION('',(0.0,0.0,-1.0));
#11314=DIRECTION('',(0.0,-1.0,0.0));
#11315=DIRECTION('',(0.0,0.0,-1.0));
#11316=DIRECTION('',(1.0,0.0,0.0));
#11317=DIRECTION('',(0.0,0.0,-1.0));
#11318=DIRECTION('',(0.0,1.0,0.0));
#11319=DIRECTION('',(0.0,0.0,-1.0));
#11320=DIRECTION('',(-1.0,0.0,0.0));
#11321=DIRECTION('',(0.0,0.0,-1.0));
#11322=DIRECTION('',(0.0,-1.0,0.0));
#11323=DIRECTION('',(0.0,0.0,-1.0));
#11324=DIRECTION('',(1.0,0.0,0.0));
#11325=DIRECTION('',(0.0,0.0,-1.0));
#11326=DIRECTION('',(0.0,1.0,0.0));
#11327=DIRECTION('',(0.0,0.0,-1.0));
#11328=DIRECTION('',(-1.0,0.0,0.0));
#11329=DIRECTION('',(0.0,0.0,-1.0));
#11330=DIRECTION('',(0.0,-1.0,0.0));
#11331=DIRECTION('',(0.0,0.0,-1.0));
#11332=DIRECTION('',(1.0,0.0,0.0));
#11333=DIRECTION('',(-1.0,0.0,0.0));
#11334=CARTESIAN_POINT('',(6.87,1.92,-0.62));
#11335=DIRECTION('',(0.0,-1.0,0.0));
#11336=DIRECTION('',(0.0,0.0,1.0));
#11337=CARTESIAN_POINT('',(6.87,-1.92,-0.62));
#11338=DIRECTION('',(0.0,-1.0,0.0));
#11339=DIRECTION('',(2.498001805407E-14,0.0,1.0));
#11340=DIRECTION('',(1.0,0.0,0.0));
#11341=CARTESIAN_POINT('',(6.87,1.92,-0.62));
#11342=DIRECTION('',(0.0,-1.0,0.0));
#11343=DIRECTION('',(0.0,0.0,1.0));
#11344=CARTESIAN_POINT('',(6.87,-1.92,-0.62));
#11345=DIRECTION('',(0.0,-1.0,0.0));
#11346=DIRECTION('',(0.0,0.0,1.0));
#11347=DIRECTION('',(0.0,0.0,-1.0));
#11348=DIRECTION('',(0.0,0.0,-1.0));
#11349=DIRECTION('',(0.0,0.0,1.0));
#11350=DIRECTION('',(0.0,0.0,1.0));
#11351=CARTESIAN_POINT('',(5.912,2.222,-8.88));
#11352=DIRECTION('',(0.0,0.0,1.0));
#11353=DIRECTION('',(1.0,0.0,0.0));
#11354=CARTESIAN_POINT('',(-5.912,-2.222,-8.88));
#11355=DIRECTION('',(0.0,0.0,1.0));
#11356=DIRECTION('',(-1.0,0.0,0.0));
#11357=CARTESIAN_POINT('',(5.912,-2.222,-8.88));
#11358=DIRECTION('',(0.0,0.0,1.0));
#11359=DIRECTION('',(2.627746803847E-14,-1.0,0.0));
#11360=CARTESIAN_POINT('',(4.91,1.24,-8.88));
#11361=DIRECTION('',(0.0,0.0,1.0));
#11362=DIRECTION('',(1.0,0.0,0.0));
#11363=DIRECTION('',(0.0,1.0,0.0));
#11364=DIRECTION('',(1.0,0.0,0.0));
#11365=DIRECTION('',(0.0,-1.0,0.0));
#11366=CARTESIAN_POINT('',(-4.91,1.24,-8.88));
#11367=DIRECTION('',(0.0,-0.0,1.0));
#11368=DIRECTION('',(0.0,1.0,0.0));
#11369=DIRECTION('',(-1.0,0.0,0.0));
#11370=DIRECTION('',(0.0,0.0,1.0));
#11371=DIRECTION('',(0.0,0.0,1.0));
#11372=DIRECTION('',(-1.0,0.0,0.0));
#11373=DIRECTION('',(1.0,0.0,0.0));
#11374=DIRECTION('',(0.447213595499977,0.447213595499977,-0.774596669241461));
#11375=DIRECTION('',(0.447213595499977,-0.447213595499977,0.774596669241461));
#11376=DIRECTION('',(0.0,-1.0,0.0));
#11377=DIRECTION('',(-0.500000000000017,0.0,-0.866025403784429));
#11378=DIRECTION('',(-0.447213595499977,-0.447213595499977,-0.774596669241461));
#11379=DIRECTION('',(0.0,1.0,0.0));
#11380=DIRECTION('',(1.0,0.0,0.0));
#11381=DIRECTION('',(0.0,1.0,0.0));
#11382=DIRECTION('',(0.447213595499977,-0.447213595499977,-0.774596669241461));
#11383=DIRECTION('',(0.500000000000017,0.0,-0.866025403784429));
#11384=DIRECTION('',(0.0,1.0,0.0));
#11385=DIRECTION('',(0.0,0.0,1.0));
#11386=DIRECTION('',(0.0,0.0,1.0));
#11387=DIRECTION('',(0.0,0.0,1.0));
#11388=DIRECTION('',(1.0,0.0,0.0));
#11389=DIRECTION('',(-1.0,0.0,0.0));
#11390=DIRECTION('',(0.0,0.0,1.0));
#11391=DIRECTION('',(1.0,0.0,0.0));
#11392=DIRECTION('',(0.0,0.0,1.0));
#11393=DIRECTION('',(-1.0,0.0,0.0));
#11394=DIRECTION('',(0.0,0.0,1.0));
#11395=DIRECTION('',(1.0,0.0,0.0));
#11396=DIRECTION('',(0.0,0.0,1.0));
#11397=DIRECTION('',(-1.0,0.0,0.0));
#11398=DIRECTION('',(0.0,0.0,1.0));
#11399=DIRECTION('',(1.0,0.0,0.0));
#11400=DIRECTION('',(0.0,0.0,1.0));
#11401=DIRECTION('',(-1.0,0.0,0.0));
#11402=DIRECTION('',(0.0,0.0,1.0));
#11403=DIRECTION('',(1.0,0.0,0.0));
#11404=DIRECTION('',(0.0,0.0,1.0));
#11405=DIRECTION('',(0.0,0.0,1.0));
#11406=CARTESIAN_POINT('',(-3.0,0.726029129115,-3.93));
#11407=DIRECTION('',(-1.0,-0.0,0.0));
#11408=DIRECTION('',(0.0,-0.955545377086206,-0.294844081387402));
#11409=DIRECTION('',(0.0,-0.294844081387402,0.955545377086206));
#11410=DIRECTION('',(1.0,0.0,0.0));
#11411=DIRECTION('',(0.0,-0.294844081387402,0.955545377086206));
#11412=CARTESIAN_POINT('',(-4.0,0.726029129115,-3.93));
#11413=DIRECTION('',(-1.0,-0.0,0.0));
#11414=DIRECTION('',(0.0,-0.955545377086206,-0.294844081387402));
#11415=CARTESIAN_POINT('',(-0.5,0.726029129115,-3.93));
#11416=DIRECTION('',(-1.0,-0.0,0.0));
#11417=DIRECTION('',(0.0,-0.955545377086206,-0.294844081387402));
#11418=DIRECTION('',(0.0,-0.294844081387402,0.955545377086206));
#11419=DIRECTION('',(1.0,0.0,0.0));
#11420=DIRECTION('',(0.0,-0.294844081387402,0.955545377086206));
#11421=CARTESIAN_POINT('',(-1.5,0.726029129115,-3.93));
#11422=DIRECTION('',(-1.0,-0.0,0.0));
#11423=DIRECTION('',(0.0,-0.955545377086206,-0.294844081387402));
#11424=CARTESIAN_POINT('',(1.5,0.726029129115,-3.93));
#11425=DIRECTION('',(-1.0,-0.0,0.0));
#11426=DIRECTION('',(0.0,-0.955545377086206,-0.294844081387402));
#11427=DIRECTION('',(0.0,-0.294844081387402,0.955545377086206));
#11428=DIRECTION('',(1.0,0.0,0.0));
#11429=DIRECTION('',(0.0,-0.294844081387402,0.955545377086206));
#11430=CARTESIAN_POINT('',(0.5,0.726029129115,-3.93));
#11431=DIRECTION('',(-1.0,-0.0,0.0));
#11432=DIRECTION('',(0.0,-0.955545377086206,-0.294844081387402));
#11433=CARTESIAN_POINT('',(4.0,0.726029129115,-3.93));
#11434=DIRECTION('',(-1.0,-0.0,0.0));
#11435=DIRECTION('',(0.0,-0.955545377086206,-0.294844081387402));
#11436=DIRECTION('',(0.0,-0.294844081387402,0.955545377086206));
#11437=DIRECTION('',(1.0,0.0,0.0));
#11438=DIRECTION('',(0.0,-0.294844081387402,0.955545377086206));
#11439=CARTESIAN_POINT('',(3.0,0.726029129115,-3.93));
#11440=DIRECTION('',(-1.0,-0.0,0.0));
#11441=DIRECTION('',(0.0,-0.955545377086206,-0.294844081387402));
#11442=DIRECTION('',(0.0,1.0,0.0));
#11443=CARTESIAN_POINT('',(5.61,-3.18,-0.62));
#11444=DIRECTION('',(-1.0,0.0,0.0));
#11445=DIRECTION('',(0.0,-3.330669073875E-14,1.0));
#11446=CARTESIAN_POINT('',(1.1,-3.18,-0.62));
#11447=DIRECTION('',(-1.0,0.0,0.0));
#11448=DIRECTION('',(0.0,-4.579669976579E-14,1.0));
#11449=CARTESIAN_POINT('',(-5.61,-3.18,-0.62));
#11450=DIRECTION('',(-1.0,0.0,0.0));
#11451=DIRECTION('',(0.0,-3.330669073875E-14,1.0));
#11452=CARTESIAN_POINT('',(-1.1,-3.18,-0.62));
#11453=DIRECTION('',(-1.0,0.0,0.0));
#11454=DIRECTION('',(0.0,-4.579669976579E-14,1.0));
#11455=DIRECTION('',(0.0,-1.0,0.0));
#11456=CARTESIAN_POINT('',(5.61,-3.18,-0.62));
#11457=DIRECTION('',(-1.0,0.0,0.0));
#11458=DIRECTION('',(0.0,0.0,1.0));
#11459=CARTESIAN_POINT('',(1.1,-3.18,-0.62));
#11460=DIRECTION('',(-1.0,0.0,0.0));
#11461=DIRECTION('',(0.0,0.0,1.0));
#11462=CARTESIAN_POINT('',(-5.61,-3.18,-0.62));
#11463=DIRECTION('',(-1.0,0.0,0.0));
#11464=DIRECTION('',(0.0,0.0,1.0));
#11465=CARTESIAN_POINT('',(-1.1,-3.18,-0.62));
#11466=DIRECTION('',(-1.0,0.0,0.0));
#11467=DIRECTION('',(0.0,0.0,1.0));
#11468=DIRECTION('',(0.0,0.0,-1.0));
#11469=DIRECTION('',(0.0,0.0,-1.0));
#11470=DIRECTION('',(0.0,0.0,1.0));
#11471=DIRECTION('',(0.0,0.0,-1.0));
#11472=DIRECTION('',(0.0,0.0,1.0));
#11473=DIRECTION('',(0.0,0.0,1.0));
#11474=DIRECTION('',(0.0,0.0,1.0));
#11475=DIRECTION('',(0.0,1.0,0.0));
#11476=DIRECTION('',(0.0,0.0,-1.0));
#11477=DIRECTION('',(0.0,-1.0,0.0));
#11478=DIRECTION('',(1.0,0.0,0.0));
#11479=DIRECTION('',(-1.0,0.0,0.0));
#11480=DIRECTION('',(0.0,0.997876556667155,-0.0651335370918971));
#11481=DIRECTION('',(1.0,0.0,0.0));
#11482=DIRECTION('',(0.0,-0.997876556667155,0.0651335370918971));
#11483=DIRECTION('',(-1.0,0.0,0.0));
#11484=DIRECTION('',(-1.0,0.0,0.0));
#11485=DIRECTION('',(0.0,0.349752583701788,-0.936842105263168));
#11486=DIRECTION('',(1.0,0.0,0.0));
#11487=DIRECTION('',(0.0,-0.349752583701788,0.936842105263168));
#11488=DIRECTION('',(0.0,-0.707106781186548,-0.707106781186548));
#11489=DIRECTION('',(-1.0,0.0,0.0));
#11490=DIRECTION('',(0.0,0.707106781186548,0.707106781186548));
#11491=DIRECTION('',(1.0,0.0,0.0));
#11492=DIRECTION('',(-0.1240291171987,-0.7034242437188,0.6998650665918));
#11493=DIRECTION('',(1.0,0.0,0.0));
#11494=DIRECTION('',(0.1240291171987,-0.7034242437188,0.6998650665918));
#11495=DIRECTION('',(0.0,-0.707106781186548,-0.707106781186548));
#11496=DIRECTION('',(0.1240295099927,-0.701646877229198,0.701646877229198));
#11497=DIRECTION('',(-1.0,0.0,0.0));
#11498=DIRECTION('',(-0.1240295099927,-0.701646877229198,0.701646877229198));
#11499=DIRECTION('',(0.0,0.707106781186548,0.707106781186548));
#11500=PRESENTATION_LAYER_ASSIGNMENT('1','.BLACK_HOLE',(#28,#30));
ENDSEC;
END-ISO-10303-21;
