ISO-10303-21;
HEADER;
FILE_DESCRIPTION (( 'STEP AP214' ),
    '1' );
FILE_NAME ('CUI_DEVICES_TBP05R1-762-02BE.step',
    '2021-12-16T03:44:30',
    ( '' ),
    ( '' ),
    'SwSTEP 2.0',
    'SolidWorks 2021',
    '' );
FILE_SCHEMA (( 'AUTOMOTIVE_DESIGN' ));
ENDSEC;

DATA;
#1 = LINE ( 'NONE', #3941, #2177 ) ;
#2 = ORIENTED_EDGE ( 'NONE', *, *, #4162, .F. ) ;
#3 = CARTESIAN_POINT ( 'NONE',  ( 2.799999999999999822, 8.157500000000009521, -4.799999999999979394 ) ) ;
#4 = DIRECTION ( 'NONE',  ( 0.0000000000000000000, 0.9701425001453380936, 0.2425356250363078225 ) ) ;
#5 = COLOUR_RGB ( '',1.000000000000000000, 1.000000000000000000, 1.000000000000000000 ) ;
#6 = EDGE_CURVE ( 'NONE', #1377, #704, #2596, .T. ) ;
#7 = CARTESIAN_POINT ( 'NONE',  ( 9.919999999999998153, 7.150000000000011902, -3.950557738530979801 ) ) ;
#8 = CARTESIAN_POINT ( 'NONE',  ( 4.400000000000000355, 7.100000000000010303, -5.349999999999978328 ) ) ;
#9 = EDGE_CURVE ( 'NONE', #1007, #757, #4400, .T. ) ;
#10 = CARTESIAN_POINT ( 'NONE',  ( 0.5954592314951001608, 5.200000000000025047, 4.350000000000026290 ) ) ;
#11 = VECTOR ( 'NONE', #4245, 1000.000000000000000 ) ;
#12 = SURFACE_STYLE_USAGE ( .BOTH. , #2187 ) ;
#13 = DIRECTION ( 'NONE',  ( 0.0000000000000000000, -1.000000000000000000, 1.644517855226012731E-15 ) ) ;
#14 = EDGE_CURVE ( 'NONE', #1748, #4343, #3923, .T. ) ;
#15 = ADVANCED_FACE ( 'NONE', ( #1758 ), #5277, .T. ) ;
#16 = PRESENTATION_LAYER_ASSIGNMENT (  '', '', ( #3695 ) ) ;
#17 = FACE_OUTER_BOUND ( 'NONE', #3192, .T. ) ;
#18 = ORIENTED_EDGE ( 'NONE', *, *, #3034, .F. ) ;
#19 = EDGE_LOOP ( 'NONE', ( #859, #1685, #5760, #1716 ) ) ;
#20 = DIRECTION ( 'NONE',  ( 0.0000000000000000000, 0.5407575913134771151, -0.8411784753765675360 ) ) ;
#21 = LINE ( 'NONE', #2257, #766 ) ;
#22 = FACE_OUTER_BOUND ( 'NONE', #4369, .T. ) ;
#23 = ORIENTED_EDGE ( 'NONE', *, *, #4703, .F. ) ;
#24 = VECTOR ( 'NONE', #1285, 1000.000000000000000 ) ;
#25 = LINE ( 'NONE', #3930, #1625 ) ;
#26 = LINE ( 'NONE', #1766, #1962 ) ;
#27 = VERTEX_POINT ( 'NONE', #343 ) ;
#28 = EDGE_CURVE ( 'NONE', #4762, #982, #2129, .T. ) ;
#29 = DIRECTION ( 'NONE',  ( 0.3162277660168079096, 1.560126622598787659E-15, 0.9486832980505238710 ) ) ;
#30 = CARTESIAN_POINT ( 'NONE',  ( 4.400000000000000355, 7.100000000000010303, -5.349999999999978328 ) ) ;
#31 = VERTEX_POINT ( 'NONE', #3951 ) ;
#32 = DIRECTION ( 'NONE',  ( -1.000000000000000000, 0.0000000000000000000, -0.0000000000000000000 ) ) ;
#33 = VECTOR ( 'NONE', #4963, 1000.000000000000227 ) ;
#34 = COLOUR_RGB ( '',0.2862745098039215508, 0.6431372549019607199, 0.8666666666666666963 ) ;
#35 = CARTESIAN_POINT ( 'NONE',  ( 13.31999999999999851, 5.400000000000022560, 3.050000000000025580 ) ) ;
#36 = CARTESIAN_POINT ( 'NONE',  ( 10.41999999999999815, 7.450000000000024158, 3.699999452866622462 ) ) ;
#37 = ORIENTED_EDGE ( 'NONE', *, *, #2273, .F. ) ;
#38 = CARTESIAN_POINT ( 'NONE',  ( 8.638588707041998660, 8.200000000000708056, -6.178240866749982629 ) ) ;
#39 = DIRECTION ( 'NONE',  ( 0.0000000000000000000, -1.000000000000000000, 1.644517855226012731E-15 ) ) ;
#40 = VERTEX_POINT ( 'NONE', #1700 ) ;
#41 = CARTESIAN_POINT ( 'NONE',  ( 8.298679656439999164, 5.400000000000011013, -4.249999999999976019 ) ) ;
#42 = CARTESIAN_POINT ( 'NONE',  ( 9.919999999999998153, 0.7500000000000075495, -5.149999999999967493 ) ) ;
#43 = PRESENTATION_STYLE_ASSIGNMENT (( #470 ) ) ;
#44 = FILL_AREA_STYLE_COLOUR ( '', #82 ) ;
#45 = EDGE_CURVE ( 'NONE', #1732, #1600, #3490, .T. ) ;
#46 = LINE ( 'NONE', #4578, #439 ) ;
#47 = ORIENTED_EDGE ( 'NONE', *, *, #3939, .T. ) ;
#48 = SURFACE_STYLE_USAGE ( .BOTH. , #3111 ) ;
#49 = CARTESIAN_POINT ( 'NONE',  ( 3.299999999999999822, 9.600000000000010303, -5.249999999999982236 ) ) ;
#50 = EDGE_CURVE ( 'NONE', #3383, #1063, #4333, .T. ) ;
#51 = CARTESIAN_POINT ( 'NONE',  ( 3.299999999999999822, 8.150000000000014566, -2.699999999999980194 ) ) ;
#52 = VECTOR ( 'NONE', #2630, 1000.000000000000114 ) ;
#53 = ORIENTED_EDGE ( 'NONE', *, *, #213, .T. ) ;
#54 = DIRECTION ( 'NONE',  ( 1.000000000000000000, 0.0000000000000000000, 0.0000000000000000000 ) ) ;
#55 = EDGE_CURVE ( 'NONE', #3049, #317, #5687, .T. ) ;
#56 = LINE ( 'NONE', #1800, #648 ) ;
#57 = ORIENTED_EDGE ( 'NONE', *, *, #2431, .T. ) ;
#58 =( GEOMETRIC_REPRESENTATION_CONTEXT ( 3 ) GLOBAL_UNCERTAINTY_ASSIGNED_CONTEXT ( ( #5213 ) ) GLOBAL_UNIT_ASSIGNED_CONTEXT ( ( #1647, #321, #1457 ) ) REPRESENTATION_CONTEXT ( 'NONE', 'WORKASPACE' ) );
#59 = PLANE ( 'NONE',  #4765 ) ;
#60 = LINE ( 'NONE', #1309, #5543 ) ;
#61 = ORIENTED_EDGE ( 'NONE', *, *, #689, .F. ) ;
#62 = VECTOR ( 'NONE', #29, 999.9999999999998863 ) ;
#63 = PRESENTATION_LAYER_ASSIGNMENT (  '', '', ( #814 ) ) ;
#64 = CARTESIAN_POINT ( 'NONE',  ( 2.299999999999999822, 6.850000000000010303, -4.849999999999977440 ) ) ;
#65 = VERTEX_POINT ( 'NONE', #3979 ) ;
#66 = DIRECTION ( 'NONE',  ( -1.000000000000000000, 2.921250539646147696E-28, 1.776356839400000554E-13 ) ) ;
#67 = DIRECTION ( 'NONE',  ( 0.0000000000000000000, -1.000000000000000000, 1.644517855226012731E-15 ) ) ;
#68 = CARTESIAN_POINT ( 'NONE',  ( 3.299999999999999822, 7.150000000000021672, 2.150000000000022560 ) ) ;
#69 = CARTESIAN_POINT ( 'NONE',  ( 4.599999999999999645, 3.750000000000011102, -4.149999999999972822 ) ) ;
#70 = CARTESIAN_POINT ( 'NONE',  ( 4.921320343559999699, 5.400000000000011013, -4.249999999999976019 ) ) ;
#71 = CARTESIAN_POINT ( 'NONE',  ( 2.100000000000000089, 12.25000000000002487, 3.050000000000014477 ) ) ;
#72 = EDGE_CURVE ( 'NONE', #5086, #2004, #1640, .T. ) ;
#73 = PLANE ( 'NONE',  #2317 ) ;
#74 = LINE ( 'NONE', #5484, #504 ) ;
#75 = LINE ( 'NONE', #1888, #351 ) ;
#76 = VECTOR ( 'NONE', #5149, 1000.000000000000000 ) ;
#77 = ORIENTED_EDGE ( 'NONE', *, *, #3395, .F. ) ;
#78 = DIRECTION ( 'NONE',  ( 1.000000000000000000, 0.0000000000000000000, 0.0000000000000000000 ) ) ;
#79 = VERTEX_POINT ( 'NONE', #5342 ) ;
#80 = EDGE_CURVE ( 'NONE', #3713, #4869, #1330, .T. ) ;
#81 = VECTOR ( 'NONE', #5536, 1000.000000000000000 ) ;
#82 = COLOUR_RGB ( '',1.000000000000000000, 1.000000000000000000, 1.000000000000000000 ) ;
#83 = FACE_OUTER_BOUND ( 'NONE', #446, .T. ) ;
#84 = ADVANCED_FACE ( 'NONE', ( #1269 ), #2669, .F. ) ;
#85 = CARTESIAN_POINT ( 'NONE',  ( 10.91999999999999993, 10.60000000000000853, -6.549999999999984723 ) ) ;
#86 = B_SPLINE_CURVE_WITH_KNOTS ( 'NONE', 3,
 ( #997, #5505, #3745, #3329 ),
 .UNSPECIFIED., .F., .F.,
 ( 4, 4 ),
 ( 2.226531929052469403E-12, 0.001466640287788786899 ),
 .UNSPECIFIED. ) ;
#87 = VERTEX_POINT ( 'NONE', #3430 ) ;
#88 = VECTOR ( 'NONE', #1345, 1000.000000000000114 ) ;
#89 = EDGE_CURVE ( 'NONE', #3836, #4422, #2069, .T. ) ;
#90 = DIRECTION ( 'NONE',  ( 0.0000000000000000000, -1.644517855226012731E-15, -1.000000000000000000 ) ) ;
#91 = VECTOR ( 'NONE', #2726, 999.9999999999998863 ) ;
#92 = CARTESIAN_POINT ( 'NONE',  ( 4.599999999999999645, 10.75000000000000533, -7.649999999999987033 ) ) ;
#93 = ORIENTED_EDGE ( 'NONE', *, *, #4674, .T. ) ;
#94 = ORIENTED_EDGE ( 'NONE', *, *, #616, .F. ) ;
#95 = CARTESIAN_POINT ( 'NONE',  ( 10.91999999999999993, 10.60000000000001208, -4.249999999999984901 ) ) ;
#96 = LINE ( 'NONE', #1876, #4178 ) ;
#97 = EDGE_CURVE ( 'NONE', #5086, #3571, #311, .T. ) ;
#98 = CARTESIAN_POINT ( 'NONE',  ( 10.16999999999999815, 7.400000000000023448, 3.150000000000022560 ) ) ;
#99 = CARTESIAN_POINT ( 'NONE',  ( 4.599999999999999645, 3.750000000000004885, -7.649999999999974598 ) ) ;
#100 = PRESENTATION_STYLE_ASSIGNMENT (( #2755 ) ) ;
#101 = UNCERTAINTY_MEASURE_WITH_UNIT (LENGTH_MEASURE( 1.000000000000000082E-05 ), #5066, 'distance_accuracy_value', 'NONE');
#102 = DIRECTION ( 'NONE',  ( 0.0000000000000000000, 1.644517855226012731E-15, 1.000000000000000000 ) ) ;
#103 = LINE ( 'NONE', #557, #912 ) ;
#104 = AXIS2_PLACEMENT_3D ( 'NONE', #618, #2398, #4194 ) ;
#105 = CARTESIAN_POINT ( 'NONE',  ( 10.91999999999999993, 7.150000000000023448, 3.150000000000023004 ) ) ;
#106 = EDGE_LOOP ( 'NONE', ( #2970, #1428, #2458, #5141 ) ) ;
#107 = CARTESIAN_POINT ( 'NONE',  ( 3.500000000000000000, 12.25000000000002487, 3.050000000000014477 ) ) ;
#108 = VECTOR ( 'NONE', #5190, 1000.000000000000000 ) ;
#109 = EDGE_CURVE ( 'NONE', #380, #4126, #3458, .T. ) ;
#110 = VERTEX_POINT ( 'NONE', #4105 ) ;
#111 = FACE_OUTER_BOUND ( 'NONE', #5126, .T. ) ;
#112 = CARTESIAN_POINT ( 'NONE',  ( 10.16999999999999815, 7.900000000000023448, 3.150000000000021672 ) ) ;
#113 = LINE ( 'NONE', #5491, #1344 ) ;
#114 = ORIENTED_EDGE ( 'NONE', *, *, #3217, .F. ) ;
#115 = ADVANCED_FACE ( 'NONE', ( #1464 ), #3138, .F. ) ;
#116 = LINE ( 'NONE', #3264, #3936 ) ;
#117 = ORIENTED_EDGE ( 'NONE', *, *, #4739, .T. ) ;
#118 = COLOUR_RGB ( '',1.000000000000000000, 1.000000000000000000, 1.000000000000000000 ) ;
#119 = EDGE_CURVE ( 'NONE', #3573, #1018, #4078, .T. ) ;
#120 = ORIENTED_EDGE ( 'NONE', *, *, #2175, .F. ) ;
#121 = LINE ( 'NONE', #5134, #2758 ) ;
#122 = FACE_OUTER_BOUND ( 'NONE', #2864, .T. ) ;
#123 = CARTESIAN_POINT ( 'NONE',  ( 2.299999999999999822, 0.7500000000000075495, -5.149999999999967493 ) ) ;
#124 = CARTESIAN_POINT ( 'NONE',  ( 2.299999999999999822, 10.60000000000000853, -6.549999999999984723 ) ) ;
#125 = LINE ( 'NONE', #3249, #5815 ) ;
#126 = CARTESIAN_POINT ( 'NONE',  ( 21.64000000000000057, 12.25000000000002132, 1.350000000000013856 ) ) ;
#127 = CARTESIAN_POINT ( 'NONE',  ( 3.299999999999999822, 7.150000000000013678, -2.699999999999978417 ) ) ;
#128 = SURFACE_STYLE_FILL_AREA ( #3752 ) ;
#129 = LINE ( 'NONE', #2811, #5549 ) ;
#130 = ORIENTED_EDGE ( 'NONE', *, *, #2716, .T. ) ;
#131 = ORIENTED_EDGE ( 'NONE', *, *, #565, .T. ) ;
#132 =( LENGTH_UNIT ( ) NAMED_UNIT ( * ) SI_UNIT ( .MILLI., .METRE. ) );
#133 = LINE ( 'NONE', #3729, #4287 ) ;
#134 = CARTESIAN_POINT ( 'NONE',  ( 9.947902097901998530, 7.150000000000011013, -4.484265734265979297 ) ) ;
#135 = EDGE_CURVE ( 'NONE', #4885, #5311, #5460, .T. ) ;
#136 = VECTOR ( 'NONE', #1106, 1000.000000000000000 ) ;
#137 = CARTESIAN_POINT ( 'NONE',  ( 3.049999999999999822, -0.2499999999999924227, -5.399999999999967493 ) ) ;
#138 = EDGE_CURVE ( 'NONE', #3612, #496, #5397, .T. ) ;
#139 = STYLED_ITEM ( 'NONE', ( #2404 ), #798 ) ;
#140 = VERTEX_POINT ( 'NONE', #4987 ) ;
#141 = VERTEX_POINT ( 'NONE', #4957 ) ;
#142 = PLANE ( 'NONE',  #2366 ) ;
#143 = ORIENTED_EDGE ( 'NONE', *, *, #4800, .T. ) ;
#144 = STYLED_ITEM ( 'NONE', ( #1913 ), #1000 ) ;
#145 = DIRECTION ( 'NONE',  ( 0.0000000000000000000, 1.644517855226012731E-15, 1.000000000000000000 ) ) ;
#146 = EDGE_CURVE ( 'NONE', #697, #3496, #103, .T. ) ;
#147 = CARTESIAN_POINT ( 'NONE',  ( 2.800000000003000089, 7.649999999998352784, -5.249999999993979927 ) ) ;
#148 = EDGE_CURVE ( 'NONE', #945, #3824, #2330, .T. ) ;
#149 = ORIENTED_EDGE ( 'NONE', *, *, #5565, .T. ) ;
#150 = CARTESIAN_POINT ( 'NONE',  ( 8.419999999999999929, 7.100000000000007638, -6.549999999999977618 ) ) ;
#151 = LINE ( 'NONE', #5646, #2838 ) ;
#152 = LINE ( 'NONE', #127, #226 ) ;
#153 = AXIS2_PLACEMENT_3D ( 'NONE', #2762, #1366, #1830 ) ;
#154 = FILL_AREA_STYLE ('',( #443 ) ) ;
#155 = PLANE ( 'NONE',  #1148 ) ;
#156 = ORIENTED_EDGE ( 'NONE', *, *, #988, .T. ) ;
#157 = FILL_AREA_STYLE_COLOUR ( '', #34 ) ;
#158 = VECTOR ( 'NONE', #4370, 1000.000000000000000 ) ;
#159 = ORIENTED_EDGE ( 'NONE', *, *, #4787, .T. ) ;
#160 = CARTESIAN_POINT ( 'NONE',  ( -0.1000000000000000056, 10.60000000000002451, 3.050000000000017142 ) ) ;
#161 = CIRCLE ( 'NONE', #5702, 1.399999999999999911 ) ;
#162 = CARTESIAN_POINT ( 'NONE',  ( 9.919999999999998153, 7.150000000000013678, -2.699999999999978417 ) ) ;
#163 = CARTESIAN_POINT ( 'NONE',  ( 10.92999999999999794, 4.200000000000006395, -6.449999999999974420 ) ) ;
#164 = ORIENTED_EDGE ( 'NONE', *, *, #5033, .F. ) ;
#165 = MECHANICAL_DESIGN_GEOMETRIC_PRESENTATION_REPRESENTATION (  '', ( #5058 ), #1212 ) ;
#166 = CIRCLE ( 'NONE', #2506, 1.399999999999999911 ) ;
#167 = CARTESIAN_POINT ( 'NONE',  ( 14.01999999999999957, 12.25000000000002132, 1.350000000000013856 ) ) ;
#168 = PRESENTATION_LAYER_ASSIGNMENT (  '', '', ( #2723 ) ) ;
#169 = ORIENTED_EDGE ( 'NONE', *, *, #5222, .T. ) ;
#170 = VERTEX_POINT ( 'NONE', #5483 ) ;
#171 = CARTESIAN_POINT ( 'NONE',  ( -0.8000000000000000444, 12.25000000000002132, 1.350000000000013856 ) ) ;
#172 = VECTOR ( 'NONE', #4771, 1000.000000000000000 ) ;
#173 = ORIENTED_EDGE ( 'NONE', *, *, #2923, .T. ) ;
#174 = EDGE_CURVE ( 'NONE', #3842, #5407, #5034, .T. ) ;
#175 = LINE ( 'NONE', #4312, #4564 ) ;
#176 = SURFACE_STYLE_USAGE ( .BOTH. , #1926 ) ;
#177 = VERTEX_POINT ( 'NONE', #71 ) ;
#178 = DIRECTION ( 'NONE',  ( 0.0000000000000000000, 1.000000000000000000, -1.644517855226012731E-15 ) ) ;
#179 = VECTOR ( 'NONE', #2301, 1000.000000000000000 ) ;
#180 = CARTESIAN_POINT ( 'NONE',  ( 3.310000000000000053, 6.470000000000009521, -5.149999999999977263 ) ) ;
#181 = ADVANCED_FACE ( 'NONE', ( #17 ), #4459, .F. ) ;
#182 = EDGE_CURVE ( 'NONE', #5019, #1007, #5205, .T. ) ;
#183 = DIRECTION ( 'NONE',  ( -0.9838699100999043212, -2.941802971598307782E-16, -0.1788854382000008014 ) ) ;
#184 = DIRECTION ( 'NONE',  ( 0.0000000000000000000, 1.000000000000000000, -1.644517855226012731E-15 ) ) ;
#185 = DIRECTION ( 'NONE',  ( -0.9828721869343185480, 3.030657864035044747E-16, 0.1842885350502034558 ) ) ;
#186 = SURFACE_STYLE_USAGE ( .BOTH. , #2415 ) ;
#187 = EDGE_CURVE ( 'NONE', #1748, #1338, #913, .T. ) ;
#188 = EDGE_CURVE ( 'NONE', #2403, #5253, #974, .T. ) ;
#189 = AXIS2_PLACEMENT_3D ( 'NONE', #3341, #5098, #670 ) ;
#190 = ORIENTED_EDGE ( 'NONE', *, *, #3584, .F. ) ;
#191 = B_SPLINE_CURVE_WITH_KNOTS ( 'NONE', 3,
 ( #905, #2243, #5389, #3161, #4949, #934, #2720 ),
 .UNSPECIFIED., .F., .F.,
 ( 4, 1, 1, 1, 4 ),
 ( 0.0000000000000000000, 0.2500000000000000000, 0.5000000000000000000, 0.7500000000000000000, 1.000000000000000000 ),
 .UNSPECIFIED. ) ;
#192 = DIRECTION ( 'NONE',  ( -1.000000000000000000, 0.0000000000000000000, 0.0000000000000000000 ) ) ;
#193 = LINE ( 'NONE', #4612, #2601 ) ;
#194 = CARTESIAN_POINT ( 'NONE',  ( 3.299999999999999822, 7.150000000000011902, -3.950557738530979801 ) ) ;
#195 = ORIENTED_EDGE ( 'NONE', *, *, #5686, .F. ) ;
#196 = CIRCLE ( 'NONE', #5742, 1.400000000000000355 ) ;
#197 = EDGE_CURVE ( 'NONE', #2637, #2045, #1824, .T. ) ;
#198 = DIRECTION ( 'NONE',  ( -1.000000000000000000, 0.0000000000000000000, -0.0000000000000000000 ) ) ;
#199 = SURFACE_STYLE_FILL_AREA ( #4227 ) ;
#200 = ORIENTED_EDGE ( 'NONE', *, *, #3887, .T. ) ;
#201 = ORIENTED_EDGE ( 'NONE', *, *, #3455, .F. ) ;
#202 = DIRECTION ( 'NONE',  ( 1.000000000000000000, 0.0000000000000000000, 0.0000000000000000000 ) ) ;
#203 = AXIS2_PLACEMENT_3D ( 'NONE', #1601, #4730, #682 ) ;
#204 = ORIENTED_EDGE ( 'NONE', *, *, #4645, .F. ) ;
#205 = MECHANICAL_DESIGN_GEOMETRIC_PRESENTATION_REPRESENTATION (  '', ( #887 ), #4247 ) ;
#206 = EDGE_LOOP ( 'NONE', ( #4756, #4995, #2959, #3381 ) ) ;
#207 = DIRECTION ( 'NONE',  ( 0.2357022603954935513, 0.9428090415820741255, -0.2357022603954951612 ) ) ;
#208 = DIRECTION ( 'NONE',  ( 0.2357022603954935513, 0.2357022603954920525, -0.9428090415820747916 ) ) ;
#209 = LINE ( 'NONE', #3778, #136 ) ;
#210 = CARTESIAN_POINT ( 'NONE',  ( 10.41999999999999815, 7.650000000000012790, -3.474999999999979661 ) ) ;
#211 = DIRECTION ( 'NONE',  ( 0.0000000000000000000, -1.000000000000000000, 1.644517855226012731E-15 ) ) ;
#212 = CARTESIAN_POINT ( 'NONE',  ( 3.299999999999999822, 8.135517241379311315, -4.618965517240978258 ) ) ;
#213 = EDGE_CURVE ( 'NONE', #4167, #2004, #3171, .T. ) ;
#214 = LINE ( 'NONE', #1730, #3818 ) ;
#215 = ORIENTED_EDGE ( 'NONE', *, *, #4745, .T. ) ;
#216 = FACE_OUTER_BOUND ( 'NONE', #4415, .T. ) ;
#217 = EDGE_CURVE ( 'NONE', #1582, #4808, #2863, .T. ) ;
#218 = DIRECTION ( 'NONE',  ( -0.1842885350502034281, -1.616350860818526186E-15, -0.9828721869343185480 ) ) ;
#219 = LINE ( 'NONE', #4280, #108 ) ;
#220 = SURFACE_STYLE_USAGE ( .BOTH. , #2932 ) ;
#221 = EDGE_CURVE ( 'NONE', #5271, #4790, #46, .T. ) ;
#222 = ORIENTED_EDGE ( 'NONE', *, *, #1024, .F. ) ;
#223 = LINE ( 'NONE', #4163, #4028 ) ;
#224 = VERTEX_POINT ( 'NONE', #1417 ) ;
#225 = ORIENTED_EDGE ( 'NONE', *, *, #1203, .T. ) ;
#226 = VECTOR ( 'NONE', #662, 1000.000000000000000 ) ;
#227 = ORIENTED_EDGE ( 'NONE', *, *, #4787, .F. ) ;
#228 = CIRCLE ( 'NONE', #1009, 1.400000000000000799 ) ;
#229 = EDGE_LOOP ( 'NONE', ( #839, #94, #915, #5300 ) ) ;
#230 = DIRECTION ( 'NONE',  ( -0.6998542122237897400, -0.7142857142856900987, 1.101411730778924973E-15 ) ) ;
#231 = CARTESIAN_POINT ( 'NONE',  ( 28.46000000000000441, 5.400000000000024336, 4.350000000000025402 ) ) ;
#232 =( NAMED_UNIT ( * ) PLANE_ANGLE_UNIT ( ) SI_UNIT ( $, .RADIAN. ) );
#233 = DIRECTION ( 'NONE',  ( 0.0000000000000000000, 0.5407575913134770040, -0.8411784753765674250 ) ) ;
#234 = SURFACE_STYLE_USAGE ( .BOTH. , #4325 ) ;
#235 = CIRCLE ( 'NONE', #3644, 1.399999999998999600 ) ;
#236 = LINE ( 'NONE', #1519, #3897 ) ;
#237 = DIRECTION ( 'NONE',  ( -0.1520571842539035212, -1.625394904386495651E-15, -0.9883716976506230489 ) ) ;
#238 = PRESENTATION_STYLE_ASSIGNMENT (( #687 ) ) ;
#239 = FILL_AREA_STYLE ('',( #4804 ) ) ;
#240 = SURFACE_STYLE_USAGE ( .BOTH. , #4741 ) ;
#241 = CIRCLE ( 'NONE', #1107, 1.300000000000000711 ) ;
#242 = ORIENTED_EDGE ( 'NONE', *, *, #1919, .F. ) ;
#243 = EDGE_CURVE ( 'NONE', #4045, #433, #2759, .T. ) ;
#244 = CARTESIAN_POINT ( 'NONE',  ( 2.799999999999999822, 7.650000000000010125, -5.149999999999979039 ) ) ;
#245 = CARTESIAN_POINT ( 'NONE',  ( 2.299999999999999822, 7.650000000000026112, 4.350000000000021849 ) ) ;
#246 = DIRECTION ( 'NONE',  ( -0.9792125401398723561, 3.335688763094101699E-16, 0.2028368833146943495 ) ) ;
#247 = DIRECTION ( 'NONE',  ( 0.0000000000000000000, 1.000000000000000000, -1.644517855226012731E-15 ) ) ;
#248 = STYLED_ITEM ( 'NONE', ( #1490 ), #1786 ) ;
#249 = ORIENTED_EDGE ( 'NONE', *, *, #1323, .F. ) ;
#250 = EDGE_CURVE ( 'NONE', #2963, #2678, #5012, .T. ) ;
#251 = VECTOR ( 'NONE', #747, 1000.000000000000114 ) ;
#252 = EDGE_CURVE ( 'NONE', #2045, #4726, #152, .T. ) ;
#253 = DIRECTION ( 'NONE',  ( 0.0000000000000000000, 1.000000000000000000, -1.644517855226012731E-15 ) ) ;
#254 = ORIENTED_EDGE ( 'NONE', *, *, #5603, .F. ) ;
#255 = EDGE_LOOP ( 'NONE', ( #987, #2914, #1629, #631 ) ) ;
#256 = VECTOR ( 'NONE', #1504, 1000.000000000000000 ) ;
#257 = ADVANCED_FACE ( 'NONE', ( #1981 ), #2385, .F. ) ;
#258 = ORIENTED_EDGE ( 'NONE', *, *, #217, .F. ) ;
#259 =( GEOMETRIC_REPRESENTATION_CONTEXT ( 3 ) GLOBAL_UNCERTAINTY_ASSIGNED_CONTEXT ( ( #2858 ) ) GLOBAL_UNIT_ASSIGNED_CONTEXT ( ( #2888, #2491, #3007 ) ) REPRESENTATION_CONTEXT ( 'NONE', 'WORKASPACE' ) );
#260 = LINE ( 'NONE', #3849, #4004 ) ;
#261 = VERTEX_POINT ( 'NONE', #635 ) ;
#262 = CARTESIAN_POINT ( 'NONE',  ( 10.91999999999999993, 8.135517241379311315, -4.618965517240978258 ) ) ;
#263 = ORIENTED_EDGE ( 'NONE', *, *, #5139, .F. ) ;
#264 = DIRECTION ( 'NONE',  ( 0.0000000000000000000, 1.000000000000000000, -1.644517855226012731E-15 ) ) ;
#265 = CARTESIAN_POINT ( 'NONE',  ( 2.299999999999999822, 7.150000000000023448, 3.150000000000023004 ) ) ;
#266 = AXIS2_PLACEMENT_3D ( 'NONE', #1944, #1091, #5575 ) ;
#267 = UNCERTAINTY_MEASURE_WITH_UNIT (LENGTH_MEASURE( 1.000000000000000082E-05 ), #3523, 'distance_accuracy_value', 'NONE');
#268 =( NAMED_UNIT ( * ) SI_UNIT ( $, .STERADIAN. ) SOLID_ANGLE_UNIT ( ) );
#269 = ADVANCED_FACE ( 'NONE', ( #2466 ), #3718, .T. ) ;
#270 = CARTESIAN_POINT ( 'NONE',  ( 8.419999999999999929, 5.400000000000007461, -6.549999999999975842 ) ) ;
#271 = FACE_OUTER_BOUND ( 'NONE', #5740, .T. ) ;
#272 = DIRECTION ( 'NONE',  ( 0.0000000000000000000, 0.9333456062030538458, -0.3589790793088840082 ) ) ;
#273 = AXIS2_PLACEMENT_3D ( 'NONE', #5225, #383, #763 ) ;
#274 = CARTESIAN_POINT ( 'NONE',  ( 3.299999999999999822, 6.850000000000007638, -6.149999999999978151 ) ) ;
#275 = CARTESIAN_POINT ( 'NONE',  ( 2.140000000000000124, 8.800000000000007816, -7.249999999999980460 ) ) ;
#276 = CARTESIAN_POINT ( 'NONE',  ( 12.39484176581249919, 8.199999999999807443, -6.549999999999981171 ) ) ;
#277 = CARTESIAN_POINT ( 'NONE',  ( 10.16999999999999815, -0.2499999999999924227, -5.399999999999967493 ) ) ;
#278 = DIRECTION ( 'NONE',  ( 0.9792125401398723561, 3.335688763094101699E-16, 0.2028368833146943495 ) ) ;
#279 = VERTEX_POINT ( 'NONE', #685 ) ;
#280 = LINE ( 'NONE', #2043, #1022 ) ;
#281 = DIRECTION ( 'NONE',  ( -1.000000000000000000, 0.0000000000000000000, -0.0000000000000000000 ) ) ;
#282 =( LENGTH_UNIT ( ) NAMED_UNIT ( * ) SI_UNIT ( .MILLI., .METRE. ) );
#283 = ORIENTED_EDGE ( 'NONE', *, *, #530, .T. ) ;
#284 = EDGE_CURVE ( 'NONE', #5765, #177, #209, .T. ) ;
#285 = PRESENTATION_LAYER_ASSIGNMENT (  '', '', ( #4318 ) ) ;
#286 = SURFACE_STYLE_FILL_AREA ( #1177 ) ;
#287 = DIRECTION ( 'NONE',  ( 0.3162277660168079096, 1.560126622598787659E-15, 0.9486832980505238710 ) ) ;
#288 = B_SPLINE_CURVE_WITH_KNOTS ( 'NONE', 3,
 ( #938, #4402, #4837, #1702, #789 ),
 .UNSPECIFIED., .F., .F.,
 ( 4, 1, 4 ),
 ( 0.0000000000000000000, 0.5000000000000000000, 1.000000000000000000 ),
 .UNSPECIFIED. ) ;
#289 = MECHANICAL_DESIGN_GEOMETRIC_PRESENTATION_REPRESENTATION (  '', ( #5366 ), #4046 ) ;
#290 = FACE_OUTER_BOUND ( 'NONE', #3468, .T. ) ;
#291 = VERTEX_POINT ( 'NONE', #1605 ) ;
#292 = ORIENTED_EDGE ( 'NONE', *, *, #6, .F. ) ;
#293 = EDGE_CURVE ( 'NONE', #5511, #1706, #2922, .T. ) ;
#294 = AXIS2_PLACEMENT_3D ( 'NONE', #2896, #2926, #665 ) ;
#295 = EDGE_CURVE ( 'NONE', #5432, #141, #1090, .T. ) ;
#296 = VERTEX_POINT ( 'NONE', #5150 ) ;
#297 = VECTOR ( 'NONE', #941, 1000.000000000000000 ) ;
#298 = DIRECTION ( 'NONE',  ( 0.0000000000000000000, 1.000000000000000000, -1.734723475976805517E-15 ) ) ;
#299 = ORIENTED_EDGE ( 'NONE', *, *, #3536, .T. ) ;
#300 = FACE_OUTER_BOUND ( 'NONE', #4826, .T. ) ;
#301 = FACE_OUTER_BOUND ( 'NONE', #1317, .T. ) ;
#302 = CARTESIAN_POINT ( 'NONE',  ( -0.1000000000000000056, 7.100000000000007638, -6.549999999999977618 ) ) ;
#303 = ORIENTED_EDGE ( 'NONE', *, *, #4083, .F. ) ;
#304 = AXIS2_PLACEMENT_3D ( 'NONE', #5330, #395, #1320 ) ;
#305 = DIRECTION ( 'NONE',  ( -1.000000000000000000, 0.0000000000000000000, 0.0000000000000000000 ) ) ;
#306 = CARTESIAN_POINT ( 'NONE',  ( 9.132560681041997697, 8.200000000000011724, -4.249999999999981348 ) ) ;
#307 = FACE_OUTER_BOUND ( 'NONE', #2484, .T. ) ;
#308 = LINE ( 'NONE', #1229, #2747 ) ;
#309 = VECTOR ( 'NONE', #873, 1000.000000000000000 ) ;
#310 =( NAMED_UNIT ( * ) PLANE_ANGLE_UNIT ( ) SI_UNIT ( $, .RADIAN. ) );
#311 = LINE ( 'NONE', #3892, #702 ) ;
#312 = ORIENTED_EDGE ( 'NONE', *, *, #1986, .F. ) ;
#313 = CARTESIAN_POINT ( 'NONE',  ( 12.21999999999999886, 4.200000000000005507, -7.249999999999973355 ) ) ;
#314 = EDGE_LOOP ( 'NONE', ( #4254, #2123, #5692, #1973 ) ) ;
#315 = DIRECTION ( 'NONE',  ( 0.0000000000000000000, 1.000000000000000000, -1.644517855226012731E-15 ) ) ;
#316 = DIRECTION ( 'NONE',  ( 1.000000000000000000, 0.0000000000000000000, 0.0000000000000000000 ) ) ;
#317 = VERTEX_POINT ( 'NONE', #1929 ) ;
#318 = CARTESIAN_POINT ( 'NONE',  ( -0.8000000000000000444, 12.25000000000002487, 3.050000000000014477 ) ) ;
#319 = DIRECTION ( 'NONE',  ( 0.0000000000000000000, 1.000000000000000000, -1.644517855226012731E-15 ) ) ;
#320 = VERTEX_POINT ( 'NONE', #2833 ) ;
#321 =( NAMED_UNIT ( * ) PLANE_ANGLE_UNIT ( ) SI_UNIT ( $, .RADIAN. ) );
#322 = VERTEX_POINT ( 'NONE', #2412 ) ;
#323 = ORIENTED_EDGE ( 'NONE', *, *, #560, .F. ) ;
#324 = ORIENTED_EDGE ( 'NONE', *, *, #1251, .T. ) ;
#325 = EDGE_CURVE ( 'NONE', #4199, #5375, #2008, .T. ) ;
#326 = ORIENTED_EDGE ( 'NONE', *, *, #221, .F. ) ;
#327 = CARTESIAN_POINT ( 'NONE',  ( 2.299999999999999822, 7.150000000000010125, -4.618965517240978258 ) ) ;
#328 = VERTEX_POINT ( 'NONE', #5507 ) ;
#329 = FILL_AREA_STYLE ('',( #2180 ) ) ;
#330 = UNCERTAINTY_MEASURE_WITH_UNIT (LENGTH_MEASURE( 1.000000000000000082E-05 ), #132, 'distance_accuracy_value', 'NONE');
#331 = DIRECTION ( 'NONE',  ( 0.0000000000000000000, 1.644517855226012731E-15, 1.000000000000000000 ) ) ;
#332 = EDGE_CURVE ( 'NONE', #1063, #425, #3394, .T. ) ;
#333 = ORIENTED_EDGE ( 'NONE', *, *, #2237, .T. ) ;
#334 = AXIS2_PLACEMENT_3D ( 'NONE', #581, #3721, #5061 ) ;
#335 = DIRECTION ( 'NONE',  ( 0.0000000000000000000, 1.000000000000000000, -1.644517855226012731E-15 ) ) ;
#336 = ADVANCED_FACE ( 'NONE', ( #4155 ), #1488, .F. ) ;
#337 = FILL_AREA_STYLE ('',( #1727 ) ) ;
#338 = CARTESIAN_POINT ( 'NONE',  ( 9.919999999999998153, 10.60000000000001208, -4.249999999999984901 ) ) ;
#339 = AXIS2_PLACEMENT_3D ( 'NONE', #1209, #2996, #3294 ) ;
#340 =( NAMED_UNIT ( * ) SI_UNIT ( $, .STERADIAN. ) SOLID_ANGLE_UNIT ( ) );
#341 = UNCERTAINTY_MEASURE_WITH_UNIT (LENGTH_MEASURE( 1.000000000000000082E-05 ), #1329, 'distance_accuracy_value', 'NONE');
#342 = EDGE_CURVE ( 'NONE', #5357, #5019, #1080, .T. ) ;
#343 = CARTESIAN_POINT ( 'NONE',  ( 9.919999999999998153, 4.200000000000009059, -5.149999999999973710 ) ) ;
#344 = VERTEX_POINT ( 'NONE', #2442 ) ;
#345 = LINE ( 'NONE', #4780, #2253 ) ;
#346 = CARTESIAN_POINT ( 'NONE',  ( 13.51999999999999957, 11.10000000000002629, 4.350000000000016520 ) ) ;
#347 = ORIENTED_EDGE ( 'NONE', *, *, #1832, .F. ) ;
#348 = DIRECTION ( 'NONE',  ( 0.0000000000000000000, -1.644517855226012731E-15, -1.000000000000000000 ) ) ;
#349 = CARTESIAN_POINT ( 'NONE',  ( 10.41999999999999815, 8.025000000000023448, 2.650000000000021227 ) ) ;
#350 = ORIENTED_EDGE ( 'NONE', *, *, #4427, .F. ) ;
#351 = VECTOR ( 'NONE', #1762, 1000.000000000000000 ) ;
#352 = PLANE ( 'NONE',  #4225 ) ;
#353 = ORIENTED_EDGE ( 'NONE', *, *, #4136, .F. ) ;
#354 = ORIENTED_EDGE ( 'NONE', *, *, #1339, .T. ) ;
#355 = VECTOR ( 'NONE', #432, 1000.000000000000000 ) ;
#356 = EDGE_LOOP ( 'NONE', ( #4170, #2939, #5344, #2522, #1124 ) ) ;
#357 = FACE_OUTER_BOUND ( 'NONE', #2089, .T. ) ;
#358 = VERTEX_POINT ( 'NONE', #4658 ) ;
#359 = SURFACE_STYLE_USAGE ( .BOTH. , #2120 ) ;
#360 = EDGE_CURVE ( 'NONE', #5229, #518, #4268, .T. ) ;
#361 =( LENGTH_UNIT ( ) NAMED_UNIT ( * ) SI_UNIT ( .MILLI., .METRE. ) );
#362 = VERTEX_POINT ( 'NONE', #607 ) ;
#363 = VECTOR ( 'NONE', #90, 1000.000000000000000 ) ;
#364 = EDGE_LOOP ( 'NONE', ( #5404, #1767, #3357, #4878, #3767, #4336, #4946, #2119 ) ) ;
#365 = AXIS2_PLACEMENT_3D ( 'NONE', #2383, #5534, #3300 ) ;
#366 = LINE ( 'NONE', #3424, #2214 ) ;
#367 = CARTESIAN_POINT ( 'NONE',  ( 10.91999999999999993, 7.650000000000026112, 4.350000000000021849 ) ) ;
#368 = VECTOR ( 'NONE', #102, 1000.000000000000000 ) ;
#369 = CARTESIAN_POINT ( 'NONE',  ( 9.719999999999998863, 10.60000000000002451, 3.050000000000017142 ) ) ;
#370 = EDGE_CURVE ( 'NONE', #538, #2403, #236, .T. ) ;
#371 = CARTESIAN_POINT ( 'NONE',  ( -0.8000000000000000444, 3.750000000000004885, -7.649999999999974598 ) ) ;
#372 = VECTOR ( 'NONE', #1698, 1000.000000000000000 ) ;
#373 = EDGE_LOOP ( 'NONE', ( #5548, #5602, #3795, #2104, #227 ) ) ;
#374 = CARTESIAN_POINT ( 'NONE',  ( 9.920262966340999355, 8.957775965783010719, -5.249999999998981259 ) ) ;
#375 = ORIENTED_EDGE ( 'NONE', *, *, #5288, .F. ) ;
#376 = PLANE ( 'NONE',  #5128 ) ;
#377 = ADVANCED_FACE ( 'NONE', ( #3750 ), #5537, .F. ) ;
#378 = DIRECTION ( 'NONE',  ( 0.0000000000000000000, 1.000000000000000000, -1.334402673828312452E-15 ) ) ;
#379 = EDGE_CURVE ( 'NONE', #4750, #4343, #5116, .T. ) ;
#380 = VERTEX_POINT ( 'NONE', #1574 ) ;
#381 =( NAMED_UNIT ( * ) PLANE_ANGLE_UNIT ( ) SI_UNIT ( $, .RADIAN. ) );
#382 = CARTESIAN_POINT ( 'NONE',  ( 8.819999999999998508, 7.100000000000010303, -5.349999999999978328 ) ) ;
#383 = DIRECTION ( 'NONE',  ( -1.000000000000000000, 0.0000000000000000000, -0.0000000000000000000 ) ) ;
#384 = ORIENTED_EDGE ( 'NONE', *, *, #370, .T. ) ;
#385 = CARTESIAN_POINT ( 'NONE',  ( 3.299999999999999822, 10.60000000000001208, -4.249999999999984901 ) ) ;
#386 = DIRECTION ( 'NONE',  ( 0.9701425001453377606, 3.988541659006119292E-16, 0.2425356250363093769 ) ) ;
#387 = CARTESIAN_POINT ( 'NONE',  ( 9.044999999999999929, 7.650000000000012790, -3.474999999999979661 ) ) ;
#388 = ORIENTED_EDGE ( 'NONE', *, *, #4142, .T. ) ;
#389 = ORIENTED_EDGE ( 'NONE', *, *, #3658, .T. ) ;
#390 = ADVANCED_FACE ( 'NONE', ( #4711 ), #2032, .T. ) ;
#391 = VECTOR ( 'NONE', #5221, 1000.000000000000000 ) ;
#392 = EDGE_LOOP ( 'NONE', ( #5051, #701, #2885, #409 ) ) ;
#393 = CARTESIAN_POINT ( 'NONE',  ( 4.400000000000000355, 7.100000000000010303, -5.349999999999978328 ) ) ;
#394 = ORIENTED_EDGE ( 'NONE', *, *, #2338, .T. ) ;
#395 = DIRECTION ( 'NONE',  ( 0.0000000000000000000, -1.644517855226012731E-15, -1.000000000000000000 ) ) ;
#396 = VECTOR ( 'NONE', #2387, 999.9999999999998863 ) ;
#397 = CARTESIAN_POINT ( 'NONE',  ( 4.087439318958000278, 8.200000000000011724, -4.249999999999981348 ) ) ;
#398 = ORIENTED_EDGE ( 'NONE', *, *, #1859, .F. ) ;
#399 = ORIENTED_EDGE ( 'NONE', *, *, #2079, .T. ) ;
#400 = LINE ( 'NONE', #3045, #3331 ) ;
#401 = SURFACE_SIDE_STYLE ('',( #2184 ) ) ;
#402 = PLANE ( 'NONE',  #2481 ) ;
#403 = FILL_AREA_STYLE_COLOUR ( '', #5746 ) ;
#404 = DIRECTION ( 'NONE',  ( -0.0000000000000000000, -1.000000000000000000, 1.644517855226012731E-15 ) ) ;
#405 = CARTESIAN_POINT ( 'NONE',  ( 3.700000000000000178, 11.10000000000002629, 4.350000000000016520 ) ) ;
#406 = VECTOR ( 'NONE', #4918, 1000.000000000000114 ) ;
#407 = CARTESIAN_POINT ( 'NONE',  ( 8.619999999999999218, 3.750000000000011102, -4.149999999999972822 ) ) ;
#408 = VERTEX_POINT ( 'NONE', #782 ) ;
#409 = ORIENTED_EDGE ( 'NONE', *, *, #4904, .T. ) ;
#410 = EDGE_CURVE ( 'NONE', #5362, #5201, #2152, .T. ) ;
#411 = FACE_OUTER_BOUND ( 'NONE', #575, .T. ) ;
#412 = VECTOR ( 'NONE', #3768, 1000.000000000000000 ) ;
#413 = FACE_OUTER_BOUND ( 'NONE', #1346, .T. ) ;
#414 = DIRECTION ( 'NONE',  ( 1.000000000000000000, 0.0000000000000000000, 0.0000000000000000000 ) ) ;
#415 = EDGE_LOOP ( 'NONE', ( #2629, #5109, #3238, #671 ) ) ;
#416 = CARTESIAN_POINT ( 'NONE',  ( 9.919999999999998153, 7.150000000000010125, -4.849999999999979217 ) ) ;
#417 = LINE ( 'NONE', #3560, #4970 ) ;
#418 = B_SPLINE_CURVE_WITH_KNOTS ( 'NONE', 3,
 ( #549, #2322, #38, #4066, #3193, #4513, #4127 ),
 .UNSPECIFIED., .F., .F.,
 ( 4, 1, 1, 1, 4 ),
 ( 0.0000000000000000000, 0.2500000000000000000, 0.5000000000000000000, 0.7500000000000000000, 1.000000000000000000 ),
 .UNSPECIFIED. ) ;
#419 = FACE_OUTER_BOUND ( 'NONE', #5802, .T. ) ;
#420 = EDGE_CURVE ( 'NONE', #3148, #2233, #3857, .T. ) ;
#421 = FACE_OUTER_BOUND ( 'NONE', #2145, .T. ) ;
#422 = EDGE_CURVE ( 'NONE', #1455, #4147, #1695, .T. ) ;
#423 = DIRECTION ( 'NONE',  ( -0.1434133044264949142, -0.7071759494133761370, -0.6923400903347745050 ) ) ;
#424 = DIRECTION ( 'NONE',  ( 0.9701425001453377606, -0.2425356250363093769, 3.988541659006119292E-16 ) ) ;
#425 = VERTEX_POINT ( 'NONE', #1225 ) ;
#426 = ORIENTED_EDGE ( 'NONE', *, *, #50, .F. ) ;
#427 = CARTESIAN_POINT ( 'NONE',  ( 3.299999999999999822, 9.638089535209282133, -6.549999999999982947 ) ) ;
#428 = ORIENTED_EDGE ( 'NONE', *, *, #5296, .T. ) ;
#429 = DIRECTION ( 'NONE',  ( -0.1788854382000007459, 1.617991634378904359E-15, 0.9838699100999042102 ) ) ;
#430 = VERTEX_POINT ( 'NONE', #1661 ) ;
#431 = CARTESIAN_POINT ( 'NONE',  ( 12.46999999999999886, 7.100000000000007638, -6.549999999999977618 ) ) ;
#432 = DIRECTION ( 'NONE',  ( -1.000000000000000000, 0.0000000000000000000, 0.0000000000000000000 ) ) ;
#433 = VERTEX_POINT ( 'NONE', #2529 ) ;
#434 = LINE ( 'NONE', #4098, #3250 ) ;
#435 = PRESENTATION_STYLE_ASSIGNMENT (( #4456 ) ) ;
#437 = CARTESIAN_POINT ( 'NONE',  ( 14.01999999999999957, 3.750000000000004885, -7.649999999999974598 ) ) ;
#436 = LINE ( 'NONE', #5561, #5449 ) ;
#438 = DIRECTION ( 'NONE',  ( 0.0000000000000000000, 1.000000000000000000, -1.644517855226012731E-15 ) ) ;
#439 = VECTOR ( 'NONE', #5431, 1000.000000000000000 ) ;
#440 = DIRECTION ( 'NONE',  ( -1.000000000000000000, 0.0000000000000000000, -0.0000000000000000000 ) ) ;
#441 = ORIENTED_EDGE ( 'NONE', *, *, #5799, .F. ) ;
#442 = ORIENTED_EDGE ( 'NONE', *, *, #3755, .T. ) ;
#443 = FILL_AREA_STYLE_COLOUR ( '', #4117 ) ;
#444 = VECTOR ( 'NONE', #500, 1000.000000000000000 ) ;
#445 = DIRECTION ( 'NONE',  ( 0.0000000000000000000, -1.644517855226012731E-15, -1.000000000000000000 ) ) ;
#446 = EDGE_LOOP ( 'NONE', ( #1008, #3850, #4836, #1125 ) ) ;
#447 = CARTESIAN_POINT ( 'NONE',  ( -0.8000000000000000444, 11.75000000000002665, 4.350000000000015632 ) ) ;
#448 = FACE_OUTER_BOUND ( 'NONE', #5766, .T. ) ;
#449 = CARTESIAN_POINT ( 'NONE',  ( 9.919999999999998153, 7.150000000000021672, 2.150000000000022560 ) ) ;
#450 = EDGE_CURVE ( 'NONE', #4569, #2678, #5651, .T. ) ;
#451 = VECTOR ( 'NONE', #2767, 1000.000000000000000 ) ;
#452 = DIRECTION ( 'NONE',  ( 0.9486832980505237600, -5.200422075328744594E-16, -0.3162277660168079652 ) ) ;
#453 = CARTESIAN_POINT ( 'NONE',  ( 2.327902097902000200, 7.150000000000011013, -4.484265734265979297 ) ) ;
#454 = VECTOR ( 'NONE', #706, 1000.000000000000000 ) ;
#455 = EDGE_CURVE ( 'NONE', #2814, #5552, #3452, .T. ) ;
#456 = ORIENTED_EDGE ( 'NONE', *, *, #3681, .F. ) ;
#457 = ADVANCED_FACE ( 'NONE', ( #1264 ), #2183, .T. ) ;
#458 = LINE ( 'NONE', #1807, #1593 ) ;
#459 = ORIENTED_EDGE ( 'NONE', *, *, #2154, .T. ) ;
#460 = EDGE_CURVE ( 'NONE', #3910, #3093, #400, .T. ) ;
#461 = LINE ( 'NONE', #5739, #5471 ) ;
#462 = ADVANCED_FACE ( 'NONE', ( #2125 ), #1292, .F. ) ;
#463 = ORIENTED_EDGE ( 'NONE', *, *, #5222, .F. ) ;
#464 = COLOUR_RGB ( '',1.000000000000000000, 1.000000000000000000, 1.000000000000000000 ) ;
#465 = CARTESIAN_POINT ( 'NONE',  ( 3.310000000000000053, 4.200000000000009059, -5.149999999999973710 ) ) ;
#466 = DIRECTION ( 'NONE',  ( 0.0000000000000000000, -1.644517855226012731E-15, -1.000000000000000000 ) ) ;
#467 = DIRECTION ( 'NONE',  ( 0.0000000000000000000, 1.644517855226012731E-15, 1.000000000000000000 ) ) ;
#468 = VECTOR ( 'NONE', #4364, 1000.000000000000000 ) ;
#469 = CARTESIAN_POINT ( 'NONE',  ( 0.6650442430727999676, 5.367861022478023436, 3.258903353889025301 ) ) ;
#470 = SURFACE_STYLE_USAGE ( .BOTH. , #3946 ) ;
#471 = LINE ( 'NONE', #2250, #1416 ) ;
#472 = VECTOR ( 'NONE', #4545, 1000.000000000000000 ) ;
#473 = UNCERTAINTY_MEASURE_WITH_UNIT (LENGTH_MEASURE( 1.000000000000000082E-05 ), #2810, 'distance_accuracy_value', 'NONE');
#474 = EDGE_CURVE ( 'NONE', #4449, #4934, #4360, .T. ) ;
#475 = CARTESIAN_POINT ( 'NONE',  ( 3.459999999999999964, 4.200000000000005507, -7.249999999999973355 ) ) ;
#476 = EDGE_LOOP ( 'NONE', ( #1898, #4858, #3940, #1920, #4410, #2337, #2671, #521 ) ) ;
#477 = ORIENTED_EDGE ( 'NONE', *, *, #3813, .F. ) ;
#478 = AXIS2_PLACEMENT_3D ( 'NONE', #3853, #5202, #3882 ) ;
#479 = VECTOR ( 'NONE', #1265, 1000.000000000000000 ) ;
#480 = DIRECTION ( 'NONE',  ( 0.2357022603954935513, 0.2357022603954920525, -0.9428090415820747916 ) ) ;
#481 = DIRECTION ( 'NONE',  ( 0.0000000000000000000, 1.644517855226012731E-15, 1.000000000000000000 ) ) ;
#482 = ORIENTED_EDGE ( 'NONE', *, *, #3876, .F. ) ;
#483 = DIRECTION ( 'NONE',  ( 0.0000000000000000000, -1.000000000000000000, 1.644517855226012731E-15 ) ) ;
#484 = CARTESIAN_POINT ( 'NONE',  ( 6.610000000000000320, 5.300000000000024691, 3.700000000000026379 ) ) ;
#485 = VECTOR ( 'NONE', #2318, 1000.000000000000000 ) ;
#486 = CARTESIAN_POINT ( 'NONE',  ( 9.919999999999998153, 9.600000000000012079, -4.249999999999983125 ) ) ;
#487 = MECHANICAL_DESIGN_GEOMETRIC_PRESENTATION_REPRESENTATION (  '', ( #5528 ), #2416 ) ;
#488 = EDGE_LOOP ( 'NONE', ( #2227, #1872, #4249, #5373, #3354 ) ) ;
#489 = CARTESIAN_POINT ( 'NONE',  ( 11.02999999999999758, 8.200000000000009948, -5.149999999999980815 ) ) ;
#490 = DIRECTION ( 'NONE',  ( -1.000000000000000000, 0.0000000000000000000, 0.0000000000000000000 ) ) ;
#491 = CIRCLE ( 'NONE', #5255, 1.399999999999999689 ) ;
#492 = DIRECTION ( 'NONE',  ( 1.000000000000000000, 0.0000000000000000000, 0.0000000000000000000 ) ) ;
#493 = ADVANCED_FACE ( 'NONE', ( #2062 ), #3545, .T. ) ;
#494 = ORIENTED_EDGE ( 'NONE', *, *, #4351, .T. ) ;
#495 = CARTESIAN_POINT ( 'NONE',  ( -0.8000000000000000444, -4.500000000000006217, -12.49878142907996192 ) ) ;
#496 = VERTEX_POINT ( 'NONE', #4296 ) ;
#497 = CARTESIAN_POINT ( 'NONE',  ( 2.799999999999999822, 4.500000000000023093, 3.050000000000026912 ) ) ;
#498 = LINE ( 'NONE', #967, #3363 ) ;
#499 = ORIENTED_EDGE ( 'NONE', *, *, #1089, .F. ) ;
#500 = DIRECTION ( 'NONE',  ( 0.0000000000000000000, 1.000000000000000000, -1.644517855226012731E-15 ) ) ;
#501 = ADVANCED_FACE ( 'NONE', ( #1633 ), #715, .F. ) ;
#502 = CARTESIAN_POINT ( 'NONE',  ( 3.049999999999999822, 7.400000000000023448, 3.150000000000022560 ) ) ;
#503 = EDGE_CURVE ( 'NONE', #1808, #2489, #366, .T. ) ;
#504 = VECTOR ( 'NONE', #2333, 1000.000000000000000 ) ;
#505 = LINE ( 'NONE', #2727, #3123 ) ;
#506 = VECTOR ( 'NONE', #178, 1000.000000000000000 ) ;
#507 = DIRECTION ( 'NONE',  ( 0.0000000000000000000, -1.644517855226012731E-15, -1.000000000000000000 ) ) ;
#508 = EDGE_LOOP ( 'NONE', ( #3968, #3731, #2197, #5720 ) ) ;
#509 = LINE ( 'NONE', #49, #3858 ) ;
#510 = DIRECTION ( 'NONE',  ( 1.000000000000000000, 0.0000000000000000000, 0.0000000000000000000 ) ) ;
#511 = ORIENTED_EDGE ( 'NONE', *, *, #4971, .F. ) ;
#512 = CARTESIAN_POINT ( 'NONE',  ( -0.1000000000000000056, 8.200000000000008171, -6.549999999999981171 ) ) ;
#513 = ORIENTED_EDGE ( 'NONE', *, *, #2047, .F. ) ;
#514 = CARTESIAN_POINT ( 'NONE',  ( 10.91999999999999993, 10.60000000000001208, -5.249999999999984013 ) ) ;
#515 = DIRECTION ( 'NONE',  ( -1.000000000000000000, 0.0000000000000000000, -0.0000000000000000000 ) ) ;
#516 = VECTOR ( 'NONE', #4148, 1000.000000000000000 ) ;
#517 = DIRECTION ( 'NONE',  ( 0.0000000000000000000, 1.000000000000000000, -1.644517855226012731E-15 ) ) ;
#518 = VERTEX_POINT ( 'NONE', #3515 ) ;
#519 = CARTESIAN_POINT ( 'NONE',  ( 10.41999999999999815, 8.157500000000009521, -4.799999999999979394 ) ) ;
#520 = DIRECTION ( 'NONE',  ( -4.790063883779928724E-07, -1.752017131498759691E-08, -0.9999999999998852029 ) ) ;
#521 = ORIENTED_EDGE ( 'NONE', *, *, #1870, .F. ) ;
#522 = ORIENTED_EDGE ( 'NONE', *, *, #213, .F. ) ;
#523 = DIRECTION ( 'NONE',  ( 0.0000000000000000000, 1.644517855226012731E-15, 1.000000000000000000 ) ) ;
#524 = CARTESIAN_POINT ( 'NONE',  ( 13.51999999999999957, 11.10000000000002629, 4.350000000000016520 ) ) ;
#525 = EDGE_CURVE ( 'NONE', #3537, #4340, #5745, .T. ) ;
#526 = DIRECTION ( 'NONE',  ( -0.0000000000000000000, -1.644517855226012731E-15, -1.000000000000000000 ) ) ;
#527 = CARTESIAN_POINT ( 'NONE',  ( 2.299999999999999822, 7.650000000000010125, -5.249999999999978684 ) ) ;
#528 = FILL_AREA_STYLE ('',( #3616 ) ) ;
#529 =( NAMED_UNIT ( * ) PLANE_ANGLE_UNIT ( ) SI_UNIT ( $, .RADIAN. ) );
#530 = EDGE_CURVE ( 'NONE', #5357, #2164, #2976, .T. ) ;
#531 = CARTESIAN_POINT ( 'NONE',  ( 12.06999999999999851, 7.100000000000010303, -5.349999999999978328 ) ) ;
#532 = FACE_OUTER_BOUND ( 'NONE', #3061, .T. ) ;
#533 = LINE ( 'NONE', #2308, #4283 ) ;
#534 = CLOSED_SHELL ( 'NONE', ( #5179, #4749, #5716, #269, #3965, #5573, #4168, #4879, #2878, #5176, #2019, #3157, #5542, #3185, #3236, #3506, #4040, #5636, #696, #4976, #1327, #4202, #2640, #2163, #501, #5333, #457, #5804, #851, #1849, #889, #3585, #3687, #1390, #2840, #181, #3848, #1129, #3406, #1922, #811, #3213, #3843, #5220, #3251, #2521, #3717, #5154, #2124, #15, #3914, #4604, #663, #5307, #1980, #1170, #1000, #798, #3141, #2679, #5008, #4282, #2448, #1146, #3922, #895, #3808, #1199, #2672, #3962, #1666, #2784, #462, #257, #2095, #3220, #2949, #4108, #1404, #2553, #5494, #1634, #5025, #1668, #3928, #3186, #3353, #5395, #4448, #1434, #1287, #2373, #3954, #2846, #4311, #726, #2206, #2511, #336, #4861, #2899, #4143, #923, #4778, #1737, #4827, #5204, #4823, #801, #4068, #2704, #493, #4124, #2344, #2234, #1894, #4822, #3995, #84, #1741, #3491, #4676, #2332, #1786, #2626, #2882, #5797, #1399, #3150, #4851, #390, #3926, #1573, #1458, #5095, #4609, #2557, #1854, #3319, #5322, #2477, #4173, #1282, #1444, #970, #1771, #115, #5607, #2449, #2127, #4931, #2881, #5761, #2514, #5610, #2097, #377, #3746, #1427, #4116, #3514, #1066, #1097, #5649, #4474, #896, #5582, #2912, #2399, #3242, #5399, #3763, #1094 ) ) ;
#535 = ORIENTED_EDGE ( 'NONE', *, *, #3719, .T. ) ;
#536 = EDGE_CURVE ( 'NONE', #3110, #610, #4768, .T. ) ;
#537 = DIRECTION ( 'NONE',  ( -0.03224129401095901515, -1.643662893974972916E-15, -0.9994801143396996324 ) ) ;
#538 = VERTEX_POINT ( 'NONE', #3886 ) ;
#539 = VECTOR ( 'NONE', #305, 1000.000000000000000 ) ;
#540 = LINE ( 'NONE', #3706, #1012 ) ;
#541 = LINE ( 'NONE', #2314, #3479 ) ;
#542 = CARTESIAN_POINT ( 'NONE',  ( 14.23000000000000043, 8.200000000000011724, -4.249999999999981348 ) ) ;
#543 = VECTOR ( 'NONE', #641, 1000.000000000000000 ) ;
#544 = EDGE_CURVE ( 'NONE', #773, #3482, #5677, .T. ) ;
#545 = VECTOR ( 'NONE', #1157, 1000.000000000000000 ) ;
#546 = PLANE ( 'NONE',  #4213 ) ;
#547 = ORIENTED_EDGE ( 'NONE', *, *, #1777, .F. ) ;
#548 = ORIENTED_EDGE ( 'NONE', *, *, #5477, .F. ) ;
#549 = CARTESIAN_POINT ( 'NONE',  ( 8.445158234181999291, 8.200000000001308464, -6.549999999999981171 ) ) ;
#550 = VECTOR ( 'NONE', #4692, 1000.000000000000000 ) ;
#551 = LINE ( 'NONE', #1440, #3806 ) ;
#552 = LINE ( 'NONE', #2432, #5423 ) ;
#553 = VECTOR ( 'NONE', #78, 1000.000000000000000 ) ;
#554 = CARTESIAN_POINT ( 'NONE',  ( 10.91999999999999993, 6.850000000000009415, -5.149999999999977263 ) ) ;
#555 = EDGE_CURVE ( 'NONE', #1112, #1620, #1556, .T. ) ;
#556 = VECTOR ( 'NONE', #3611, 1000.000000000000000 ) ;
#557 = CARTESIAN_POINT ( 'NONE',  ( 4.174999999999999822, 7.650000000000012790, -3.474999999999979661 ) ) ;
#558 = CARTESIAN_POINT ( 'NONE',  ( 2.549999999999999822, -0.2499999999999924227, -5.399999999999967493 ) ) ;
#559 = MECHANICAL_DESIGN_GEOMETRIC_PRESENTATION_REPRESENTATION (  '', ( #4871 ), #5439 ) ;
#560 = EDGE_CURVE ( 'NONE', #855, #1509, #994, .T. ) ;
#561 = ORIENTED_EDGE ( 'NONE', *, *, #958, .T. ) ;
#562 = ORIENTED_EDGE ( 'NONE', *, *, #852, .F. ) ;
#563 = MECHANICAL_DESIGN_GEOMETRIC_PRESENTATION_REPRESENTATION (  '', ( #3092 ), #4026 ) ;
#564 = EDGE_CURVE ( 'NONE', #3620, #2637, #551, .T. ) ;
#565 = EDGE_CURVE ( 'NONE', #1018, #291, #1410, .T. ) ;
#566 = DIRECTION ( 'NONE',  ( 0.0000000000000000000, -0.5407575913134770040, 0.8411784753765674250 ) ) ;
#567 = CARTESIAN_POINT ( 'NONE',  ( 2.799999999999999822, 7.650000000000011902, -4.249999999999979572 ) ) ;
#568 = EDGE_LOOP ( 'NONE', ( #4814, #3807, #3371, #890 ) ) ;
#569 = VECTOR ( 'NONE', #520, 999.9999999999998863 ) ;
#570 = MECHANICAL_DESIGN_GEOMETRIC_PRESENTATION_REPRESENTATION (  '', ( #2425 ), #1503 ) ;
#571 = DIRECTION ( 'NONE',  ( -1.000000000000000000, 0.0000000000000000000, -0.0000000000000000000 ) ) ;
#572 = ORIENTED_EDGE ( 'NONE', *, *, #360, .T. ) ;
#573 = ORIENTED_EDGE ( 'NONE', *, *, #3623, .T. ) ;
#574 = CARTESIAN_POINT ( 'NONE',  ( 0.5954592314951001608, 5.200000000000025047, 4.350000000000026290 ) ) ;
#575 = EDGE_LOOP ( 'NONE', ( #4958, #3442, #4002, #1101 ) ) ;
#576 = FACE_OUTER_BOUND ( 'NONE', #870, .T. ) ;
#577 = LINE ( 'NONE', #1878, #3646 ) ;
#578 = CARTESIAN_POINT ( 'NONE',  ( 1.000000000000000000, 10.75000000000000533, -7.649999999999987033 ) ) ;
#579 = UNCERTAINTY_MEASURE_WITH_UNIT (LENGTH_MEASURE( 1.000000000000000082E-05 ), #1242, 'distance_accuracy_value', 'NONE');
#580 = DIRECTION ( 'NONE',  ( 0.0000000000000000000, -1.000000000000000000, 1.644517855226012731E-15 ) ) ;
#581 = CARTESIAN_POINT ( 'NONE',  ( 2.799999999999999822, 6.827500000000010338, -4.799999999999977618 ) ) ;
#582 = VECTOR ( 'NONE', #2292, 1000.000000000000000 ) ;
#583 = LINE ( 'NONE', #2861, #3741 ) ;
#584 = B_SPLINE_CURVE_WITH_KNOTS ( 'NONE', 3,
 ( #5546, #4222, #1992, #3786, #2367, #5072, #613 ),
 .UNSPECIFIED., .F., .F.,
 ( 4, 1, 1, 1, 4 ),
 ( 0.0000000000000000000, 0.2500000000000000000, 0.5000000000000000000, 0.7500000000000000000, 1.000000000000000000 ),
 .UNSPECIFIED. ) ;
#585 = DIRECTION ( 'NONE',  ( 0.0000000000000000000, -1.000000000000000000, 1.644517855226012731E-15 ) ) ;
#586 = ORIENTED_EDGE ( 'NONE', *, *, #4444, .F. ) ;
#587 = AXIS2_PLACEMENT_3D ( 'NONE', #105, #1548, #3335 ) ;
#588 = EDGE_LOOP ( 'NONE', ( #2024, #4905, #1840, #3158, #5036 ) ) ;
#589 = EDGE_CURVE ( 'NONE', #3606, #4126, #5808, .T. ) ;
#590 = DIRECTION ( 'NONE',  ( -1.000000000000000000, 3.739355071232960276E-11, -2.449954245105001264E-10 ) ) ;
#591 = CARTESIAN_POINT ( 'NONE',  ( 9.919999999999998153, 6.470000000000009521, -5.149999999999977263 ) ) ;
#592 = VERTEX_POINT ( 'NONE', #3103 ) ;
#593 = EDGE_CURVE ( 'NONE', #2430, #975, #4571, .T. ) ;
#594 = VECTOR ( 'NONE', #1749, 1000.000000000000000 ) ;
#595 = EDGE_CURVE ( 'NONE', #1797, #1128, #5313, .T. ) ;
#596 = FACE_OUTER_BOUND ( 'NONE', #691, .T. ) ;
#597 = ORIENTED_EDGE ( 'NONE', *, *, #564, .F. ) ;
#598 = AXIS2_PLACEMENT_3D ( 'NONE', #1947, #1923, #5106 ) ;
#599 = VERTEX_POINT ( 'NONE', #41 ) ;
#600 = DIRECTION ( 'NONE',  ( 0.0000000000000000000, -1.000000000000000000, 1.644517855226012731E-15 ) ) ;
#601 = VERTEX_POINT ( 'NONE', #7 ) ;
#602 = DIRECTION ( 'NONE',  ( -1.000000000000000000, 0.0000000000000000000, 0.0000000000000000000 ) ) ;
#603 = DIRECTION ( 'NONE',  ( 1.000000000000000000, 0.0000000000000000000, 0.0000000000000000000 ) ) ;
#604 = ORIENTED_EDGE ( 'NONE', *, *, #28, .F. ) ;
#605 = DIRECTION ( 'NONE',  ( 0.0000000000000000000, 1.644517855226012731E-15, 1.000000000000000000 ) ) ;
#606 = FACE_OUTER_BOUND ( 'NONE', #3845, .T. ) ;
#607 = CARTESIAN_POINT ( 'NONE',  ( 3.299999999999999822, 8.150000000000011013, -4.738235294117980168 ) ) ;
#608 = LINE ( 'NONE', #3305, #4428 ) ;
#609 = ORIENTED_EDGE ( 'NONE', *, *, #4938, .F. ) ;
#610 = VERTEX_POINT ( 'NONE', #1815 ) ;
#611 = DIRECTION ( 'NONE',  ( 0.0000000000000000000, -1.000000000000000000, 1.644517855226012731E-15 ) ) ;
#612 = DIRECTION ( 'NONE',  ( 0.0000000000000000000, 0.9701425001453382047, 0.2425356250363078503 ) ) ;
#613 = CARTESIAN_POINT ( 'NONE',  ( 0.8251582341875000060, 8.199999999999807443, -6.549999999999981171 ) ) ;
#614 = CARTESIAN_POINT ( 'NONE',  ( 9.909999999999998366, 8.200000000000009948, -5.149999999999980815 ) ) ;
#615 = ORIENTED_EDGE ( 'NONE', *, *, #821, .F. ) ;
#616 = EDGE_CURVE ( 'NONE', #5584, #4086, #4273, .T. ) ;
#617 = VECTOR ( 'NONE', #4210, 1000.000000000000000 ) ;
#618 = CARTESIAN_POINT ( 'NONE',  ( 2.800000000003000089, 7.649999999998351008, -5.899895321349978516 ) ) ;
#619 = EDGE_CURVE ( 'NONE', #4446, #3620, #3132, .T. ) ;
#620 = VECTOR ( 'NONE', #4007, 1000.000000000000114 ) ;
#621 = ORIENTED_EDGE ( 'NONE', *, *, #2242, .F. ) ;
#622 = EDGE_LOOP ( 'NONE', ( #3938, #459, #2911, #768 ) ) ;
#623 = EDGE_CURVE ( 'NONE', #2210, #610, #1785, .T. ) ;
#624 = DIRECTION ( 'NONE',  ( 0.0000000000000000000, -1.644517855226012731E-15, -1.000000000000000000 ) ) ;
#625 = ORIENTED_EDGE ( 'NONE', *, *, #3304, .T. ) ;
#626 = VECTOR ( 'NONE', #4719, 1000.000000000000000 ) ;
#627 = SURFACE_SIDE_STYLE ('',( #1074 ) ) ;
#628 = EDGE_CURVE ( 'NONE', #4992, #2233, #4130, .T. ) ;
#629 = EDGE_CURVE ( 'NONE', #5615, #2685, #434, .T. ) ;
#630 = CARTESIAN_POINT ( 'NONE',  ( 10.91999999999999993, 7.150000000000021672, 2.150000000000022560 ) ) ;
#631 = ORIENTED_EDGE ( 'NONE', *, *, #929, .F. ) ;
#632 = FACE_OUTER_BOUND ( 'NONE', #3349, .T. ) ;
#633 = AXIS2_PLACEMENT_3D ( 'NONE', #5458, #1441, #3228 ) ;
#634 = CARTESIAN_POINT ( 'NONE',  ( 3.310000000000000053, 8.200000000000009948, -6.049999999999982059 ) ) ;
#635 = CARTESIAN_POINT ( 'NONE',  ( 13.31999999999999851, 5.400000000000007461, -6.549999999999975842 ) ) ;
#636 =( LENGTH_UNIT ( ) NAMED_UNIT ( * ) SI_UNIT ( .MILLI., .METRE. ) );
#637 = FACE_OUTER_BOUND ( 'NONE', #5638, .T. ) ;
#638 = EDGE_CURVE ( 'NONE', #4637, #3824, #96, .T. ) ;
#639 = VECTOR ( 'NONE', #4306, 1000.000000000000114 ) ;
#640 = ORIENTED_EDGE ( 'NONE', *, *, #5214, .F. ) ;
#641 = DIRECTION ( 'NONE',  ( 1.000000000000000000, 0.0000000000000000000, 0.0000000000000000000 ) ) ;
#642 = FILL_AREA_STYLE ('',( #5629 ) ) ;
#643 = STYLED_ITEM ( 'NONE', ( #3949 ), #2206 ) ;
#644 = DIRECTION ( 'NONE',  ( 1.000000000000000000, 0.0000000000000000000, 0.0000000000000000000 ) ) ;
#645 = CARTESIAN_POINT ( 'NONE',  ( 4.599999999999999645, 10.75000000000000533, -7.649999999999987033 ) ) ;
#646 = ORIENTED_EDGE ( 'NONE', *, *, #3939, .F. ) ;
#647 = LINE ( 'NONE', #2426, #3837 ) ;
#648 = VECTOR ( 'NONE', #4994, 1000.000000000000000 ) ;
#649 = ORIENTED_EDGE ( 'NONE', *, *, #1350, .F. ) ;
#650 = EDGE_LOOP ( 'NONE', ( #5488, #3727, #4125, #3144, #2369, #4489 ) ) ;
#651 = CYLINDRICAL_SURFACE ( 'NONE', #3781, 2.950000000000000178 ) ;
#652 = VECTOR ( 'NONE', #2020, 1000.000000000000000 ) ;
#653 = ORIENTED_EDGE ( 'NONE', *, *, #4890, .F. ) ;
#654 = EDGE_CURVE ( 'NONE', #3612, #2489, #5334, .T. ) ;
#655 = VERTEX_POINT ( 'NONE', #2248 ) ;
#656 = LINE ( 'NONE', #2488, #677 ) ;
#657 = CARTESIAN_POINT ( 'NONE',  ( 3.049999999999999822, -0.2499999999999924227, -5.399999999999967493 ) ) ;
#658 = FILL_AREA_STYLE ('',( #5619 ) ) ;
#659 = EDGE_CURVE ( 'NONE', #3836, #1112, #1845, .T. ) ;
#660 = EDGE_LOOP ( 'NONE', ( #4135, #2855, #3544, #4540 ) ) ;
#661 = CARTESIAN_POINT ( 'NONE',  ( 10.91999999999999993, 10.60000000000000853, -6.549999999999984723 ) ) ;
#662 = DIRECTION ( 'NONE',  ( 0.0000000000000000000, 1.000000000000000000, -1.644517855226012731E-15 ) ) ;
#663 = ADVANCED_FACE ( 'NONE', ( #5456 ), #908, .T. ) ;
#664 = DIRECTION ( 'NONE',  ( 1.000000000000000000, 0.0000000000000000000, 0.0000000000000000000 ) ) ;
#665 = DIRECTION ( 'NONE',  ( -1.000000000000000000, 0.0000000000000000000, 0.0000000000000000000 ) ) ;
#666 = VERTEX_POINT ( 'NONE', #2724 ) ;
#667 = DIRECTION ( 'NONE',  ( 0.0000000000000000000, 1.000000000000000000, -1.644517855226012731E-15 ) ) ;
#668 =( NAMED_UNIT ( * ) SI_UNIT ( $, .STERADIAN. ) SOLID_ANGLE_UNIT ( ) );
#669 = LINE ( 'NONE', #162, #3548 ) ;
#670 = DIRECTION ( 'NONE',  ( 0.0000000000000000000, -1.000000000000000000, 1.644517855226012731E-15 ) ) ;
#671 = ORIENTED_EDGE ( 'NONE', *, *, #4246, .F. ) ;
#672 = VECTOR ( 'NONE', #1909, 1000.000000000000227 ) ;
#673 = CARTESIAN_POINT ( 'NONE',  ( 2.299999999999999822, 8.135517241379311315, -4.618965517240978258 ) ) ;
#674 = CARTESIAN_POINT ( 'NONE',  ( 10.04499999999999815, 7.650000000000023448, 2.650000000000022116 ) ) ;
#675 = ORIENTED_EDGE ( 'NONE', *, *, #3040, .T. ) ;
#676 = EDGE_LOOP ( 'NONE', ( #3068, #2391, #5576, #3735, #4357, #57, #3602, #1890, #5774, #5232, #1188, #1374 ) ) ;
#677 = VECTOR ( 'NONE', #207, 1000.000000000000000 ) ;
#678 = ORIENTED_EDGE ( 'NONE', *, *, #4942, .T. ) ;
#679 = VECTOR ( 'NONE', #966, 1000.000000000000000 ) ;
#680 = DIRECTION ( 'NONE',  ( 0.0000000000000000000, 1.000000000000000000, -1.644517855226012731E-15 ) ) ;
#681 = ORIENTED_EDGE ( 'NONE', *, *, #880, .T. ) ;
#682 = DIRECTION ( 'NONE',  ( 1.000000000000000000, 0.0000000000000000000, 0.0000000000000000000 ) ) ;
#683 = FACE_OUTER_BOUND ( 'NONE', #206, .T. ) ;
#684 = EDGE_CURVE ( 'NONE', #4417, #5199, #4455, .T. ) ;
#685 = CARTESIAN_POINT ( 'NONE',  ( 12.46999999999999886, 5.400000000000007461, -6.549999999999975842 ) ) ;
#686 = CARTESIAN_POINT ( 'NONE',  ( 3.700000000000000178, 10.60000000000002629, 4.350000000000017408 ) ) ;
#687 = SURFACE_STYLE_USAGE ( .BOTH. , #4270 ) ;
#688 = CARTESIAN_POINT ( 'NONE',  ( 13.31999999999999851, 7.100000000000012079, -4.249999999999977796 ) ) ;
#689 = EDGE_CURVE ( 'NONE', #1514, #5065, #2275, .T. ) ;
#690 = FACE_OUTER_BOUND ( 'NONE', #3624, .T. ) ;
#691 = EDGE_LOOP ( 'NONE', ( #1860, #37, #2660, #1454, #2343 ) ) ;
#692 = CARTESIAN_POINT ( 'NONE',  ( 9.519999999999999574, 10.60000000000002629, 4.350000000000017408 ) ) ;
#693 = FILL_AREA_STYLE ('',( #3311 ) ) ;
#694 = DIRECTION ( 'NONE',  ( 0.9792125401398723561, 3.335688763094101699E-16, 0.2028368833146943495 ) ) ;
#695 = CARTESIAN_POINT ( 'NONE',  ( 2.299999999999999822, 8.150000000000014566, -2.699999999999980194 ) ) ;
#696 = ADVANCED_FACE ( 'NONE', ( #1044 ), #2825, .F. ) ;
#697 = VERTEX_POINT ( 'NONE', #4200 ) ;
#698 = PRESENTATION_STYLE_ASSIGNMENT (( #4412 ) ) ;
#699 = PLANE ( 'NONE',  #2809 ) ;
#700 = VERTEX_POINT ( 'NONE', #5193 ) ;
#701 = ORIENTED_EDGE ( 'NONE', *, *, #3304, .F. ) ;
#702 = VECTOR ( 'NONE', #1669, 1000.000000000000000 ) ;
#703 = EDGE_CURVE ( 'NONE', #3262, #4623, #175, .T. ) ;
#704 = VERTEX_POINT ( 'NONE', #1950 ) ;
#705 = AXIS2_PLACEMENT_3D ( 'NONE', #5502, #1482, #5055 ) ;
#706 = DIRECTION ( 'NONE',  ( 0.0000000000000000000, 1.000000000000000000, -1.644517855226012731E-15 ) ) ;
#707 = ORIENTED_EDGE ( 'NONE', *, *, #1245, .F. ) ;
#708 = DIRECTION ( 'NONE',  ( 0.0000000000000000000, 1.644517855226012731E-15, 1.000000000000000000 ) ) ;
#709 = ORIENTED_EDGE ( 'NONE', *, *, #886, .T. ) ;
#710 = CARTESIAN_POINT ( 'NONE',  ( 12.54132034355959924, 5.400000000000011013, -4.249999999999976019 ) ) ;
#711 = PRESENTATION_STYLE_ASSIGNMENT (( #4733 ) ) ;
#712 = LINE ( 'NONE', #3361, #4201 ) ;
#713 = VECTOR ( 'NONE', #3783, 1000.000000000000227 ) ;
#714 = LINE ( 'NONE', #5589, #251 ) ;
#715 = PLANE ( 'NONE',  #4379 ) ;
#716 = CARTESIAN_POINT ( 'NONE',  ( 12.21999999999999886, 4.200000000000009059, -4.849999999999973888 ) ) ;
#717 = CARTESIAN_POINT ( 'NONE',  ( -0.8000000000000000444, 11.55000000000002203, 1.350000000000014744 ) ) ;
#718 = EDGE_CURVE ( 'NONE', #2179, #538, #4656, .T. ) ;
#719 = STYLED_ITEM ( 'NONE', ( #3417 ), #1376 ) ;
#720 = DIRECTION ( 'NONE',  ( 0.0000000000000000000, 0.3589790793088808996, -0.9333456062030549560 ) ) ;
#721 = CIRCLE ( 'NONE', #3652, 1.000000000000000000 ) ;
#722 = ORIENTED_EDGE ( 'NONE', *, *, #2743, .T. ) ;
#723 = DIRECTION ( 'NONE',  ( -0.0000000000000000000, -1.644517855226012731E-15, -1.000000000000000000 ) ) ;
#724 = SURFACE_STYLE_USAGE ( .BOTH. , #2421 ) ;
#725 = ORIENTED_EDGE ( 'NONE', *, *, #5470, .T. ) ;
#726 = ADVANCED_FACE ( 'NONE', ( #1512 ), #5226, .F. ) ;
#727 = DIRECTION ( 'NONE',  ( -0.1421338109036998643, -0.3553345272594011783, -0.9238697708742987791 ) ) ;
#728 =( NAMED_UNIT ( * ) SI_UNIT ( $, .STERADIAN. ) SOLID_ANGLE_UNIT ( ) );
#729 = ORIENTED_EDGE ( 'NONE', *, *, #5001, .F. ) ;
#730 = CARTESIAN_POINT ( 'NONE',  ( 10.91999999999999993, 8.149999999999998579, -12.16427303578998398 ) ) ;
#731 = EDGE_CURVE ( 'NONE', #666, #5492, #2117, .T. ) ;
#732 = COLOUR_RGB ( '',1.000000000000000000, 1.000000000000000000, 1.000000000000000000 ) ;
#733 = DIRECTION ( 'NONE',  ( 0.0000000000000000000, -1.644517855226012731E-15, -1.000000000000000000 ) ) ;
#734 = CARTESIAN_POINT ( 'NONE',  ( 4.200000000000000178, 7.100000000000012079, -4.249999999999977796 ) ) ;
#735 = ORIENTED_EDGE ( 'NONE', *, *, #1550, .F. ) ;
#736 = AXIS2_PLACEMENT_3D ( 'NONE', #3493, #2538, #1383 ) ;
#737 = ORIENTED_EDGE ( 'NONE', *, *, #5753, .F. ) ;
#738 = AXIS2_PLACEMENT_3D ( 'NONE', #5696, #424, #1715 ) ;
#739 = DIRECTION ( 'NONE',  ( 0.0000000000000000000, -1.644517855226012731E-15, -1.000000000000000000 ) ) ;
#740 = VERTEX_POINT ( 'NONE', #1617 ) ;
#741 = CARTESIAN_POINT ( 'NONE',  ( 4.599999999999999645, 3.750000000000004885, -7.649999999999974598 ) ) ;
#742 = EDGE_LOOP ( 'NONE', ( #3160, #3589, #4509, #3553, #5608, #625, #5558, #4854 ) ) ;
#743 = CARTESIAN_POINT ( 'NONE',  ( 10.89209790209799777, 7.150000000000011013, -4.484265734265979297 ) ) ;
#744 = CARTESIAN_POINT ( 'NONE',  ( 4.921320325384001215, 5.400000041757023084, 3.049999726433025860 ) ) ;
#745 = AXIS2_PLACEMENT_3D ( 'NONE', #5550, #1013, #1476 ) ;
#746 = STYLED_ITEM ( 'NONE', ( #1999 ), #2626 ) ;
#747 = DIRECTION ( 'NONE',  ( 0.0000000000000000000, 0.1205431253957964799, -0.9927080914950846546 ) ) ;
#748 = DIRECTION ( 'NONE',  ( 0.0000000000000000000, -1.644517855226012731E-15, -1.000000000000000000 ) ) ;
#749 = FACE_OUTER_BOUND ( 'NONE', #2933, .T. ) ;
#750 = CARTESIAN_POINT ( 'NONE',  ( 0.3393398282201999794, 5.300000000000024691, 3.700000000000026379 ) ) ;
#751 = AXIS2_PLACEMENT_3D ( 'NONE', #1679, #3933, #4877 ) ;
#752 = CARTESIAN_POINT ( 'NONE',  ( 4.921320343559999699, 5.400000000000022560, 3.050000000000025580 ) ) ;
#753 = DIRECTION ( 'NONE',  ( -0.9195995135417113220, 0.3928571428571051571, -6.195440985631454331E-16 ) ) ;
#754 = CARTESIAN_POINT ( 'NONE',  ( 3.299999999999999822, 0.7500000000000058842, -6.149999999999968381 ) ) ;
#755 = ORIENTED_EDGE ( 'NONE', *, *, #4965, .T. ) ;
#756 =( LENGTH_UNIT ( ) NAMED_UNIT ( * ) SI_UNIT ( .MILLI., .METRE. ) );
#757 = VERTEX_POINT ( 'NONE', #3740 ) ;
#758 = DIRECTION ( 'NONE',  ( 0.3162277660168079096, 1.560126622598787659E-15, 0.9486832980505238710 ) ) ;
#759 = CARTESIAN_POINT ( 'NONE',  ( 9.909999999999998366, 4.200000000000006395, -6.449999999999974420 ) ) ;
#760 = ORIENTED_EDGE ( 'NONE', *, *, #2794, .T. ) ;
#761 = LINE ( 'NONE', #4622, #2664 ) ;
#762 = AXIS2_PLACEMENT_3D ( 'NONE', #4252, #2394, #1087 ) ;
#763 = DIRECTION ( 'NONE',  ( 0.0000000000000000000, 1.000000000000000000, -2.891205793294679017E-15 ) ) ;
#764 = EDGE_CURVE ( 'NONE', #3571, #1250, #4788, .T. ) ;
#765 =( NAMED_UNIT ( * ) PLANE_ANGLE_UNIT ( ) SI_UNIT ( $, .RADIAN. ) );
#766 = VECTOR ( 'NONE', #5401, 1000.000000000000114 ) ;
#767 = DIRECTION ( 'NONE',  ( 0.0000000000000000000, -1.000000000000000000, 1.644517855226012731E-15 ) ) ;
#768 = ORIENTED_EDGE ( 'NONE', *, *, #1657, .F. ) ;
#769 = EDGE_CURVE ( 'NONE', #5615, #27, #3771, .T. ) ;
#770 = ORIENTED_EDGE ( 'NONE', *, *, #4549, .T. ) ;
#771 = EDGE_CURVE ( 'NONE', #4842, #3262, #4650, .T. ) ;
#772 =( GEOMETRIC_REPRESENTATION_CONTEXT ( 3 ) GLOBAL_UNCERTAINTY_ASSIGNED_CONTEXT ( ( #998 ) ) GLOBAL_UNIT_ASSIGNED_CONTEXT ( ( #910, #3581, #3135 ) ) REPRESENTATION_CONTEXT ( 'NONE', 'WORKASPACE' ) );
#773 = VERTEX_POINT ( 'NONE', #1019 ) ;
#774 = AXIS2_PLACEMENT_3D ( 'NONE', #5644, #5142, #3798 ) ;
#775 = CARTESIAN_POINT ( 'NONE',  ( 10.41999999999999815, 7.450000000000025935, 4.350000000000021849 ) ) ;
#776 = VERTEX_POINT ( 'NONE', #5083 ) ;
#777 = DIRECTION ( 'NONE',  ( 0.0000000000000000000, 1.644517855226012731E-15, 1.000000000000000000 ) ) ;
#778 = FACE_OUTER_BOUND ( 'NONE', #622, .T. ) ;
#779 = FACE_OUTER_BOUND ( 'NONE', #4321, .T. ) ;
#780 = EDGE_LOOP ( 'NONE', ( #5769, #1721, #5705, #399, #2013, #1804, #1946 ) ) ;
#781 = ORIENTED_EDGE ( 'NONE', *, *, #5642, .T. ) ;
#782 = CARTESIAN_POINT ( 'NONE',  ( 10.91999999999999993, 7.150000000000013678, -2.699999999999978417 ) ) ;
#783 = DIRECTION ( 'NONE',  ( 0.0000000000000000000, 1.000000000000000000, -1.644517855226012731E-15 ) ) ;
#784 = FACE_OUTER_BOUND ( 'NONE', #2158, .T. ) ;
#785 = CARTESIAN_POINT ( 'NONE',  ( 5.004540768505000514, 5.200000000000025047, 4.350000000000026290 ) ) ;
#786 = DIRECTION ( 'NONE',  ( 0.0000000000000000000, 1.000000000000000000, -1.644517855226012731E-15 ) ) ;
#787 = DIRECTION ( 'NONE',  ( -1.000000000000000000, 0.0000000000000000000, -0.0000000000000000000 ) ) ;
#788 = ORIENTED_EDGE ( 'NONE', *, *, #4076, .T. ) ;
#789 = CARTESIAN_POINT ( 'NONE',  ( 8.215459231494998349, 5.200000000000025047, 4.350000000000026290 ) ) ;
#790 = MECHANICAL_DESIGN_GEOMETRIC_PRESENTATION_REPRESENTATION (  '', ( #1267 ), #2284 ) ;
#791 = PRESENTATION_STYLE_ASSIGNMENT (( #5312 ) ) ;
#792 = DIRECTION ( 'NONE',  ( 0.0000000000000000000, 1.644517855226012731E-15, 1.000000000000000000 ) ) ;
#793 = ORIENTED_EDGE ( 'NONE', *, *, #4549, .F. ) ;
#794 = DIRECTION ( 'NONE',  ( -1.000000000000000000, 2.921250539646147360E-29, 1.776356839400000238E-14 ) ) ;
#795 = PLANE ( 'NONE',  #5045 ) ;
#796 = DIRECTION ( 'NONE',  ( -1.000000000000000000, 0.0000000000000000000, -0.0000000000000000000 ) ) ;
#797 = FILL_AREA_STYLE ('',( #1210 ) ) ;
#798 = ADVANCED_FACE ( 'NONE', ( #2961 ), #3412, .T. ) ;
#799 = VERTEX_POINT ( 'NONE', #4150 ) ;
#800 = ORIENTED_EDGE ( 'NONE', *, *, #1820, .F. ) ;
#801 = ADVANCED_FACE ( 'NONE', ( #122 ), #1925, .F. ) ;
#802 = VECTOR ( 'NONE', #1446, 1000.000000000000000 ) ;
#803 = VERTEX_POINT ( 'NONE', #3990 ) ;
#804 = LINE ( 'NONE', #327, #1153 ) ;
#805 = ORIENTED_EDGE ( 'NONE', *, *, #1339, .F. ) ;
#806 = CARTESIAN_POINT ( 'NONE',  ( 11.08000000000000007, 4.200000000000005507, -7.249999999999973355 ) ) ;
#807 = VERTEX_POINT ( 'NONE', #1246 ) ;
#808 = VECTOR ( 'NONE', #526, 1000.000000000000000 ) ;
#809 = EDGE_CURVE ( 'NONE', #5787, #5201, #4911, .T. ) ;
#810 = DIRECTION ( 'NONE',  ( 0.0000000000000000000, 1.644517855226012731E-15, 1.000000000000000000 ) ) ;
#811 = ADVANCED_FACE ( 'NONE', ( #421 ), #3905, .F. ) ;
#812 = FILL_AREA_STYLE_COLOUR ( '', #4216 ) ;
#813 = SURFACE_STYLE_FILL_AREA ( #5394 ) ;
#814 = STYLED_ITEM ( 'NONE', ( #2112 ), #923 ) ;
#815 = DIRECTION ( 'NONE',  ( 1.000000000000000000, -2.921250539646147696E-28, -1.776356839400000554E-13 ) ) ;
#816 = CARTESIAN_POINT ( 'NONE',  ( 9.909999999999998366, 8.400000000000007461, -6.449999999999981526 ) ) ;
#817 = VECTOR ( 'NONE', #4573, 1000.000000000000000 ) ;
#818 = ORIENTED_EDGE ( 'NONE', *, *, #50, .T. ) ;
#819 = FACE_OUTER_BOUND ( 'NONE', #2670, .T. ) ;
#820 = LINE ( 'NONE', #2540, #2884 ) ;
#821 = EDGE_CURVE ( 'NONE', #279, #261, #3118, .T. ) ;
#822 = LINE ( 'NONE', #3869, #3396 ) ;
#823 = ORIENTED_EDGE ( 'NONE', *, *, #3920, .F. ) ;
#824 = DIRECTION ( 'NONE',  ( 0.0000000000000000000, 1.644517855226012731E-15, 1.000000000000000000 ) ) ;
#825 = DIRECTION ( 'NONE',  ( 0.0000000000000000000, -1.000000000000000000, 1.644517855226012731E-15 ) ) ;
#826 =( LENGTH_UNIT ( ) NAMED_UNIT ( * ) SI_UNIT ( .MILLI., .METRE. ) );
#827 = ORIENTED_EDGE ( 'NONE', *, *, #718, .F. ) ;
#828 = DIRECTION ( 'NONE',  ( 0.0000000000000000000, 1.644517855226012731E-15, 1.000000000000000000 ) ) ;
#829 = AXIS2_PLACEMENT_3D ( 'NONE', #3340, #2868, #4138 ) ;
#830 = SURFACE_SIDE_STYLE ('',( #3059 ) ) ;
#831 = LINE ( 'NONE', #2171, #4773 ) ;
#832 = ORIENTED_EDGE ( 'NONE', *, *, #2875, .T. ) ;
#833 = ORIENTED_EDGE ( 'NONE', *, *, #2405, .T. ) ;
#834 = MECHANICAL_DESIGN_GEOMETRIC_PRESENTATION_REPRESENTATION (  '', ( #4757 ), #1202 ) ;
#835 = DIRECTION ( 'NONE',  ( 0.0000000000000000000, 1.644517855226012731E-15, 1.000000000000000000 ) ) ;
#836 = VECTOR ( 'NONE', #3223, 1000.000000000000000 ) ;
#837 = ORIENTED_EDGE ( 'NONE', *, *, #3344, .F. ) ;
#838 = PRESENTATION_STYLE_ASSIGNMENT (( #3572 ) ) ;
#839 = ORIENTED_EDGE ( 'NONE', *, *, #3227, .F. ) ;
#840 = CARTESIAN_POINT ( 'NONE',  ( 2.299999999999999822, -0.2499999999999941436, -6.149999999999968381 ) ) ;
#841 = CARTESIAN_POINT ( 'NONE',  ( 3.049999999999999822, -0.2499999999999941436, -5.899999999999967493 ) ) ;
#842 = VERTEX_POINT ( 'NONE', #1307 ) ;
#843 = VECTOR ( 'NONE', #4556, 1000.000000000000000 ) ;
#844 = ORIENTED_EDGE ( 'NONE', *, *, #2875, .F. ) ;
#845 = PRESENTATION_LAYER_ASSIGNMENT (  '', '', ( #4871 ) ) ;
#846 = EDGE_CURVE ( 'NONE', #2401, #2790, #1711, .T. ) ;
#847 = CARTESIAN_POINT ( 'NONE',  ( 10.89209790209799777, 7.150000000000011013, -4.484265734265979297 ) ) ;
#848 = CARTESIAN_POINT ( 'NONE',  ( 8.419999999999999929, 7.100000000000007638, -6.549999999999977618 ) ) ;
#849 = VECTOR ( 'NONE', #3662, 1000.000000000000000 ) ;
#850 = CARTESIAN_POINT ( 'NONE',  ( 1.000000000000000000, 3.750000000000004885, -7.649999999999974598 ) ) ;
#851 = ADVANCED_FACE ( 'NONE', ( #5352 ), #2615, .F. ) ;
#852 = EDGE_CURVE ( 'NONE', #4380, #5078, #894, .T. ) ;
#853 = DIRECTION ( 'NONE',  ( 0.0000000000000000000, -1.000000000000000000, 1.644517855226012731E-15 ) ) ;
#854 = VECTOR ( 'NONE', #4519, 1000.000000000000000 ) ;
#855 = VERTEX_POINT ( 'NONE', #4880 ) ;
#856 = VERTEX_POINT ( 'NONE', #1681 ) ;
#857 = LINE ( 'NONE', #5400, #2321 ) ;
#858 = DIRECTION ( 'NONE',  ( 0.0000000000000000000, 1.644517855226012731E-15, 1.000000000000000000 ) ) ;
#859 = ORIENTED_EDGE ( 'NONE', *, *, #1032, .F. ) ;
#860 = DIRECTION ( 'NONE',  ( 0.0000000000000000000, 0.1520571842539019114, -0.9883716976506232710 ) ) ;
#861 = FILL_AREA_STYLE_COLOUR ( '', #5708 ) ;
#862 = EDGE_LOOP ( 'NONE', ( #2137, #4354, #1261, #5555 ) ) ;
#863 = CARTESIAN_POINT ( 'NONE',  ( 12.46999999999999886, 5.400000000000007461, -6.549999999999975842 ) ) ;
#864 = CARTESIAN_POINT ( 'NONE',  ( 2.299999999999999822, 9.600000000000012079, -4.249999999999983125 ) ) ;
#865 = DIRECTION ( 'NONE',  ( 1.000000000000000000, 0.0000000000000000000, 0.0000000000000000000 ) ) ;
#866 = CARTESIAN_POINT ( 'NONE',  ( 2.800000000003000089, 7.649999999998351008, -5.899895321349978516 ) ) ;
#867 = EDGE_LOOP ( 'NONE', ( #1734, #5381, #5185, #936 ) ) ;
#868 = ORIENTED_EDGE ( 'NONE', *, *, #2965, .T. ) ;
#869 = VECTOR ( 'NONE', #3465, 1000.000000000000000 ) ;
#870 = EDGE_LOOP ( 'NONE', ( #2772, #4511, #3163, #3265 ) ) ;
#871 = DIRECTION ( 'NONE',  ( 0.0000000000000000000, -1.000000000000000000, 1.644517855226012731E-15 ) ) ;
#872 = ORIENTED_EDGE ( 'NONE', *, *, #5485, .F. ) ;
#873 = DIRECTION ( 'NONE',  ( -1.000000000000000000, 0.0000000000000000000, 0.0000000000000000000 ) ) ;
#874 = COLOUR_RGB ( '',1.000000000000000000, 1.000000000000000000, 1.000000000000000000 ) ;
#875 = LINE ( 'NONE', #3070, #5132 ) ;
#876 = ORIENTED_EDGE ( 'NONE', *, *, #4460, .F. ) ;
#877 = CARTESIAN_POINT ( 'NONE',  ( 3.459999999999999964, 4.200000000000005507, -7.249999999999973355 ) ) ;
#878 = VECTOR ( 'NONE', #5680, 1000.000000000000114 ) ;
#879 = FACE_OUTER_BOUND ( 'NONE', #3609, .T. ) ;
#880 = EDGE_CURVE ( 'NONE', #1623, #1480, #5792, .T. ) ;
#881 = FACE_OUTER_BOUND ( 'NONE', #1831, .T. ) ;
#882 = UNCERTAINTY_MEASURE_WITH_UNIT (LENGTH_MEASURE( 1.000000000000000082E-05 ), #3386, 'distance_accuracy_value', 'NONE');
#883 = AXIS2_PLACEMENT_3D ( 'NONE', #2088, #3004, #4353 ) ;
#884 = CARTESIAN_POINT ( 'NONE',  ( 12.32888130293640039, 8.199999999999908695, -6.422915632209980075 ) ) ;
#885 = EDGE_LOOP ( 'NONE', ( #586, #3866, #1186, #1394, #242, #4614, #149 ) ) ;
#886 = EDGE_CURVE ( 'NONE', #2151, #2837, #228, .T. ) ;
#887 = STYLED_ITEM ( 'NONE', ( #2609 ), #5797 ) ;
#888 = DIRECTION ( 'NONE',  ( 0.0000000000000000000, 1.000000000000000000, -1.734723475976805517E-15 ) ) ;
#889 = ADVANCED_FACE ( 'NONE', ( #1768 ), #924, .T. ) ;
#890 = ORIENTED_EDGE ( 'NONE', *, *, #2729, .T. ) ;
#891 = LINE ( 'NONE', #4438, #33 ) ;
#892 = LINE ( 'NONE', #1736, #4681 ) ;
#893 = CARTESIAN_POINT ( 'NONE',  ( 9.909999999999998366, 8.200000000000009948, -6.049999999999982059 ) ) ;
#894 = LINE ( 'NONE', #5697, #4093 ) ;
#895 = ADVANCED_FACE ( 'NONE', ( #1372 ), #4022, .F. ) ;
#896 = ADVANCED_FACE ( 'NONE', ( #2580 ), #3058, .F. ) ;
#897 =( NAMED_UNIT ( * ) PLANE_ANGLE_UNIT ( ) SI_UNIT ( $, .RADIAN. ) );
#898 = EDGE_LOOP ( 'NONE', ( #3592, #3224, #1615, #5466 ) ) ;
#899 = ORIENTED_EDGE ( 'NONE', *, *, #4031, .T. ) ;
#900 = CARTESIAN_POINT ( 'NONE',  ( 3.299999999999999822, 9.413962394902524622, -6.115283100290675122 ) ) ;
#901 = EDGE_CURVE ( 'NONE', #2991, #4422, #4473, .T. ) ;
#902 = ORIENTED_EDGE ( 'NONE', *, *, #3887, .F. ) ;
#903 = CARTESIAN_POINT ( 'NONE',  ( 3.310000000000000053, 8.200000000000009948, -5.149999999999980815 ) ) ;
#904 = ORIENTED_EDGE ( 'NONE', *, *, #3461, .F. ) ;
#905 = CARTESIAN_POINT ( 'NONE',  ( 4.774841765817999573, 8.200000000001308464, -6.549999999999981171 ) ) ;
#906 = CARTESIAN_POINT ( 'NONE',  ( 28.46000000000000441, 11.55000000000002203, 1.350000000000014744 ) ) ;
#907 = ORIENTED_EDGE ( 'NONE', *, *, #4164, .F. ) ;
#908 = PLANE ( 'NONE',  #5496 ) ;
#909 = DIRECTION ( 'NONE',  ( 0.0000000000000000000, 1.000000000000000000, -1.644517855226012731E-15 ) ) ;
#910 =( LENGTH_UNIT ( ) NAMED_UNIT ( * ) SI_UNIT ( .MILLI., .METRE. ) );
#911 = DIRECTION ( 'NONE',  ( 0.0000000000000000000, -1.000000000000000000, 1.644517855226012731E-15 ) ) ;
#912 = VECTOR ( 'NONE', #3701, 999.9999999999998863 ) ;
#913 = LINE ( 'NONE', #1791, #3989 ) ;
#914 = ORIENTED_EDGE ( 'NONE', *, *, #5101, .F. ) ;
#915 = ORIENTED_EDGE ( 'NONE', *, *, #2711, .T. ) ;
#916 = CARTESIAN_POINT ( 'NONE',  ( 8.619999999999999218, 4.200000000000005507, -7.249999999999973355 ) ) ;
#917 = VECTOR ( 'NONE', #4039, 1000.000000000000000 ) ;
#918 = CARTESIAN_POINT ( 'NONE',  ( 3.299999999999999822, 7.150000000000021672, 2.150000000000022560 ) ) ;
#919 = VERTEX_POINT ( 'NONE', #3528 ) ;
#920 = PLANE ( 'NONE',  #3317 ) ;
#921 = DIRECTION ( 'NONE',  ( 1.000000000000000000, 0.0000000000000000000, 0.0000000000000000000 ) ) ;
#922 = ORIENTED_EDGE ( 'NONE', *, *, #3785, .F. ) ;
#923 = ADVANCED_FACE ( 'NONE', ( #1801 ), #3599, .T. ) ;
#924 = PLANE ( 'NONE',  #1469 ) ;
#925 = CARTESIAN_POINT ( 'NONE',  ( 9.919999999999998153, 7.150000000000021672, 2.150000000000022560 ) ) ;
#926 = STYLED_ITEM ( 'NONE', ( #5724 ), #1434 ) ;
#927 = ORIENTED_EDGE ( 'NONE', *, *, #2242, .T. ) ;
#928 = LINE ( 'NONE', #4561, #256 ) ;
#929 = EDGE_CURVE ( 'NONE', #380, #4750, #4610, .T. ) ;
#930 = EDGE_CURVE ( 'NONE', #5086, #4699, #4967, .T. ) ;
#931 = CARTESIAN_POINT ( 'NONE',  ( 1.512560681042000255, 8.200000000000011724, -4.249999999999981348 ) ) ;
#932 = CARTESIAN_POINT ( 'NONE',  ( 4.799999999999999822, 7.100000000000007638, -6.549999999999977618 ) ) ;
#933 = ORIENTED_EDGE ( 'NONE', *, *, #2276, .T. ) ;
#934 = CARTESIAN_POINT ( 'NONE',  ( 4.136754082820999656, 8.199999999994910027, -5.340699665706980070 ) ) ;
#935 = LINE ( 'NONE', #2244, #556 ) ;
#936 = ORIENTED_EDGE ( 'NONE', *, *, #5064, .T. ) ;
#937 = DIRECTION ( 'NONE',  ( 1.000000000000000000, 0.0000000000000000000, 0.0000000000000000000 ) ) ;
#938 = CARTESIAN_POINT ( 'NONE',  ( 8.298679656439999164, 5.400000000000022560, 3.050000000000025580 ) ) ;
#939 = VECTOR ( 'NONE', #5812, 1000.000000000000000 ) ;
#940 = CARTESIAN_POINT ( 'NONE',  ( 1.000000000000000000, 4.200000000000005507, -7.249999999999973355 ) ) ;
#941 = DIRECTION ( 'NONE',  ( -1.000000000000000000, -5.616167660024018461E-14, -1.036830952619999401E-13 ) ) ;
#942 =( GEOMETRIC_REPRESENTATION_CONTEXT ( 3 ) GLOBAL_UNCERTAINTY_ASSIGNED_CONTEXT ( ( #4104 ) ) GLOBAL_UNIT_ASSIGNED_CONTEXT ( ( #826, #5318, #2545 ) ) REPRESENTATION_CONTEXT ( 'NONE', 'WORKASPACE' ) );
#943 = AXIS2_PLACEMENT_3D ( 'NONE', #1819, #1756, #972 ) ;
#944 = CARTESIAN_POINT ( 'NONE',  ( 3.049999999999999822, -0.2499999999999924227, -5.399999999999967493 ) ) ;
#945 = VERTEX_POINT ( 'NONE', #3629 ) ;
#946 =( NAMED_UNIT ( * ) PLANE_ANGLE_UNIT ( ) SI_UNIT ( $, .RADIAN. ) );
#947 = CARTESIAN_POINT ( 'NONE',  ( 2.799999999999999822, 7.650000000000011902, -4.249999999999979572 ) ) ;
#948 = ORIENTED_EDGE ( 'NONE', *, *, #5260, .T. ) ;
#949 = FILL_AREA_STYLE_COLOUR ( '', #1156 ) ;
#950 = CONICAL_SURFACE ( 'NONE', #3201, 1.374999999999999556, 0.03224688243525488524 ) ;
#951 = CARTESIAN_POINT ( 'NONE',  ( 2.299999999999999822, 7.150000000000011902, -3.950557738530979801 ) ) ;
#952 = VECTOR ( 'NONE', #5337, 1000.000000000000000 ) ;
#953 = ORIENTED_EDGE ( 'NONE', *, *, #3282, .T. ) ;
#954 = CARTESIAN_POINT ( 'NONE',  ( 10.41999999999999815, 7.650000000000011902, -4.249999999999979572 ) ) ;
#955 = CARTESIAN_POINT ( 'NONE',  ( 1.512561160048000009, 8.199999982479811322, -5.249999105246983433 ) ) ;
#956 = PLANE ( 'NONE',  #1979 ) ;
#957 = CIRCLE ( 'NONE', #273, 0.2999999999999999334 ) ;
#958 = EDGE_CURVE ( 'NONE', #2004, #1623, #4137, .T. ) ;
#959 = CARTESIAN_POINT ( 'NONE',  ( 3.310000000000000053, 8.200000000000009948, -5.149999999999980815 ) ) ;
#960 = DIRECTION ( 'NONE',  ( 0.0000000000000000000, 1.000000000000000000, -2.891205793294679017E-15 ) ) ;
#961 = EDGE_CURVE ( 'NONE', #320, #1582, #4570, .T. ) ;
#962 = ORIENTED_EDGE ( 'NONE', *, *, #5369, .T. ) ;
#963 = DIRECTION ( 'NONE',  ( 0.0000000000000000000, -1.000000000000000000, 1.706285433296815973E-15 ) ) ;
#964 = ORIENTED_EDGE ( 'NONE', *, *, #2592, .F. ) ;
#965 = EDGE_CURVE ( 'NONE', #740, #2560, #540, .T. ) ;
#966 = DIRECTION ( 'NONE',  ( 0.0000000000000000000, 1.644517855226012731E-15, 1.000000000000000000 ) ) ;
#967 = CARTESIAN_POINT ( 'NONE',  ( 3.299999999999999822, 6.850000000000009415, -5.149999999999977263 ) ) ;
#968 = DIRECTION ( 'NONE',  ( 0.0000000000000000000, -1.000000000000000000, 1.644517855226012731E-15 ) ) ;
#969 = LINE ( 'NONE', #527, #472 ) ;
#970 = ADVANCED_FACE ( 'NONE', ( #111 ), #5069, .T. ) ;
#971 = CARTESIAN_POINT ( 'NONE',  ( 1.000000000000000000, 10.75000000000000533, -7.649999999999987033 ) ) ;
#972 = DIRECTION ( 'NONE',  ( 0.0000000000000000000, -0.9701425001453373165, 0.2425356250363110144 ) ) ;
#973 = STYLED_ITEM ( 'NONE', ( #5625 ), #4778 ) ;
#974 = LINE ( 'NONE', #5371, #5493 ) ;
#975 = VERTEX_POINT ( 'NONE', #2290 ) ;
#976 = CARTESIAN_POINT ( 'NONE',  ( 10.91999999999999993, 7.150000000000011902, -3.950557738530979801 ) ) ;
#977 = PRESENTATION_STYLE_ASSIGNMENT (( #2162 ) ) ;
#978 = ORIENTED_EDGE ( 'NONE', *, *, #659, .T. ) ;
#979 = AXIS2_PLACEMENT_3D ( 'NONE', #2409, #5533, #2435 ) ;
#980 = APPLICATION_PROTOCOL_DEFINITION ( 'draft international standard', 'automotive_design', 1998, #3759 ) ;
#981 = LINE ( 'NONE', #3208, #3932 ) ;
#982 = VERTEX_POINT ( 'NONE', #3656 ) ;
#983 = FILL_AREA_STYLE ('',( #1892 ) ) ;
#984 = DIRECTION ( 'NONE',  ( 0.0000000000000000000, 1.644517855226012731E-15, 1.000000000000000000 ) ) ;
#985 = AXIS2_PLACEMENT_3D ( 'NONE', #5405, #824, #2135 ) ;
#986 = CARTESIAN_POINT ( 'NONE',  ( 10.91999999999999993, 8.150000000000011013, -3.950557738530979801 ) ) ;
#987 = ORIENTED_EDGE ( 'NONE', *, *, #109, .T. ) ;
#988 = EDGE_CURVE ( 'NONE', #4219, #2334, #1035, .T. ) ;
#989 = FACE_OUTER_BOUND ( 'NONE', #3525, .T. ) ;
#990 = EDGE_LOOP ( 'NONE', ( #1254, #3308, #675, #1120 ) ) ;
#991 = DIRECTION ( 'NONE',  ( -1.000000000000000000, 0.0000000000000000000, 0.0000000000000000000 ) ) ;
#992 = CARTESIAN_POINT ( 'NONE',  ( 4.799999999999999822, 5.400000000000007461, -6.549999999999975842 ) ) ;
#993 = ORIENTED_EDGE ( 'NONE', *, *, #420, .T. ) ;
#994 = LINE ( 'NONE', #2300, #917 ) ;
#995 = LINE ( 'NONE', #2779, #817 ) ;
#996 = PLANE ( 'NONE',  #1445 ) ;
#997 = CARTESIAN_POINT ( 'NONE',  ( 2.300228431518000161, 8.958053628472010033, -5.250543523751980857 ) ) ;
#998 = UNCERTAINTY_MEASURE_WITH_UNIT (LENGTH_MEASURE( 1.000000000000000082E-05 ), #910, 'distance_accuracy_value', 'NONE');
#999 = EDGE_CURVE ( 'NONE', #4196, #4565, #3239, .T. ) ;
#1000 = ADVANCED_FACE ( 'NONE', ( #83 ), #4159, .T. ) ;
#1001 = CARTESIAN_POINT ( 'NONE',  ( 2.299999999999999822, 6.850000000000009415, -5.149999999999977263 ) ) ;
#1002 = DIRECTION ( 'NONE',  ( -1.000000000000000000, 0.0000000000000000000, 0.0000000000000000000 ) ) ;
#1003 = DIRECTION ( 'NONE',  ( 1.000000000000000000, 0.0000000000000000000, 0.0000000000000000000 ) ) ;
#1004 = AXIS2_PLACEMENT_3D ( 'NONE', #5178, #2807, #5092 ) ;
#1005 = VERTEX_POINT ( 'NONE', #489 ) ;
#1006 = DIRECTION ( 'NONE',  ( -1.000000000000000000, 0.0000000000000000000, -0.0000000000000000000 ) ) ;
#1007 = VERTEX_POINT ( 'NONE', #2866 ) ;
#1008 = ORIENTED_EDGE ( 'NONE', *, *, #1453, .F. ) ;
#1009 = AXIS2_PLACEMENT_3D ( 'NONE', #3963, #828, #3472 ) ;
#1010 = CARTESIAN_POINT ( 'NONE',  ( 9.909999999999998366, 6.470000000000009521, -5.149999999999977263 ) ) ;
#1011 = CYLINDRICAL_SURFACE ( 'NONE', #3854, 1.399999999999999689 ) ;
#1012 = VECTOR ( 'NONE', #1836, 1000.000000000000000 ) ;
#1013 = DIRECTION ( 'NONE',  ( 1.000000000000000000, 0.0000000000000000000, 0.0000000000000000000 ) ) ;
#1014 = ORIENTED_EDGE ( 'NONE', *, *, #1710, .T. ) ;
#1015 = ORIENTED_EDGE ( 'NONE', *, *, #3313, .T. ) ;
#1016 = DIRECTION ( 'NONE',  ( -0.0000000000000000000, 0.9927080914950846546, 0.1205431253957964799 ) ) ;
#1017 = VECTOR ( 'NONE', #4640, 1000.000000000000000 ) ;
#1018 = VERTEX_POINT ( 'NONE', #5628 ) ;
#1019 = CARTESIAN_POINT ( 'NONE',  ( 9.919999999999998153, 0.7500000000000075495, -5.149999999999967493 ) ) ;
#1020 = CARTESIAN_POINT ( 'NONE',  ( 3.700000000000000178, 11.10000000000002629, 4.350000000000016520 ) ) ;
#1021 = SURFACE_STYLE_FILL_AREA ( #3247 ) ;
#1022 = VECTOR ( 'NONE', #1703, 1000.000000000000000 ) ;
#1023 = DIRECTION ( 'NONE',  ( -0.2357022603954935513, 0.9428090415820741255, -0.2357022603954951612 ) ) ;
#1024 = EDGE_CURVE ( 'NONE', #40, #1030, #2393, .T. ) ;
#1025 = LINE ( 'NONE', #5031, #2707 ) ;
#1026 = DIRECTION ( 'NONE',  ( 0.0000000000000000000, 1.000000000000000000, -1.644517855226012731E-15 ) ) ;
#1027 = DIRECTION ( 'NONE',  ( 0.0000000000000000000, 1.644517855226012731E-15, 1.000000000000000000 ) ) ;
#1028 = CARTESIAN_POINT ( 'NONE',  ( 10.66999999999999815, -0.2499999999999941436, -5.899999999999967493 ) ) ;
#1029 = EDGE_CURVE ( 'NONE', #5099, #855, #5186, .T. ) ;
#1030 = VERTEX_POINT ( 'NONE', #5158 ) ;
#1031 = DIRECTION ( 'NONE',  ( 0.0000000000000000000, 1.644517855226012731E-15, 1.000000000000000000 ) ) ;
#1032 = EDGE_CURVE ( 'NONE', #2334, #3093, #1084, .T. ) ;
#1033 = ORIENTED_EDGE ( 'NONE', *, *, #1280, .F. ) ;
#1034 = AXIS2_PLACEMENT_3D ( 'NONE', #2703, #2261, #4936 ) ;
#1035 = LINE ( 'NONE', #4087, #62 ) ;
#1036 = CARTESIAN_POINT ( 'NONE',  ( 2.299999999999999822, 8.150000000000011013, -4.738235294117980168 ) ) ;
#1037 = CARTESIAN_POINT ( 'NONE',  ( 10.66999999999999815, 7.400000000000023448, 3.150000000000022560 ) ) ;
#1038 = CIRCLE ( 'NONE', #2998, 1.400000000000001021 ) ;
#1039 = DIRECTION ( 'NONE',  ( 0.0000000000000000000, -1.644517855226012731E-15, -1.000000000000000000 ) ) ;
#1040 = ORIENTED_EDGE ( 'NONE', *, *, #3655, .T. ) ;
#1041 = EDGE_LOOP ( 'NONE', ( #760, #3734, #876, #1257 ) ) ;
#1042 = DIRECTION ( 'NONE',  ( 0.9838699100999043212, -2.941802971598307782E-16, -0.1788854382000008014 ) ) ;
#1043 = ORIENTED_EDGE ( 'NONE', *, *, #5210, .T. ) ;
#1044 = FACE_OUTER_BOUND ( 'NONE', #5191, .T. ) ;
#1045 =( NAMED_UNIT ( * ) SI_UNIT ( $, .STERADIAN. ) SOLID_ANGLE_UNIT ( ) );
#1046 =( NAMED_UNIT ( * ) SI_UNIT ( $, .STERADIAN. ) SOLID_ANGLE_UNIT ( ) );
#1047 = AXIS2_PLACEMENT_3D ( 'NONE', #4089, #3601, #865 ) ;
#1048 = LINE ( 'NONE', #2831, #81 ) ;
#1049 = DIRECTION ( 'NONE',  ( -0.2028368833146942662, -1.610332506321238696E-15, -0.9792125401398724671 ) ) ;
#1050 = VECTOR ( 'NONE', #2100, 1000.000000000000000 ) ;
#1051 = DIRECTION ( 'NONE',  ( 4.790063883779928724E-07, -1.752017131498759691E-08, -0.9999999999998852029 ) ) ;
#1052 = EDGE_CURVE ( 'NONE', #5665, #1670, #4220, .T. ) ;
#1053 =( NAMED_UNIT ( * ) SI_UNIT ( $, .STERADIAN. ) SOLID_ANGLE_UNIT ( ) );
#1054 = DIRECTION ( 'NONE',  ( 0.0000000000000000000, 1.000000000000000000, -1.644517855226012731E-15 ) ) ;
#1055 = ORIENTED_EDGE ( 'NONE', *, *, #2431, .F. ) ;
#1056 = ORIENTED_EDGE ( 'NONE', *, *, #3749, .T. ) ;
#1057 = EDGE_CURVE ( 'NONE', #4842, #4199, #1583, .T. ) ;
#1058 = DIRECTION ( 'NONE',  ( 0.0000000000000000000, 1.000000000000000000, -1.644517855226012731E-15 ) ) ;
#1059 = EDGE_CURVE ( 'NONE', #5781, #1030, #5658, .T. ) ;
#1060 = FACE_OUTER_BOUND ( 'NONE', #1077, .T. ) ;
#1061 = CIRCLE ( 'NONE', #4332, 3.150000000000000355 ) ;
#1062 = FACE_OUTER_BOUND ( 'NONE', #3203, .T. ) ;
#1063 = VERTEX_POINT ( 'NONE', #4304 ) ;
#1064 = EDGE_CURVE ( 'NONE', #65, #1670, #2503, .T. ) ;
#1065 = VECTOR ( 'NONE', #5112, 1000.000000000000114 ) ;
#1066 = ADVANCED_FACE ( 'NONE', ( #1525 ), #4664, .F. ) ;
#1067 = CARTESIAN_POINT ( 'NONE',  ( 12.21999999999999886, 10.75000000000000533, -7.649999999999987033 ) ) ;
#1068 = ORIENTED_EDGE ( 'NONE', *, *, #999, .T. ) ;
#1069 = AXIS2_PLACEMENT_3D ( 'NONE', #3, #1016, #4035 ) ;
#1070 = ORIENTED_EDGE ( 'NONE', *, *, #2794, .F. ) ;
#1071 = PLANE ( 'NONE',  #3969 ) ;
#1072 = ORIENTED_EDGE ( 'NONE', *, *, #1673, .T. ) ;
#1073 = VECTOR ( 'NONE', #1448, 1000.000000000000000 ) ;
#1074 = SURFACE_STYLE_FILL_AREA ( #2515 ) ;
#1075 = EDGE_CURVE ( 'NONE', #666, #4900, #3373, .T. ) ;
#1076 = DIRECTION ( 'NONE',  ( 0.0000000000000000000, 1.644517855226012731E-15, 1.000000000000000000 ) ) ;
#1077 = EDGE_LOOP ( 'NONE', ( #5669, #1760, #2619, #5828, #442 ) ) ;
#1078 = CARTESIAN_POINT ( 'NONE',  ( 2.290000000000000036, 6.470000000000009521, -5.149999999999977263 ) ) ;
#1079 = DIRECTION ( 'NONE',  ( 0.7190916418846066138, -0.6949152542373066010, 1.176083712526648406E-15 ) ) ;
#1080 = LINE ( 'NONE', #1545, #617 ) ;
#1081 = CARTESIAN_POINT ( 'NONE',  ( 10.41999999999999815, 4.299999999999676525, 4.350000000000027178 ) ) ;
#1082 = CARTESIAN_POINT ( 'NONE',  ( 2.299999999999999822, 4.200000000000009059, -5.149999999999973710 ) ) ;
#1083 = ORIENTED_EDGE ( 'NONE', *, *, #1123, .F. ) ;
#1084 = LINE ( 'NONE', #3839, #713 ) ;
#1085 = CARTESIAN_POINT ( 'NONE',  ( 13.31999999999999851, 5.400000000000022560, 3.050000000000025580 ) ) ;
#1086 = VECTOR ( 'NONE', #5776, 999.9999999999998863 ) ;
#1087 = DIRECTION ( 'NONE',  ( 0.0000000000000000000, 1.000000000000000000, -1.644517855226012731E-15 ) ) ;
#1088 = ORIENTED_EDGE ( 'NONE', *, *, #4208, .F. ) ;
#1089 = EDGE_CURVE ( 'NONE', #408, #856, #4638, .T. ) ;
#1090 = CIRCLE ( 'NONE', #4172, 2.950000000000001066 ) ;
#1091 = DIRECTION ( 'NONE',  ( 0.0000000000000000000, 1.644517855226012731E-15, 1.000000000000000000 ) ) ;
#1092 = MECHANICAL_DESIGN_GEOMETRIC_PRESENTATION_REPRESENTATION (  '', ( #139 ), #58 ) ;
#1093 = ORIENTED_EDGE ( 'NONE', *, *, #5506, .T. ) ;
#1094 = ADVANCED_FACE ( 'NONE', ( #3864 ), #1641, .F. ) ;
#1095 = ORIENTED_EDGE ( 'NONE', *, *, #593, .T. ) ;
#1096 = LINE ( 'NONE', #171, #3411 ) ;
#1097 = ADVANCED_FACE ( 'NONE', ( #1963 ), #1113, .T. ) ;
#1098 = ORIENTED_EDGE ( 'NONE', *, *, #2815, .T. ) ;
#1099 = VECTOR ( 'NONE', #5748, 1000.000000000000000 ) ;
#1100 =( LENGTH_UNIT ( ) NAMED_UNIT ( * ) SI_UNIT ( .MILLI., .METRE. ) );
#1101 = ORIENTED_EDGE ( 'NONE', *, *, #1460, .F. ) ;
#1102 = CARTESIAN_POINT ( 'NONE',  ( 3.049999999999999822, 7.400000000000023448, 3.150000000000022560 ) ) ;
#1103 = AXIS2_PLACEMENT_3D ( 'NONE', #2378, #1076, #2854 ) ;
#1104 = LINE ( 'NONE', #5059, #5276 ) ;
#1105 = DIRECTION ( 'NONE',  ( -1.000000000000000000, 0.0000000000000000000, -0.0000000000000000000 ) ) ;
#1106 = DIRECTION ( 'NONE',  ( 0.0000000000000000000, 1.000000000000000000, -1.644517855226012731E-15 ) ) ;
#1107 = AXIS2_PLACEMENT_3D ( 'NONE', #3991, #3761, #5123 ) ;
#1108 = LINE ( 'NONE', #1192, #3275 ) ;
#1109 = LINE ( 'NONE', #2631, #4682 ) ;
#1110 = DIRECTION ( 'NONE',  ( 0.0000000000000000000, 0.2425356250363110144, 0.9701425001453373165 ) ) ;
#1111 = LINE ( 'NONE', #212, #878 ) ;
#1112 = VERTEX_POINT ( 'NONE', #3809 ) ;
#1113 = PLANE ( 'NONE',  #5416 ) ;
#1114 = DIRECTION ( 'NONE',  ( 0.0000000000000000000, -1.000000000000000000, 1.644517855226012731E-15 ) ) ;
#1115 = AXIS2_PLACEMENT_3D ( 'NONE', #5743, #4979, #4 ) ;
#1116 = CARTESIAN_POINT ( 'NONE',  ( -0.2999999999999999889, 5.200000000000025047, 4.350000000000026290 ) ) ;
#1117 = LINE ( 'NONE', #1451, #3588 ) ;
#1118 = ORIENTED_EDGE ( 'NONE', *, *, #2189, .T. ) ;
#1119 = AXIS2_PLACEMENT_3D ( 'NONE', #519, #3214, #3686 ) ;
#1120 = ORIENTED_EDGE ( 'NONE', *, *, #3533, .F. ) ;
#1121 = CARTESIAN_POINT ( 'NONE',  ( 4.200000000000000178, 7.100000000000012079, -4.249999999999977796 ) ) ;
#1122 = AXIS2_PLACEMENT_3D ( 'NONE', #5144, #3421, #2972 ) ;
#1123 = EDGE_CURVE ( 'NONE', #3478, #4134, #235, .T. ) ;
#1124 = ORIENTED_EDGE ( 'NONE', *, *, #2281, .T. ) ;
#1125 = ORIENTED_EDGE ( 'NONE', *, *, #2307, .F. ) ;
#1126 = DIRECTION ( 'NONE',  ( 0.0000000000000000000, 0.3589790793088808996, -0.9333456062030549560 ) ) ;
#1127 = VECTOR ( 'NONE', #1576, 1000.000000000000000 ) ;
#1128 = VERTEX_POINT ( 'NONE', #2473 ) ;
#1129 = ADVANCED_FACE ( 'NONE', ( #4744 ), #1551, .F. ) ;
#1130 = CARTESIAN_POINT ( 'NONE',  ( 10.41999999999999815, 7.650000000000010125, -5.149999999999979039 ) ) ;
#1131 = EDGE_CURVE ( 'NONE', #4786, #4762, #2070, .T. ) ;
#1132 = ORIENTED_EDGE ( 'NONE', *, *, #1064, .T. ) ;
#1133 = FACE_OUTER_BOUND ( 'NONE', #650, .T. ) ;
#1134 = CYLINDRICAL_SURFACE ( 'NONE', #979, 1.000000000000000888 ) ;
#1135 = DIRECTION ( 'NONE',  ( 0.0000000000000000000, 1.000000000000000000, -1.644517855226012731E-15 ) ) ;
#1136 = CARTESIAN_POINT ( 'NONE',  ( 2.799999999999999822, 7.450000000000023270, 3.050000000000022471 ) ) ;
#1137 = PLANE ( 'NONE',  #1424 ) ;
#1138 = DIRECTION ( 'NONE',  ( 0.0000000000000000000, 0.9883716976506232710, 0.1520571842539019114 ) ) ;
#1139 = CARTESIAN_POINT ( 'NONE',  ( 4.934971559329000890, 5.367823775833023170, 3.259145454940025388 ) ) ;
#1140 = LINE ( 'NONE', #5626, #3736 ) ;
#1141 = VECTOR ( 'NONE', #3315, 999.9999999999998863 ) ;
#1142 = ORIENTED_EDGE ( 'NONE', *, *, #718, .T. ) ;
#1143 = CARTESIAN_POINT ( 'NONE',  ( -0.2999999999999999889, 11.10000000000002629, 4.350000000000016520 ) ) ;
#1144 = PLANE ( 'NONE',  #3188 ) ;
#1145 = CARTESIAN_POINT ( 'NONE',  ( 11.31999999999999851, 11.75000000000002665, 4.350000000000015632 ) ) ;
#1146 = ADVANCED_FACE ( 'NONE', ( #216 ), #4277, .T. ) ;
#1147 = CARTESIAN_POINT ( 'NONE',  ( 10.16999999999999815, 7.400000000000023448, 3.150000000000022560 ) ) ;
#1148 = AXIS2_PLACEMENT_3D ( 'NONE', #2761, #5063, #4217 ) ;
#1149 = STYLED_ITEM ( 'NONE', ( #3076 ), #4823 ) ;
#1150 = PLANE ( 'NONE',  #3487 ) ;
#1151 = ORIENTED_EDGE ( 'NONE', *, *, #1203, .F. ) ;
#1152 = ORIENTED_EDGE ( 'NONE', *, *, #3598, .F. ) ;
#1153 = VECTOR ( 'NONE', #4033, 1000.000000000000000 ) ;
#1154 = EDGE_LOOP ( 'NONE', ( #1494, #2439, #4807, #1176 ) ) ;
#1155 = EDGE_CURVE ( 'NONE', #3244, #4538, #5338, .T. ) ;
#1156 = COLOUR_RGB ( '',1.000000000000000000, 1.000000000000000000, 1.000000000000000000 ) ;
#1157 = DIRECTION ( 'NONE',  ( 1.000000000000000000, 0.0000000000000000000, 0.0000000000000000000 ) ) ;
#1158 = EDGE_LOOP ( 'NONE', ( #2734, #254, #573, #5486 ) ) ;
#1159 = LINE ( 'NONE', #4761, #3607 ) ;
#1160 = EDGE_LOOP ( 'NONE', ( #964, #4901, #3988, #5347 ) ) ;
#1161 = DIRECTION ( 'NONE',  ( -0.0000000000000000000, -1.644517855226012731E-15, -1.000000000000000000 ) ) ;
#1162 = LINE ( 'NONE', #2944, #2901 ) ;
#1163 = UNCERTAINTY_MEASURE_WITH_UNIT (LENGTH_MEASURE( 1.000000000000000082E-05 ), #2632, 'distance_accuracy_value', 'NONE');
#1164 = CARTESIAN_POINT ( 'NONE',  ( 10.91999999999999993, 6.850000000000009415, -5.149999999999977263 ) ) ;
#1165 = CARTESIAN_POINT ( 'NONE',  ( 2.299999999999999822, 7.150000000000021672, 2.150000000000022560 ) ) ;
#1166 = DIRECTION ( 'NONE',  ( -0.9195995135417113220, 0.3928571428571051571, -6.195440985631454331E-16 ) ) ;
#1167 =( LENGTH_UNIT ( ) NAMED_UNIT ( * ) SI_UNIT ( .MILLI., .METRE. ) );
#1168 = DIRECTION ( 'NONE',  ( 0.0000000000000000000, -1.000000000000000000, 1.644517855226012731E-15 ) ) ;
#1169 = CARTESIAN_POINT ( 'NONE',  ( 9.919999999999998153, 10.60000000000000853, -6.549999999999984723 ) ) ;
#1170 = ADVANCED_FACE ( 'NONE', ( #4983 ), #402, .F. ) ;
#1171 = ORIENTED_EDGE ( 'NONE', *, *, #3279, .T. ) ;
#1172 = DIRECTION ( 'NONE',  ( 0.0000000000000000000, -1.000000000000000000, 1.644517855226012731E-15 ) ) ;
#1173 = CARTESIAN_POINT ( 'NONE',  ( 2.800000000003000089, 7.649999999998350120, -6.549999999999979394 ) ) ;
#1174 = CARTESIAN_POINT ( 'NONE',  ( -0.1000000000000000056, 8.200000000000008171, -6.549999999999981171 ) ) ;
#1175 = CARTESIAN_POINT ( 'NONE',  ( 12.62454076850489848, 5.200000000000025047, 4.350000000000026290 ) ) ;
#1176 = ORIENTED_EDGE ( 'NONE', *, *, #1432, .T. ) ;
#1177 = FILL_AREA_STYLE ('',( #861 ) ) ;
#1178 = CARTESIAN_POINT ( 'NONE',  ( 8.419999999999999929, 7.100000000000007638, -6.549999999999977618 ) ) ;
#1179 = DIRECTION ( 'NONE',  ( 0.0000000000000000000, -1.644517855226012731E-15, -1.000000000000000000 ) ) ;
#1180 = ORIENTED_EDGE ( 'NONE', *, *, #3884, .F. ) ;
#1181 = ORIENTED_EDGE ( 'NONE', *, *, #1951, .F. ) ;
#1182 = VECTOR ( 'NONE', #3551, 1000.000000000000000 ) ;
#1183 = EDGE_LOOP ( 'NONE', ( #2483, #2087, #4401, #2222 ) ) ;
#1184 = VECTOR ( 'NONE', #287, 999.9999999999998863 ) ;
#1185 = FACE_OUTER_BOUND ( 'NONE', #990, .T. ) ;
#1186 = ORIENTED_EDGE ( 'NONE', *, *, #1956, .F. ) ;
#1187 = DIRECTION ( 'NONE',  ( 0.0000000000000000000, 1.644517855226012731E-15, 1.000000000000000000 ) ) ;
#1188 = ORIENTED_EDGE ( 'NONE', *, *, #5411, .T. ) ;
#1189 = DIRECTION ( 'NONE',  ( 0.0000000000000000000, -1.000000000000000000, 1.644517855226012731E-15 ) ) ;
#1190 = CARTESIAN_POINT ( 'NONE',  ( 12.54132034355959924, 5.400000000000022560, 3.050000000000025580 ) ) ;
#1191 = DIRECTION ( 'NONE',  ( 1.000000000000000000, 0.0000000000000000000, 0.0000000000000000000 ) ) ;
#1192 = CARTESIAN_POINT ( 'NONE',  ( 13.31999999999999851, 7.100000000000007638, -6.549999999999977618 ) ) ;
#1193 = CARTESIAN_POINT ( 'NONE',  ( 3.459999999999999964, 8.800000000000007816, -7.249999999999980460 ) ) ;
#1194 = EDGE_CURVE ( 'NONE', #2588, #3390, #4073, .T. ) ;
#1195 = PLANE ( 'NONE',  #1486 ) ;
#1196 = CARTESIAN_POINT ( 'NONE',  ( 10.91999999999999993, 7.150000000000008349, -6.114911064069978863 ) ) ;
#1197 = DIRECTION ( 'NONE',  ( -1.000000000000000000, 0.0000000000000000000, -0.0000000000000000000 ) ) ;
#1198 = DIRECTION ( 'NONE',  ( 0.0000000000000000000, 1.000000000000000000, -1.644517855226012731E-15 ) ) ;
#1199 = ADVANCED_FACE ( 'NONE', ( #1755 ), #3134, .T. ) ;
#1200 = SURFACE_SIDE_STYLE ('',( #3051 ) ) ;
#1201 = DIRECTION ( 'NONE',  ( 0.0000000000000000000, -1.000000000000000000, 1.644517855226012731E-15 ) ) ;
#1202 =( GEOMETRIC_REPRESENTATION_CONTEXT ( 3 ) GLOBAL_UNCERTAINTY_ASSIGNED_CONTEXT ( ( #2567 ) ) GLOBAL_UNIT_ASSIGNED_CONTEXT ( ( #5784, #3080, #1855 ) ) REPRESENTATION_CONTEXT ( 'NONE', 'WORKASPACE' ) );
#1203 = EDGE_CURVE ( 'NONE', #4934, #1244, #3271, .T. ) ;
#1204 = EDGE_LOOP ( 'NONE', ( #4821, #1759, #1541, #805 ) ) ;
#1205 = LINE ( 'NONE', #2644, #553 ) ;
#1206 = CARTESIAN_POINT ( 'NONE',  ( 3.299999999999999822, 10.60000000000001208, -4.249999999999984901 ) ) ;
#1207 = ORIENTED_EDGE ( 'NONE', *, *, #2047, .T. ) ;
#1208 = VECTOR ( 'NONE', #4295, 1000.000000000000000 ) ;
#1209 = CARTESIAN_POINT ( 'NONE',  ( 10.91999999999999993, 9.600000000000012079, -4.249999999999983125 ) ) ;
#1210 = FILL_AREA_STYLE_COLOUR ( '', #5 ) ;
#1211 = ORIENTED_EDGE ( 'NONE', *, *, #5108, .F. ) ;
#1212 =( GEOMETRIC_REPRESENTATION_CONTEXT ( 3 ) GLOBAL_UNCERTAINTY_ASSIGNED_CONTEXT ( ( #4734 ) ) GLOBAL_UNIT_ASSIGNED_CONTEXT ( ( #756, #5279, #3050 ) ) REPRESENTATION_CONTEXT ( 'NONE', 'WORKASPACE' ) );
#1213 = ORIENTED_EDGE ( 'NONE', *, *, #2951, .T. ) ;
#1214 = VECTOR ( 'NONE', #3055, 1000.000000000000114 ) ;
#1215 = ORIENTED_EDGE ( 'NONE', *, *, #3754, .T. ) ;
#1216 = DIRECTION ( 'NONE',  ( 0.0000000000000000000, -0.5407575913134770040, 0.8411784753765674250 ) ) ;
#1217 = ORIENTED_EDGE ( 'NONE', *, *, #2470, .F. ) ;
#1218 =( NAMED_UNIT ( * ) SI_UNIT ( $, .STERADIAN. ) SOLID_ANGLE_UNIT ( ) );
#1219 = SURFACE_STYLE_FILL_AREA ( #658 ) ;
#1220 = VECTOR ( 'NONE', #3243, 1000.000000000000000 ) ;
#1221 = UNCERTAINTY_MEASURE_WITH_UNIT (LENGTH_MEASURE( 1.000000000000000082E-05 ), #1964, 'distance_accuracy_value', 'NONE');
#1222 = STYLED_ITEM ( 'NONE', ( #435 ), #2557 ) ;
#1223 = PRESENTATION_STYLE_ASSIGNMENT (( #2093 ) ) ;
#1224 = ORIENTED_EDGE ( 'NONE', *, *, #4508, .T. ) ;
#1225 = CARTESIAN_POINT ( 'NONE',  ( 8.619999999999999218, 10.75000000000000533, -7.649999999999987033 ) ) ;
#1226 = LINE ( 'NONE', #4803, #2149 ) ;
#1227 = DIRECTION ( 'NONE',  ( 0.0000000000000000000, 1.644517855226012731E-15, 1.000000000000000000 ) ) ;
#1228 = AXIS2_PLACEMENT_3D ( 'NONE', #349, #3902, #3986 ) ;
#1229 = CARTESIAN_POINT ( 'NONE',  ( 9.909999999999998366, 8.200000000000009948, -6.049999999999982059 ) ) ;
#1230 = DIRECTION ( 'NONE',  ( -0.0000000000000000000, -1.644517855226012731E-15, -1.000000000000000000 ) ) ;
#1231 = EDGE_CURVE ( 'NONE', #358, #5086, #5056, .T. ) ;
#1232 = ORIENTED_EDGE ( 'NONE', *, *, #3813, .T. ) ;
#1233 = CARTESIAN_POINT ( 'NONE',  ( 9.919999999999998153, 9.413962394902524622, -6.115283100290675122 ) ) ;
#1234 = CARTESIAN_POINT ( 'NONE',  ( 10.66999999999999815, 7.400000000000023448, 3.150000000000022560 ) ) ;
#1235 = CARTESIAN_POINT ( 'NONE',  ( 2.799999999999999822, 8.300000000000009592, -6.249999999999981348 ) ) ;
#1236 = PLANE ( 'NONE',  #5593 ) ;
#1237 = ORIENTED_EDGE ( 'NONE', *, *, #1743, .F. ) ;
#1238 = DIRECTION ( 'NONE',  ( 0.0000000000000000000, -1.000000000000000000, 1.644517855226012731E-15 ) ) ;
#1239 = AXIS2_PLACEMENT_3D ( 'NONE', #3240, #3787, #2869 ) ;
#1240 = EDGE_CURVE ( 'NONE', #3797, #408, #5028, .T. ) ;
#1241 = PLANE ( 'NONE',  #1228 ) ;
#1242 =( LENGTH_UNIT ( ) NAMED_UNIT ( * ) SI_UNIT ( .MILLI., .METRE. ) );
#1243 = ORIENTED_EDGE ( 'NONE', *, *, #1895, .T. ) ;
#1244 = VERTEX_POINT ( 'NONE', #99 ) ;
#1245 = EDGE_CURVE ( 'NONE', #1473, #5643, #2354, .T. ) ;
#1246 = CARTESIAN_POINT ( 'NONE',  ( 9.132560681041997697, 8.200000000000011724, -4.249999999999981348 ) ) ;
#1247 = COLOUR_RGB ( '',1.000000000000000000, 1.000000000000000000, 1.000000000000000000 ) ;
#1248 = DIRECTION ( 'NONE',  ( 0.0000000000000000000, -1.000000000000000000, 1.644517855226012731E-15 ) ) ;
#1249 = ORIENTED_EDGE ( 'NONE', *, *, #4584, .T. ) ;
#1250 = VERTEX_POINT ( 'NONE', #123 ) ;
#1251 = EDGE_CURVE ( 'NONE', #4195, #5329, #5120, .T. ) ;
#1252 = EDGE_CURVE ( 'NONE', #3532, #1889, #577, .T. ) ;
#1253 = VECTOR ( 'NONE', #2856, 1000.000000000000000 ) ;
#1254 = ORIENTED_EDGE ( 'NONE', *, *, #2083, .F. ) ;
#1255 = VECTOR ( 'NONE', #3039, 999.9999999999998863 ) ;
#1256 = DIRECTION ( 'NONE',  ( -0.9883716976506230489, -2.500607545209360400E-16, -0.1520571842539035212 ) ) ;
#1257 = ORIENTED_EDGE ( 'NONE', *, *, #5660, .T. ) ;
#1258 = DIRECTION ( 'NONE',  ( -1.000000000000000000, 0.0000000000000000000, 0.0000000000000000000 ) ) ;
#1259 = LINE ( 'NONE', #2590, #76 ) ;
#1260 = ORIENTED_EDGE ( 'NONE', *, *, #1632, .T. ) ;
#1261 = ORIENTED_EDGE ( 'NONE', *, *, #4965, .F. ) ;
#1262 = EDGE_CURVE ( 'NONE', #4229, #4192, #4203, .T. ) ;
#1263 = AXIS2_PLACEMENT_3D ( 'NONE', #2544, #624, #202 ) ;
#1264 = FACE_OUTER_BOUND ( 'NONE', #5196, .T. ) ;
#1265 = DIRECTION ( 'NONE',  ( 0.0000000000000000000, -1.644517855226012731E-15, -1.000000000000000000 ) ) ;
#1266 = CARTESIAN_POINT ( 'NONE',  ( 13.31999999999999851, 8.200000000000008171, -6.549999999999981171 ) ) ;
#1267 = STYLED_ITEM ( 'NONE', ( #3257 ), #2564 ) ;
#1268 = SURFACE_STYLE_FILL_AREA ( #5717 ) ;
#1269 = FACE_OUTER_BOUND ( 'NONE', #2255, .T. ) ;
#1270 = ORIENTED_EDGE ( 'NONE', *, *, #4693, .T. ) ;
#1271 = DIRECTION ( 'NONE',  ( 0.0000000000000000000, -1.000000000000000000, 1.644517855226012731E-15 ) ) ;
#1272 = CARTESIAN_POINT ( 'NONE',  ( 10.91999999999999993, 8.150000000000011013, -4.738235294117980168 ) ) ;
#1273 = ORIENTED_EDGE ( 'NONE', *, *, #80, .T. ) ;
#1274 = CARTESIAN_POINT ( 'NONE',  ( -0.2999999999999999889, 11.10000000000002629, 4.350000000000016520 ) ) ;
#1275 = DIRECTION ( 'NONE',  ( 0.0000000000000000000, 0.3589790793088839527, 0.9333456062030537348 ) ) ;
#1276 = DIRECTION ( 'NONE',  ( -0.0000000000000000000, -1.644517855226012731E-15, -1.000000000000000000 ) ) ;
#1277 = CARTESIAN_POINT ( 'NONE',  ( 3.299999999999999822, 7.650000000000026112, 4.350000000000021849 ) ) ;
#1278 = ORIENTED_EDGE ( 'NONE', *, *, #2175, .T. ) ;
#1279 = ORIENTED_EDGE ( 'NONE', *, *, #89, .T. ) ;
#1280 = EDGE_CURVE ( 'NONE', #3244, #1989, #3295, .T. ) ;
#1281 = CARTESIAN_POINT ( 'NONE',  ( 9.919999999999998153, 8.150000000000014566, -2.699999999999980194 ) ) ;
#1282 = ADVANCED_FACE ( 'NONE', ( #1513, #5085 ), #5110, .T. ) ;
#1283 = AXIS2_PLACEMENT_3D ( 'NONE', #5816, #4928, #3645 ) ;
#1284 = ORIENTED_EDGE ( 'NONE', *, *, #5506, .F. ) ;
#1285 = DIRECTION ( 'NONE',  ( -0.0000000000000000000, -1.644517855226012731E-15, -1.000000000000000000 ) ) ;
#1286 = VERTEX_POINT ( 'NONE', #4652 ) ;
#1287 = ADVANCED_FACE ( 'NONE', ( #2883 ), #2826, .T. ) ;
#1288 = FACE_OUTER_BOUND ( 'NONE', #3907, .T. ) ;
#1289 = DIRECTION ( 'NONE',  ( 0.9195995135417113220, 0.3928571428571050461, -6.195440985631452359E-16 ) ) ;
#1290 = ORIENTED_EDGE ( 'NONE', *, *, #1075, .T. ) ;
#1291 = VECTOR ( 'NONE', #2665, 1000.000000000000000 ) ;
#1292 = PLANE ( 'NONE',  #2302 ) ;
#1293 = CARTESIAN_POINT ( 'NONE',  ( 9.919999999999998153, 8.150000000000011013, -4.738235294117980168 ) ) ;
#1294 = SURFACE_SIDE_STYLE ('',( #3169 ) ) ;
#1295 = UNCERTAINTY_MEASURE_WITH_UNIT (LENGTH_MEASURE( 1.000000000000000082E-05 ), #5203, 'distance_accuracy_value', 'NONE');
#1296 = DIRECTION ( 'NONE',  ( 0.0000000000000000000, 1.644517855226012731E-15, 1.000000000000000000 ) ) ;
#1297 = PRESENTATION_LAYER_ASSIGNMENT (  '', '', ( #926 ) ) ;
#1298 = ORIENTED_EDGE ( 'NONE', *, *, #2635, .T. ) ;
#1299 = ORIENTED_EDGE ( 'NONE', *, *, #1075, .F. ) ;
#1300 = CARTESIAN_POINT ( 'NONE',  ( 12.58247026237019917, 5.302388800865023732, 3.684472794380925897 ) ) ;
#1301 = FACE_OUTER_BOUND ( 'NONE', #229, .T. ) ;
#1302 = ORIENTED_EDGE ( 'NONE', *, *, #1251, .F. ) ;
#1303 = CARTESIAN_POINT ( 'NONE',  ( 9.019999999999997797, 7.100000000000012079, -4.249999999999977796 ) ) ;
#1304 = FACE_OUTER_BOUND ( 'NONE', #5290, .T. ) ;
#1305 = CARTESIAN_POINT ( 'NONE',  ( 2.799999999999999822, 7.650000000000010125, -5.149999999999979039 ) ) ;
#1306 = ORIENTED_EDGE ( 'NONE', *, *, #5640, .T. ) ;
#1307 = CARTESIAN_POINT ( 'NONE',  ( 9.519999999999999574, 11.75000000000002665, 4.350000000000015632 ) ) ;
#1308 = COLOUR_RGB ( '',1.000000000000000000, 1.000000000000000000, 1.000000000000000000 ) ;
#1309 = CARTESIAN_POINT ( 'NONE',  ( 3.299999999999999822, 4.200000000000009059, -5.149999999999973710 ) ) ;
#1310 = CARTESIAN_POINT ( 'NONE',  ( 9.759999999999999787, 8.800000000000007816, -7.249999999999980460 ) ) ;
#1311 = ORIENTED_EDGE ( 'NONE', *, *, #2871, .F. ) ;
#1312 = EDGE_LOOP ( 'NONE', ( #3140, #5044, #2039, #3690 ) ) ;
#1313 = VECTOR ( 'NONE', #4421, 999.9999999999998863 ) ;
#1314 = EDGE_CURVE ( 'NONE', #4569, #1250, #995, .T. ) ;
#1315 = CARTESIAN_POINT ( 'NONE',  ( 3.299999999999999822, 6.470000000000009521, -5.149999999999977263 ) ) ;
#1316 = MECHANICAL_DESIGN_GEOMETRIC_PRESENTATION_REPRESENTATION (  '', ( #5613 ), #5520 ) ;
#1317 = EDGE_LOOP ( 'NONE', ( #907, #5733, #4642, #2254 ) ) ;
#1318 = LINE ( 'NONE', #393, #4710 ) ;
#1319 = ORIENTED_EDGE ( 'NONE', *, *, #3712, .T. ) ;
#1320 = DIRECTION ( 'NONE',  ( 1.000000000000000000, 0.0000000000000000000, 0.0000000000000000000 ) ) ;
#1321 = CARTESIAN_POINT ( 'NONE',  ( 1.149999999999999911, 5.400000000000009237, -5.349999999999976552 ) ) ;
#1322 = ORIENTED_EDGE ( 'NONE', *, *, #3151, .T. ) ;
#1323 = EDGE_CURVE ( 'NONE', #4869, #1371, #552, .T. ) ;
#1324 = AXIS2_PLACEMENT_3D ( 'NONE', #5758, #4497, #4844 ) ;
#1325 = ORIENTED_EDGE ( 'NONE', *, *, #3920, .T. ) ;
#1326 = CARTESIAN_POINT ( 'NONE',  ( 10.91999999999999993, 6.850000000000010303, -4.849999999999977440 ) ) ;
#1327 = ADVANCED_FACE ( 'NONE', ( #2202 ), #5504, .T. ) ;
#1328 = AXIS2_PLACEMENT_3D ( 'NONE', #1067, #3378, #1534 ) ;
#1329 =( LENGTH_UNIT ( ) NAMED_UNIT ( * ) SI_UNIT ( .MILLI., .METRE. ) );
#1330 = LINE ( 'NONE', #3108, #5306 ) ;
#1331 = AXIS2_PLACEMENT_3D ( 'NONE', #3546, #272, #2064 ) ;
#1332 = ORIENTED_EDGE ( 'NONE', *, *, #89, .F. ) ;
#1333 = ORIENTED_EDGE ( 'NONE', *, *, #560, .T. ) ;
#1334 = SURFACE_STYLE_FILL_AREA ( #4080 ) ;
#1335 = ORIENTED_EDGE ( 'NONE', *, *, #703, .F. ) ;
#1336 = CARTESIAN_POINT ( 'NONE',  ( 2.799999999999999822, 7.450000000000025935, 4.350000000000021849 ) ) ;
#1337 = FACE_OUTER_BOUND ( 'NONE', #867, .T. ) ;
#1338 = VERTEX_POINT ( 'NONE', #1310 ) ;
#1339 = EDGE_CURVE ( 'NONE', #3904, #3110, #3090, .T. ) ;
#1340 = CARTESIAN_POINT ( 'NONE',  ( 8.619999999999999218, 6.250000000000008882, -5.949999999999977973 ) ) ;
#1341 = SURFACE_STYLE_USAGE ( .BOTH. , #3992 ) ;
#1342 =( NAMED_UNIT ( * ) PLANE_ANGLE_UNIT ( ) SI_UNIT ( $, .RADIAN. ) );
#1343 = ORIENTED_EDGE ( 'NONE', *, *, #595, .T. ) ;
#1344 = VECTOR ( 'NONE', #3260, 1000.000000000000000 ) ;
#1345 = DIRECTION ( 'NONE',  ( 0.0000000000000000000, 0.1205431253957964799, -0.9927080914950846546 ) ) ;
#1346 = EDGE_LOOP ( 'NONE', ( #4034, #1347, #1142, #384 ) ) ;
#1347 = ORIENTED_EDGE ( 'NONE', *, *, #3712, .F. ) ;
#1348 = LINE ( 'NONE', #5422, #3614 ) ;
#1349 = PRESENTATION_LAYER_ASSIGNMENT (  '', '', ( #4144 ) ) ;
#1350 = EDGE_CURVE ( 'NONE', #3496, #322, #2789, .T. ) ;
#1351 = DIRECTION ( 'NONE',  ( 0.0000000000000000000, -1.000000000000000000, 1.644517855226012731E-15 ) ) ;
#1352 = ORIENTED_EDGE ( 'NONE', *, *, #2053, .F. ) ;
#1353 = DIRECTION ( 'NONE',  ( 0.0000000000000000000, -1.000000000000000000, 1.644517855226012731E-15 ) ) ;
#1354 = VECTOR ( 'NONE', #3446, 1000.000000000000000 ) ;
#1355 = PLANE ( 'NONE',  #2625 ) ;
#1356 = DIRECTION ( 'NONE',  ( 1.000000000000000000, 0.0000000000000000000, 0.0000000000000000000 ) ) ;
#1357 = CARTESIAN_POINT ( 'NONE',  ( 2.290000000000000036, 4.200000000000006395, -6.449999999999974420 ) ) ;
#1358 = UNCERTAINTY_MEASURE_WITH_UNIT (LENGTH_MEASURE( 1.000000000000000082E-05 ), #1391, 'distance_accuracy_value', 'NONE');
#1359 = EDGE_CURVE ( 'NONE', #803, #362, #2085, .T. ) ;
#1360 = AXIS2_PLACEMENT_3D ( 'NONE', #2941, #708, #4678 ) ;
#1361 = CARTESIAN_POINT ( 'NONE',  ( 11.11999999999999744, 10.60000000000002451, 3.050000000000017142 ) ) ;
#1362 = EDGE_LOOP ( 'NONE', ( #4766, #2587, #3521, #522 ) ) ;
#1363 = EDGE_LOOP ( 'NONE', ( #2109, #4257, #2876, #303, #2623 ) ) ;
#1364 = CARTESIAN_POINT ( 'NONE',  ( 2.299999999999999822, 6.470000000000009521, -5.149999999999977263 ) ) ;
#1365 = EDGE_CURVE ( 'NONE', #3219, #425, #260, .T. ) ;
#1366 = DIRECTION ( 'NONE',  ( -0.0000000000000000000, -1.644517855226012731E-15, -1.000000000000000000 ) ) ;
#1367 = VERTEX_POINT ( 'NONE', #4261 ) ;
#1368 = DIRECTION ( 'NONE',  ( 0.0000000000000000000, 1.644517855226012731E-15, 1.000000000000000000 ) ) ;
#1369 = PLANE ( 'NONE',  #2046 ) ;
#1370 = CARTESIAN_POINT ( 'NONE',  ( 9.919999999999998153, 8.135517241379311315, -4.618965517240978258 ) ) ;
#1371 = VERTEX_POINT ( 'NONE', #2967 ) ;
#1372 = FACE_OUTER_BOUND ( 'NONE', #1449, .T. ) ;
#1373 = ORIENTED_EDGE ( 'NONE', *, *, #4986, .F. ) ;
#1374 = ORIENTED_EDGE ( 'NONE', *, *, #379, .F. ) ;
#1375 = CARTESIAN_POINT ( 'NONE',  ( 10.91999999999999993, 7.150000000000010125, -4.849999999999979217 ) ) ;
#1376 = MANIFOLD_SOLID_BREP ( 'Combine1', #534 ) ;
#1377 = VERTEX_POINT ( 'NONE', #1599 ) ;
#1378 = DIRECTION ( 'NONE',  ( -1.000000000000000000, 0.0000000000000000000, 0.0000000000000000000 ) ) ;
#1379 = ORIENTED_EDGE ( 'NONE', *, *, #3536, .F. ) ;
#1380 = CARTESIAN_POINT ( 'NONE',  ( 12.21999999999999886, 3.750000000000004885, -7.649999999999974598 ) ) ;
#1381 = DIRECTION ( 'NONE',  ( 1.000000000000000000, 0.0000000000000000000, 0.0000000000000000000 ) ) ;
#1382 = DIRECTION ( 'NONE',  ( -1.000000000000000000, 0.0000000000000000000, -0.0000000000000000000 ) ) ;
#1383 = DIRECTION ( 'NONE',  ( 0.2425356250363093769, 1.595416663602612589E-15, 0.9701425001453377606 ) ) ;
#1384 = CARTESIAN_POINT ( 'NONE',  ( 0.6095551362348999858, 5.234527774075025341, 4.125569468510626336 ) ) ;
#1385 = SURFACE_SIDE_STYLE ('',( #813 ) ) ;
#1386 = CARTESIAN_POINT ( 'NONE',  ( 12.21999999999999886, 3.750000000000004885, -7.649999999999974598 ) ) ;
#1387 = AXIS2_PLACEMENT_3D ( 'NONE', #4684, #183, #3332 ) ;
#1388 = DIRECTION ( 'NONE',  ( 1.000000000000000000, 0.0000000000000000000, 0.0000000000000000000 ) ) ;
#1389 = ORIENTED_EDGE ( 'NONE', *, *, #769, .T. ) ;
#1390 = ADVANCED_FACE ( 'NONE', ( #5583 ), #3542, .T. ) ;
#1391 =( LENGTH_UNIT ( ) NAMED_UNIT ( * ) SI_UNIT ( .MILLI., .METRE. ) );
#1392 = VECTOR ( 'NONE', #968, 1000.000000000000000 ) ;
#1393 = DIRECTION ( 'NONE',  ( 0.0000000000000000000, -1.000000000000000000, 1.644517855226012731E-15 ) ) ;
#1394 = ORIENTED_EDGE ( 'NONE', *, *, #3461, .T. ) ;
#1395 = CARTESIAN_POINT ( 'NONE',  ( 2.290000000000000036, 4.200000000000009059, -5.149999999999973710 ) ) ;
#1396 = CARTESIAN_POINT ( 'NONE',  ( 3.310000000000000053, 4.200000000000009059, -5.149999999999973710 ) ) ;
#1397 = VECTOR ( 'NONE', #2451, 1000.000000000000000 ) ;
#1398 = EDGE_LOOP ( 'NONE', ( #2262, #4234, #5223, #953 ) ) ;
#1399 = ADVANCED_FACE ( 'NONE', ( #1185 ), #4289, .T. ) ;
#1400 = FACE_OUTER_BOUND ( 'NONE', #4649, .T. ) ;
#1401 = EDGE_CURVE ( 'NONE', #3482, #2991, #5321, .T. ) ;
#1402 = FILL_AREA_STYLE ('',( #3120 ) ) ;
#1403 = ORIENTED_EDGE ( 'NONE', *, *, #2154, .F. ) ;
#1404 = ADVANCED_FACE ( 'NONE', ( #1626 ), #2461, .T. ) ;
#1405 = LINE ( 'NONE', #3187, #569 ) ;
#1406 = ORIENTED_EDGE ( 'NONE', *, *, #764, .F. ) ;
#1407 = DIRECTION ( 'NONE',  ( 0.0000000000000000000, 1.644517855226012731E-15, 1.000000000000000000 ) ) ;
#1408 = ORIENTED_EDGE ( 'NONE', *, *, #2266, .F. ) ;
#1409 = DIRECTION ( 'NONE',  ( 0.0000000000000000000, 1.000000000000000000, -1.644517855226012731E-15 ) ) ;
#1410 = LINE ( 'NONE', #4484, #620 ) ;
#1411 = LINE ( 'NONE', #313, #4309 ) ;
#1412 = VECTOR ( 'NONE', #2272, 1000.000000000000000 ) ;
#1413 = DIRECTION ( 'NONE',  ( -1.000000000000000000, 0.0000000000000000000, 0.0000000000000000000 ) ) ;
#1414 = PLANE ( 'NONE',  #943 ) ;
#1415 = AXIS2_PLACEMENT_3D ( 'NONE', #4310, #5192, #3437 ) ;
#1416 = VECTOR ( 'NONE', #4043, 1000.000000000000000 ) ;
#1417 = CARTESIAN_POINT ( 'NONE',  ( 10.92999999999999794, 6.470000000000009521, -5.149999999999977263 ) ) ;
#1418 = ORIENTED_EDGE ( 'NONE', *, *, #4009, .F. ) ;
#1419 = VECTOR ( 'NONE', #537, 999.9999999999998863 ) ;
#1420 = CARTESIAN_POINT ( 'NONE',  ( 9.919999999999998153, 8.135517241379311315, -4.618965517240978258 ) ) ;
#1421 = LINE ( 'NONE', #3622, #3292 ) ;
#1422 = ORIENTED_EDGE ( 'NONE', *, *, #3318, .F. ) ;
#1423 = DIRECTION ( 'NONE',  ( 0.0000000000000000000, 1.644517855226012731E-15, 1.000000000000000000 ) ) ;
#1424 = AXIS2_PLACEMENT_3D ( 'NONE', #2444, #4297, #664 ) ;
#1425 = DIRECTION ( 'NONE',  ( 0.0000000000000000000, 1.000000000000000000, -1.644517855226012731E-15 ) ) ;
#1426 = AXIS2_PLACEMENT_3D ( 'NONE', #3426, #2563, #5208 ) ;
#1427 = ADVANCED_FACE ( 'NONE', ( #2607 ), #1236, .F. ) ;
#1428 = ORIENTED_EDGE ( 'NONE', *, *, #3577, .F. ) ;
#1429 =( NAMED_UNIT ( * ) PLANE_ANGLE_UNIT ( ) SI_UNIT ( $, .RADIAN. ) );
#1430 = DIRECTION ( 'NONE',  ( 0.9195995135417113220, 0.3928571428571050461, -6.195440985631452359E-16 ) ) ;
#1431 = CARTESIAN_POINT ( 'NONE',  ( 2.299999999999999822, 7.650000000000026112, 4.350000000000021849 ) ) ;
#1432 = EDGE_CURVE ( 'NONE', #1128, #1838, #4374, .T. ) ;
#1433 = FACE_OUTER_BOUND ( 'NONE', #4796, .T. ) ;
#1434 = ADVANCED_FACE ( 'NONE', ( #2509 ), #2958, .F. ) ;
#1435 = EDGE_CURVE ( 'NONE', #224, #1970, #4527, .T. ) ;
#1436 = ORIENTED_EDGE ( 'NONE', *, *, #638, .T. ) ;
#1437 = CARTESIAN_POINT ( 'NONE',  ( 2.549999999999999822, 7.900000000000023448, 3.150000000000021672 ) ) ;
#1438 = LINE ( 'NONE', #2298, #836 ) ;
#1439 = VECTOR ( 'NONE', #1648, 1000.000000000000000 ) ;
#1440 = CARTESIAN_POINT ( 'NONE',  ( 2.299999999999999822, 7.150000000000021672, 2.150000000000022560 ) ) ;
#1441 = DIRECTION ( 'NONE',  ( -0.9701425001453377606, -0.2425356250363093769, 3.988541659006119292E-16 ) ) ;
#1442 = AXIS2_PLACEMENT_3D ( 'NONE', #4464, #2733, #3650 ) ;
#1443 = LINE ( 'NONE', #3743, #506 ) ;
#1444 = ADVANCED_FACE ( 'NONE', ( #4493 ), #3261, .T. ) ;
#1445 = AXIS2_PLACEMENT_3D ( 'NONE', #4600, #3720, #2780 ) ;
#1446 = DIRECTION ( 'NONE',  ( -0.1842885350502034281, 1.616350860818526186E-15, 0.9828721869343185480 ) ) ;
#1447 = ORIENTED_EDGE ( 'NONE', *, *, #5477, .T. ) ;
#1448 = DIRECTION ( 'NONE',  ( 1.000000000000000000, 0.0000000000000000000, 0.0000000000000000000 ) ) ;
#1449 = EDGE_LOOP ( 'NONE', ( #2741, #5662, #2612, #5667, #477, #1249 ) ) ;
#1450 = VECTOR ( 'NONE', #1833, 1000.000000000000000 ) ;
#1451 = CARTESIAN_POINT ( 'NONE',  ( 2.140000000000000124, 4.200000000000005507, -7.249999999999973355 ) ) ;
#1452 = LINE ( 'NONE', #2294, #88 ) ;
#1453 = EDGE_CURVE ( 'NONE', #4726, #592, #3556, .T. ) ;
#1454 = ORIENTED_EDGE ( 'NONE', *, *, #1484, .T. ) ;
#1455 = VERTEX_POINT ( 'NONE', #5402 ) ;
#1456 = FACE_OUTER_BOUND ( 'NONE', #476, .T. ) ;
#1457 =( NAMED_UNIT ( * ) SI_UNIT ( $, .STERADIAN. ) SOLID_ANGLE_UNIT ( ) );
#1458 = ADVANCED_FACE ( 'NONE', ( #22 ), #1858, .F. ) ;
#1459 = DIRECTION ( 'NONE',  ( -1.000000000000000000, 0.0000000000000000000, -0.0000000000000000000 ) ) ;
#1460 = EDGE_CURVE ( 'NONE', #4314, #4224, #533, .T. ) ;
#1461 = LINE ( 'NONE', #554, #2357 ) ;
#1462 = DIRECTION ( 'NONE',  ( -1.000000000000000000, 0.0000000000000000000, 0.0000000000000000000 ) ) ;
#1463 = CARTESIAN_POINT ( 'NONE',  ( 8.619999999999999218, 4.200000000000009059, -4.849999999999973888 ) ) ;
#1464 = FACE_OUTER_BOUND ( 'NONE', #1204, .T. ) ;
#1465 = FILL_AREA_STYLE_COLOUR ( '', #874 ) ;
#1466 = ORIENTED_EDGE ( 'NONE', *, *, #3180, .T. ) ;
#1467 = SURFACE_STYLE_FILL_AREA ( #3281 ) ;
#1468 = VERTEX_POINT ( 'NONE', #4107 ) ;
#1469 = AXIS2_PLACEMENT_3D ( 'NONE', #2139, #5259, #5762 ) ;
#1470 =( NAMED_UNIT ( * ) SI_UNIT ( $, .STERADIAN. ) SOLID_ANGLE_UNIT ( ) );
#1471 = LINE ( 'NONE', #1585, #1948 ) ;
#1472 = FACE_OUTER_BOUND ( 'NONE', #3321, .T. ) ;
#1473 = VERTEX_POINT ( 'NONE', #4581 ) ;
#1474 = VECTOR ( 'NONE', #2929, 1000.000000000000114 ) ;
#1475 = AXIS2_PLACEMENT_3D ( 'NONE', #5641, #739, #5614 ) ;
#1476 = DIRECTION ( 'NONE',  ( 0.0000000000000000000, -1.644517855226012731E-15, -1.000000000000000000 ) ) ;
#1477 = ORIENTED_EDGE ( 'NONE', *, *, #1240, .T. ) ;
#1478 = ORIENTED_EDGE ( 'NONE', *, *, #1675, .T. ) ;
#1479 = DIRECTION ( 'NONE',  ( 0.1842885350502034281, -1.616350860818526186E-15, -0.9828721869343185480 ) ) ;
#1480 = VERTEX_POINT ( 'NONE', #558 ) ;
#1481 = EDGE_CURVE ( 'NONE', #4750, #27, #75, .T. ) ;
#1482 = DIRECTION ( 'NONE',  ( -1.000000000000000000, 0.0000000000000000000, 0.0000000000000000000 ) ) ;
#1483 =( NAMED_UNIT ( * ) PLANE_ANGLE_UNIT ( ) SI_UNIT ( $, .RADIAN. ) );
#1484 = EDGE_CURVE ( 'NONE', #1610, #2790, #721, .T. ) ;
#1485 = CARTESIAN_POINT ( 'NONE',  ( 2.799999999999999822, 7.450000000000023270, 3.050000000000022471 ) ) ;
#1486 = AXIS2_PLACEMENT_3D ( 'NONE', #1667, #3456, #5245 ) ;
#1487 = EDGE_CURVE ( 'NONE', #4699, #2403, #241, .T. ) ;
#1488 = PLANE ( 'NONE',  #1004 ) ;
#1489 = LINE ( 'NONE', #2035, #5239 ) ;
#1490 = PRESENTATION_STYLE_ASSIGNMENT (( #5509 ) ) ;
#1491 = DIRECTION ( 'NONE',  ( -0.1788854382000007459, 1.617991634378904359E-15, 0.9838699100999042102 ) ) ;
#1492 = VECTOR ( 'NONE', #3460, 1000.000000000000000 ) ;
#1493 = VECTOR ( 'NONE', #3334, 1000.000000000000000 ) ;
#1494 = ORIENTED_EDGE ( 'NONE', *, *, #4361, .F. ) ;
#1495 = EDGE_CURVE ( 'NONE', #5407, #1961, #2816, .T. ) ;
#1496 = EDGE_CURVE ( 'NONE', #2578, #740, #4189, .T. ) ;
#1497 = LINE ( 'NONE', #107, #1073 ) ;
#1498 = ORIENTED_EDGE ( 'NONE', *, *, #4857, .F. ) ;
#1499 = VECTOR ( 'NONE', #2203, 999.9999999999998863 ) ;
#1500 = DIRECTION ( 'NONE',  ( 0.0000000000000000000, 1.644517855226012731E-15, 1.000000000000000000 ) ) ;
#1501 = DIRECTION ( 'NONE',  ( 1.000000000000000000, 0.0000000000000000000, 0.0000000000000000000 ) ) ;
#1502 = VECTOR ( 'NONE', #835, 1000.000000000000000 ) ;
#1503 =( GEOMETRIC_REPRESENTATION_CONTEXT ( 3 ) GLOBAL_UNCERTAINTY_ASSIGNED_CONTEXT ( ( #5340 ) ) GLOBAL_UNIT_ASSIGNED_CONTEXT ( ( #5810, #5457, #5427 ) ) REPRESENTATION_CONTEXT ( 'NONE', 'WORKASPACE' ) );
#1504 = DIRECTION ( 'NONE',  ( 0.0000000000000000000, 1.644517855226012731E-15, 1.000000000000000000 ) ) ;
#1505 = EDGE_CURVE ( 'NONE', #1655, #4367, #193, .T. ) ;
#1506 = COLOUR_RGB ( '',1.000000000000000000, 1.000000000000000000, 1.000000000000000000 ) ;
#1507 = CARTESIAN_POINT ( 'NONE',  ( 11.11999999999999744, 10.60000000000002451, 3.050000000000017142 ) ) ;
#1508 = EDGE_LOOP ( 'NONE', ( #2312, #4090, #5498, #2346, #844 ) ) ;
#1509 = VERTEX_POINT ( 'NONE', #1116 ) ;
#1510 = FACE_OUTER_BOUND ( 'NONE', #4810, .T. ) ;
#1511 = ORIENTED_EDGE ( 'NONE', *, *, #5473, .F. ) ;
#1512 = FACE_OUTER_BOUND ( 'NONE', #4204, .T. ) ;
#1513 = FACE_OUTER_BOUND ( 'NONE', #4316, .T. ) ;
#1514 = VERTEX_POINT ( 'NONE', #3284 ) ;
#1515 = DIRECTION ( 'NONE',  ( 0.0000000000000000000, 1.000000000000000000, -1.644517855226012731E-15 ) ) ;
#1516 = PLANE ( 'NONE',  #3777 ) ;
#1517 = VECTOR ( 'NONE', #5261, 1000.000000000000000 ) ;
#1518 = DIRECTION ( 'NONE',  ( 1.000000000000000000, 0.0000000000000000000, 0.0000000000000000000 ) ) ;
#1519 = CARTESIAN_POINT ( 'NONE',  ( 2.299999999999999822, 7.150000000000008349, -6.114911064069978863 ) ) ;
#1520 = AXIS2_PLACEMENT_3D ( 'NONE', #4434, #2192, #888 ) ;
#1521 = FACE_OUTER_BOUND ( 'NONE', #4454, .T. ) ;
#1522 = PLANE ( 'NONE',  #587 ) ;
#1523 = AXIS2_PLACEMENT_3D ( 'NONE', #367, #4896, #5749 ) ;
#1524 = ORIENTED_EDGE ( 'NONE', *, *, #525, .T. ) ;
#1525 = FACE_OUTER_BOUND ( 'NONE', #5699, .T. ) ;
#1526 = DIRECTION ( 'NONE',  ( 0.0000000000000000000, 0.2425356250363078225, -0.9701425001453380936 ) ) ;
#1527 = EDGE_CURVE ( 'NONE', #4786, #3184, #1471, .T. ) ;
#1528 = CARTESIAN_POINT ( 'NONE',  ( 2.299999999999999822, 8.150000000000011013, -3.950557738530979801 ) ) ;
#1529 = COLOUR_RGB ( '',1.000000000000000000, 1.000000000000000000, 1.000000000000000000 ) ;
#1530 = CARTESIAN_POINT ( 'NONE',  ( -0.8000000000000000444, 12.25000000000002487, 3.050000000000014477 ) ) ;
#1531 = EDGE_CURVE ( 'NONE', #344, #1514, #5097, .T. ) ;
#1532 = ORIENTED_EDGE ( 'NONE', *, *, #4102, .T. ) ;
#1533 = VECTOR ( 'NONE', #2348, 1000.000000000000000 ) ;
#1534 = DIRECTION ( 'NONE',  ( -1.000000000000000000, 0.0000000000000000000, 0.0000000000000000000 ) ) ;
#1535 = ORIENTED_EDGE ( 'NONE', *, *, #1401, .F. ) ;
#1536 = AXIS2_PLACEMENT_3D ( 'NONE', #2788, #1031, #5487 ) ;
#1537 = ORIENTED_EDGE ( 'NONE', *, *, #5368, .F. ) ;
#1538 = FACE_OUTER_BOUND ( 'NONE', #3724, .T. ) ;
#1539 = VERTEX_POINT ( 'NONE', #3374 ) ;
#1540 = DIRECTION ( 'NONE',  ( -0.0000000000000000000, -1.644517855226012731E-15, -1.000000000000000000 ) ) ;
#1541 = ORIENTED_EDGE ( 'NONE', *, *, #1588, .T. ) ;
#1542 = LINE ( 'NONE', #262, #5076 ) ;
#1543 = DIRECTION ( 'NONE',  ( -1.000000000000000000, 0.0000000000000000000, 0.0000000000000000000 ) ) ;
#1544 = FILL_AREA_STYLE_COLOUR ( '', #5612 ) ;
#1545 = CARTESIAN_POINT ( 'NONE',  ( 3.299999999999999822, 10.60000000000000853, -6.549999999999984723 ) ) ;
#1546 = PLANE ( 'NONE',  #3674 ) ;
#1547 = PLANE ( 'NONE',  #3671 ) ;
#1548 = DIRECTION ( 'NONE',  ( 0.0000000000000000000, -1.000000000000000000, 1.644517855226012731E-15 ) ) ;
#1549 = ORIENTED_EDGE ( 'NONE', *, *, #623, .T. ) ;
#1550 = EDGE_CURVE ( 'NONE', #3665, #1853, #4160, .T. ) ;
#1551 = PLANE ( 'NONE',  #4475 ) ;
#1552 = FACE_OUTER_BOUND ( 'NONE', #3651, .T. ) ;
#1553 = VECTOR ( 'NONE', #2103, 1000.000000000000000 ) ;
#1554 = DIRECTION ( 'NONE',  ( -0.2028368833146942662, -1.610332506321238696E-15, -0.9792125401398724671 ) ) ;
#1555 = EDGE_CURVE ( 'NONE', #2837, #5078, #584, .T. ) ;
#1556 = CIRCLE ( 'NONE', #4944, 0.2999999999999999334 ) ;
#1557 = EDGE_CURVE ( 'NONE', #31, #1455, #2843, .T. ) ;
#1558 = FACE_OUTER_BOUND ( 'NONE', #2655, .T. ) ;
#1559 = FACE_OUTER_BOUND ( 'NONE', #1160, .T. ) ;
#1560 = VERTEX_POINT ( 'NONE', #5570 ) ;
#1561 = VERTEX_POINT ( 'NONE', #1938 ) ;
#1562 = CARTESIAN_POINT ( 'NONE',  ( 10.91977156848200003, 8.958053628472010033, -5.250543523751980857 ) ) ;
#1563 = EDGE_LOOP ( 'NONE', ( #4620, #5372, #353, #2593 ) ) ;
#1564 = COLOUR_RGB ( '',1.000000000000000000, 1.000000000000000000, 1.000000000000000000 ) ;
#1565 = CARTESIAN_POINT ( 'NONE',  ( 11.11999999999999744, 10.60000000000002451, 3.050000000000017142 ) ) ;
#1566 = ORIENTED_EDGE ( 'NONE', *, *, #2585, .F. ) ;
#1567 = CARTESIAN_POINT ( 'NONE',  ( 9.919999999999998153, 7.150000000000011902, -3.950557738530979801 ) ) ;
#1568 = PLANE ( 'NONE',  #2424 ) ;
#1569 = LINE ( 'NONE', #4177, #2930 ) ;
#1570 = CARTESIAN_POINT ( 'NONE',  ( 4.599999999999999645, 3.750000000000011102, -4.149999999999972822 ) ) ;
#1571 = UNCERTAINTY_MEASURE_WITH_UNIT (LENGTH_MEASURE( 1.000000000000000082E-05 ), #2616, 'distance_accuracy_value', 'NONE');
#1572 = FILL_AREA_STYLE_COLOUR ( '', #1308 ) ;
#1573 = ADVANCED_FACE ( 'NONE', ( #1552 ), #5159, .F. ) ;
#1574 = CARTESIAN_POINT ( 'NONE',  ( 9.909999999999998366, 6.470000000000009521, -5.149999999999977263 ) ) ;
#1575 = VECTOR ( 'NONE', #481, 1000.000000000000000 ) ;
#1576 = DIRECTION ( 'NONE',  ( 1.000000000000000000, 0.0000000000000000000, 0.0000000000000000000 ) ) ;
#1577 = DIRECTION ( 'NONE',  ( 0.0000000000000000000, 1.000000000000000000, -1.644517855226012731E-15 ) ) ;
#1578 = CARTESIAN_POINT ( 'NONE',  ( 3.299999999999999822, 8.150000000000014566, -2.699999999999980194 ) ) ;
#1579 = CARTESIAN_POINT ( 'NONE',  ( 2.300228431518000161, 8.958053628472010033, -5.250543523751980857 ) ) ;
#1580 = UNCERTAINTY_MEASURE_WITH_UNIT (LENGTH_MEASURE( 1.000000000000000082E-05 ), #4746, 'distance_accuracy_value', 'NONE');
#1581 = AXIS2_PLACEMENT_3D ( 'NONE', #2572, #694, #1271 ) ;
#1582 = VERTEX_POINT ( 'NONE', #2903 ) ;
#1583 = LINE ( 'NONE', #4188, #1397 ) ;
#1584 = PRESENTATION_LAYER_ASSIGNMENT (  '', '', ( #1676 ) ) ;
#1585 = CARTESIAN_POINT ( 'NONE',  ( 2.290000000000000036, 4.200000000000006395, -6.449999999999974420 ) ) ;
#1586 = LINE ( 'NONE', #2956, #4054 ) ;
#1587 = ORIENTED_EDGE ( 'NONE', *, *, #703, .T. ) ;
#1588 = EDGE_CURVE ( 'NONE', #3573, #3110, #3259, .T. ) ;
#1589 = CIRCLE ( 'NONE', #1034, 1.300000000000000711 ) ;
#1590 = PRESENTATION_LAYER_ASSIGNMENT (  '', '', ( #5613 ) ) ;
#1591 = LINE ( 'NONE', #4619, #2808 ) ;
#1592 = DIRECTION ( 'NONE',  ( 0.2425356250363093769, 1.595416663602612589E-15, 0.9701425001453377606 ) ) ;
#1593 = VECTOR ( 'NONE', #2771, 1000.000000000000000 ) ;
#1594 = ORIENTED_EDGE ( 'NONE', *, *, #2776, .T. ) ;
#1595 = EDGE_LOOP ( 'NONE', ( #4824, #4348, #2550, #2648 ) ) ;
#1596 = ORIENTED_EDGE ( 'NONE', *, *, #2639, .F. ) ;
#1597 = EDGE_CURVE ( 'NONE', #5201, #4082, #3708, .T. ) ;
#1598 = EDGE_CURVE ( 'NONE', #856, #2482, #669, .T. ) ;
#1599 = CARTESIAN_POINT ( 'NONE',  ( 11.70743883995199930, 8.199999982479811322, -5.249999105246983433 ) ) ;
#1600 = VERTEX_POINT ( 'NONE', #2453 ) ;
#1601 = CARTESIAN_POINT ( 'NONE',  ( 2.799999999999999822, 7.650000000000007461, -6.549999999999979394 ) ) ;
#1602 = ORIENTED_EDGE ( 'NONE', *, *, #72, .F. ) ;
#1603 = LINE ( 'NONE', #657, #2753 ) ;
#1604 =( NAMED_UNIT ( * ) PLANE_ANGLE_UNIT ( ) SI_UNIT ( $, .RADIAN. ) );
#1605 = CARTESIAN_POINT ( 'NONE',  ( 14.01999999999999957, 12.25000000000002487, 3.050000000000014477 ) ) ;
#1606 = DIRECTION ( 'NONE',  ( -0.7190916418846066138, -0.6949152542373067121, 1.176083712526648603E-15 ) ) ;
#1607 = CARTESIAN_POINT ( 'NONE',  ( 3.299999999999999822, 7.150000000000008349, -6.114911064069978863 ) ) ;
#1608 = CARTESIAN_POINT ( 'NONE',  ( 4.962501306726999850, 5.302314197254023753, 3.684957718921225922 ) ) ;
#1609 = DIRECTION ( 'NONE',  ( -1.735932554521999624E-12, 3.990295632073226234E-12, 1.000000000000000000 ) ) ;
#1610 = VERTEX_POINT ( 'NONE', #2341 ) ;
#1611 = CARTESIAN_POINT ( 'NONE',  ( 10.91999999999999993, 7.650000000000010125, -5.249999999999978684 ) ) ;
#1612 = SURFACE_SIDE_STYLE ('',( #2954 ) ) ;
#1613 = PLANE ( 'NONE',  #1953 ) ;
#1614 = CARTESIAN_POINT ( 'NONE',  ( 10.41999999999699966, 7.649999999998350120, -6.549999999999979394 ) ) ;
#1615 = ORIENTED_EDGE ( 'NONE', *, *, #135, .F. ) ;
#1616 = MECHANICAL_DESIGN_GEOMETRIC_PRESENTATION_REPRESENTATION (  '', ( #4797 ), #3017 ) ;
#1617 = CARTESIAN_POINT ( 'NONE',  ( 3.410000000000000142, 6.470000000000009521, -5.149999999999977263 ) ) ;
#1618 = PRESENTATION_LAYER_ASSIGNMENT (  '', '', ( #4149 ) ) ;
#1619 = PLANE ( 'NONE',  #2819 ) ;
#1620 = VERTEX_POINT ( 'NONE', #1965 ) ;
#1621 = ORIENTED_EDGE ( 'NONE', *, *, #4239, .T. ) ;
#1622 = VECTOR ( 'NONE', #264, 1000.000000000000000 ) ;
#1623 = VERTEX_POINT ( 'NONE', #5490 ) ;
#1624 = EDGE_CURVE ( 'NONE', #803, #31, #5042, .T. ) ;
#1625 = VECTOR ( 'NONE', #3113, 1000.000000000000000 ) ;
#1626 = FACE_OUTER_BOUND ( 'NONE', #2900, .T. ) ;
#1627 = ORIENTED_EDGE ( 'NONE', *, *, #5640, .F. ) ;
#1628 = CARTESIAN_POINT ( 'NONE',  ( 3.310000000000000053, 8.200000000000009948, -5.149999999999980815 ) ) ;
#1629 = ORIENTED_EDGE ( 'NONE', *, *, #1481, .F. ) ;
#1630 = DIRECTION ( 'NONE',  ( 0.0000000000000000000, 1.000000000000000000, -1.644517855226012731E-15 ) ) ;
#1631 = UNCERTAINTY_MEASURE_WITH_UNIT (LENGTH_MEASURE( 1.000000000000000082E-05 ), #1905, 'distance_accuracy_value', 'NONE');
#1632 = EDGE_CURVE ( 'NONE', #3482, #5818, #133, .T. ) ;
#1633 = FACE_OUTER_BOUND ( 'NONE', #5632, .T. ) ;
#1634 = ADVANCED_FACE ( 'NONE', ( #1060 ), #3314, .F. ) ;
#1635 = DIRECTION ( 'NONE',  ( 0.3565278971275954722, 0.9342846774777880947, -1.239088197126289880E-15 ) ) ;
#1636 =( LENGTH_UNIT ( ) NAMED_UNIT ( * ) SI_UNIT ( .MILLI., .METRE. ) );
#1637 = DIRECTION ( 'NONE',  ( 1.000000000000000000, 0.0000000000000000000, 0.0000000000000000000 ) ) ;
#1638 = CARTESIAN_POINT ( 'NONE',  ( 9.919999999999998153, 7.650000000000010125, -5.249999999999978684 ) ) ;
#1639 = CARTESIAN_POINT ( 'NONE',  ( 2.799999999999999822, 3.975000000000009859, -4.499999999999974243 ) ) ;
#1640 = LINE ( 'NONE', #754, #1182 ) ;
#1641 = PLANE ( 'NONE',  #5026 ) ;
#1642 = ORIENTED_EDGE ( 'NONE', *, *, #5652, .T. ) ;
#1643 = FACE_OUTER_BOUND ( 'NONE', #3847, .T. ) ;
#1644 = LINE ( 'NONE', #3375, #5269 ) ;
#1645 = ORIENTED_EDGE ( 'NONE', *, *, #2600, .F. ) ;
#1646 = CYLINDRICAL_SURFACE ( 'NONE', #1415, 1.400000000000000133 ) ;
#1647 =( LENGTH_UNIT ( ) NAMED_UNIT ( * ) SI_UNIT ( .MILLI., .METRE. ) );
#1648 = DIRECTION ( 'NONE',  ( -1.000000000000000000, 0.0000000000000000000, -0.0000000000000000000 ) ) ;
#1649 = ORIENTED_EDGE ( 'NONE', *, *, #3754, .F. ) ;
#1650 = ORIENTED_EDGE ( 'NONE', *, *, #250, .T. ) ;
#1651 = AXIS2_PLACEMENT_3D ( 'NONE', #1852, #440, #2785 ) ;
#1652 = VECTOR ( 'NONE', #4830, 1000.000000000000000 ) ;
#1653 = ORIENTED_EDGE ( 'NONE', *, *, #3037, .T. ) ;
#1654 = DIRECTION ( 'NONE',  ( 1.000000000000000000, 0.0000000000000000000, 0.0000000000000000000 ) ) ;
#1655 = VERTEX_POINT ( 'NONE', #2106 ) ;
#1656 = CARTESIAN_POINT ( 'NONE',  ( 2.799999999999999822, 7.450000000000024158, 3.699999452866622462 ) ) ;
#1657 = EDGE_CURVE ( 'NONE', #4224, #5131, #3840, .T. ) ;
#1658 = AXIS2_PLACEMENT_3D ( 'NONE', #4996, #5515, #3210 ) ;
#1659 =( LENGTH_UNIT ( ) NAMED_UNIT ( * ) SI_UNIT ( .MILLI., .METRE. ) );
#1660 = ORIENTED_EDGE ( 'NONE', *, *, #3739, .T. ) ;
#1661 = CARTESIAN_POINT ( 'NONE',  ( 12.06999999999999851, 5.400000000000009237, -5.349999999999976552 ) ) ;
#1662 = DIRECTION ( 'NONE',  ( 1.000000000000000000, 0.0000000000000000000, 0.0000000000000000000 ) ) ;
#1663 = SURFACE_STYLE_USAGE ( .BOTH. , #401 ) ;
#1664 = AXIS2_PLACEMENT_3D ( 'NONE', #5777, #3547, #4599 ) ;
#1665 = LINE ( 'NONE', #5594, #11 ) ;
#1666 = ADVANCED_FACE ( 'NONE', ( #1643 ), #1613, .T. ) ;
#1667 = CARTESIAN_POINT ( 'NONE',  ( 3.299999999999999822, 7.650000000000026112, 4.350000000000021849 ) ) ;
#1668 = ADVANCED_FACE ( 'NONE', ( #5689 ), #376, .F. ) ;
#1669 = DIRECTION ( 'NONE',  ( -1.000000000000000000, 0.0000000000000000000, -0.0000000000000000000 ) ) ;
#1670 = VERTEX_POINT ( 'NONE', #2073 ) ;
#1671 = DIRECTION ( 'NONE',  ( 0.0000000000000000000, 1.000000000000000000, -1.644517855226012731E-15 ) ) ;
#1672 =( NAMED_UNIT ( * ) SI_UNIT ( $, .STERADIAN. ) SOLID_ANGLE_UNIT ( ) );
#1673 = EDGE_CURVE ( 'NONE', #1560, #2501, #3464, .T. ) ;
#1674 = CARTESIAN_POINT ( 'NONE',  ( 11.31999999999999851, 11.75000000000002665, 4.350000000000015632 ) ) ;
#1675 = EDGE_CURVE ( 'NONE', #3383, #3316, #5755, .T. ) ;
#1676 = STYLED_ITEM ( 'NONE', ( #3856 ), #1854 ) ;
#1677 = ORIENTED_EDGE ( 'NONE', *, *, #731, .F. ) ;
#1678 = CARTESIAN_POINT ( 'NONE',  ( 8.298679656439999164, 5.400000000000022560, 3.050000000000025580 ) ) ;
#1679 = CARTESIAN_POINT ( 'NONE',  ( 1.000000000000000000, 3.750000000000004885, -7.649999999999974598 ) ) ;
#1680 = MECHANICAL_DESIGN_GEOMETRIC_PRESENTATION_REPRESENTATION (  '', ( #1676 ), #2324 ) ;
#1681 = CARTESIAN_POINT ( 'NONE',  ( 9.919999999999998153, 7.150000000000013678, -2.699999999999978417 ) ) ;
#1682 = DIRECTION ( 'NONE',  ( 1.000000000000000000, 0.0000000000000000000, 0.0000000000000000000 ) ) ;
#1683 = ORIENTED_EDGE ( 'NONE', *, *, #148, .T. ) ;
#1684 = PRESENTATION_LAYER_ASSIGNMENT (  '', '', ( #3462 ) ) ;
#1685 = ORIENTED_EDGE ( 'NONE', *, *, #4212, .F. ) ;
#1686 = EDGE_CURVE ( 'NONE', #170, #5253, #280, .T. ) ;
#1687 = AXIS2_PLACEMENT_3D ( 'NONE', #4935, #4875, #3499 ) ;
#1688 = ORIENTED_EDGE ( 'NONE', *, *, #5100, .F. ) ;
#1689 = ORIENTED_EDGE ( 'NONE', *, *, #325, .F. ) ;
#1690 = SURFACE_STYLE_FILL_AREA ( #329 ) ;
#1691 = AXIS2_PLACEMENT_3D ( 'NONE', #686, #3830, #237 ) ;
#1692 = PRESENTATION_LAYER_ASSIGNMENT (  '', '', ( #2425 ) ) ;
#1693 = DIRECTION ( 'NONE',  ( 0.0000000000000000000, 1.644517855226012731E-15, 1.000000000000000000 ) ) ;
#1694 = ORIENTED_EDGE ( 'NONE', *, *, #4259, .T. ) ;
#1695 = LINE ( 'NONE', #2096, #5107 ) ;
#1696 = SURFACE_STYLE_FILL_AREA ( #3889 ) ;
#1697 = CARTESIAN_POINT ( 'NONE',  ( 10.41999999999999815, 7.650000000000012790, -3.474999999999979661 ) ) ;
#1698 = DIRECTION ( 'NONE',  ( 0.0000000000000000000, 1.000000000000000000, -1.644517855226012731E-15 ) ) ;
#1699 = CARTESIAN_POINT ( 'NONE',  ( 10.91999999999999993, 4.200000000000009059, -5.149999999999973710 ) ) ;
#1700 = CARTESIAN_POINT ( 'NONE',  ( 10.16999999999999815, -0.2499999999999924227, -5.399999999999967493 ) ) ;
#1701 = VERTEX_POINT ( 'NONE', #3867 ) ;
#1702 = CARTESIAN_POINT ( 'NONE',  ( 8.229539910979999817, 5.234490479969024612, 4.125811880199925952 ) ) ;
#1703 = DIRECTION ( 'NONE',  ( 1.000000000000000000, 0.0000000000000000000, 0.0000000000000000000 ) ) ;
#1704 = DIRECTION ( 'NONE',  ( 1.000000000000000000, 0.0000000000000000000, 0.0000000000000000000 ) ) ;
#1705 = PRESENTATION_STYLE_ASSIGNMENT (( #220 ) ) ;
#1706 = VERTEX_POINT ( 'NONE', #3022 ) ;
#1707 = FACE_OUTER_BOUND ( 'NONE', #3944, .T. ) ;
#1708 = AXIS2_PLACEMENT_3D ( 'NONE', #2935, #3502, #1248 ) ;
#1709 = ORIENTED_EDGE ( 'NONE', *, *, #628, .T. ) ;
#1710 = EDGE_CURVE ( 'NONE', #5078, #1803, #5601, .T. ) ;
#1711 = LINE ( 'NONE', #385, #2782 ) ;
#1712 = EDGE_CURVE ( 'NONE', #3283, #5311, #820, .T. ) ;
#1713 = VECTOR ( 'NONE', #445, 1000.000000000000000 ) ;
#1714 = LINE ( 'NONE', #4723, #1517 ) ;
#1715 = DIRECTION ( 'NONE',  ( -0.2425356250363093769, -0.9701425001453377606, 1.595416663602612589E-15 ) ) ;
#1716 = ORIENTED_EDGE ( 'NONE', *, *, #460, .T. ) ;
#1717 = EDGE_LOOP ( 'NONE', ( #3908, #2376, #388, #2017, #3937, #3139 ) ) ;
#1718 = ORIENTED_EDGE ( 'NONE', *, *, #1675, .F. ) ;
#1719 = VECTOR ( 'NONE', #2006, 1000.000000000000000 ) ;
#1720 = CARTESIAN_POINT ( 'NONE',  ( 9.069999999999998508, 7.650000000000012790, -2.699999999999979305 ) ) ;
#1721 = ORIENTED_EDGE ( 'NONE', *, *, #455, .T. ) ;
#1722 = DIRECTION ( 'NONE',  ( -1.000000000000000000, 0.0000000000000000000, -0.0000000000000000000 ) ) ;
#1723 = DIRECTION ( 'NONE',  ( 0.0000000000000000000, -1.644517855226012731E-15, -1.000000000000000000 ) ) ;
#1724 = VERTEX_POINT ( 'NONE', #5219 ) ;
#1725 = VECTOR ( 'NONE', #66, 1000.000000000000000 ) ;
#1726 = CARTESIAN_POINT ( 'NONE',  ( 3.299999999999999822, 10.60000000000000853, -6.549999999999984723 ) ) ;
#1727 = FILL_AREA_STYLE_COLOUR ( '', #4129 ) ;
#1728 = FACE_OUTER_BOUND ( 'NONE', #2309, .T. ) ;
#1729 = FILL_AREA_STYLE ('',( #44 ) ) ;
#1730 = CARTESIAN_POINT ( 'NONE',  ( 4.599999999999999645, 10.75000000000000711, -7.249999999999984013 ) ) ;
#1731 = CARTESIAN_POINT ( 'NONE',  ( 2.299999999999999822, 10.60000000000001208, -5.249999999999984013 ) ) ;
#1732 = VERTEX_POINT ( 'NONE', #5251 ) ;
#1733 = SURFACE_STYLE_USAGE ( .BOTH. , #2161 ) ;
#1734 = ORIENTED_EDGE ( 'NONE', *, *, #965, .F. ) ;
#1735 =( NAMED_UNIT ( * ) SI_UNIT ( $, .STERADIAN. ) SOLID_ANGLE_UNIT ( ) );
#1736 = CARTESIAN_POINT ( 'NONE',  ( 9.919999999999998153, 4.200000000000009059, -5.149999999999973710 ) ) ;
#1737 = ADVANCED_FACE ( 'NONE', ( #4405 ), #4811, .F. ) ;
#1738 = CARTESIAN_POINT ( 'NONE',  ( 9.919999999999998153, 6.850000000000010303, -4.849999999999977440 ) ) ;
#1739 = DIRECTION ( 'NONE',  ( 1.000000000000000000, 0.0000000000000000000, 0.0000000000000000000 ) ) ;
#1740 = ORIENTED_EDGE ( 'NONE', *, *, #1597, .F. ) ;
#1741 = ADVANCED_FACE ( 'NONE', ( #2760 ), #3649, .T. ) ;
#1742 = VERTEX_POINT ( 'NONE', #3554 ) ;
#1743 = EDGE_CURVE ( 'NONE', #1018, #1732, #857, .T. ) ;
#1744 = VECTOR ( 'NONE', #1230, 1000.000000000000000 ) ;
#1745 = ORIENTED_EDGE ( 'NONE', *, *, #188, .T. ) ;
#1746 = CARTESIAN_POINT ( 'NONE',  ( 10.66999999999999815, 7.900000000000023448, 3.150000000000021672 ) ) ;
#1747 = EDGE_CURVE ( 'NONE', #975, #2003, #2673, .T. ) ;
#1748 = VERTEX_POINT ( 'NONE', #4902 ) ;
#1749 = DIRECTION ( 'NONE',  ( -1.000000000000000000, 0.0000000000000000000, -0.0000000000000000000 ) ) ;
#1750 = LINE ( 'NONE', #2627, #1313 ) ;
#1751 = ORIENTED_EDGE ( 'NONE', *, *, #5010, .F. ) ;
#1752 = VECTOR ( 'NONE', #1276, 1000.000000000000000 ) ;
#1753 = DIRECTION ( 'NONE',  ( 0.0000000000000000000, 1.000000000000000000, -1.644517855226012731E-15 ) ) ;
#1754 = DIRECTION ( 'NONE',  ( -0.0000000000000000000, -1.644517855226012731E-15, -1.000000000000000000 ) ) ;
#1755 = FACE_OUTER_BOUND ( 'NONE', #106, .T. ) ;
#1756 = DIRECTION ( 'NONE',  ( 0.0000000000000000000, -0.2425356250363110422, -0.9701425001453374275 ) ) ;
#1757 = EDGE_CURVE ( 'NONE', #3035, #3654, #2699, .T. ) ;
#1758 = FACE_OUTER_BOUND ( 'NONE', #2223, .T. ) ;
#1759 = ORIENTED_EDGE ( 'NONE', *, *, #4278, .F. ) ;
#1760 = ORIENTED_EDGE ( 'NONE', *, *, #3325, .T. ) ;
#1761 = CARTESIAN_POINT ( 'NONE',  ( 10.91999999999999993, 7.150000000000011902, -3.950557738530979801 ) ) ;
#1762 = DIRECTION ( 'NONE',  ( 1.000000000000000000, 2.921250539646147696E-28, 1.776356839400000554E-13 ) ) ;
#1763 = ORIENTED_EDGE ( 'NONE', *, *, #5535, .T. ) ;
#1764 = LINE ( 'NONE', #3625, #3232 ) ;
#1765 = DIRECTION ( 'NONE',  ( 0.0000000000000000000, 1.000000000000000000, -1.644517855226012731E-15 ) ) ;
#1766 = CARTESIAN_POINT ( 'NONE',  ( -0.1000000000000000056, 7.100000000000007638, -6.549999999999977618 ) ) ;
#1767 = ORIENTED_EDGE ( 'NONE', *, *, #5296, .F. ) ;
#1768 = FACE_OUTER_BOUND ( 'NONE', #2654, .T. ) ;
#1769 = MECHANICAL_DESIGN_GEOMETRIC_PRESENTATION_REPRESENTATION (  '', ( #248 ), #2496 ) ;
#1770 = FACE_OUTER_BOUND ( 'NONE', #3237, .T. ) ;
#1771 = ADVANCED_FACE ( 'NONE', ( #3204 ), #73, .T. ) ;
#1772 = ORIENTED_EDGE ( 'NONE', *, *, #2279, .F. ) ;
#1773 = CARTESIAN_POINT ( 'NONE',  ( 10.79499999999999815, 7.650000000000011902, 2.650000000000022116 ) ) ;
#1774 = PRESENTATION_LAYER_ASSIGNMENT (  '', '', ( #3557 ) ) ;
#1775 = DIRECTION ( 'NONE',  ( 0.0000000000000000000, 1.000000000000000000, -1.644517855226012731E-15 ) ) ;
#1776 = VECTOR ( 'NONE', #515, 1000.000000000000000 ) ;
#1777 = EDGE_CURVE ( 'NONE', #1853, #1128, #2532, .T. ) ;
#1778 = ORIENTED_EDGE ( 'NONE', *, *, #410, .T. ) ;
#1779 =( LENGTH_UNIT ( ) NAMED_UNIT ( * ) SI_UNIT ( .MILLI., .METRE. ) );
#1780 = ORIENTED_EDGE ( 'NONE', *, *, #2370, .T. ) ;
#1781 = CARTESIAN_POINT ( 'NONE',  ( 9.019999999999997797, 5.400000000000011013, -4.249999999999976019 ) ) ;
#1782 = CARTESIAN_POINT ( 'NONE',  ( 2.799999999999999822, 7.650000000000006573, -7.249999999999978684 ) ) ;
#1783 = VECTOR ( 'NONE', #1425, 1000.000000000000000 ) ;
#1784 = ORIENTED_EDGE ( 'NONE', *, *, #243, .T. ) ;
#1785 = LINE ( 'NONE', #3165, #5415 ) ;
#1786 = ADVANCED_FACE ( 'NONE', ( #411 ), #3621, .T. ) ;
#1787 =( NAMED_UNIT ( * ) SI_UNIT ( $, .STERADIAN. ) SOLID_ANGLE_UNIT ( ) );
#1788 = VECTOR ( 'NONE', #3570, 1000.000000000000000 ) ;
#1789 = VECTOR ( 'NONE', #4547, 1000.000000000000000 ) ;
#1790 = SURFACE_STYLE_FILL_AREA ( #1729 ) ;
#1791 = CARTESIAN_POINT ( 'NONE',  ( 9.909999999999998366, 8.400000000000007461, -6.449999999999981526 ) ) ;
#1792 = VECTOR ( 'NONE', #2604, 1000.000000000000000 ) ;
#1793 = ORIENTED_EDGE ( 'NONE', *, *, #119, .F. ) ;
#1794 = ORIENTED_EDGE ( 'NONE', *, *, #3072, .F. ) ;
#1795 = DIRECTION ( 'NONE',  ( 0.0000000000000000000, 1.000000000000000000, -1.644517855226012731E-15 ) ) ;
#1796 = DIRECTION ( 'NONE',  ( 0.0000000000000000000, -1.000000000000000000, 1.644517855226012731E-15 ) ) ;
#1797 = VERTEX_POINT ( 'NONE', #1081 ) ;
#1798 = LINE ( 'NONE', #4466, #4539 ) ;
#1799 = PLANE ( 'NONE',  #5049 ) ;
#1800 = CARTESIAN_POINT ( 'NONE',  ( 13.31999999999999851, 10.60000000000000853, -6.549999999999984723 ) ) ;
#1801 = FACE_OUTER_BOUND ( 'NONE', #2147, .T. ) ;
#1802 = DIRECTION ( 'NONE',  ( 0.0000000000000000000, 1.644517855226012731E-15, 1.000000000000000000 ) ) ;
#1803 = VERTEX_POINT ( 'NONE', #2446 ) ;
#1804 = ORIENTED_EDGE ( 'NONE', *, *, #55, .F. ) ;
#1805 = LINE ( 'NONE', #2316, #3270 ) ;
#1806 = VECTOR ( 'NONE', #1796, 1000.000000000000000 ) ;
#1807 = CARTESIAN_POINT ( 'NONE',  ( 1.899999999999999911, 11.75000000000002665, 4.350000000000015632 ) ) ;
#1808 = VERTEX_POINT ( 'NONE', #4244 ) ;
#1809 = DIRECTION ( 'NONE',  ( 0.2357022603954935513, -0.2357022603954951612, -0.9428090415820741255 ) ) ;
#1810 = EDGE_LOOP ( 'NONE', ( #3342, #3122, #3704, #5262 ) ) ;
#1811 = LINE ( 'NONE', #5454, #679 ) ;
#1812 = AXIS2_PLACEMENT_3D ( 'NONE', #1697, #2534, #5153 ) ;
#1813 = CARTESIAN_POINT ( 'NONE',  ( 12.21999999999999886, 10.75000000000000711, -7.249999999999984013 ) ) ;
#1814 = EDGE_CURVE ( 'NONE', #2852, #4790, #1205, .T. ) ;
#1815 = CARTESIAN_POINT ( 'NONE',  ( 9.719999999999998863, 12.25000000000002487, 3.050000000000014477 ) ) ;
#1816 = VECTOR ( 'NONE', #3367, 1000.000000000000000 ) ;
#1817 = CARTESIAN_POINT ( 'NONE',  ( 3.299999999999999822, 4.200000000000009059, -5.149999999999973710 ) ) ;
#1818 = LINE ( 'NONE', #3046, #3025 ) ;
#1819 = CARTESIAN_POINT ( 'NONE',  ( 2.799999999999999822, 0.2500000000000062728, -6.024999999999967493 ) ) ;
#1820 = EDGE_CURVE ( 'NONE', #2845, #5271, #214, .T. ) ;
#1821 = UNCERTAINTY_MEASURE_WITH_UNIT (LENGTH_MEASURE( 1.000000000000000082E-05 ), #1100, 'distance_accuracy_value', 'NONE');
#1822 = AXIS2_PLACEMENT_3D ( 'NONE', #5387, #1256, #3911 ) ;
#1823 = EDGE_CURVE ( 'NONE', #5165, #1539, #4010, .T. ) ;
#1824 = LINE ( 'NONE', #3618, #2955 ) ;
#1825 = ORIENTED_EDGE ( 'NONE', *, *, #5363, .T. ) ;
#1826 = EDGE_LOOP ( 'NONE', ( #4535, #3445, #169, #793, #2130, #2205, #3613, #299 ) ) ;
#1827 = CARTESIAN_POINT ( 'NONE',  ( 12.55495575692719967, 5.367861022478023436, 3.258903353889025301 ) ) ;
#1828 = VECTOR ( 'NONE', #5478, 1000.000000000000000 ) ;
#1829 =( NAMED_UNIT ( * ) SI_UNIT ( $, .STERADIAN. ) SOLID_ANGLE_UNIT ( ) );
#1830 = DIRECTION ( 'NONE',  ( 0.0000000000000000000, -1.000000000000000000, 1.508500966887852005E-15 ) ) ;
#1831 = EDGE_LOOP ( 'NONE', ( #347, #4012, #3915, #3957 ) ) ;
#1832 = EDGE_CURVE ( 'NONE', #344, #5131, #1025, .T. ) ;
#1833 = DIRECTION ( 'NONE',  ( 0.0000000000000000000, -1.644517855226012731E-15, -1.000000000000000000 ) ) ;
#1834 = LINE ( 'NONE', #3627, #5445 ) ;
#1835 = ORIENTED_EDGE ( 'NONE', *, *, #5574, .T. ) ;
#1836 = DIRECTION ( 'NONE',  ( -1.000000000000000000, 0.0000000000000000000, -0.0000000000000000000 ) ) ;
#1837 = DIRECTION ( 'NONE',  ( -0.0000000000000000000, -1.644517855226012731E-15, -1.000000000000000000 ) ) ;
#1838 = VERTEX_POINT ( 'NONE', #4266 ) ;
#1839 = DIRECTION ( 'NONE',  ( -0.1520571842539035212, 1.625394904386495651E-15, 0.9883716976506230489 ) ) ;
#1840 = ORIENTED_EDGE ( 'NONE', *, *, #2470, .T. ) ;
#1841 = CARTESIAN_POINT ( 'NONE',  ( 2.299999999999999822, 8.150000000000021672, 2.150000000000020783 ) ) ;
#1842 = ORIENTED_EDGE ( 'NONE', *, *, #4971, .T. ) ;
#1843 = LINE ( 'NONE', #465, #1725 ) ;
#1844 = CARTESIAN_POINT ( 'NONE',  ( 2.299999999999999822, 7.150000000000011902, -3.950557738530979801 ) ) ;
#1845 = LINE ( 'NONE', #3672, #1291 ) ;
#1846 = CARTESIAN_POINT ( 'NONE',  ( 9.919999999999998153, 9.638089535209282133, -6.549999999999982947 ) ) ;
#1847 = VECTOR ( 'NONE', #2594, 999.9999999999998863 ) ;
#1848 = PRESENTATION_STYLE_ASSIGNMENT (( #4008 ) ) ;
#1849 = ADVANCED_FACE ( 'NONE', ( #2061 ), #3009, .T. ) ;
#1850 = LINE ( 'NONE', #1386, #939 ) ;
#1851 = VECTOR ( 'NONE', #2649, 1000.000000000000000 ) ;
#1852 = CARTESIAN_POINT ( 'NONE',  ( -0.1000000000000000056, 7.650000000000026112, 4.350000000000021849 ) ) ;
#1853 = VERTEX_POINT ( 'NONE', #1190 ) ;
#1854 = ADVANCED_FACE ( 'NONE', ( #779 ), #5621, .T. ) ;
#1855 =( NAMED_UNIT ( * ) SI_UNIT ( $, .STERADIAN. ) SOLID_ANGLE_UNIT ( ) );
#1856 = AXIS2_PLACEMENT_3D ( 'NONE', #3934, #2680, #4818 ) ;
#1857 = FILL_AREA_STYLE_COLOUR ( '', #1247 ) ;
#1858 = PLANE ( 'NONE',  #2128 ) ;
#1859 = EDGE_CURVE ( 'NONE', #1949, #4919, #2150, .T. ) ;
#1860 = ORIENTED_EDGE ( 'NONE', *, *, #4703, .T. ) ;
#1861 = LINE ( 'NONE', #5351, #4122 ) ;
#1862 = ORIENTED_EDGE ( 'NONE', *, *, #4674, .F. ) ;
#1863 = EDGE_CURVE ( 'NONE', #975, #3316, #5707, .T. ) ;
#1864 = EDGE_CURVE ( 'NONE', #4621, #291, #3483, .T. ) ;
#1865 = PLANE ( 'NONE',  #1047 ) ;
#1866 = MECHANICAL_DESIGN_GEOMETRIC_PRESENTATION_REPRESENTATION (  '', ( #719 ), #2873 ) ;
#1867 = EDGE_LOOP ( 'NONE', ( #5388, #615, #4627, #3097, #3415, #4393, #735 ) ) ;
#1868 = CARTESIAN_POINT ( 'NONE',  ( 2.299999999999999822, 7.150000000000011902, -3.950557738530979801 ) ) ;
#1869 = LINE ( 'NONE', #1375, #485 ) ;
#1870 = EDGE_CURVE ( 'NONE', #3822, #803, #714, .T. ) ;
#1871 = ORIENTED_EDGE ( 'NONE', *, *, #5412, .F. ) ;
#1872 = ORIENTED_EDGE ( 'NONE', *, *, #4645, .T. ) ;
#1873 =( GEOMETRIC_REPRESENTATION_CONTEXT ( 3 ) GLOBAL_UNCERTAINTY_ASSIGNED_CONTEXT ( ( #1580 ) ) GLOBAL_UNIT_ASSIGNED_CONTEXT ( ( #4746, #3955, #1672 ) ) REPRESENTATION_CONTEXT ( 'NONE', 'WORKASPACE' ) );
#1874 = DIRECTION ( 'NONE',  ( 0.2357022603954935513, -0.9428090415820741255, 0.2357022603954951612 ) ) ;
#1875 = LINE ( 'NONE', #1699, #4587 ) ;
#1876 = CARTESIAN_POINT ( 'NONE',  ( 11.86999999999999922, 5.400000000000011013, -4.249999999999976019 ) ) ;
#1877 =( NAMED_UNIT ( * ) PLANE_ANGLE_UNIT ( ) SI_UNIT ( $, .RADIAN. ) );
#1878 = CARTESIAN_POINT ( 'NONE',  ( -0.1000000000000000056, 5.400000000000007461, -6.549999999999975842 ) ) ;
#1879 = CARTESIAN_POINT ( 'NONE',  ( 10.89209790209799777, 7.150000000000011013, -4.484265734265979297 ) ) ;
#1880 = CARTESIAN_POINT ( 'NONE',  ( 2.290000000000000036, 4.200000000000009059, -5.149999999999973710 ) ) ;
#1881 = VECTOR ( 'NONE', #580, 1000.000000000000000 ) ;
#1882 = UNCERTAINTY_MEASURE_WITH_UNIT (LENGTH_MEASURE( 1.000000000000000082E-05 ), #1931, 'distance_accuracy_value', 'NONE');
#1883 = COLOUR_RGB ( '',1.000000000000000000, 1.000000000000000000, 1.000000000000000000 ) ;
#1884 = DIRECTION ( 'NONE',  ( -0.9195995135417113220, 0.3928571428571051571, -6.195440985631454331E-16 ) ) ;
#1885 = VECTOR ( 'NONE', #783, 1000.000000000000000 ) ;
#1886 = CARTESIAN_POINT ( 'NONE',  ( 12.54132034355959924, 5.400000000000022560, 3.050000000000025580 ) ) ;
#1887 = CARTESIAN_POINT ( 'NONE',  ( 14.01999999999999957, 12.25000000000002132, 1.350000000000013856 ) ) ;
#1888 = CARTESIAN_POINT ( 'NONE',  ( 9.909999999999998366, 4.200000000000009059, -5.149999999999973710 ) ) ;
#1889 = VERTEX_POINT ( 'NONE', #302 ) ;
#1890 = ORIENTED_EDGE ( 'NONE', *, *, #3580, .T. ) ;
#1891 = EDGE_CURVE ( 'NONE', #5615, #5781, #1259, .T. ) ;
#1892 = FILL_AREA_STYLE_COLOUR ( '', #2786 ) ;
#1893 = DIRECTION ( 'NONE',  ( 0.0000000000000000000, 1.644517855226012731E-15, 1.000000000000000000 ) ) ;
#1894 = ADVANCED_FACE ( 'NONE', ( #2920 ), #4708, .T. ) ;
#1895 = EDGE_CURVE ( 'NONE', #3324, #1838, #2212, .T. ) ;
#1896 = LINE ( 'NONE', #3124, #3751 ) ;
#1897 = EDGE_LOOP ( 'NONE', ( #1751, #1406, #3280, #681 ) ) ;
#1898 = ORIENTED_EDGE ( 'NONE', *, *, #3395, .T. ) ;
#1899 = CARTESIAN_POINT ( 'NONE',  ( 9.519999999999999574, 11.10000000000002629, 4.350000000000016520 ) ) ;
#1900 = AXIS2_PLACEMENT_3D ( 'NONE', #4613, #2423, #2792 ) ;
#1901 = DIRECTION ( 'NONE',  ( 0.0000000000000000000, -1.000000000000000000, 1.644517855226012731E-15 ) ) ;
#1902 = CARTESIAN_POINT ( 'NONE',  ( -0.1000000000000000056, 7.100000000000012079, -4.249999999999977796 ) ) ;
#1903 = DIRECTION ( 'NONE',  ( 0.0000000000000000000, 1.644517855226012731E-15, 1.000000000000000000 ) ) ;
#1904 = VECTOR ( 'NONE', #1002, 1000.000000000000000 ) ;
#1905 =( LENGTH_UNIT ( ) NAMED_UNIT ( * ) SI_UNIT ( .MILLI., .METRE. ) );
#1906 = LINE ( 'NONE', #661, #368 ) ;
#1907 = PRESENTATION_LAYER_ASSIGNMENT (  '', '', ( #1149 ) ) ;
#1908 = SURFACE_STYLE_FILL_AREA ( #154 ) ;
#1909 = DIRECTION ( 'NONE',  ( -0.2357022603954935513, 0.2357022603954920525, -0.9428090415820747916 ) ) ;
#1910 = ORIENTED_EDGE ( 'NONE', *, *, #5167, .F. ) ;
#1911 = PRESENTATION_LAYER_ASSIGNMENT (  '', '', ( #5081 ) ) ;
#1912 = VERTEX_POINT ( 'NONE', #4482 ) ;
#1913 = PRESENTATION_STYLE_ASSIGNMENT (( #5017 ) ) ;
#1914 = DIRECTION ( 'NONE',  ( -0.1421338109036998643, 0.3553345272593981807, -0.9238697708742998893 ) ) ;
#1915 = LINE ( 'NONE', #3709, #3947 ) ;
#1916 = ORIENTED_EDGE ( 'NONE', *, *, #4162, .T. ) ;
#1917 = EDGE_CURVE ( 'NONE', #2822, #3390, #498, .T. ) ;
#1918 = LINE ( 'NONE', #2908, #5825 ) ;
#1919 = EDGE_CURVE ( 'NONE', #2501, #3910, #3638, .T. ) ;
#1920 = ORIENTED_EDGE ( 'NONE', *, *, #4715, .T. ) ;
#1921 = EDGE_LOOP ( 'NONE', ( #2952, #2001, #3289, #3670 ) ) ;
#1922 = ADVANCED_FACE ( 'NONE', ( #4037 ), #2748, .F. ) ;
#1923 = DIRECTION ( 'NONE',  ( 0.0000000000000000000, -1.000000000000000000, 1.644517855226012731E-15 ) ) ;
#1924 = ORIENTED_EDGE ( 'NONE', *, *, #1280, .T. ) ;
#1925 = CYLINDRICAL_SURFACE ( 'NONE', #705, 0.2999999999999999334 ) ;
#1926 = SURFACE_SIDE_STYLE ('',( #1021 ) ) ;
#1927 = CYLINDRICAL_SURFACE ( 'NONE', #2656, 1.300000000000000711 ) ;
#1928 = FACE_OUTER_BOUND ( 'NONE', #676, .T. ) ;
#1929 = CARTESIAN_POINT ( 'NONE',  ( -0.8000000000000000444, 11.55000000000000604, -7.649999999999988809 ) ) ;
#1930 = CARTESIAN_POINT ( 'NONE',  ( 2.189999999999999947, 6.470000000000009521, -5.149999999999977263 ) ) ;
#1931 =( LENGTH_UNIT ( ) NAMED_UNIT ( * ) SI_UNIT ( .MILLI., .METRE. ) );
#1932 = VECTOR ( 'NONE', #1027, 1000.000000000000000 ) ;
#1933 = EDGE_CURVE ( 'NONE', #2749, #2430, #3194, .T. ) ;
#1934 = ORIENTED_EDGE ( 'NONE', *, *, #988, .F. ) ;
#1935 = ORIENTED_EDGE ( 'NONE', *, *, #5675, .T. ) ;
#1936 = AXIS2_PLACEMENT_3D ( 'NONE', #5633, #1974, #2853 ) ;
#1937 = CARTESIAN_POINT ( 'NONE',  ( 2.299999999999999822, 8.149999999999998579, -11.64999999999998082 ) ) ;
#1938 = CARTESIAN_POINT ( 'NONE',  ( 10.92999999999999794, 8.200000000000009948, -6.049999999999982059 ) ) ;
#1939 = PLANE ( 'NONE',  #762 ) ;
#1940 = ORIENTED_EDGE ( 'NONE', *, *, #5326, .T. ) ;
#1941 = VECTOR ( 'NONE', #4954, 1000.000000000000000 ) ;
#1942 = PRODUCT_DEFINITION_SHAPE ( 'NONE', 'NONE',  #4024 ) ;
#1943 = VECTOR ( 'NONE', #1459, 1000.000000000000000 ) ;
#1944 = CARTESIAN_POINT ( 'NONE',  ( 2.799999999999999822, 7.650000000000014566, -2.699999999999979305 ) ) ;
#1945 = EDGE_LOOP ( 'NONE', ( #4962, #5218, #1587, #2433, #1211, #1910 ) ) ;
#1946 = ORIENTED_EDGE ( 'NONE', *, *, #4372, .F. ) ;
#1947 = CARTESIAN_POINT ( 'NONE',  ( 0.0000000000000000000, 3.750000000000024869, 4.350000000000028066 ) ) ;
#1948 = VECTOR ( 'NONE', #218, 1000.000000000000000 ) ;
#1949 = VERTEX_POINT ( 'NONE', #4452 ) ;
#1950 = CARTESIAN_POINT ( 'NONE',  ( 12.39484176581249919, 8.199999999999807443, -6.549999999999981171 ) ) ;
#1951 = EDGE_CURVE ( 'NONE', #2985, #496, #2687, .T. ) ;
#1952 = CARTESIAN_POINT ( 'NONE',  ( 3.299999999999999822, 0.7500000000000075495, -5.149999999999967493 ) ) ;
#1953 = AXIS2_PLACEMENT_3D ( 'NONE', #2989, #5189, #2507 ) ;
#1954 = ORIENTED_EDGE ( 'NONE', *, *, #5675, .F. ) ;
#1955 = SURFACE_STYLE_USAGE ( .BOTH. , #5088 ) ;
#1956 = EDGE_CURVE ( 'NONE', #5551, #141, #935, .T. ) ;
#1957 = DIRECTION ( 'NONE',  ( 1.000000000000000000, 0.0000000000000000000, 0.0000000000000000000 ) ) ;
#1958 = CARTESIAN_POINT ( 'NONE',  ( 2.299999999999999822, -0.2499999999999924227, -5.149999999999967493 ) ) ;
#1959 =( NAMED_UNIT ( * ) SI_UNIT ( $, .STERADIAN. ) SOLID_ANGLE_UNIT ( ) );
#1960 = MECHANICAL_DESIGN_GEOMETRIC_PRESENTATION_REPRESENTATION (  '', ( #5519 ), #2987 ) ;
#1961 = VERTEX_POINT ( 'NONE', #4067 ) ;
#1962 = VECTOR ( 'NONE', #2736, 1000.000000000000000 ) ;
#1963 = FACE_OUTER_BOUND ( 'NONE', #4868, .T. ) ;
#1964 =( LENGTH_UNIT ( ) NAMED_UNIT ( * ) SI_UNIT ( .MILLI., .METRE. ) );
#1965 = CARTESIAN_POINT ( 'NONE',  ( 10.91999999999999993, 6.850000000000009415, -5.149999999999977263 ) ) ;
#1966 = DIRECTION ( 'NONE',  ( 0.0000000000000000000, 1.000000000000000000, -1.644517855226012731E-15 ) ) ;
#1967 = ORIENTED_EDGE ( 'NONE', *, *, #1823, .T. ) ;
#1968 = VECTOR ( 'NONE', #3641, 1000.000000000000000 ) ;
#1969 = DIRECTION ( 'NONE',  ( 0.0000000000000000000, -1.000000000000000000, 1.644517855226012731E-15 ) ) ;
#1970 = VERTEX_POINT ( 'NONE', #5390 ) ;
#1971 = ORIENTED_EDGE ( 'NONE', *, *, #5100, .T. ) ;
#1972 = DIRECTION ( 'NONE',  ( 0.0000000000000000000, -0.9333456062030549560, -0.3589790793088808996 ) ) ;
#1973 = ORIENTED_EDGE ( 'NONE', *, *, #138, .T. ) ;
#1974 = DIRECTION ( 'NONE',  ( 1.000000000000000000, 0.0000000000000000000, 0.0000000000000000000 ) ) ;
#1975 = CARTESIAN_POINT ( 'NONE',  ( 8.215459231495000125, 5.200000000000025047, 4.350000000000026290 ) ) ;
#1976 = EDGE_LOOP ( 'NONE', ( #4158, #2193, #5414, #1642, #4695, #2715 ) ) ;
#1977 = CARTESIAN_POINT ( 'NONE',  ( 3.384999999999999787, 6.400000000000007461, -6.849999999999977440 ) ) ;
#1978 = FILL_AREA_STYLE_COLOUR ( '', #1529 ) ;
#1979 = AXIS2_PLACEMENT_3D ( 'NONE', #2769, #2739, #1837 ) ;
#1980 = ADVANCED_FACE ( 'NONE', ( #4542 ), #5806, .T. ) ;
#1981 = FACE_OUTER_BOUND ( 'NONE', #1826, .T. ) ;
#1982 = VECTOR ( 'NONE', #3898, 1000.000000000000000 ) ;
#1983 = DIRECTION ( 'NONE',  ( 0.0000000000000000000, 1.000000000000000000, -1.644517855226012731E-15 ) ) ;
#1984 = CARTESIAN_POINT ( 'NONE',  ( 9.919999999999998153, 7.150000000000010125, -4.618965517240978258 ) ) ;
#1985 = PRESENTATION_STYLE_ASSIGNMENT (( #186 ) ) ;
#1986 = EDGE_CURVE ( 'NONE', #3091, #4147, #2662, .T. ) ;
#1987 = EDGE_CURVE ( 'NONE', #322, #1724, #3821, .T. ) ;
#1988 = AXIS2_PLACEMENT_3D ( 'NONE', #5057, #2828, #2380 ) ;
#1989 = VERTEX_POINT ( 'NONE', #2721 ) ;
#1990 = DIRECTION ( 'NONE',  ( -0.9883716976506230489, -2.500607545209360400E-16, -0.1520571842539035212 ) ) ;
#1991 = FACE_OUTER_BOUND ( 'NONE', #2928, .T. ) ;
#1992 = CARTESIAN_POINT ( 'NONE',  ( 1.360742891674999955, 8.200000008134407992, -5.530835800087981369 ) ) ;
#1993 = VECTOR ( 'NONE', #5173, 1000.000000000000000 ) ;
#1994 = CARTESIAN_POINT ( 'NONE',  ( 3.049999999999999822, -0.2499999999999924227, -5.399999999999967493 ) ) ;
#1995 = EDGE_CURVE ( 'NONE', #4229, #380, #875, .T. ) ;
#1996 = ORIENTED_EDGE ( 'NONE', *, *, #2709, .T. ) ;
#1997 = VECTOR ( 'NONE', #4003, 999.9999999999998863 ) ;
#1998 = PLANE ( 'NONE',  #1328 ) ;
#1999 = PRESENTATION_STYLE_ASSIGNMENT (( #2936 ) ) ;
#2000 = ORIENTED_EDGE ( 'NONE', *, *, #4115, .F. ) ;
#2001 = ORIENTED_EDGE ( 'NONE', *, *, #2716, .F. ) ;
#2002 = DIRECTION ( 'NONE',  ( -1.000000000000000000, 0.0000000000000000000, 0.0000000000000000000 ) ) ;
#2003 = VERTEX_POINT ( 'NONE', #4514 ) ;
#2004 = VERTEX_POINT ( 'NONE', #841 ) ;
#2005 = FACE_OUTER_BOUND ( 'NONE', #1398, .T. ) ;
#2006 = DIRECTION ( 'NONE',  ( -1.000000000000000000, 2.220446049251000652E-14, -3.651563174559328624E-29 ) ) ;
#2007 = SURFACE_SIDE_STYLE ('',( #1219 ) ) ;
#2008 = LINE ( 'NONE', #3802, #4939 ) ;
#2009 = DIRECTION ( 'NONE',  ( 1.000000000000000000, 0.0000000000000000000, 0.0000000000000000000 ) ) ;
#2010 = CARTESIAN_POINT ( 'NONE',  ( 1.512560681042000255, 8.200000000000011724, -4.249999999999981348 ) ) ;
#2011 = EDGE_CURVE ( 'NONE', #1561, #4791, #1750, .T. ) ;
#2012 = DIRECTION ( 'NONE',  ( 1.000000000000000000, 0.0000000000000000000, 0.0000000000000000000 ) ) ;
#2013 = ORIENTED_EDGE ( 'NONE', *, *, #2502, .T. ) ;
#2014 = DIRECTION ( 'NONE',  ( 0.0000000000000000000, -1.000000000000000000, 1.644517855226012731E-15 ) ) ;
#2015 = DIRECTION ( 'NONE',  ( -0.2357022603954935513, 0.2357022603954920525, -0.9428090415820747916 ) ) ;
#2016 = CARTESIAN_POINT ( 'NONE',  ( 3.410000000000000142, 8.200000000000009948, -5.149999999999980815 ) ) ;
#2017 = ORIENTED_EDGE ( 'NONE', *, *, #5047, .F. ) ;
#2018 = EDGE_CURVE ( 'NONE', #328, #4195, #3576, .T. ) ;
#2019 = ADVANCED_FACE ( 'NONE', ( #3543 ), #5361, .F. ) ;
#2020 = DIRECTION ( 'NONE',  ( -1.000000000000000000, 0.0000000000000000000, -0.0000000000000000000 ) ) ;
#2021 = AXIS2_PLACEMENT_3D ( 'NONE', #1738, #2231, #5829 ) ;
#2022 = ORIENTED_EDGE ( 'NONE', *, *, #4577, .T. ) ;
#2023 = ORIENTED_EDGE ( 'NONE', *, *, #332, .T. ) ;
#2024 = ORIENTED_EDGE ( 'NONE', *, *, #2413, .T. ) ;
#2025 = VECTOR ( 'NONE', #603, 1000.000000000000000 ) ;
#2026 = FILL_AREA_STYLE ('',( #4882 ) ) ;
#2027 = EDGE_LOOP ( 'NONE', ( #1478, #2849, #2937, #5016 ) ) ;
#2028 = CARTESIAN_POINT ( 'NONE',  ( 3.299999999999999822, 8.135517241379311315, -4.618965517240978258 ) ) ;
#2029 = ORIENTED_EDGE ( 'NONE', *, *, #2363, .T. ) ;
#2030 = CARTESIAN_POINT ( 'NONE',  ( 10.91999999999999993, -0.2499999999999941436, -6.149999999999968381 ) ) ;
#2031 = CARTESIAN_POINT ( 'NONE',  ( 3.500000000000000000, 10.60000000000002451, 3.050000000000017142 ) ) ;
#2032 = PLANE ( 'NONE',  #4371 ) ;
#2033 = PRESENTATION_LAYER_ASSIGNMENT (  '', '', ( #2133 ) ) ;
#2034 = DIRECTION ( 'NONE',  ( 0.0000000000000000000, 1.644517855226012731E-15, 1.000000000000000000 ) ) ;
#2035 = CARTESIAN_POINT ( 'NONE',  ( 3.700000000000000178, 11.75000000000002665, 4.350000000000015632 ) ) ;
#2036 = CARTESIAN_POINT ( 'NONE',  ( 12.46999999999999886, 7.100000000000007638, -6.549999999999977618 ) ) ;
#2037 = DIRECTION ( 'NONE',  ( 0.0000000000000000000, -1.000000000000000000, 1.644517855226012731E-15 ) ) ;
#2038 = VECTOR ( 'NONE', #3668, 999.9999999999998863 ) ;
#2039 = ORIENTED_EDGE ( 'NONE', *, *, #886, .F. ) ;
#2040 = DIRECTION ( 'NONE',  ( -0.9195995135409532617, 0.3928571428588795711, -6.195440985635880827E-16 ) ) ;
#2041 = DIRECTION ( 'NONE',  ( 1.000000000000000000, 0.0000000000000000000, 0.0000000000000000000 ) ) ;
#2042 = VECTOR ( 'NONE', #4356, 1000.000000000000000 ) ;
#2043 = CARTESIAN_POINT ( 'NONE',  ( 2.299999999999999822, 7.150000000000010125, -4.849999999999979217 ) ) ;
#2044 = PLANE ( 'NONE',  #4615 ) ;
#2045 = VERTEX_POINT ( 'NONE', #3100 ) ;
#2046 = AXIS2_PLACEMENT_3D ( 'NONE', #2195, #2645, #2229 ) ;
#2047 = EDGE_CURVE ( 'NONE', #1539, #1582, #4891, .T. ) ;
#2048 = CIRCLE ( 'NONE', #266, 1.350000000000000089 ) ;
#2049 =( GEOMETRIC_REPRESENTATION_CONTEXT ( 3 ) GLOBAL_UNCERTAINTY_ASSIGNED_CONTEXT ( ( #2384 ) ) GLOBAL_UNIT_ASSIGNED_CONTEXT ( ( #4724, #3348, #5480 ) ) REPRESENTATION_CONTEXT ( 'NONE', 'WORKASPACE' ) );
#2050 = VERTEX_POINT ( 'NONE', #5455 ) ;
#2051 = EDGE_CURVE ( 'NONE', #5271, #3612, #1438, .T. ) ;
#2052 = ORIENTED_EDGE ( 'NONE', *, *, #5535, .F. ) ;
#2053 = EDGE_CURVE ( 'NONE', #5375, #4175, #5006, .T. ) ;
#2054 = ORIENTED_EDGE ( 'NONE', *, *, #3987, .F. ) ;
#2055 = DIRECTION ( 'NONE',  ( 0.0000000000000000000, -1.644517855226012731E-15, -1.000000000000000000 ) ) ;
#2056 = ORIENTED_EDGE ( 'NONE', *, *, #5768, .F. ) ;
#2057 = DIRECTION ( 'NONE',  ( 0.0000000000000000000, -0.1520571842539073237, 0.9883716976506222718 ) ) ;
#2058 = ORIENTED_EDGE ( 'NONE', *, *, #2965, .F. ) ;
#2059 = CARTESIAN_POINT ( 'NONE',  ( 14.01999999999999957, 11.55000000000002203, 1.350000000000014744 ) ) ;
#2060 = LINE ( 'NONE', #4238, #5715 ) ;
#2061 = FACE_OUTER_BOUND ( 'NONE', #4910, .T. ) ;
#2062 = FACE_OUTER_BOUND ( 'NONE', #392, .T. ) ;
#2063 = DIRECTION ( 'NONE',  ( -0.0000000000000000000, -1.644517855226012731E-15, -1.000000000000000000 ) ) ;
#2064 = DIRECTION ( 'NONE',  ( 0.0000000000000000000, 0.3589790793088839527, 0.9333456062030537348 ) ) ;
#2065 =( NAMED_UNIT ( * ) PLANE_ANGLE_UNIT ( ) SI_UNIT ( $, .RADIAN. ) );
#2066 = LINE ( 'NONE', #2980, #372 ) ;
#2067 =( LENGTH_UNIT ( ) NAMED_UNIT ( * ) SI_UNIT ( .MILLI., .METRE. ) );
#2068 = AXIS2_PLACEMENT_3D ( 'NONE', #4307, #2476, #3841 ) ;
#2069 = LINE ( 'NONE', #1196, #3246 ) ;
#2070 = LINE ( 'NONE', #5597, #2872 ) ;
#2071 = LINE ( 'NONE', #8, #4218 ) ;
#2072 = ORIENTED_EDGE ( 'NONE', *, *, #821, .T. ) ;
#2073 = CARTESIAN_POINT ( 'NONE',  ( 1.899999999999999911, 11.10000000000002629, 4.350000000000016520 ) ) ;
#2074 = CARTESIAN_POINT ( 'NONE',  ( 10.91999999999999993, 8.150000000000011013, -4.738235294117980168 ) ) ;
#2075 = ORIENTED_EDGE ( 'NONE', *, *, #525, .F. ) ;
#2076 = VECTOR ( 'NONE', #2012, 1000.000000000000000 ) ;
#2077 = DIRECTION ( 'NONE',  ( 0.0000000000000000000, 1.644517855226012731E-15, 1.000000000000000000 ) ) ;
#2078 = AXIS2_PLACEMENT_3D ( 'NONE', #3823, #4706, #298 ) ;
#2079 = EDGE_CURVE ( 'NONE', #3484, #518, #2775, .T. ) ;
#2080 = ORIENTED_EDGE ( 'NONE', *, *, #4648, .F. ) ;
#2081 = ORIENTED_EDGE ( 'NONE', *, *, #2595, .T. ) ;
#2082 = VECTOR ( 'NONE', #1809, 1000.000000000000000 ) ;
#2083 = EDGE_CURVE ( 'NONE', #5615, #2559, #1875, .T. ) ;
#2084 = CONICAL_SURFACE ( 'NONE', #985, 3.049999915826001384, 0.1526493283952326252 ) ;
#2085 = LINE ( 'NONE', #5140, #545 ) ;
#2086 = EDGE_CURVE ( 'NONE', #982, #2489, #2499, .T. ) ;
#2087 = ORIENTED_EDGE ( 'NONE', *, *, #252, .T. ) ;
#2088 = CARTESIAN_POINT ( 'NONE',  ( 10.41999999999999815, 7.650000000000014566, -2.699999999999979305 ) ) ;
#2089 = EDGE_LOOP ( 'NONE', ( #5700, #1403, #1477, #2450 ) ) ;
#2090 = CARTESIAN_POINT ( 'NONE',  ( 3.299999999999999822, 10.60000000000000853, -6.549999999999984723 ) ) ;
#2091 = PLANE ( 'NONE',  #5136 ) ;
#2092 = LINE ( 'NONE', #5174, #2042 ) ;
#2093 = SURFACE_STYLE_USAGE ( .BOTH. , #2527 ) ;
#2094 = ORIENTED_EDGE ( 'NONE', *, *, #3626, .F. ) ;
#2095 = ADVANCED_FACE ( 'NONE', ( #690 ), #1195, .T. ) ;
#2096 = CARTESIAN_POINT ( 'NONE',  ( 3.299999999999999822, 8.150000000000011013, -3.950557738530979801 ) ) ;
#2097 = ADVANCED_FACE ( 'NONE', ( #3891 ), #3921, .F. ) ;
#2098 = FACE_OUTER_BOUND ( 'NONE', #742, .T. ) ;
#2099 = PLANE ( 'NONE',  #5450 ) ;
#2100 = DIRECTION ( 'NONE',  ( 0.0000000000000000000, -1.000000000000000000, 1.644517855226012731E-15 ) ) ;
#2101 = PRESENTATION_STYLE_ASSIGNMENT (( #240 ) ) ;
#2102 = UNCERTAINTY_MEASURE_WITH_UNIT (LENGTH_MEASURE( 1.000000000000000082E-05 ), #2067, 'distance_accuracy_value', 'NONE');
#2103 = DIRECTION ( 'NONE',  ( 0.0000000000000000000, 1.000000000000000000, -1.644517855226012731E-15 ) ) ;
#2104 = ORIENTED_EDGE ( 'NONE', *, *, #4183, .F. ) ;
#2105 = FILL_AREA_STYLE_COLOUR ( '', #1506 ) ;
#2106 = CARTESIAN_POINT ( 'NONE',  ( 13.31999999999999851, 10.60000000000000853, -6.549999999999984723 ) ) ;
#2107 = EDGE_CURVE ( 'NONE', #3125, #1655, #3016, .T. ) ;
#2108 = CARTESIAN_POINT ( 'NONE',  ( 8.819999999999998508, 5.400000000000009237, -5.349999999999976552 ) ) ;
#2109 = ORIENTED_EDGE ( 'NONE', *, *, #3755, .F. ) ;
#2110 = FACE_OUTER_BOUND ( 'NONE', #2850, .T. ) ;
#2111 = DIRECTION ( 'NONE',  ( -1.000000000000000000, 0.0000000000000000000, 0.0000000000000000000 ) ) ;
#2112 = PRESENTATION_STYLE_ASSIGNMENT (( #4502 ) ) ;
#2113 = EDGE_LOOP ( 'NONE', ( #375, #3789, #3952, #5197 ) ) ;
#2114 = ORIENTED_EDGE ( 'NONE', *, *, #4558, .T. ) ;
#2115 = VECTOR ( 'NONE', #4011, 1000.000000000000227 ) ;
#2116 = PRODUCT_RELATED_PRODUCT_CATEGORY ( 'part', '', ( #3400 ) ) ;
#2117 = CIRCLE ( 'NONE', #339, 1.000000000000000000 ) ;
#2118 = ORIENTED_EDGE ( 'NONE', *, *, #5288, .T. ) ;
#2119 = ORIENTED_EDGE ( 'NONE', *, *, #3505, .F. ) ;
#2120 = SURFACE_SIDE_STYLE ('',( #1690 ) ) ;
#2121 = VECTOR ( 'NONE', #3403, 1000.000000000000000 ) ;
#2122 = CARTESIAN_POINT ( 'NONE',  ( 10.91999999999999993, 8.150000000000014566, -2.699999999999980194 ) ) ;
#2123 = ORIENTED_EDGE ( 'NONE', *, *, #503, .T. ) ;
#2124 = ADVANCED_FACE ( 'NONE', ( #5595 ), #4833, .T. ) ;
#2125 = FACE_OUTER_BOUND ( 'NONE', #3256, .T. ) ;
#2126 = LINE ( 'NONE', #338, #3600 ) ;
#2127 = ADVANCED_FACE ( 'NONE', ( #3835 ), #3428, .F. ) ;
#2128 = AXIS2_PLACEMENT_3D ( 'NONE', #4554, #3175, #1393 ) ;
#2129 = LINE ( 'NONE', #2636, #5020 ) ;
#2130 = ORIENTED_EDGE ( 'NONE', *, *, #5799, .T. ) ;
#2131 = LINE ( 'NONE', #3927, #391 ) ;
#2132 = SURFACE_SIDE_STYLE ('',( #3870 ) ) ;
#2133 = STYLED_ITEM ( 'NONE', ( #3522 ), #1737 ) ;
#2134 = ORIENTED_EDGE ( 'NONE', *, *, #1029, .T. ) ;
#2135 = DIRECTION ( 'NONE',  ( 0.0000000000000000000, -1.000000000000000000, 1.706285433296815973E-15 ) ) ;
#2136 = SURFACE_SIDE_STYLE ('',( #286 ) ) ;
#2137 = ORIENTED_EDGE ( 'NONE', *, *, #3151, .F. ) ;
#2138 = AXIS2_PLACEMENT_3D ( 'NONE', #2494, #2974, #331 ) ;
#2139 = CARTESIAN_POINT ( 'NONE',  ( 0.0000000000000000000, 12.25000000000002665, 4.350000000000014744 ) ) ;
#2140 = FACE_OUTER_BOUND ( 'NONE', #4922, .T. ) ;
#2141 = ORIENTED_EDGE ( 'NONE', *, *, #4648, .T. ) ;
#2142 = VECTOR ( 'NONE', #3056, 1000.000000000000000 ) ;
#2143 = ORIENTED_EDGE ( 'NONE', *, *, #3279, .F. ) ;
#2144 = CIRCLE ( 'NONE', #4592, 2.950000000000001066 ) ;
#2145 = EDGE_LOOP ( 'NONE', ( #2472, #2054, #2081, #2798 ) ) ;
#2146 = DIRECTION ( 'NONE',  ( -0.1434133044264949142, -0.7071759494133761370, -0.6923400903347745050 ) ) ;
#2147 = EDGE_LOOP ( 'NONE', ( #222, #899, #1068, #5023 ) ) ;
#2148 =( NAMED_UNIT ( * ) PLANE_ANGLE_UNIT ( ) SI_UNIT ( $, .RADIAN. ) );
#2149 = VECTOR ( 'NONE', #2009, 1000.000000000000000 ) ;
#2150 = LINE ( 'NONE', #2122, #1208 ) ;
#2151 = VERTEX_POINT ( 'NONE', #1579 ) ;
#2152 = LINE ( 'NONE', #847, #1086 ) ;
#2153 = CARTESIAN_POINT ( 'NONE',  ( 12.26999999999999957, 6.250000000000008882, -5.949999999999977973 ) ) ;
#2154 = EDGE_CURVE ( 'NONE', #3797, #4919, #3370, .T. ) ;
#2155 = LINE ( 'NONE', #5682, #2906 ) ;
#2156 = FILL_AREA_STYLE ('',( #5429 ) ) ;
#2157 = ORIENTED_EDGE ( 'NONE', *, *, #1432, .F. ) ;
#2158 = EDGE_LOOP ( 'NONE', ( #1596, #2964, #962, #5002 ) ) ;
#2159 = FACE_OUTER_BOUND ( 'NONE', #2812, .T. ) ;
#2160 = EDGE_CURVE ( 'NONE', #5292, #1853, #1140, .T. ) ;
#2161 = SURFACE_SIDE_STYLE ('',( #4838 ) ) ;
#2162 = SURFACE_STYLE_USAGE ( .BOTH. , #2700 ) ;
#2163 = ADVANCED_FACE ( 'NONE', ( #2471 ), #4274, .F. ) ;
#2164 = VERTEX_POINT ( 'NONE', #1169 ) ;
#2165 = DIRECTION ( 'NONE',  ( 1.000000000000000000, 0.0000000000000000000, 0.0000000000000000000 ) ) ;
#2166 =( GEOMETRIC_REPRESENTATION_CONTEXT ( 3 ) GLOBAL_UNCERTAINTY_ASSIGNED_CONTEXT ( ( #2493 ) ) GLOBAL_UNIT_ASSIGNED_CONTEXT ( ( #5793, #897, #4503 ) ) REPRESENTATION_CONTEXT ( 'NONE', 'WORKASPACE' ) );
#2167 = PLANE ( 'NONE',  #4500 ) ;
#2168 = ORIENTED_EDGE ( 'NONE', *, *, #1891, .T. ) ;
#2169 = DIRECTION ( 'NONE',  ( 0.0000000000000000000, 1.644517855226012731E-15, 1.000000000000000000 ) ) ;
#2170 = CIRCLE ( 'NONE', #1442, 2.950000000000000622 ) ;
#2171 = CARTESIAN_POINT ( 'NONE',  ( 10.92999999999999794, 4.200000000000009059, -5.149999999999973710 ) ) ;
#2172 = EDGE_LOOP ( 'NONE', ( #5735, #4799, #5195, #5744 ) ) ;
#2173 = VERTEX_POINT ( 'NONE', #5212 ) ;
#2174 = VECTOR ( 'NONE', #1216, 1000.000000000000114 ) ;
#2175 = EDGE_CURVE ( 'NONE', #807, #320, #161, .T. ) ;
#2176 = ORIENTED_EDGE ( 'NONE', *, *, #1057, .T. ) ;
#2177 = VECTOR ( 'NONE', #429, 1000.000000000000227 ) ;
#2178 = PLANE ( 'NONE',  #4626 ) ;
#2179 = VERTEX_POINT ( 'NONE', #4330 ) ;
#2180 = FILL_AREA_STYLE_COLOUR ( '', #118 ) ;
#2181 = DIRECTION ( 'NONE',  ( -1.115543213595999678E-10, -5.114665636548225673E-12, -1.000000000000000000 ) ) ;
#2182 = ORIENTED_EDGE ( 'NONE', *, *, #5071, .F. ) ;
#2183 = PLANE ( 'NONE',  #4834 ) ;
#2184 = SURFACE_STYLE_FILL_AREA ( #337 ) ;
#2185 =( NAMED_UNIT ( * ) SI_UNIT ( $, .STERADIAN. ) SOLID_ANGLE_UNIT ( ) );
#2186 = SURFACE_STYLE_USAGE ( .BOTH. , #1294 ) ;
#2187 = SURFACE_SIDE_STYLE ('',( #4985 ) ) ;
#2188 = ORIENTED_EDGE ( 'NONE', *, *, #4974, .T. ) ;
#2189 = EDGE_CURVE ( 'NONE', #430, #945, #4458, .T. ) ;
#2190 = ORIENTED_EDGE ( 'NONE', *, *, #5167, .T. ) ;
#2191 = ORIENTED_EDGE ( 'NONE', *, *, #3473, .T. ) ;
#2192 = DIRECTION ( 'NONE',  ( -1.000000000000000000, 0.0000000000000000000, -0.0000000000000000000 ) ) ;
#2193 = ORIENTED_EDGE ( 'NONE', *, *, #5260, .F. ) ;
#2194 = SURFACE_SIDE_STYLE ('',( #3959 ) ) ;
#2195 = CARTESIAN_POINT ( 'NONE',  ( 14.01999999999999957, -4.500000000000006217, -12.49878142907996192 ) ) ;
#2196 = DIRECTION ( 'NONE',  ( -1.000000000000000000, 0.0000000000000000000, -0.0000000000000000000 ) ) ;
#2197 = ORIENTED_EDGE ( 'NONE', *, *, #3569, .F. ) ;
#2198 = EDGE_CURVE ( 'NONE', #1989, #1961, #1850, .T. ) ;
#2199 = DIRECTION ( 'NONE',  ( -1.000000000000000000, 0.0000000000000000000, -0.0000000000000000000 ) ) ;
#2200 = DIRECTION ( 'NONE',  ( 0.0000000000000000000, -1.734723475976807094E-15, -1.000000000000000000 ) ) ;
#2201 = CARTESIAN_POINT ( 'NONE',  ( 10.41999999999999815, 4.500000000000023093, 3.050000000000026912 ) ) ;
#2202 = FACE_OUTER_BOUND ( 'NONE', #5228, .T. ) ;
#2203 = DIRECTION ( 'NONE',  ( -0.03224129401095901515, -1.647611313726061942E-15, -0.9994801143396996324 ) ) ;
#2204 = ORIENTED_EDGE ( 'NONE', *, *, #135, .T. ) ;
#2205 = ORIENTED_EDGE ( 'NONE', *, *, #3661, .T. ) ;
#2206 = ADVANCED_FACE ( 'NONE', ( #2219 ), #1414, .T. ) ;
#2207 = DIRECTION ( 'NONE',  ( 1.000000000000000000, 0.0000000000000000000, 0.0000000000000000000 ) ) ;
#2208 = ORIENTED_EDGE ( 'NONE', *, *, #1194, .T. ) ;
#2209 = DIRECTION ( 'NONE',  ( 0.0000000000000000000, 1.000000000000000000, -1.644517855226012731E-15 ) ) ;
#2210 = VERTEX_POINT ( 'NONE', #369 ) ;
#2211 = CARTESIAN_POINT ( 'NONE',  ( 13.31999999999999851, 10.60000000000002451, 3.050000000000017142 ) ) ;
#2212 = LINE ( 'NONE', #524, #5336 ) ;
#2213 = ORIENTED_EDGE ( 'NONE', *, *, #1870, .T. ) ;
#2214 = VECTOR ( 'NONE', #3945, 999.9999999999998863 ) ;
#2215 = DIRECTION ( 'NONE',  ( -1.000000000000000000, -0.0000000000000000000, -0.0000000000000000000 ) ) ;
#2216 =( LENGTH_UNIT ( ) NAMED_UNIT ( * ) SI_UNIT ( .MILLI., .METRE. ) );
#2217 = PLANE ( 'NONE',  #1523 ) ;
#2218 = COLOUR_RGB ( '',1.000000000000000000, 1.000000000000000000, 1.000000000000000000 ) ;
#2219 = FACE_OUTER_BOUND ( 'NONE', #3714, .T. ) ;
#2220 = CARTESIAN_POINT ( 'NONE',  ( 11.31999999999999851, 11.75000000000002665, 4.350000000000015632 ) ) ;
#2221 = STYLED_ITEM ( 'NONE', ( #3772 ), #1287 ) ;
#2222 = ORIENTED_EDGE ( 'NONE', *, *, #4546, .T. ) ;
#2223 = EDGE_LOOP ( 'NONE', ( #3443, #1311, #902, #4929 ) ) ;
#2224 =( NAMED_UNIT ( * ) SI_UNIT ( $, .STERADIAN. ) SOLID_ANGLE_UNIT ( ) );
#2225 = CARTESIAN_POINT ( 'NONE',  ( 9.919999999999998153, 7.150000000000008349, -6.114911064069978863 ) ) ;
#2226 = CARTESIAN_POINT ( 'NONE',  ( 10.92999999999999794, 6.470000000000009521, -5.149999999999977263 ) ) ;
#2227 = ORIENTED_EDGE ( 'NONE', *, *, #3540, .T. ) ;
#2228 = DIRECTION ( 'NONE',  ( 0.0000000000000000000, -1.000000000000000000, 1.644517855226012731E-15 ) ) ;
#2229 = DIRECTION ( 'NONE',  ( 0.0000000000000000000, 1.644517855226012731E-15, 1.000000000000000000 ) ) ;
#2230 = LINE ( 'NONE', #2677, #4300 ) ;
#2231 = DIRECTION ( 'NONE',  ( 1.000000000000000000, -0.0000000000000000000, -0.0000000000000000000 ) ) ;
#2232 = AXIS2_PLACEMENT_3D ( 'NONE', #2889, #2438, #1462 ) ;
#2233 = VERTEX_POINT ( 'NONE', #405 ) ;
#2234 = ADVANCED_FACE ( 'NONE', ( #881 ), #3137, .T. ) ;
#2235 = VECTOR ( 'NONE', #786, 1000.000000000000000 ) ;
#2236 = LINE ( 'NONE', #4973, #3095 ) ;
#2237 = EDGE_CURVE ( 'NONE', #4082, #4352, #3077, .T. ) ;
#2238 = AXIS2_PLACEMENT_3D ( 'NONE', #4997, #984, #4559 ) ;
#2239 = AXIS2_PLACEMENT_3D ( 'NONE', #1958, #211, #4180 ) ;
#2240 = SURFACE_SIDE_STYLE ('',( #2659 ) ) ;
#2241 = ORIENTED_EDGE ( 'NONE', *, *, #3106, .F. ) ;
#2242 = EDGE_CURVE ( 'NONE', #79, #4885, #2694, .T. ) ;
#2243 = CARTESIAN_POINT ( 'NONE',  ( 4.708865729114999787, 8.199999999998908606, -6.422885626519981628 ) ) ;
#2244 = CARTESIAN_POINT ( 'NONE',  ( 0.6786796564403999588, 5.400000000000011013, -4.249999999999976019 ) ) ;
#2245 = VECTOR ( 'NONE', #5294, 1000.000000000000000 ) ;
#2246 = VERTEX_POINT ( 'NONE', #4487 ) ;
#2247 = AXIS2_PLACEMENT_3D ( 'NONE', #2153, #3860, #5712 ) ;
#2248 = CARTESIAN_POINT ( 'NONE',  ( 9.919999999999998153, 10.60000000000001208, -4.249999999999984901 ) ) ;
#2249 = CARTESIAN_POINT ( 'NONE',  ( 0.6375297376298000307, 5.302388800865023732, 3.684472794380925897 ) ) ;
#2250 = CARTESIAN_POINT ( 'NONE',  ( 2.299999999999999822, 7.150000000000013678, -2.699999999999978417 ) ) ;
#2251 = B_SPLINE_CURVE_WITH_KNOTS ( 'NONE', 3,
 ( #1846, #1233, #2570, #374 ),
 .UNSPECIFIED., .F., .F.,
 ( 4, 4 ),
 ( 1.194946232192415155E-16, 0.001467250485604696232 ),
 .UNSPECIFIED. ) ;
#2252 = CARTESIAN_POINT ( 'NONE',  ( 12.21999999999999886, 4.200000000000005507, -7.249999999999973355 ) ) ;
#2253 = VECTOR ( 'NONE', #5249, 1000.000000000000000 ) ;
#2254 = ORIENTED_EDGE ( 'NONE', *, *, #420, .F. ) ;
#2255 = EDGE_LOOP ( 'NONE', ( #3929, #5094, #1306, #832 ) ) ;
#2256 = DIRECTION ( 'NONE',  ( 0.0000000000000000000, -0.8411784753765675360, -0.5407575913134771151 ) ) ;
#2257 = CARTESIAN_POINT ( 'NONE',  ( 10.16999999999999815, -0.2499999999999924227, -5.399999999999967493 ) ) ;
#2258 = DIRECTION ( 'NONE',  ( 0.0000000000000000000, -1.644517855226012731E-15, -1.000000000000000000 ) ) ;
#2259 = ORIENTED_EDGE ( 'NONE', *, *, #1029, .F. ) ;
#2260 = CARTESIAN_POINT ( 'NONE',  ( 10.41999999999999815, 7.650000000000007461, -6.549999999999979394 ) ) ;
#2261 = DIRECTION ( 'NONE',  ( 1.000000000000000000, -0.0000000000000000000, -0.0000000000000000000 ) ) ;
#2262 = ORIENTED_EDGE ( 'NONE', *, *, #731, .T. ) ;
#2263 = CARTESIAN_POINT ( 'NONE',  ( 3.049999999999999822, -0.2499999999999941436, -5.899999999999967493 ) ) ;
#2264 = FACE_OUTER_BOUND ( 'NONE', #1508, .T. ) ;
#2265 = PRESENTATION_LAYER_ASSIGNMENT (  '', '', ( #5366 ) ) ;
#2266 = EDGE_CURVE ( 'NONE', #2637, #4417, #471, .T. ) ;
#2267 = CARTESIAN_POINT ( 'NONE',  ( 12.74499999999999922, 7.100000000000009415, -5.949999999999977973 ) ) ;
#2268 = ORIENTED_EDGE ( 'NONE', *, *, #2718, .F. ) ;
#2269 = FACE_OUTER_BOUND ( 'NONE', #780, .T. ) ;
#2270 = ORIENTED_EDGE ( 'NONE', *, *, #2751, .F. ) ;
#2271 = CARTESIAN_POINT ( 'NONE',  ( 10.91999999999999993, 7.150000000000013678, -2.699999999999978417 ) ) ;
#2272 = DIRECTION ( 'NONE',  ( 0.0000000000000000000, -1.644517855226012731E-15, -1.000000000000000000 ) ) ;
#2273 = EDGE_CURVE ( 'NONE', #2151, #1803, #86, .T. ) ;
#2274 = VERTEX_POINT ( 'NONE', #1880 ) ;
#2275 = LINE ( 'NONE', #4070, #1392 ) ;
#2276 = EDGE_CURVE ( 'NONE', #1623, #3571, #125, .T. ) ;
#2277 = MECHANICAL_DESIGN_GEOMETRIC_PRESENTATION_REPRESENTATION (  '', ( #3964 ), #5177 ) ;
#2278 = LINE ( 'NONE', #4831, #3774 ) ;
#2279 = EDGE_CURVE ( 'NONE', #3125, #4700, #3676, .T. ) ;
#2280 = VECTOR ( 'NONE', #794, 1000.000000000000000 ) ;
#2281 = EDGE_CURVE ( 'NONE', #5292, #599, #5341, .T. ) ;
#2282 = DIRECTION ( 'NONE',  ( 0.1520571842539035212, 1.625394904386495651E-15, 0.9883716976506230489 ) ) ;
#2283 = VERTEX_POINT ( 'NONE', #5089 ) ;
#2284 =( GEOMETRIC_REPRESENTATION_CONTEXT ( 3 ) GLOBAL_UNCERTAINTY_ASSIGNED_CONTEXT ( ( #101 ) ) GLOBAL_UNIT_ASSIGNED_CONTEXT ( ( #5066, #4636, #2390 ) ) REPRESENTATION_CONTEXT ( 'NONE', 'WORKASPACE' ) );
#2285 = DIRECTION ( 'NONE',  ( -1.000000000000000000, 0.0000000000000000000, -0.0000000000000000000 ) ) ;
#2286 = ORIENTED_EDGE ( 'NONE', *, *, #3143, .T. ) ;
#2287 = DIRECTION ( 'NONE',  ( 1.000000000000000000, 0.0000000000000000000, 0.0000000000000000000 ) ) ;
#2288 = ORIENTED_EDGE ( 'NONE', *, *, #5485, .T. ) ;
#2289 = EDGE_CURVE ( 'NONE', #3665, #261, #712, .T. ) ;
#2290 = CARTESIAN_POINT ( 'NONE',  ( 8.619999999999999218, 4.200000000000005507, -7.249999999999973355 ) ) ;
#2291 = DIRECTION ( 'NONE',  ( 0.0000000000000000000, 1.000000000000000000, -1.644517855226012731E-15 ) ) ;
#2292 = DIRECTION ( 'NONE',  ( -0.0000000000000000000, -1.644517855226012731E-15, -1.000000000000000000 ) ) ;
#2293 = ORIENTED_EDGE ( 'NONE', *, *, #1052, .T. ) ;
#2294 = CARTESIAN_POINT ( 'NONE',  ( 9.919999999999998153, 8.135517241379311315, -4.618965517240978258 ) ) ;
#2295 = EDGE_LOOP ( 'NONE', ( #3981, #2745, #3619, #1132 ) ) ;
#2296 = ORIENTED_EDGE ( 'NONE', *, *, #4432, .F. ) ;
#2297 = LINE ( 'NONE', #3128, #2934 ) ;
#2298 = CARTESIAN_POINT ( 'NONE',  ( 4.599999999999999645, 4.200000000000005507, -7.249999999999973355 ) ) ;
#2299 = ORIENTED_EDGE ( 'NONE', *, *, #14, .F. ) ;
#2300 = CARTESIAN_POINT ( 'NONE',  ( -0.1000000000000000056, 5.400000000000022560, 3.050000000000025580 ) ) ;
#2301 = DIRECTION ( 'NONE',  ( 0.2357022603954935513, -0.2357022603954951612, -0.9428090415820741255 ) ) ;
#2302 = AXIS2_PLACEMENT_3D ( 'NONE', #3977, #1753, #1191 ) ;
#2303 = VECTOR ( 'NONE', #4980, 1000.000000000000000 ) ;
#2304 = CARTESIAN_POINT ( 'NONE',  ( 10.41999999999999815, 7.650000000000011902, -4.249999999999979572 ) ) ;
#2305 = VECTOR ( 'NONE', #5216, 1000.000000000000000 ) ;
#2306 = LINE ( 'NONE', #5013, #1904 ) ;
#2307 = EDGE_CURVE ( 'NONE', #592, #5199, #2092, .T. ) ;
#2308 = CARTESIAN_POINT ( 'NONE',  ( 10.16999999999999815, 7.400000000000023448, 3.150000000000022560 ) ) ;
#2309 = EDGE_LOOP ( 'NONE', ( #2288, #3578, #5284, #5453 ) ) ;
#2310 = EDGE_CURVE ( 'NONE', #140, #1338, #3008, .T. ) ;
#2311 =( GEOMETRIC_REPRESENTATION_CONTEXT ( 3 ) GLOBAL_UNCERTAINTY_ASSIGNED_CONTEXT ( ( #4331 ) ) GLOBAL_UNIT_ASSIGNED_CONTEXT ( ( #3524, #5691, #728 ) ) REPRESENTATION_CONTEXT ( 'NONE', 'WORKASPACE' ) );
#2312 = ORIENTED_EDGE ( 'NONE', *, *, #1757, .F. ) ;
#2313 = DIRECTION ( 'NONE',  ( 0.0000000000000000000, -1.000000000000000000, 1.644517855226012731E-15 ) ) ;
#2314 = CARTESIAN_POINT ( 'NONE',  ( 9.809999999999998721, 8.200000000000009948, -5.149999999999980815 ) ) ;
#2315 = ORIENTED_EDGE ( 'NONE', *, *, #4346, .T. ) ;
#2316 = CARTESIAN_POINT ( 'NONE',  ( 8.369999999999999218, 5.400000000000007461, -6.549999999999975842 ) ) ;
#2317 = AXIS2_PLACEMENT_3D ( 'NONE', #4491, #2256, #20 ) ;
#2318 = DIRECTION ( 'NONE',  ( -1.000000000000000000, 0.0000000000000000000, 0.0000000000000000000 ) ) ;
#2319 = EDGE_LOOP ( 'NONE', ( #827, #3742, #5135, #4013, #3895, #4385, #4347, #2320 ) ) ;
#2320 = ORIENTED_EDGE ( 'NONE', *, *, #2729, .F. ) ;
#2321 = VECTOR ( 'NONE', #5345, 1000.000000000000000 ) ;
#2322 = CARTESIAN_POINT ( 'NONE',  ( 8.511134270884998188, 8.199999999998908606, -6.422885626519981628 ) ) ;
#2323 = DIRECTION ( 'NONE',  ( -0.7190916418846066138, -0.6949152542373067121, 1.176083712526648603E-15 ) ) ;
#2324 =( GEOMETRIC_REPRESENTATION_CONTEXT ( 3 ) GLOBAL_UNCERTAINTY_ASSIGNED_CONTEXT ( ( #5156 ) ) GLOBAL_UNIT_ASSIGNED_CONTEXT ( ( #1659, #1604, #268 ) ) REPRESENTATION_CONTEXT ( 'NONE', 'WORKASPACE' ) );
#2325 = CARTESIAN_POINT ( 'NONE',  ( 3.272097902097999889, 7.150000000000011013, -4.484265734265979297 ) ) ;
#2326 = DIRECTION ( 'NONE',  ( -1.000000000000000000, 0.0000000000000000000, 0.0000000000000000000 ) ) ;
#2327 = VECTOR ( 'NONE', #2525, 1000.000000000000000 ) ;
#2328 = UNCERTAINTY_MEASURE_WITH_UNIT (LENGTH_MEASURE( 1.000000000000000082E-05 ), #5435, 'distance_accuracy_value', 'NONE');
#2329 = PRESENTATION_LAYER_ASSIGNMENT (  '', '', ( #3369 ) ) ;
#2330 = LINE ( 'NONE', #531, #2115 ) ;
#2331 = AXIS2_PLACEMENT_3D ( 'NONE', #2947, #2034, #1606 ) ;
#2332 = ADVANCED_FACE ( 'NONE', ( #778 ), #3422, .T. ) ;
#2333 = DIRECTION ( 'NONE',  ( 1.000000000000000000, 0.0000000000000000000, 0.0000000000000000000 ) ) ;
#2334 = VERTEX_POINT ( 'NONE', #5833 ) ;
#2335 = CARTESIAN_POINT ( 'NONE',  ( 10.91999999999999993, 6.850000000000009415, -5.149999999999977263 ) ) ;
#2336 = PRESENTATION_LAYER_ASSIGNMENT (  '', '', ( #746 ) ) ;
#2337 = ORIENTED_EDGE ( 'NONE', *, *, #4969, .T. ) ;
#2338 = EDGE_CURVE ( 'NONE', #3537, #5375, #1805, .T. ) ;
#2339 = DIRECTION ( 'NONE',  ( 1.000000000000000000, 0.0000000000000000000, 0.0000000000000000000 ) ) ;
#2340 = EDGE_CURVE ( 'NONE', #4989, #2050, #3710, .T. ) ;
#2341 = CARTESIAN_POINT ( 'NONE',  ( 2.299999999999999822, 9.600000000000010303, -5.249999999999982236 ) ) ;
#2342 = DIRECTION ( 'NONE',  ( 0.0000000000000000000, 1.644517855226012731E-15, 1.000000000000000000 ) ) ;
#2343 = ORIENTED_EDGE ( 'NONE', *, *, #4925, .F. ) ;
#2344 = ADVANCED_FACE ( 'NONE', ( #5383 ), #3154, .F. ) ;
#2345 = CARTESIAN_POINT ( 'NONE',  ( 9.919999999999998153, 9.600000000000010303, -5.249999999999982236 ) ) ;
#2346 = ORIENTED_EDGE ( 'NONE', *, *, #5138, .T. ) ;
#2347 = ORIENTED_EDGE ( 'NONE', *, *, #555, .T. ) ;
#2348 = DIRECTION ( 'NONE',  ( -1.000000000000000000, 0.0000000000000000000, -0.0000000000000000000 ) ) ;
#2349 = VECTOR ( 'NONE', #4999, 1000.000000000000000 ) ;
#2350 = ORIENTED_EDGE ( 'NONE', *, *, #3455, .T. ) ;
#2351 = DIRECTION ( 'NONE',  ( 0.0000000000000000000, 1.000000000000000000, -1.644517855226012731E-15 ) ) ;
#2352 = EDGE_CURVE ( 'NONE', #4380, #4671, #928, .T. ) ;
#2353 = PLANE ( 'NONE',  #4029 ) ;
#2354 = LINE ( 'NONE', #1975, #1943 ) ;
#2355 = MECHANICAL_DESIGN_GEOMETRIC_PRESENTATION_REPRESENTATION (  '', ( #4144 ), #3119 ) ;
#2356 = CARTESIAN_POINT ( 'NONE',  ( 10.91999999999999993, 8.150000000000021672, 2.150000000000020783 ) ) ;
#2357 = VECTOR ( 'NONE', #2326, 1000.000000000000000 ) ;
#2358 = DIRECTION ( 'NONE',  ( 0.0000000000000000000, 1.000000000000000000, -1.644517855226012731E-15 ) ) ;
#2359 = LINE ( 'NONE', #1984, #2417 ) ;
#2360 = LINE ( 'NONE', #3678, #4530 ) ;
#2361 = ORIENTED_EDGE ( 'NONE', *, *, #2709, .F. ) ;
#2362 = AXIS2_PLACEMENT_3D ( 'NONE', #4355, #3511, #4420 ) ;
#2363 = EDGE_CURVE ( 'NONE', #1560, #4219, #583, .T. ) ;
#2364 = ORIENTED_EDGE ( 'NONE', *, *, #4536, .T. ) ;
#2365 =( NAMED_UNIT ( * ) SI_UNIT ( $, .STERADIAN. ) SOLID_ANGLE_UNIT ( ) );
#2366 = AXIS2_PLACEMENT_3D ( 'NONE', #2851, #1972, #1126 ) ;
#2367 = CARTESIAN_POINT ( 'NONE',  ( 1.018548419845000108, 8.200000000625708552, -6.178318116169982055 ) ) ;
#2368 = LINE ( 'NONE', #2904, #1141 ) ;
#2369 = ORIENTED_EDGE ( 'NONE', *, *, #342, .T. ) ;
#2370 = EDGE_CURVE ( 'NONE', #4992, #700, #1489, .T. ) ;
#2371 = DIRECTION ( 'NONE',  ( 0.1421338109036998643, -0.3553345272594011783, -0.9238697708742987791 ) ) ;
#2372 = ORIENTED_EDGE ( 'NONE', *, *, #474, .T. ) ;
#2373 = ADVANCED_FACE ( 'NONE', ( #4713 ), #2445, .T. ) ;
#2374 = ORIENTED_EDGE ( 'NONE', *, *, #3673, .F. ) ;
#2375 = CARTESIAN_POINT ( 'NONE',  ( 10.91999999999999993, 9.414055610220367853, -6.115463900682070353 ) ) ;
#2376 = ORIENTED_EDGE ( 'NONE', *, *, #3998, .T. ) ;
#2377 = DIRECTION ( 'NONE',  ( 0.0000000000000000000, -1.000000000000000000, 1.644517855226012731E-15 ) ) ;
#2378 = CARTESIAN_POINT ( 'NONE',  ( 10.41999999999999815, 7.650000000000014566, -2.699999999999979305 ) ) ;
#2379 = ORIENTED_EDGE ( 'NONE', *, *, #4083, .T. ) ;
#2380 = DIRECTION ( 'NONE',  ( 0.0000000000000000000, -1.000000000000000000, 1.644517855226012731E-15 ) ) ;
#2381 = DIRECTION ( 'NONE',  ( -0.2014180313373102604, 0.1180726390598044601, -0.9723629099043501478 ) ) ;
#2382 = LINE ( 'NONE', #2490, #1622 ) ;
#2383 = CARTESIAN_POINT ( 'NONE',  ( 10.41999999999999815, 7.450000000000011724, -4.249999999999979572 ) ) ;
#2384 = UNCERTAINTY_MEASURE_WITH_UNIT (LENGTH_MEASURE( 1.000000000000000082E-05 ), #4724, 'distance_accuracy_value', 'NONE');
#2385 = PLANE ( 'NONE',  #334 ) ;
#2386 = CARTESIAN_POINT ( 'NONE',  ( 10.41999999999999815, 7.275000000000022560, 2.650000000000022560 ) ) ;
#2387 = DIRECTION ( 'NONE',  ( 0.2028368833146942662, -1.610332506321238696E-15, -0.9792125401398724671 ) ) ;
#2388 = VECTOR ( 'NONE', #5622, 1000.000000000000000 ) ;
#2389 = ORIENTED_EDGE ( 'NONE', *, *, #2053, .T. ) ;
#2390 =( NAMED_UNIT ( * ) SI_UNIT ( $, .STERADIAN. ) SOLID_ANGLE_UNIT ( ) );
#2391 = ORIENTED_EDGE ( 'NONE', *, *, #769, .F. ) ;
#2392 = VECTOR ( 'NONE', #5364, 1000.000000000000000 ) ;
#2393 = LINE ( 'NONE', #277, #626 ) ;
#2394 = DIRECTION ( 'NONE',  ( -1.000000000000000000, 0.0000000000000000000, 0.0000000000000000000 ) ) ;
#2395 = ORIENTED_EDGE ( 'NONE', *, *, #5250, .T. ) ;
#2396 = VECTOR ( 'NONE', #4113, 1000.000000000000000 ) ;
#2397 = COLOUR_RGB ( '',1.000000000000000000, 1.000000000000000000, 1.000000000000000000 ) ;
#2398 = DIRECTION ( 'NONE',  ( 0.0000000000000000000, -1.644517855226012731E-15, -1.000000000000000000 ) ) ;
#2399 = ADVANCED_FACE ( 'NONE', ( #2895 ), #2714, .T. ) ;
#2400 = ORIENTED_EDGE ( 'NONE', *, *, #2815, .F. ) ;
#2401 = VERTEX_POINT ( 'NONE', #2468 ) ;
#2402 = CARTESIAN_POINT ( 'NONE',  ( 10.91999999999999993, 4.200000000000009059, -5.149999999999973710 ) ) ;
#2403 = VERTEX_POINT ( 'NONE', #1607 ) ;
#2404 = PRESENTATION_STYLE_ASSIGNMENT (( #3873 ) ) ;
#2405 = EDGE_CURVE ( 'NONE', #807, #4808, #166, .T. ) ;
#2406 = FILL_AREA_STYLE_COLOUR ( '', #2397 ) ;
#2407 = EDGE_CURVE ( 'NONE', #3571, #2179, #5538, .T. ) ;
#2408 = ORIENTED_EDGE ( 'NONE', *, *, #1823, .F. ) ;
#2409 = CARTESIAN_POINT ( 'NONE',  ( 56.42918036299000306, 9.600000000000012079, -4.249999999999983125 ) ) ;
#2410 = CARTESIAN_POINT ( 'NONE',  ( 3.410000000000000142, 8.200000000000009948, -5.149999999999980815 ) ) ;
#2411 = COLOUR_RGB ( '',1.000000000000000000, 1.000000000000000000, 1.000000000000000000 ) ;
#2412 = CARTESIAN_POINT ( 'NONE',  ( 1.399999999999999245, 7.650000000000011902, -4.249999999999979572 ) ) ;
#2413 = EDGE_CURVE ( 'NONE', #5278, #3035, #2359, .T. ) ;
#2414 = CARTESIAN_POINT ( 'NONE',  ( 2.214999999999999858, 6.400000000000007461, -6.849999999999977440 ) ) ;
#2415 = SURFACE_SIDE_STYLE ('',( #4106 ) ) ;
#2416 =( GEOMETRIC_REPRESENTATION_CONTEXT ( 3 ) GLOBAL_UNCERTAINTY_ASSIGNED_CONTEXT ( ( #1221 ) ) GLOBAL_UNIT_ASSIGNED_CONTEXT ( ( #1964, #5187, #4691 ) ) REPRESENTATION_CONTEXT ( 'NONE', 'WORKASPACE' ) );
#2417 = VECTOR ( 'NONE', #5592, 1000.000000000000000 ) ;
#2418 = ORIENTED_EDGE ( 'NONE', *, *, #3691, .F. ) ;
#2419 = VECTOR ( 'NONE', #2165, 1000.000000000000000 ) ;
#2420 = CARTESIAN_POINT ( 'NONE',  ( 8.619999999999999218, 10.75000000000000533, -7.649999999999987033 ) ) ;
#2421 = SURFACE_SIDE_STYLE ('',( #2474 ) ) ;
#2422 = DIRECTION ( 'NONE',  ( 0.0000000000000000000, 1.000000000000000000, -1.644517855226012731E-15 ) ) ;
#2423 = DIRECTION ( 'NONE',  ( 0.0000000000000000000, 1.644517855226012731E-15, 1.000000000000000000 ) ) ;
#2424 = AXIS2_PLACEMENT_3D ( 'NONE', #231, #1168, #5714 ) ;
#2425 = STYLED_ITEM ( 'NONE', ( #1848 ), #2553 ) ;
#2426 = CARTESIAN_POINT ( 'NONE',  ( 10.91999999999999993, 6.850000000000009415, -5.149999999999977263 ) ) ;
#2427 = VERTEX_POINT ( 'NONE', #1930 ) ;
#2428 = ORIENTED_EDGE ( 'NONE', *, *, #2237, .F. ) ;
#2429 = CARTESIAN_POINT ( 'NONE',  ( 10.41999999999999815, 7.450000000000025935, 4.350000000000021849 ) ) ;
#2430 = VERTEX_POINT ( 'NONE', #4215 ) ;
#2431 = EDGE_CURVE ( 'NONE', #5382, #3842, #3722, .T. ) ;
#2432 = CARTESIAN_POINT ( 'NONE',  ( 4.921320343559999699, 5.400000000000011013, -4.249999999999976019 ) ) ;
#2433 = ORIENTED_EDGE ( 'NONE', *, *, #2923, .F. ) ;
#2434 = LINE ( 'NONE', #4292, #4338 ) ;
#2435 = DIRECTION ( 'NONE',  ( 0.0000000000000000000, 1.000000000000000000, -1.734723475976805517E-15 ) ) ;
#2436 = DIRECTION ( 'NONE',  ( 0.0000000000000000000, -1.000000000000000000, 1.644517855226012731E-15 ) ) ;
#2437 = VECTOR ( 'NONE', #1554, 999.9999999999998863 ) ;
#2438 = DIRECTION ( 'NONE',  ( -0.0000000000000000000, -1.644517855226012731E-15, -1.000000000000000000 ) ) ;
#2439 = ORIENTED_EDGE ( 'NONE', *, *, #1550, .T. ) ;
#2440 = PRESENTATION_STYLE_ASSIGNMENT (( #4683 ) ) ;
#2441 = EDGE_CURVE ( 'NONE', #1724, #2837, #5062, .T. ) ;
#2442 = CARTESIAN_POINT ( 'NONE',  ( 10.16999999999999815, 7.900000000000023448, 3.150000000000021672 ) ) ;
#2443 = CONICAL_SURFACE ( 'NONE', #2924, 3.049999915826001384, 0.1526493283952326252 ) ;
#2444 = CARTESIAN_POINT ( 'NONE',  ( 10.41999999999999815, 6.827500000000010338, -4.799999999999977618 ) ) ;
#2445 = PLANE ( 'NONE',  #2239 ) ;
#2446 = CARTESIAN_POINT ( 'NONE',  ( 2.299999999999999822, 9.638089535207772229, -6.549999999999982947 ) ) ;
#2447 = CARTESIAN_POINT ( 'NONE',  ( 4.990460089019999934, 5.234490479969024612, 4.125811880199925952 ) ) ;
#2448 = ADVANCED_FACE ( 'NONE', ( #1521 ), #2835, .F. ) ;
#2449 = ADVANCED_FACE ( 'NONE', ( #5564 ), #1547, .T. ) ;
#2450 = ORIENTED_EDGE ( 'NONE', *, *, #5448, .T. ) ;
#2451 = DIRECTION ( 'NONE',  ( -1.000000000000000000, 0.0000000000000000000, -0.0000000000000000000 ) ) ;
#2452 = DIRECTION ( 'NONE',  ( -0.9838699100999043212, -2.941802971598307782E-16, -0.1788854382000008014 ) ) ;
#2453 = CARTESIAN_POINT ( 'NONE',  ( -0.8000000000000000444, 3.750000000000024869, 4.350000000000028066 ) ) ;
#2454 = FACE_OUTER_BOUND ( 'NONE', #588, .T. ) ;
#2455 = EDGE_CURVE ( 'NONE', #4192, #1561, #1109, .T. ) ;
#2456 = STYLED_ITEM ( 'NONE', ( #3974 ), #5395 ) ;
#2457 = PLANE ( 'NONE',  #745 ) ;
#2458 = ORIENTED_EDGE ( 'NONE', *, *, #1314, .T. ) ;
#2459 = ORIENTED_EDGE ( 'NONE', *, *, #4986, .T. ) ;
#2460 = ORIENTED_EDGE ( 'NONE', *, *, #1557, .F. ) ;
#2461 = PLANE ( 'NONE',  #3444 ) ;
#2462 = ORIENTED_EDGE ( 'NONE', *, *, #1986, .T. ) ;
#2463 = DIRECTION ( 'NONE',  ( 0.0000000000000000000, -1.000000000000000000, 1.644517855226012731E-15 ) ) ;
#2464 = DIRECTION ( 'NONE',  ( 0.0000000000000000000, -1.644517855226012731E-15, -1.000000000000000000 ) ) ;
#2465 = SURFACE_STYLE_FILL_AREA ( #5648 ) ;
#2466 = FACE_OUTER_BOUND ( 'NONE', #2773, .T. ) ;
#2467 = DIRECTION ( 'NONE',  ( 1.000000000000000000, 0.0000000000000000000, 0.0000000000000000000 ) ) ;
#2468 = CARTESIAN_POINT ( 'NONE',  ( 3.299999999999999822, 10.60000000000001208, -4.249999999999984901 ) ) ;
#2469 = FACE_OUTER_BOUND ( 'NONE', #5606, .T. ) ;
#2470 = EDGE_CURVE ( 'NONE', #1912, #433, #4396, .T. ) ;
#2471 = FACE_OUTER_BOUND ( 'NONE', #3510, .T. ) ;
#2472 = ORIENTED_EDGE ( 'NONE', *, *, #3828, .T. ) ;
#2473 = CARTESIAN_POINT ( 'NONE',  ( 12.62454076850489848, 5.200000000000025047, 4.350000000000026290 ) ) ;
#2474 = SURFACE_STYLE_FILL_AREA ( #642 ) ;
#2475 = EDGE_CURVE ( 'NONE', #79, #4449, #2948, .T. ) ;
#2476 = DIRECTION ( 'NONE',  ( 1.000000000000000000, 0.0000000000000000000, 0.0000000000000000000 ) ) ;
#2477 = ADVANCED_FACE ( 'NONE', ( #784 ), #5679, .F. ) ;
#2478 = ORIENTED_EDGE ( 'NONE', *, *, #3692, .T. ) ;
#2479 = AXIS2_PLACEMENT_3D ( 'NONE', #4624, #733, #4597 ) ;
#2480 = DIRECTION ( 'NONE',  ( 0.0000000000000000000, 1.000000000000000000, -1.644517855226012731E-15 ) ) ;
#2481 = AXIS2_PLACEMENT_3D ( 'NONE', #4863, #5365, #1356 ) ;
#2482 = VERTEX_POINT ( 'NONE', #2597 ) ;
#2483 = ORIENTED_EDGE ( 'NONE', *, *, #3350, .T. ) ;
#2484 = EDGE_LOOP ( 'NONE', ( #93, #3738, #646, #3508 ) ) ;
#2485 =( GEOMETRIC_REPRESENTATION_CONTEXT ( 3 ) GLOBAL_UNCERTAINTY_ASSIGNED_CONTEXT ( ( #3047 ) ) GLOBAL_UNIT_ASSIGNED_CONTEXT ( ( #282, #5283, #4991 ) ) REPRESENTATION_CONTEXT ( 'NONE', 'WORKASPACE' ) );
#2486 =( NAMED_UNIT ( * ) SI_UNIT ( $, .STERADIAN. ) SOLID_ANGLE_UNIT ( ) );
#2487 = EDGE_LOOP ( 'NONE', ( #1083, #5324, #833, #1215, #3024, #2591 ) ) ;
#2488 = CARTESIAN_POINT ( 'NONE',  ( 10.66999999999999815, -0.2499999999999941436, -5.899999999999967493 ) ) ;
#2489 = VERTEX_POINT ( 'NONE', #1193 ) ;
#2490 = CARTESIAN_POINT ( 'NONE',  ( 10.91999999999999993, 0.7500000000000058842, -6.149999999999968381 ) ) ;
#2491 =( NAMED_UNIT ( * ) PLANE_ANGLE_UNIT ( ) SI_UNIT ( $, .RADIAN. ) );
#2492 = DIRECTION ( 'NONE',  ( -0.0000000000000000000, -1.644517855226012731E-15, -1.000000000000000000 ) ) ;
#2493 = UNCERTAINTY_MEASURE_WITH_UNIT (LENGTH_MEASURE( 1.000000000000000082E-05 ), #5793, 'distance_accuracy_value', 'NONE');
#2494 = CARTESIAN_POINT ( 'NONE',  ( 10.91999999999999993, 8.149999999999998579, -11.64999999999998082 ) ) ;
#2495 = DIRECTION ( 'NONE',  ( 0.0000000000000000000, -1.000000000000000000, 1.644517855226012731E-15 ) ) ;
#2496 =( GEOMETRIC_REPRESENTATION_CONTEXT ( 3 ) GLOBAL_UNCERTAINTY_ASSIGNED_CONTEXT ( ( #473 ) ) GLOBAL_UNIT_ASSIGNED_CONTEXT ( ( #2810, #3277, #1053 ) ) REPRESENTATION_CONTEXT ( 'NONE', 'WORKASPACE' ) );
#2497 = CARTESIAN_POINT ( 'NONE',  ( 10.41999999999999815, 7.650000000000010125, -5.250000000000979661 ) ) ;
#2498 = LINE ( 'NONE', #1638, #3567 ) ;
#2499 = LINE ( 'NONE', #275, #4494 ) ;
#2500 = UNCERTAINTY_MEASURE_WITH_UNIT (LENGTH_MEASURE( 1.000000000000000082E-05 ), #361, 'distance_accuracy_value', 'NONE');
#2501 = VERTEX_POINT ( 'NONE', #3013 ) ;
#2502 = EDGE_CURVE ( 'NONE', #518, #317, #4424, .T. ) ;
#2503 = LINE ( 'NONE', #4250, #4660 ) ;
#2504 = DIRECTION ( 'NONE',  ( 0.0000000000000000000, 1.000000000000000000, -1.644517855226012731E-15 ) ) ;
#2505 = CIRCLE ( 'NONE', #4020, 1.400000000000000355 ) ;
#2506 = AXIS2_PLACEMENT_3D ( 'NONE', #3398, #5181, #1166 ) ;
#2507 = DIRECTION ( 'NONE',  ( 0.0000000000000000000, 0.2425356250363110144, 0.9701425001453373165 ) ) ;
#2508 = DIRECTION ( 'NONE',  ( -0.0000000000000000000, 0.8944271909998966485, 0.4472135954999965635 ) ) ;
#2509 = FACE_OUTER_BOUND ( 'NONE', #568, .T. ) ;
#2510 = ORIENTED_EDGE ( 'NONE', *, *, #187, .T. ) ;
#2511 = ADVANCED_FACE ( 'NONE', ( #5747 ), #4298, .T. ) ;
#2512 = VECTOR ( 'NONE', #5060, 1000.000000000000000 ) ;
#2513 = CARTESIAN_POINT ( 'NONE',  ( 2.299999999999999822, 6.850000000000009415, -5.149999999999977263 ) ) ;
#2514 = ADVANCED_FACE ( 'NONE', ( #4362 ), #5302, .F. ) ;
#2515 = FILL_AREA_STYLE ('',( #4753 ) ) ;
#2516 = CARTESIAN_POINT ( 'NONE',  ( 3.299999999999999822, 6.850000000000009415, -5.149999999999977263 ) ) ;
#2517 = LINE ( 'NONE', #2962, #4793 ) ;
#2518 = VECTOR ( 'NONE', #5495, 1000.000000000000000 ) ;
#2519 = ORIENTED_EDGE ( 'NONE', *, *, #1484, .F. ) ;
#2520 = ORIENTED_EDGE ( 'NONE', *, *, #589, .F. ) ;
#2521 = ADVANCED_FACE ( 'NONE', ( #3516 ), #4770, .T. ) ;
#2522 = ORIENTED_EDGE ( 'NONE', *, *, #2160, .F. ) ;
#2523 = LINE ( 'NONE', #3389, #2174 ) ;
#2524 = ORIENTED_EDGE ( 'NONE', *, *, #4174, .T. ) ;
#2525 = DIRECTION ( 'NONE',  ( 0.9999999999999966693, -1.235514581928982933E-08, 8.094368890369977555E-08 ) ) ;
#2526 = SURFACE_STYLE_FILL_AREA ( #3855 ) ;
#2527 = SURFACE_SIDE_STYLE ('',( #3362 ) ) ;
#2528 = EDGE_CURVE ( 'NONE', #4842, #3537, #5242, .T. ) ;
#2529 = CARTESIAN_POINT ( 'NONE',  ( 9.919999999999998153, 8.150000000000011013, -3.950557738530979801 ) ) ;
#2530 = CARTESIAN_POINT ( 'NONE',  ( -0.8000000000000000444, 12.25000000000002132, 1.350000000000013856 ) ) ;
#2531 = DIRECTION ( 'NONE',  ( 0.0000000000000000000, 0.1520571842539019114, -0.9883716976506232710 ) ) ;
#2532 = B_SPLINE_CURVE_WITH_KNOTS ( 'NONE', 3,
 ( #1886, #1827, #1300, #2638, #4433 ),
 .UNSPECIFIED., .F., .F.,
 ( 4, 1, 4 ),
 ( 0.0000000000000000000, 0.5000000000000000000, 1.000000000000000000 ),
 .UNSPECIFIED. ) ;
#2533 = VECTOR ( 'NONE', #767, 1000.000000000000000 ) ;
#2534 = DIRECTION ( 'NONE',  ( -0.0000000000000000000, -1.644517855226012731E-15, -1.000000000000000000 ) ) ;
#2535 = DIRECTION ( 'NONE',  ( 0.0000000000000000000, -0.8411784753765675360, -0.5407575913134771151 ) ) ;
#2536 = CARTESIAN_POINT ( 'NONE',  ( 11.75677663729599942, 8.199999982479811322, -5.340741119825982430 ) ) ;
#2537 = ORIENTED_EDGE ( 'NONE', *, *, #809, .F. ) ;
#2538 = DIRECTION ( 'NONE',  ( -0.9701425001453377606, 3.988541659006119292E-16, 0.2425356250363093769 ) ) ;
#2539 = ORIENTED_EDGE ( 'NONE', *, *, #3577, .T. ) ;
#2540 = CARTESIAN_POINT ( 'NONE',  ( 1.000000000000000000, 4.200000000000005507, -7.249999999999973355 ) ) ;
#2541 = CARTESIAN_POINT ( 'NONE',  ( 9.519999999999999574, 11.75000000000002665, 4.350000000000015632 ) ) ;
#2542 = VERTEX_POINT ( 'NONE', #4328 ) ;
#2543 = MECHANICAL_DESIGN_GEOMETRIC_PRESENTATION_REPRESENTATION (  '', ( #973 ), #3297 ) ;
#2544 = CARTESIAN_POINT ( 'NONE',  ( 9.719999999999998863, 10.60000000000002451, 3.050000000000017142 ) ) ;
#2545 =( NAMED_UNIT ( * ) SI_UNIT ( $, .STERADIAN. ) SOLID_ANGLE_UNIT ( ) );
#2546 = CARTESIAN_POINT ( 'NONE',  ( 10.91999999999999993, 4.200000000000009059, -5.149999999999973710 ) ) ;
#2547 = COLOUR_RGB ( '',1.000000000000000000, 1.000000000000000000, 1.000000000000000000 ) ;
#2548 =( NAMED_UNIT ( * ) SI_UNIT ( $, .STERADIAN. ) SOLID_ANGLE_UNIT ( ) );
#2549 = ORIENTED_EDGE ( 'NONE', *, *, #2407, .T. ) ;
#2550 = ORIENTED_EDGE ( 'NONE', *, *, #1059, .F. ) ;
#2551 = CONICAL_SURFACE ( 'NONE', #2552, 3.049999915826001384, 0.1526493283952326252 ) ;
#2552 = AXIS2_PLACEMENT_3D ( 'NONE', #1656, #777, #2558 ) ;
#2553 = ADVANCED_FACE ( 'NONE', ( #307 ), #2099, .T. ) ;
#2554 = ORIENTED_EDGE ( 'NONE', *, *, #4164, .T. ) ;
#2555 = LINE ( 'NONE', #741, #5468 ) ;
#2556 = ORIENTED_EDGE ( 'NONE', *, *, #5010, .T. ) ;
#2557 = ADVANCED_FACE ( 'NONE', ( #879 ), #1355, .T. ) ;
#2558 = DIRECTION ( 'NONE',  ( 0.0000000000000000000, -1.000000000000000000, 1.706285433296815973E-15 ) ) ;
#2559 = VERTEX_POINT ( 'NONE', #3199 ) ;
#2560 = VERTEX_POINT ( 'NONE', #2691 ) ;
#2561 = DIRECTION ( 'NONE',  ( 0.0000000000000000000, 1.000000000000000000, -1.644517855226012731E-15 ) ) ;
#2562 = CARTESIAN_POINT ( 'NONE',  ( 10.91999999999999993, 8.150000000000011013, -3.950557738530979801 ) ) ;
#2563 = DIRECTION ( 'NONE',  ( -0.0000000000000000000, -0.2425356250363110422, -0.9701425001453374275 ) ) ;
#2564 = ADVANCED_BREP_SHAPE_REPRESENTATION ( 'CUI_DEVICES_TBP05R1-762-02BE', ( #1376, #3970 ), #4817 ) ;
#2565 = CARTESIAN_POINT ( 'NONE',  ( 3.049999999999999822, 7.900000000000023448, 3.150000000000021672 ) ) ;
#2566 = CARTESIAN_POINT ( 'NONE',  ( -15.24000000000000377, 11.75000000000002665, 4.350000000000015632 ) ) ;
#2567 = UNCERTAINTY_MEASURE_WITH_UNIT (LENGTH_MEASURE( 1.000000000000000082E-05 ), #5784, 'distance_accuracy_value', 'NONE');
#2568 = CARTESIAN_POINT ( 'NONE',  ( 10.41999999999999815, 7.650000000000010125, -5.149999999999979039 ) ) ;
#2569 = ORIENTED_EDGE ( 'NONE', *, *, #1917, .T. ) ;
#2570 = CARTESIAN_POINT ( 'NONE',  ( 9.919999999999998153, 9.188520933591751927, -5.681254112208433682 ) ) ;
#2571 = ORIENTED_EDGE ( 'NONE', *, *, #1064, .F. ) ;
#2572 = CARTESIAN_POINT ( 'NONE',  ( 3.337500000000000355, 7.492500000000010374, -4.799999999999979394 ) ) ;
#2573 = CARTESIAN_POINT ( 'NONE',  ( 9.919999999999998153, 10.60000000000001208, -4.249999999999984901 ) ) ;
#2574 = DIRECTION ( 'NONE',  ( 0.0000000000000000000, 1.000000000000000000, -1.644517855226012731E-15 ) ) ;
#2575 = VERTEX_POINT ( 'NONE', #4982 ) ;
#2576 = PLANE ( 'NONE',  #1263 ) ;
#2577 = SURFACE_STYLE_USAGE ( .BOTH. , #2136 ) ;
#2578 = VERTEX_POINT ( 'NONE', #2325 ) ;
#2579 = VECTOR ( 'NONE', #335, 1000.000000000000000 ) ;
#2580 = FACE_OUTER_BOUND ( 'NONE', #2968, .T. ) ;
#2581 = DIRECTION ( 'NONE',  ( 0.0000000000000000000, -1.644517855226012731E-15, -1.000000000000000000 ) ) ;
#2582 = ORIENTED_EDGE ( 'NONE', *, *, #5210, .F. ) ;
#2583 = ORIENTED_EDGE ( 'NONE', *, *, #5214, .T. ) ;
#2584 = VECTOR ( 'NONE', #1901, 1000.000000000000000 ) ;
#2585 = EDGE_CURVE ( 'NONE', #141, #2575, #4211, .T. ) ;
#2586 = VECTOR ( 'NONE', #2738, 1000.000000000000000 ) ;
#2587 = ORIENTED_EDGE ( 'NONE', *, *, #880, .F. ) ;
#2588 = VERTEX_POINT ( 'NONE', #1817 ) ;
#2589 = LINE ( 'NONE', #3069, #594 ) ;
#2590 = CARTESIAN_POINT ( 'NONE',  ( 10.91999999999999993, 4.200000000000009059, -5.149999999999973710 ) ) ;
#2591 = ORIENTED_EDGE ( 'NONE', *, *, #2951, .F. ) ;
#2592 = EDGE_CURVE ( 'NONE', #4314, #5065, #4131, .T. ) ;
#2593 = ORIENTED_EDGE ( 'NONE', *, *, #4317, .T. ) ;
#2594 = DIRECTION ( 'NONE',  ( 0.1421338109036998643, 0.3553345272594011783, 0.9238697708742987791 ) ) ;
#2595 = EDGE_CURVE ( 'NONE', #5765, #1670, #3167, .T. ) ;
#2596 = B_SPLINE_CURVE_WITH_KNOTS ( 'NONE', 3,
 ( #3863, #2536, #5308, #2602, #4775, #884, #276 ),
 .UNSPECIFIED., .F., .F.,
 ( 4, 1, 1, 1, 4 ),
 ( 0.0000000000000000000, 0.2500000000000000000, 0.5000000000000000000, 0.7500000000000000000, 1.000000000000000000 ),
 .UNSPECIFIED. ) ;
#2597 = CARTESIAN_POINT ( 'NONE',  ( 9.919999999999998153, 8.150000000000014566, -2.699999999999980194 ) ) ;
#2598 = PRESENTATION_LAYER_ASSIGNMENT (  '', '', ( #2221 ) ) ;
#2599 = DIRECTION ( 'NONE',  ( 0.0000000000000000000, 0.5407575913134771151, -0.8411784753765675360 ) ) ;
#2600 = EDGE_CURVE ( 'NONE', #3283, #2852, #4953, .T. ) ;
#2601 = VECTOR ( 'NONE', #1500, 1000.000000000000000 ) ;
#2602 = CARTESIAN_POINT ( 'NONE',  ( 12.02414689305000017, 8.199999997810008878, -5.841027710219981905 ) ) ;
#2603 = ORIENTED_EDGE ( 'NONE', *, *, #2363, .F. ) ;
#2604 = DIRECTION ( 'NONE',  ( 1.000000000000000000, 0.0000000000000000000, 0.0000000000000000000 ) ) ;
#2605 = FILL_AREA_STYLE_COLOUR ( '', #5430 ) ;
#2606 = LINE ( 'NONE', #2573, #4993 ) ;
#2607 = FACE_OUTER_BOUND ( 'NONE', #364, .T. ) ;
#2608 = ORIENTED_EDGE ( 'NONE', *, *, #4239, .F. ) ;
#2609 = PRESENTATION_STYLE_ASSIGNMENT (( #3145 ) ) ;
#2610 = CARTESIAN_POINT ( 'NONE',  ( 28.46000000000000441, 11.75000000000002665, 4.350000000000015632 ) ) ;
#2611 = LINE ( 'NONE', #4378, #2142 ) ;
#2612 = ORIENTED_EDGE ( 'NONE', *, *, #1131, .T. ) ;
#2613 = VECTOR ( 'NONE', #2181, 1000.000000000000000 ) ;
#2614 = EDGE_CURVE ( 'NONE', #1286, #3093, #5009, .T. ) ;
#2615 = PLANE ( 'NONE',  #5114 ) ;
#2616 =( LENGTH_UNIT ( ) NAMED_UNIT ( * ) SI_UNIT ( .MILLI., .METRE. ) );
#2617 = EDGE_LOOP ( 'NONE', ( #927, #2204, #4670, #3436, #755, #3539 ) ) ;
#2618 = VECTOR ( 'NONE', #3116, 1000.000000000000000 ) ;
#2619 = ORIENTED_EDGE ( 'NONE', *, *, #1496, .F. ) ;
#2620 = VECTOR ( 'NONE', #5451, 1000.000000000000000 ) ;
#2621 = MECHANICAL_DESIGN_GEOMETRIC_PRESENTATION_REPRESENTATION (  '', ( #2723 ), #3377 ) ;
#2622 = EDGE_LOOP ( 'NONE', ( #1333, #1284, #1566, #653 ) ) ;
#2623 = ORIENTED_EDGE ( 'NONE', *, *, #4969, .F. ) ;
#2624 = CARTESIAN_POINT ( 'NONE',  ( 3.299999999999999822, 0.7500000000000075495, -5.149999999999967493 ) ) ;
#2625 = AXIS2_PLACEMENT_3D ( 'NONE', #4924, #3104, #909 ) ;
#2626 = ADVANCED_FACE ( 'NONE', ( #1559 ), #699, .T. ) ;
#2627 = CARTESIAN_POINT ( 'NONE',  ( 10.92999999999999794, 8.200000000000009948, -6.049999999999982059 ) ) ;
#2628 = ORIENTED_EDGE ( 'NONE', *, *, #4460, .T. ) ;
#2629 = ORIENTED_EDGE ( 'NONE', *, *, #455, .F. ) ;
#2630 = DIRECTION ( 'NONE',  ( 0.0000000000000000000, 0.3589790793088808440, -0.9333456062030549560 ) ) ;
#2631 = CARTESIAN_POINT ( 'NONE',  ( 10.92999999999999794, 8.200000000000009948, -5.149999999999980815 ) ) ;
#2632 =( LENGTH_UNIT ( ) NAMED_UNIT ( * ) SI_UNIT ( .MILLI., .METRE. ) );
#2633 = DIRECTION ( 'NONE',  ( 0.0000000000000000000, 1.000000000000000000, -1.644517855226012731E-15 ) ) ;
#2634 = UNCERTAINTY_MEASURE_WITH_UNIT (LENGTH_MEASURE( 1.000000000000000082E-05 ), #1636, 'distance_accuracy_value', 'NONE');
#2635 = EDGE_CURVE ( 'NONE', #2233, #5437, #5027, .T. ) ;
#2636 = CARTESIAN_POINT ( 'NONE',  ( 2.290000000000000036, 8.400000000000007461, -6.449999999999981526 ) ) ;
#2637 = VERTEX_POINT ( 'NONE', #4698 ) ;
#2638 = CARTESIAN_POINT ( 'NONE',  ( 12.61044486376509965, 5.234527774075025341, 4.125569468510626336 ) ) ;
#2639 = EDGE_CURVE ( 'NONE', #279, #430, #4256, .T. ) ;
#2640 = ADVANCED_FACE ( 'NONE', ( #576 ), #2353, .F. ) ;
#2641 = CARTESIAN_POINT ( 'NONE',  ( 2.799999999999999822, 0.2500000000000080491, -5.274999999999967493 ) ) ;
#2642 = ORIENTED_EDGE ( 'NONE', *, *, #3423, .T. ) ;
#2643 = CARTESIAN_POINT ( 'NONE',  ( 2.290000000000000036, 8.200000000000009948, -6.049999999999982059 ) ) ;
#2644 = CARTESIAN_POINT ( 'NONE',  ( 1.000000000000000000, 4.200000000000009059, -4.849999999999973888 ) ) ;
#2645 = DIRECTION ( 'NONE',  ( 1.000000000000000000, 0.0000000000000000000, -0.0000000000000000000 ) ) ;
#2646 = MECHANICAL_DESIGN_GEOMETRIC_PRESENTATION_REPRESENTATION (  '', ( #4318 ), #2166 ) ;
#2647 = CARTESIAN_POINT ( 'NONE',  ( 10.91999999999999993, 7.650000000000007461, -6.549999999999979394 ) ) ;
#2648 = ORIENTED_EDGE ( 'NONE', *, *, #2743, .F. ) ;
#2649 = DIRECTION ( 'NONE',  ( 1.000000000000000000, 0.0000000000000000000, 0.0000000000000000000 ) ) ;
#2650 = DIRECTION ( 'NONE',  ( 1.000000000000000000, 0.0000000000000000000, 0.0000000000000000000 ) ) ;
#2651 = CIRCLE ( 'NONE', #3950, 2.050000000002000000 ) ;
#2652 = LINE ( 'NONE', #3659, #4696 ) ;
#2653 = SURFACE_SIDE_STYLE ('',( #3796 ) ) ;
#2654 = EDGE_LOOP ( 'NONE', ( #1298, #5738, #3679, #1709 ) ) ;
#2655 = EDGE_LOOP ( 'NONE', ( #1794, #4319, #156, #3924, #3420 ) ) ;
#2656 = AXIS2_PLACEMENT_3D ( 'NONE', #3229, #1413, #4548 ) ;
#2657 = ORIENTED_EDGE ( 'NONE', *, *, #2871, .T. ) ;
#2658 = AXIS2_PLACEMENT_3D ( 'NONE', #1977, #5668, #2463 ) ;
#2659 = SURFACE_STYLE_FILL_AREA ( #4853 ) ;
#2660 = ORIENTED_EDGE ( 'NONE', *, *, #2804, .F. ) ;
#2661 = LINE ( 'NONE', #2624, #5556 ) ;
#2662 = LINE ( 'NONE', #1844, #3087 ) ;
#2663 = ORIENTED_EDGE ( 'NONE', *, *, #930, .F. ) ;
#2664 = VECTOR ( 'NONE', #1479, 1000.000000000000000 ) ;
#2665 = DIRECTION ( 'NONE',  ( 0.0000000000000000000, 1.644517855226012731E-15, 1.000000000000000000 ) ) ;
#2666 = SURFACE_SIDE_STYLE ('',( #4100 ) ) ;
#2667 =( NAMED_UNIT ( * ) SI_UNIT ( $, .STERADIAN. ) SOLID_ANGLE_UNIT ( ) );
#2668 = DIRECTION ( 'NONE',  ( 0.0000000000000000000, 1.644517855226012731E-15, 1.000000000000000000 ) ) ;
#2669 = PLANE ( 'NONE',  #3801 ) ;
#2670 = EDGE_LOOP ( 'NONE', ( #1778, #3021, #678, #5754, #3033 ) ) ;
#2671 = ORIENTED_EDGE ( 'NONE', *, *, #1359, .F. ) ;
#2672 = ADVANCED_FACE ( 'NONE', ( #2867 ), #4639, .T. ) ;
#2673 = LINE ( 'NONE', #916, #3550 ) ;
#2674 = CARTESIAN_POINT ( 'NONE',  ( 14.01999999999999957, 11.55000000000000604, -7.649999999999988809 ) ) ;
#2675 = VERTEX_POINT ( 'NONE', #5070 ) ;
#2676 = CARTESIAN_POINT ( 'NONE',  ( 10.91999999999999993, 7.150000000000011902, -3.950557738530979801 ) ) ;
#2677 = CARTESIAN_POINT ( 'NONE',  ( 8.298679656439999164, 5.400000000000011013, -4.249999999999976019 ) ) ;
#2678 = VERTEX_POINT ( 'NONE', #4720 ) ;
#2679 = ADVANCED_FACE ( 'NONE', ( #1991 ), #1144, .F. ) ;
#2680 = DIRECTION ( 'NONE',  ( 0.0000000000000000000, 0.9333456062030538458, -0.3589790793088840082 ) ) ;
#2681 = LINE ( 'NONE', #4881, #2349 ) ;
#2682 = ORIENTED_EDGE ( 'NONE', *, *, #4444, .T. ) ;
#2683 = DIRECTION ( 'NONE',  ( 0.0000000000000000000, -1.000000000000000000, 1.644517855226012731E-15 ) ) ;
#2684 = AXIS2_PLACEMENT_3D ( 'NONE', #3302, #4602, #3829 ) ;
#2685 = VERTEX_POINT ( 'NONE', #4981 ) ;
#2686 = DIRECTION ( 'NONE',  ( 0.0000000000000000000, 1.000000000000000000, -1.644517855226012731E-15 ) ) ;
#2687 = LINE ( 'NONE', #3129, #1412 ) ;
#2688 = EDGE_LOOP ( 'NONE', ( #2188, #3112, #5800, #513 ) ) ;
#2689 = AXIS2_PLACEMENT_3D ( 'NONE', #5731, #796, #4442 ) ;
#2690 = CARTESIAN_POINT ( 'NONE',  ( 8.619999999999999218, 10.75000000000000711, -7.249999999999984013 ) ) ;
#2691 = CARTESIAN_POINT ( 'NONE',  ( 3.310000000000000053, 6.470000000000009521, -5.149999999999977263 ) ) ;
#2692 = CARTESIAN_POINT ( 'NONE',  ( 10.79499999999999815, 0.2500000000000071609, -5.649999999999967493 ) ) ;
#2693 = AXIS2_PLACEMENT_3D ( 'NONE', #954, #4057, #4533 ) ;
#2694 = LINE ( 'NONE', #850, #3827 ) ;
#2695 = CARTESIAN_POINT ( 'NONE',  ( 9.909999999999998366, 6.470000000000009521, -5.149999999999977263 ) ) ;
#2696 = PRESENTATION_LAYER_ASSIGNMENT (  '', '', ( #4186 ) ) ;
#2697 = ORIENTED_EDGE ( 'NONE', *, *, #4904, .F. ) ;
#2698 = ORIENTED_EDGE ( 'NONE', *, *, #3876, .T. ) ;
#2699 = LINE ( 'NONE', #1420, #3356 ) ;
#2700 = SURFACE_SIDE_STYLE ('',( #3956 ) ) ;
#2701 = ORIENTED_EDGE ( 'NONE', *, *, #1487, .T. ) ;
#2702 = CARTESIAN_POINT ( 'NONE',  ( 3.049999999999999822, 7.900000000000023448, 3.150000000000021672 ) ) ;
#2703 = CARTESIAN_POINT ( 'NONE',  ( 10.91999999999999993, 6.850000000000010303, -4.849999999999977440 ) ) ;
#2704 = ADVANCED_FACE ( 'NONE', ( #819 ), #4305, .F. ) ;
#2705 = EDGE_LOOP ( 'NONE', ( #2286, #1088, #4760, #2763 ) ) ;
#2706 = SURFACE_STYLE_FILL_AREA ( #5379 ) ;
#2707 = VECTOR ( 'NONE', #3883, 1000.000000000000000 ) ;
#2708 = PLANE ( 'NONE',  #4988 ) ;
#2709 = EDGE_CURVE ( 'NONE', #4422, #5775, #4368, .T. ) ;
#2710 = AXIS2_PLACEMENT_3D ( 'NONE', #4301, #3399, #5184 ) ;
#2711 = EDGE_CURVE ( 'NONE', #5584, #1473, #288, .T. ) ;
#2712 = FACE_OUTER_BOUND ( 'NONE', #488, .T. ) ;
#2713 = AXIS2_PLACEMENT_3D ( 'NONE', #5688, #4809, #5393 ) ;
#2714 = CONICAL_SURFACE ( 'NONE', #4021, 1.724947660679000405, 0.4636476090007536355 ) ;
#2715 = ORIENTED_EDGE ( 'NONE', *, *, #2086, .T. ) ;
#2716 = EDGE_CURVE ( 'NONE', #1468, #4134, #2251, .T. ) ;
#2717 = FILL_AREA_STYLE_COLOUR ( '', #2547 ) ;
#2718 = EDGE_CURVE ( 'NONE', #3842, #2749, #1411, .T. ) ;
#2719 = ORIENTED_EDGE ( 'NONE', *, *, #1895, .F. ) ;
#2720 = CARTESIAN_POINT ( 'NONE',  ( 4.087439318847000180, 8.199999999994910027, -5.249999999787981153 ) ) ;
#2721 = CARTESIAN_POINT ( 'NONE',  ( 12.21999999999999886, 3.750000000000004885, -7.649999999999974598 ) ) ;
#2722 = VECTOR ( 'NONE', #5406, 1000.000000000000000 ) ;
#2723 = STYLED_ITEM ( 'NONE', ( #3075 ), #2511 ) ;
#2724 = CARTESIAN_POINT ( 'NONE',  ( 10.91999999999999993, 9.600000000000010303, -5.249999999999982236 ) ) ;
#2725 = CARTESIAN_POINT ( 'NONE',  ( 2.299999999999999822, 10.60000000000001208, -4.249999999999984901 ) ) ;
#2726 = DIRECTION ( 'NONE',  ( -0.1421338109036998643, 0.3553345272594011783, 0.9238697708742987791 ) ) ;
#2727 = CARTESIAN_POINT ( 'NONE',  ( 3.500000000000000000, 10.60000000000002451, 3.050000000000017142 ) ) ;
#2728 = VECTOR ( 'NONE', #1969, 1000.000000000000000 ) ;
#2729 = EDGE_CURVE ( 'NONE', #538, #170, #345, .T. ) ;
#2730 = DIRECTION ( 'NONE',  ( 0.9883716976506230489, -2.500607545209360400E-16, -0.1520571842539035212 ) ) ;
#2731 = VECTOR ( 'NONE', #4752, 1000.000000000000000 ) ;
#2732 = ORIENTED_EDGE ( 'NONE', *, *, #1240, .F. ) ;
#2733 = DIRECTION ( 'NONE',  ( 0.0000000000000000000, 1.644517855226012731E-15, 1.000000000000000000 ) ) ;
#2734 = ORIENTED_EDGE ( 'NONE', *, *, #4183, .T. ) ;
#2735 = SURFACE_STYLE_USAGE ( .BOTH. , #3680 ) ;
#2736 = DIRECTION ( 'NONE',  ( 0.0000000000000000000, 1.644517855226012731E-15, 1.000000000000000000 ) ) ;
#2737 = EDGE_LOOP ( 'NONE', ( #1683, #5421, #263, #1118 ) ) ;
#2738 = DIRECTION ( 'NONE',  ( 0.0000000000000000000, -1.000000000000000000, 1.644517855226012731E-15 ) ) ;
#2739 = DIRECTION ( 'NONE',  ( 0.0000000000000000000, -1.000000000000000000, 1.644517855226012731E-15 ) ) ;
#2740 = VECTOR ( 'NONE', #1802, 1000.000000000000000 ) ;
#2741 = ORIENTED_EDGE ( 'NONE', *, *, #4558, .F. ) ;
#2742 = DIRECTION ( 'NONE',  ( 0.0000000000000000000, 1.000000000000000000, -1.644517855226012731E-15 ) ) ;
#2743 = EDGE_CURVE ( 'NONE', #773, #5781, #5426, .T. ) ;
#2744 = ORIENTED_EDGE ( 'NONE', *, *, #293, .T. ) ;
#2745 = ORIENTED_EDGE ( 'NONE', *, *, #284, .T. ) ;
#2746 = LINE ( 'NONE', #4541, #3131 ) ;
#2747 = VECTOR ( 'NONE', #1637, 1000.000000000000000 ) ;
#2748 = PLANE ( 'NONE',  #2799 ) ;
#2749 = VERTEX_POINT ( 'NONE', #3865 ) ;
#2750 = CARTESIAN_POINT ( 'NONE',  ( 2.799999999999999822, 7.650000000000007461, -6.549999999999979394 ) ) ;
#2751 = EDGE_CURVE ( 'NONE', #842, #4992, #3166, .T. ) ;
#2752 = CARTESIAN_POINT ( 'NONE',  ( -0.8000000000000000444, 11.75000000000002665, 4.350000000000015632 ) ) ;
#2753 = VECTOR ( 'NONE', #3391, 1000.000000000000114 ) ;
#2754 = CARTESIAN_POINT ( 'NONE',  ( 0.6786796564403999588, 5.400000000000022560, 3.050000000000025580 ) ) ;
#2755 = SURFACE_STYLE_USAGE ( .BOTH. , #3643 ) ;
#2756 = CARTESIAN_POINT ( 'NONE',  ( 10.91999999999999993, 8.135517241379311315, -4.618965517240978258 ) ) ;
#2757 = UNCERTAINTY_MEASURE_WITH_UNIT (LENGTH_MEASURE( 1.000000000000000082E-05 ), #5320, 'distance_accuracy_value', 'NONE');
#2758 = VECTOR ( 'NONE', #5080, 1000.000000000000000 ) ;
#2759 = LINE ( 'NONE', #3202, #5579 ) ;
#2760 = FACE_OUTER_BOUND ( 'NONE', #4585, .T. ) ;
#2761 = CARTESIAN_POINT ( 'NONE',  ( 2.799999999999999822, 7.650000000000014566, -2.699999999999979305 ) ) ;
#2762 = CARTESIAN_POINT ( 'NONE',  ( 10.41999999999699966, 7.649999999998351008, -5.899895321349978516 ) ) ;
#2763 = ORIENTED_EDGE ( 'NONE', *, *, #1832, .T. ) ;
#2764 = CARTESIAN_POINT ( 'NONE',  ( 2.299999999999999822, 6.470000000000009521, -5.149999999999977263 ) ) ;
#2765 = DIRECTION ( 'NONE',  ( 0.0000000000000000000, 1.000000000000000000, -1.734723475976805517E-15 ) ) ;
#2766 = ORIENTED_EDGE ( 'NONE', *, *, #4361, .T. ) ;
#2767 = DIRECTION ( 'NONE',  ( -1.000000000000000000, 0.0000000000000000000, -0.0000000000000000000 ) ) ;
#2768 = CARTESIAN_POINT ( 'NONE',  ( 1.000000000000000000, 4.200000000000009059, -4.849999999999973888 ) ) ;
#2769 = CARTESIAN_POINT ( 'NONE',  ( 10.91999999999999993, 7.150000000000011902, -3.950557738530979801 ) ) ;
#2770 = ORIENTED_EDGE ( 'NONE', *, *, #3719, .F. ) ;
#2771 = DIRECTION ( 'NONE',  ( -1.000000000000000000, 0.0000000000000000000, -0.0000000000000000000 ) ) ;
#2772 = ORIENTED_EDGE ( 'NONE', *, *, #4617, .F. ) ;
#2773 = EDGE_LOOP ( 'NONE', ( #4725, #5795, #5807, #5111, #3384, #4977 ) ) ;
#2774 = LINE ( 'NONE', #3574, #516 ) ;
#2775 = LINE ( 'NONE', #4096, #4120 ) ;
#2776 = EDGE_CURVE ( 'NONE', #4051, #4175, #2071, .T. ) ;
#2777 = DIRECTION ( 'NONE',  ( 0.0000000000000000000, -1.644517855226012731E-15, -1.000000000000000000 ) ) ;
#2778 = VECTOR ( 'NONE', #507, 1000.000000000000000 ) ;
#2779 = CARTESIAN_POINT ( 'NONE',  ( 2.299999999999999822, 4.200000000000009059, -5.149999999999973710 ) ) ;
#2780 = DIRECTION ( 'NONE',  ( 0.0000000000000000000, 1.000000000000000000, -1.644517855226012731E-15 ) ) ;
#2781 = EDGE_CURVE ( 'NONE', #5332, #2575, #4036, .T. ) ;
#2782 = VECTOR ( 'NONE', #2199, 1000.000000000000000 ) ;
#2783 = LINE ( 'NONE', #126, #3669 ) ;
#2784 = ADVANCED_FACE ( 'NONE', ( #2159 ), #5217, .T. ) ;
#2785 = DIRECTION ( 'NONE',  ( 0.0000000000000000000, 1.000000000000000000, -1.644517855226012731E-15 ) ) ;
#2786 = COLOUR_RGB ( '',1.000000000000000000, 1.000000000000000000, 1.000000000000000000 ) ;
#2787 = ORIENTED_EDGE ( 'NONE', *, *, #3648, .F. ) ;
#2788 = CARTESIAN_POINT ( 'NONE',  ( 2.799999999999999822, 7.450000000000025935, 4.350000000000021849 ) ) ;
#2789 = CIRCLE ( 'NONE', #2966, 1.400000000000000355 ) ;
#2790 = VERTEX_POINT ( 'NONE', #2725 ) ;
#2791 = CARTESIAN_POINT ( 'NONE',  ( 3.299999999999999822, 0.7500000000000058842, -6.149999999999968381 ) ) ;
#2792 = DIRECTION ( 'NONE',  ( 0.9633374467380171335, 0.2682926829272050950, -4.231032868231985238E-16 ) ) ;
#2793 = SURFACE_STYLE_FILL_AREA ( #2026 ) ;
#2794 = EDGE_CURVE ( 'NONE', #5022, #4446, #4517, .T. ) ;
#2795 =( GEOMETRIC_REPRESENTATION_CONTEXT ( 3 ) GLOBAL_UNCERTAINTY_ASSIGNED_CONTEXT ( ( #1358 ) ) GLOBAL_UNIT_ASSIGNED_CONTEXT ( ( #1391, #946, #2224 ) ) REPRESENTATION_CONTEXT ( 'NONE', 'WORKASPACE' ) );
#2796 = DIRECTION ( 'NONE',  ( 0.0000000000000000000, -1.000000000000000000, 1.644517855226012731E-15 ) ) ;
#2797 = EDGE_LOOP ( 'NONE', ( #5757, #5782, #4515, #3480, #2268, #1055, #4430, #4293 ) ) ;
#2798 = ORIENTED_EDGE ( 'NONE', *, *, #1052, .F. ) ;
#2799 = AXIS2_PLACEMENT_3D ( 'NONE', #4005, #466, #5424 ) ;
#2800 = CARTESIAN_POINT ( 'NONE',  ( 10.91999999999999993, 9.638089535207772229, -6.549999999999982947 ) ) ;
#2801 = DIRECTION ( 'NONE',  ( -0.3162277660168079096, 1.560126622598787659E-15, 0.9486832980505238710 ) ) ;
#2802 = CARTESIAN_POINT ( 'NONE',  ( 14.01999999999999957, 3.750000000000004885, -7.649999999999974598 ) ) ;
#2803 = PLANE ( 'NONE',  #1988 ) ;
#2804 = EDGE_CURVE ( 'NONE', #1610, #2151, #969, .T. ) ;
#2805 = CIRCLE ( 'NONE', #3565, 1.000000000000000888 ) ;
#2806 = DIRECTION ( 'NONE',  ( -1.000000000000000000, 0.0000000000000000000, 0.0000000000000000000 ) ) ;
#2807 = DIRECTION ( 'NONE',  ( 0.0000000000000000000, 1.644517855226012731E-15, 1.000000000000000000 ) ) ;
#2808 = VECTOR ( 'NONE', #5048, 1000.000000000000000 ) ;
#2809 = AXIS2_PLACEMENT_3D ( 'NONE', #674, #3815, #1592 ) ;
#2810 =( LENGTH_UNIT ( ) NAMED_UNIT ( * ) SI_UNIT ( .MILLI., .METRE. ) );
#2811 = CARTESIAN_POINT ( 'NONE',  ( -0.1000000000000000056, 10.60000000000000853, -6.549999999999984723 ) ) ;
#2812 = EDGE_LOOP ( 'NONE', ( #5121, #2642, #4119, #5726 ) ) ;
#2813 = PRESENTATION_LAYER_ASSIGNMENT (  '', '', ( #5058 ) ) ;
#2814 = VERTEX_POINT ( 'NONE', #2752 ) ;
#2815 = EDGE_CURVE ( 'NONE', #3091, #1706, #4099, .T. ) ;
#2816 = LINE ( 'NONE', #4665, #4390 ) ;
#2817 = CARTESIAN_POINT ( 'NONE',  ( 10.16999999999999815, -0.2499999999999941436, -5.899999999999967493 ) ) ;
#2818 = ORIENTED_EDGE ( 'NONE', *, *, #2405, .F. ) ;
#2819 = AXIS2_PLACEMENT_3D ( 'NONE', #5194, #1179, #1682 ) ;
#2820 = CARTESIAN_POINT ( 'NONE',  ( 3.500000000000000000, 10.60000000000002451, 3.050000000000017142 ) ) ;
#2821 = ORIENTED_EDGE ( 'NONE', *, *, #1814, .F. ) ;
#2822 = VERTEX_POINT ( 'NONE', #2516 ) ;
#2823 = CARTESIAN_POINT ( 'NONE',  ( 0.7500000000000000000, 5.400000000000007461, -6.549999999999975842 ) ) ;
#2824 = VECTOR ( 'NONE', #281, 1000.000000000000000 ) ;
#2825 = PLANE ( 'NONE',  #2479 ) ;
#2826 = PLANE ( 'NONE',  #633 ) ;
#2827 = VECTOR ( 'NONE', #4329, 1000.000000000000000 ) ;
#2828 = DIRECTION ( 'NONE',  ( -1.000000000000000000, 0.0000000000000000000, 0.0000000000000000000 ) ) ;
#2829 = FACE_OUTER_BOUND ( 'NONE', #4477, .T. ) ;
#2830 = CARTESIAN_POINT ( 'NONE',  ( 13.31999999999999851, 8.200000000000008171, -6.549999999999981171 ) ) ;
#2831 = CARTESIAN_POINT ( 'NONE',  ( 3.299999999999999822, 7.150000000000021672, 2.150000000000022560 ) ) ;
#2832 = CONICAL_SURFACE ( 'NONE', #1812, 1.374999999999999556, 0.03224688243525488524 ) ;
#2833 = CARTESIAN_POINT ( 'NONE',  ( 9.019999999999997797, 7.650000000000011902, -4.249999999999979572 ) ) ;
#2834 = EDGE_CURVE ( 'NONE', #5246, #4914, #5102, .T. ) ;
#2835 = PLANE ( 'NONE',  #5446 ) ;
#2836 = FACE_BOUND ( 'NONE', #1810, .T. ) ;
#2837 = VERTEX_POINT ( 'NONE', #955 ) ;
#2838 = VECTOR ( 'NONE', #605, 1000.000000000000000 ) ;
#2839 = ORIENTED_EDGE ( 'NONE', *, *, #342, .F. ) ;
#2840 = ADVANCED_FACE ( 'NONE', ( #3211 ), #59, .F. ) ;
#2841 = DIRECTION ( 'NONE',  ( 0.0000000000000000000, 1.644517855226012731E-15, 1.000000000000000000 ) ) ;
#2842 = AXIS2_PLACEMENT_3D ( 'NONE', #2260, #3526, #3498 ) ;
#2843 = LINE ( 'NONE', #1528, #4191 ) ;
#2844 = DIRECTION ( 'NONE',  ( 1.000000000000000000, 0.0000000000000000000, 0.0000000000000000000 ) ) ;
#2845 = VERTEX_POINT ( 'NONE', #5410 ) ;
#2846 = ADVANCED_FACE ( 'NONE', ( #1400 ), #3181, .F. ) ;
#2847 = EDGE_CURVE ( 'NONE', #328, #1724, #2505, .T. ) ;
#2848 = CARTESIAN_POINT ( 'NONE',  ( 10.91999999999999993, 7.150000000000008349, -6.114911064069978863 ) ) ;
#2849 = ORIENTED_EDGE ( 'NONE', *, *, #3580, .F. ) ;
#2850 = EDGE_LOOP ( 'NONE', ( #2270, #3976, #4184, #3388 ) ) ;
#2851 = CARTESIAN_POINT ( 'NONE',  ( 28.46000000000000441, 11.75000000000002665, 4.350000000000015632 ) ) ;
#2852 = VERTEX_POINT ( 'NONE', #2768 ) ;
#2853 = DIRECTION ( 'NONE',  ( 0.0000000000000000000, 8.673617379884030739E-15, -1.000000000000000000 ) ) ;
#2854 = DIRECTION ( 'NONE',  ( -1.000000000000000000, 0.0000000000000000000, 0.0000000000000000000 ) ) ;
#2855 = ORIENTED_EDGE ( 'NONE', *, *, #1632, .F. ) ;
#2856 = DIRECTION ( 'NONE',  ( 1.000000000000000000, 3.739355071232960276E-11, -2.449954245105001264E-10 ) ) ;
#2857 = LINE ( 'NONE', #4206, #1993 ) ;
#2858 = UNCERTAINTY_MEASURE_WITH_UNIT (LENGTH_MEASURE( 1.000000000000000082E-05 ), #2888, 'distance_accuracy_value', 'NONE');
#2859 = PLANE ( 'NONE',  #3663 ) ;
#2860 = DIRECTION ( 'NONE',  ( 0.7190916418846066138, -0.6949152542373066010, 1.176083712526648406E-15 ) ) ;
#2861 = CARTESIAN_POINT ( 'NONE',  ( 0.7500000000000000000, 5.400000000000007461, -6.549999999999975842 ) ) ;
#2862 = LINE ( 'NONE', #3753, #5370 ) ;
#2863 = CIRCLE ( 'NONE', #5408, 1.399999999999999911 ) ;
#2864 = EDGE_LOOP ( 'NONE', ( #5822, #2478, #1916, #2697 ) ) ;
#2865 = AXIS2_PLACEMENT_3D ( 'NONE', #1164, #810, #2946 ) ;
#2866 = CARTESIAN_POINT ( 'NONE',  ( 4.774841765817999573, 8.200000000001308464, -6.549999999999981171 ) ) ;
#2867 = FACE_OUTER_BOUND ( 'NONE', #3413, .T. ) ;
#2868 = DIRECTION ( 'NONE',  ( 0.0000000000000000000, 0.8944271909998966485, 0.4472135954999965635 ) ) ;
#2869 = DIRECTION ( 'NONE',  ( 0.0000000000000000000, 1.000000000000000000, -2.891205793294679017E-15 ) ) ;
#2870 = EDGE_LOOP ( 'NONE', ( #3078, #3179, #5104, #4240, #4291, #2938, #3871, #5354 ) ) ;
#2871 = EDGE_CURVE ( 'NONE', #5329, #2151, #5831, .T. ) ;
#2872 = VECTOR ( 'NONE', #667, 1000.000000000000000 ) ;
#2873 =( GEOMETRIC_REPRESENTATION_CONTEXT ( 3 ) GLOBAL_UNCERTAINTY_ASSIGNED_CONTEXT ( ( #882 ) ) GLOBAL_UNIT_ASSIGNED_CONTEXT ( ( #3386, #1342, #2486 ) ) REPRESENTATION_CONTEXT ( 'NONE', 'WORKASPACE' ) );
#2874 = CARTESIAN_POINT ( 'NONE',  ( 10.91999999999999993, 7.150000000000021672, 2.150000000000022560 ) ) ;
#2875 = EDGE_CURVE ( 'NONE', #3654, #2246, #541, .T. ) ;
#2876 = ORIENTED_EDGE ( 'NONE', *, *, #422, .F. ) ;
#2877 = ORIENTED_EDGE ( 'NONE', *, *, #1231, .T. ) ;
#2878 = ADVANCED_FACE ( 'NONE', ( #3684 ), #4440, .F. ) ;
#2879 = CARTESIAN_POINT ( 'NONE',  ( 13.31999999999999851, 7.100000000000012079, -4.249999999999977796 ) ) ;
#2880 = ORIENTED_EDGE ( 'NONE', *, *, #1323, .T. ) ;
#2881 = ADVANCED_FACE ( 'NONE', ( #5729 ), #2167, .F. ) ;
#2882 = ADVANCED_FACE ( 'NONE', ( #4845 ), #1241, .T. ) ;
#2883 = FACE_OUTER_BOUND ( 'NONE', #1897, .T. ) ;
#2884 = VECTOR ( 'NONE', #315, 1000.000000000000000 ) ;
#2885 = ORIENTED_EDGE ( 'NONE', *, *, #3780, .F. ) ;
#2886 = PLANE ( 'NONE',  #1360 ) ;
#2887 =( NAMED_UNIT ( * ) SI_UNIT ( $, .STERADIAN. ) SOLID_ANGLE_UNIT ( ) );
#2888 =( LENGTH_UNIT ( ) NAMED_UNIT ( * ) SI_UNIT ( .MILLI., .METRE. ) );
#2889 = CARTESIAN_POINT ( 'NONE',  ( 10.41999999999999815, 7.650000000000014566, -2.699999999999979305 ) ) ;
#2890 = ORIENTED_EDGE ( 'NONE', *, *, #4248, .T. ) ;
#2891 = SURFACE_SIDE_STYLE ('',( #5115 ) ) ;
#2892 = VECTOR ( 'NONE', #3975, 1000.000000000000227 ) ;
#2893 = DIRECTION ( 'NONE',  ( -1.000000000000000000, 0.0000000000000000000, -0.0000000000000000000 ) ) ;
#2894 = FACE_OUTER_BOUND ( 'NONE', #1945, .T. ) ;
#2895 = FACE_OUTER_BOUND ( 'NONE', #1921, .T. ) ;
#2896 = CARTESIAN_POINT ( 'NONE',  ( 10.41999999999999815, 8.200000000000009948, -5.599999999999980105 ) ) ;
#2897 = MECHANICAL_DESIGN_GEOMETRIC_PRESENTATION_REPRESENTATION (  '', ( #3462 ), #942 ) ;
#2898 = VECTOR ( 'NONE', #4629, 1000.000000000000000 ) ;
#2899 = ADVANCED_FACE ( 'NONE', ( #419 ), #4409, .F. ) ;
#2900 = EDGE_LOOP ( 'NONE', ( #2395, #1825, #2556, #1180 ) ) ;
#2901 = VECTOR ( 'NONE', #1135, 1000.000000000000000 ) ;
#2902 = DIRECTION ( 'NONE',  ( 0.0000000000000000000, 1.000000000000000000, -1.644517855226012731E-15 ) ) ;
#2903 = CARTESIAN_POINT ( 'NONE',  ( 11.81999999999999851, 7.650000000000011902, -4.249999999999979572 ) ) ;
#2904 = CARTESIAN_POINT ( 'NONE',  ( 11.11999999999999744, 10.60000000000002451, 3.050000000000017142 ) ) ;
#2905 = ORIENTED_EDGE ( 'NONE', *, *, #5250, .F. ) ;
#2906 = VECTOR ( 'NONE', #4832, 1000.000000000000000 ) ;
#2907 = MECHANICAL_DESIGN_GEOMETRIC_PRESENTATION_REPRESENTATION (  '', ( #1222 ), #4413 ) ;
#2908 = CARTESIAN_POINT ( 'NONE',  ( -0.2999999999999999889, 11.10000000000002629, 4.350000000000016520 ) ) ;
#2909 = ORIENTED_EDGE ( 'NONE', *, *, #5725, .F. ) ;
#2910 = ORIENTED_EDGE ( 'NONE', *, *, #5603, .T. ) ;
#2911 = ORIENTED_EDGE ( 'NONE', *, *, #3143, .F. ) ;
#2912 = ADVANCED_FACE ( 'NONE', ( #5695 ), #1646, .T. ) ;
#2913 = CARTESIAN_POINT ( 'NONE',  ( 9.919999999999998153, 0.7500000000000058842, -6.149999999999968381 ) ) ;
#2914 = ORIENTED_EDGE ( 'NONE', *, *, #3272, .F. ) ;
#2915 = DIRECTION ( 'NONE',  ( 0.0000000000000000000, 0.1205431253957964799, -0.9927080914950846546 ) ) ;
#2916 = LINE ( 'NONE', #3776, #3868 ) ;
#2917 = LINE ( 'NONE', #744, #2327 ) ;
#2918 = VECTOR ( 'NONE', #727, 999.9999999999998863 ) ;
#2919 = PRODUCT_DEFINITION_CONTEXT ( 'detailed design', #4552, 'design' ) ;
#2920 = FACE_OUTER_BOUND ( 'NONE', #1595, .T. ) ;
#2921 = EDGE_CURVE ( 'NONE', #3262, #4340, #3027, .T. ) ;
#2922 = LINE ( 'NONE', #4179, #3434 ) ;
#2923 = EDGE_CURVE ( 'NONE', #3792, #4623, #2611, .T. ) ;
#2924 = AXIS2_PLACEMENT_3D ( 'NONE', #4903, #858, #3205 ) ;
#2925 = DIRECTION ( 'NONE',  ( -1.000000000000000000, -2.921250539646147360E-29, -1.776356839400000238E-14 ) ) ;
#2926 = DIRECTION ( 'NONE',  ( 0.0000000000000000000, 1.000000000000000000, -1.644517855226012731E-15 ) ) ;
#2927 = CIRCLE ( 'NONE', #883, 1.350000000000000533 ) ;
#2928 = EDGE_LOOP ( 'NONE', ( #5444, #1408, #597, #143 ) ) ;
#2929 = DIRECTION ( 'NONE',  ( -0.2357022603954935791, -0.9428090415820749026, -0.2357022603954920803 ) ) ;
#2930 = VECTOR ( 'NONE', #3359, 1000.000000000000114 ) ;
#2931 = DIRECTION ( 'NONE',  ( -0.2439024390226962047, 0.9697997732721842512, -1.692413147292794884E-15 ) ) ;
#2932 = SURFACE_SIDE_STYLE ('',( #2793 ) ) ;
#2933 = EDGE_LOOP ( 'NONE', ( #4465, #1967, #1207, #4140, #2818, #1278 ) ) ;
#2934 = VECTOR ( 'NONE', #5024, 1000.000000000000000 ) ;
#2935 = CARTESIAN_POINT ( 'NONE',  ( 3.310000000000000053, 6.200000000000009059, -5.599999999999976552 ) ) ;
#2936 = SURFACE_STYLE_USAGE ( .BOTH. , #3379 ) ;
#2937 = ORIENTED_EDGE ( 'NONE', *, *, #1495, .T. ) ;
#2938 = ORIENTED_EDGE ( 'NONE', *, *, #3028, .T. ) ;
#2939 = ORIENTED_EDGE ( 'NONE', *, *, #616, .T. ) ;
#2940 = ORIENTED_EDGE ( 'NONE', *, *, #422, .T. ) ;
#2941 = CARTESIAN_POINT ( 'NONE',  ( 2.299999999999999822, 6.850000000000009415, -5.149999999999977263 ) ) ;
#2942 = ORIENTED_EDGE ( 'NONE', *, *, #5127, .T. ) ;
#2943 = DIRECTION ( 'NONE',  ( 0.0000000000000000000, 0.4472135954999965080, -0.8944271909998966485 ) ) ;
#2944 = CARTESIAN_POINT ( 'NONE',  ( 12.46999999999999886, 5.400000000000007461, -6.549999999999975842 ) ) ;
#2945 = EDGE_CURVE ( 'NONE', #5253, #2822, #957, .T. ) ;
#2946 = DIRECTION ( 'NONE',  ( 0.0000000000000000000, -1.000000000000000000, 1.644517855226012731E-15 ) ) ;
#2947 = CARTESIAN_POINT ( 'NONE',  ( 2.799999999999999822, 7.450000000000011724, -4.249999999999979572 ) ) ;
#2948 = LINE ( 'NONE', #3486, #5148 ) ;
#2949 = ADVANCED_FACE ( 'NONE', ( #3086 ), #795, .F. ) ;
#2950 = FILL_AREA_STYLE_COLOUR ( '', #4866 ) ;
#2951 = EDGE_CURVE ( 'NONE', #4134, #4900, #491, .T. ) ;
#2952 = ORIENTED_EDGE ( 'NONE', *, *, #1123, .T. ) ;
#2953 = DIRECTION ( 'NONE',  ( -0.0000000000000000000, -1.644517855226012731E-15, -1.000000000000000000 ) ) ;
#2954 = SURFACE_STYLE_FILL_AREA ( #693 ) ;
#2955 = VECTOR ( 'NONE', #1388, 1000.000000000000000 ) ;
#2956 = CARTESIAN_POINT ( 'NONE',  ( 11.11999999999999744, 10.60000000000002451, 3.050000000000017142 ) ) ;
#2957 = EDGE_CURVE ( 'NONE', #2401, #5357, #2960, .T. ) ;
#2958 = PLANE ( 'NONE',  #3172 ) ;
#2959 = ORIENTED_EDGE ( 'NONE', *, *, #3350, .F. ) ;
#2960 = LINE ( 'NONE', #1206, #2731 ) ;
#2961 = FACE_OUTER_BOUND ( 'NONE', #1183, .T. ) ;
#2962 = CARTESIAN_POINT ( 'NONE',  ( 10.89209790209799777, 7.150000000000011013, -4.484265734265979297 ) ) ;
#2963 = VERTEX_POINT ( 'NONE', #2513 ) ;
#2964 = ORIENTED_EDGE ( 'NONE', *, *, #3136, .T. ) ;
#2965 = EDGE_CURVE ( 'NONE', #4380, #799, #4785, .T. ) ;
#2966 = AXIS2_PLACEMENT_3D ( 'NONE', #3993, #3355, #5168 ) ;
#2967 = CARTESIAN_POINT ( 'NONE',  ( 4.921320343559999699, 5.400000000000022560, 3.050000000000025580 ) ) ;
#2968 = EDGE_LOOP ( 'NONE', ( #3071, #4555, #1524, #5474 ) ) ;
#2969 = PLANE ( 'NONE',  #203 ) ;
#2970 = ORIENTED_EDGE ( 'NONE', *, *, #4076, .F. ) ;
#2971 = LINE ( 'NONE', #2211, #4443 ) ;
#2972 = DIRECTION ( 'NONE',  ( 0.0000000000000000000, -1.000000000000000000, 1.644517855226012731E-15 ) ) ;
#2973 =( NAMED_UNIT ( * ) PLANE_ANGLE_UNIT ( ) SI_UNIT ( $, .RADIAN. ) );
#2974 = DIRECTION ( 'NONE',  ( 0.0000000000000000000, 1.000000000000000000, -1.644517855226012731E-15 ) ) ;
#2975 = ORIENTED_EDGE ( 'NONE', *, *, #5565, .F. ) ;
#2976 = LINE ( 'NONE', #1726, #5785 ) ;
#2977 = AXIS2_PLACEMENT_3D ( 'NONE', #1173, #5659, #3494 ) ;
#2978 = CARTESIAN_POINT ( 'NONE',  ( 11.31999999999999851, 11.75000000000002665, 4.350000000000015632 ) ) ;
#2979 = LINE ( 'NONE', #2565, #2827 ) ;
#2980 = CARTESIAN_POINT ( 'NONE',  ( 2.549999999999999822, 7.400000000000023448, 3.150000000000022560 ) ) ;
#2981 = CARTESIAN_POINT ( 'NONE',  ( 10.41999999999999815, 7.650000000000011902, -4.249999999999979572 ) ) ;
#2982 = UNCERTAINTY_MEASURE_WITH_UNIT (LENGTH_MEASURE( 1.000000000000000082E-05 ), #5303, 'distance_accuracy_value', 'NONE');
#2983 = AXIS2_PLACEMENT_3D ( 'NONE', #2566, #4397, #720 ) ;
#2984 = DIRECTION ( 'NONE',  ( -1.000000000000000000, 0.0000000000000000000, 0.0000000000000000000 ) ) ;
#2985 = VERTEX_POINT ( 'NONE', #1396 ) ;
#2986 = SURFACE_SIDE_STYLE ('',( #4952 ) ) ;
#2987 =( GEOMETRIC_REPRESENTATION_CONTEXT ( 3 ) GLOBAL_UNCERTAINTY_ASSIGNED_CONTEXT ( ( #330 ) ) GLOBAL_UNIT_ASSIGNED_CONTEXT ( ( #132, #3784, #668 ) ) REPRESENTATION_CONTEXT ( 'NONE', 'WORKASPACE' ) );
#2988 = MECHANICAL_DESIGN_GEOMETRIC_PRESENTATION_REPRESENTATION (  '', ( #643 ), #4767 ) ;
#2989 = CARTESIAN_POINT ( 'NONE',  ( 2.799999999999999822, 7.275000000000022560, 2.650000000000022560 ) ) ;
#2990 = LINE ( 'NONE', #2541, #869 ) ;
#2991 = VERTEX_POINT ( 'NONE', #4498 ) ;
#2992 = DIRECTION ( 'NONE',  ( -1.000000000000000000, 0.0000000000000000000, -0.0000000000000000000 ) ) ;
#2993 = DIRECTION ( 'NONE',  ( -0.0000000000000000000, -1.644517855226012731E-15, -1.000000000000000000 ) ) ;
#2994 = ORIENTED_EDGE ( 'NONE', *, *, #4625, .T. ) ;
#2995 = EDGE_CURVE ( 'NONE', #1655, #4047, #56, .T. ) ;
#2996 = DIRECTION ( 'NONE',  ( 1.000000000000000000, -0.0000000000000000000, -0.0000000000000000000 ) ) ;
#2997 = LINE ( 'NONE', #3844, #1439 ) ;
#2998 = AXIS2_PLACEMENT_3D ( 'NONE', #2497, #2063, #1635 ) ;
#2999 = PRESENTATION_LAYER_ASSIGNMENT (  '', '', ( #5528 ) ) ;
#3000 = ORIENTED_EDGE ( 'NONE', *, *, #3180, .F. ) ;
#3001 = EDGE_LOOP ( 'NONE', ( #2549, #1319, #2663, #5580 ) ) ;
#3002 = AXIS2_PLACEMENT_3D ( 'NONE', #730, #319, #5663 ) ;
#3003 = ORIENTED_EDGE ( 'NONE', *, *, #1917, .F. ) ;
#3004 = DIRECTION ( 'NONE',  ( -0.0000000000000000000, -1.644517855226012731E-15, -1.000000000000000000 ) ) ;
#3005 = EDGE_LOOP ( 'NONE', ( #3984, #1660, #3900, #922 ) ) ;
#3006 = FACE_OUTER_BOUND ( 'NONE', #3500, .T. ) ;
#3007 =( NAMED_UNIT ( * ) SI_UNIT ( $, .STERADIAN. ) SOLID_ANGLE_UNIT ( ) );
#3008 = LINE ( 'NONE', #5145, #3463 ) ;
#3009 = PLANE ( 'NONE',  #4193 ) ;
#3010 = ORIENTED_EDGE ( 'NONE', *, *, #3065, .T. ) ;
#3011 = CARTESIAN_POINT ( 'NONE',  ( 0.0000000000000000000, 12.25000000000002665, 4.350000000000014744 ) ) ;
#3012 = CARTESIAN_POINT ( 'NONE',  ( 9.132560681153000459, 8.199999999994910027, -5.249999999787981153 ) ) ;
#3013 = CARTESIAN_POINT ( 'NONE',  ( 1.149999999999999911, 5.400000000000009237, -5.349999999999976552 ) ) ;
#3014 = COLOUR_RGB ( '',1.000000000000000000, 1.000000000000000000, 1.000000000000000000 ) ;
#3015 = FACE_OUTER_BOUND ( 'NONE', #2688, .T. ) ;
#3016 = LINE ( 'NONE', #4805, #2235 ) ;
#3017 =( GEOMETRIC_REPRESENTATION_CONTEXT ( 3 ) GLOBAL_UNCERTAINTY_ASSIGNED_CONTEXT ( ( #267 ) ) GLOBAL_UNIT_ASSIGNED_CONTEXT ( ( #3523, #4049, #1829 ) ) REPRESENTATION_CONTEXT ( 'NONE', 'WORKASPACE' ) );
#3018 = DIRECTION ( 'NONE',  ( -0.1653953539259913341, 0.4410542771359755587, -0.8821085542719547812 ) ) ;
#3019 = ORIENTED_EDGE ( 'NONE', *, *, #3533, .T. ) ;
#3020 = DIRECTION ( 'NONE',  ( 0.0000000000000000000, -1.000000000000000000, 1.644517855226012731E-15 ) ) ;
#3021 = ORIENTED_EDGE ( 'NONE', *, *, #1597, .T. ) ;
#3022 = CARTESIAN_POINT ( 'NONE',  ( 2.299999999999999822, 7.150000000000010125, -4.618965517240978258 ) ) ;
#3023 = LINE ( 'NONE', #4373, #1982 ) ;
#3024 = ORIENTED_EDGE ( 'NONE', *, *, #3623, .F. ) ;
#3025 = VECTOR ( 'NONE', #5367, 1000.000000000000000 ) ;
#3026 = LINE ( 'NONE', #4198, #2280 ) ;
#3027 = LINE ( 'NONE', #5287, #4675 ) ;
#3028 = EDGE_CURVE ( 'NONE', #5311, #2845, #981, .T. ) ;
#3029 =( NAMED_UNIT ( * ) SI_UNIT ( $, .STERADIAN. ) SOLID_ANGLE_UNIT ( ) );
#3030 = CARTESIAN_POINT ( 'NONE',  ( 2.549999999999999822, -0.2499999999999941436, -5.899999999999967493 ) ) ;
#3031 = DIRECTION ( 'NONE',  ( 0.0000000000000000000, -1.644517855226012731E-15, -1.000000000000000000 ) ) ;
#3032 = LINE ( 'NONE', #3507, #2245 ) ;
#3033 = ORIENTED_EDGE ( 'NONE', *, *, #4897, .F. ) ;
#3034 = EDGE_CURVE ( 'NONE', #655, #3782, #2805, .T. ) ;
#3035 = VERTEX_POINT ( 'NONE', #1370 ) ;
#3036 = PRESENTATION_LAYER_ASSIGNMENT (  '', '', ( #2456 ) ) ;
#3037 = EDGE_CURVE ( 'NONE', #1286, #4671, #3596, .T. ) ;
#3038 = ORIENTED_EDGE ( 'NONE', *, *, #536, .T. ) ;
#3039 = DIRECTION ( 'NONE',  ( -0.1421338109036998643, 0.3553345272594011783, 0.9238697708742987791 ) ) ;
#3040 = EDGE_CURVE ( 'NONE', #2685, #224, #1861, .T. ) ;
#3041 = ORIENTED_EDGE ( 'NONE', *, *, #1252, .F. ) ;
#3042 = CARTESIAN_POINT ( 'NONE',  ( 3.299737033658999952, 8.957775965783010719, -5.249999999998981259 ) ) ;
#3043 = SURFACE_SIDE_STYLE ('',( #2465 ) ) ;
#3044 = ORIENTED_EDGE ( 'NONE', *, *, #1231, .F. ) ;
#3045 = CARTESIAN_POINT ( 'NONE',  ( 1.350000000000000089, 5.400000000000011013, -4.249999999999976019 ) ) ;
#3046 = CARTESIAN_POINT ( 'NONE',  ( 9.759999999999999787, 4.200000000000005507, -7.249999999999973355 ) ) ;
#3047 = UNCERTAINTY_MEASURE_WITH_UNIT (LENGTH_MEASURE( 1.000000000000000082E-05 ), #282, 'distance_accuracy_value', 'NONE');
#3048 = CARTESIAN_POINT ( 'NONE',  ( 4.774841765813000016, 8.199999999998908606, -6.549999999999981171 ) ) ;
#3049 = VERTEX_POINT ( 'NONE', #3653 ) ;
#3050 =( NAMED_UNIT ( * ) SI_UNIT ( $, .STERADIAN. ) SOLID_ANGLE_UNIT ( ) );
#3051 = SURFACE_STYLE_FILL_AREA ( #3433 ) ;
#3052 = DIRECTION ( 'NONE',  ( -1.000000000000000000, 0.0000000000000000000, 0.0000000000000000000 ) ) ;
#3053 = DIRECTION ( 'NONE',  ( 1.000000000000000000, 0.0000000000000000000, 0.0000000000000000000 ) ) ;
#3054 = ORIENTED_EDGE ( 'NONE', *, *, #5569, .F. ) ;
#3055 = DIRECTION ( 'NONE',  ( 0.0000000000000000000, -0.1520571842539073237, 0.9883716976506222718 ) ) ;
#3056 = DIRECTION ( 'NONE',  ( 1.000000000000000000, 0.0000000000000000000, 0.0000000000000000000 ) ) ;
#3057 = AXIS2_PLACEMENT_3D ( 'NONE', #1361, #2730, #2282 ) ;
#3058 = PLANE ( 'NONE',  #4740 ) ;
#3059 = SURFACE_STYLE_FILL_AREA ( #797 ) ;
#3060 = EDGE_CURVE ( 'NONE', #919, #3836, #1589, .T. ) ;
#3061 = EDGE_LOOP ( 'NONE', ( #4867, #3773 ) ) ;
#3062 = VERTEX_POINT ( 'NONE', #893 ) ;
#3063 = VECTOR ( 'NONE', #2169, 1000.000000000000000 ) ;
#3064 = MECHANICAL_DESIGN_GEOMETRIC_PRESENTATION_REPRESENTATION (  '', ( #814 ), #4181 ) ;
#3065 = EDGE_CURVE ( 'NONE', #2173, #322, #5436, .T. ) ;
#3066 = ORIENTED_EDGE ( 'NONE', *, *, #332, .F. ) ;
#3067 = LINE ( 'NONE', #5801, #1255 ) ;
#3068 = ORIENTED_EDGE ( 'NONE', *, *, #1481, .T. ) ;
#3069 = CARTESIAN_POINT ( 'NONE',  ( 2.140000000000000124, 4.200000000000005507, -7.249999999999973355 ) ) ;
#3070 = CARTESIAN_POINT ( 'NONE',  ( 9.909999999999998366, 8.200000000000009948, -5.149999999999980815 ) ) ;
#3071 = ORIENTED_EDGE ( 'NONE', *, *, #771, .F. ) ;
#3072 = EDGE_CURVE ( 'NONE', #1889, #1286, #26, .T. ) ;
#3073 = DIRECTION ( 'NONE',  ( 0.0000000000000000000, -1.644517855226012731E-15, -1.000000000000000000 ) ) ;
#3074 = EDGE_CURVE ( 'NONE', #599, #5584, #2230, .T. ) ;
#3075 = PRESENTATION_STYLE_ASSIGNMENT (( #1663 ) ) ;
#3076 = PRESENTATION_STYLE_ASSIGNMENT (( #2186 ) ) ;
#3077 = LINE ( 'NONE', #2756, #5137 ) ;
#3078 = ORIENTED_EDGE ( 'NONE', *, *, #654, .T. ) ;
#3079 = ORIENTED_EDGE ( 'NONE', *, *, #5411, .F. ) ;
#3080 =( NAMED_UNIT ( * ) PLANE_ANGLE_UNIT ( ) SI_UNIT ( $, .RADIAN. ) );
#3081 = CARTESIAN_POINT ( 'NONE',  ( -0.1000000000000000056, 5.400000000000022560, 3.050000000000025580 ) ) ;
#3082 = VECTOR ( 'NONE', #4392, 1000.000000000000000 ) ;
#3083 = ORIENTED_EDGE ( 'NONE', *, *, #146, .F. ) ;
#3084 = LINE ( 'NONE', #1303, #4631 ) ;
#3085 = PLANE ( 'NONE',  #4207 ) ;
#3086 = FACE_OUTER_BOUND ( 'NONE', #5434, .T. ) ;
#3087 = VECTOR ( 'NONE', #1381, 1000.000000000000000 ) ;
#3088 = CARTESIAN_POINT ( 'NONE',  ( 28.46000000000000441, 10.60000000000001208, -4.249999999999984901 ) ) ;
#3089 = LINE ( 'NONE', #925, #582 ) ;
#3090 = LINE ( 'NONE', #1565, #454 ) ;
#3091 = VERTEX_POINT ( 'NONE', #951 ) ;
#3092 = STYLED_ITEM ( 'NONE', ( #2440 ), #3353 ) ;
#3093 = VERTEX_POINT ( 'NONE', #4531 ) ;
#3094 = MECHANICAL_DESIGN_GEOMETRIC_PRESENTATION_REPRESENTATION (  '', ( #3369 ), #5046 ) ;
#3095 = VECTOR ( 'NONE', #4476, 1000.000000000000000 ) ;
#3096 = ORIENTED_EDGE ( 'NONE', *, *, #3102, .T. ) ;
#3097 = ORIENTED_EDGE ( 'NONE', *, *, #5139, .T. ) ;
#3098 = LINE ( 'NONE', #4889, #309 ) ;
#3099 = MECHANICAL_DESIGN_GEOMETRIC_PRESENTATION_REPRESENTATION (  '', ( #746 ), #2049 ) ;
#3100 = CARTESIAN_POINT ( 'NONE',  ( 3.299999999999999822, 7.150000000000013678, -2.699999999999978417 ) ) ;
#3101 = ORIENTED_EDGE ( 'NONE', *, *, #5541, .T. ) ;
#3102 = EDGE_CURVE ( 'NONE', #4352, #4045, #1834, .T. ) ;
#3103 = CARTESIAN_POINT ( 'NONE',  ( 3.299999999999999822, 8.150000000000021672, 2.150000000000020783 ) ) ;
#3104 = DIRECTION ( 'NONE',  ( -1.000000000000000000, 0.0000000000000000000, 0.0000000000000000000 ) ) ;
#3105 = FILL_AREA_STYLE_COLOUR ( '', #4235 ) ;
#3106 = EDGE_CURVE ( 'NONE', #5065, #3797, #3561, .T. ) ;
#3107 = EDGE_CURVE ( 'NONE', #1970, #1005, #3178, .T. ) ;
#3108 = CARTESIAN_POINT ( 'NONE',  ( 4.200000000000000178, 5.400000000000011013, -4.249999999999976019 ) ) ;
#3109 = ORIENTED_EDGE ( 'NONE', *, *, #1951, .T. ) ;
#3110 = VERTEX_POINT ( 'NONE', #5826 ) ;
#3111 = SURFACE_SIDE_STYLE ('',( #1334 ) ) ;
#3112 = ORIENTED_EDGE ( 'NONE', *, *, #3380, .T. ) ;
#3113 = DIRECTION ( 'NONE',  ( 0.0000000000000000000, -1.000000000000000000, 1.644517855226012731E-15 ) ) ;
#3114 = FACE_OUTER_BOUND ( 'NONE', #4495, .T. ) ;
#3115 = VECTOR ( 'NONE', #3762, 1000.000000000000000 ) ;
#3116 = DIRECTION ( 'NONE',  ( 0.0000000000000000000, 1.000000000000000000, -1.644517855226012731E-15 ) ) ;
#3117 = ORIENTED_EDGE ( 'NONE', *, *, #45, .T. ) ;
#3118 = LINE ( 'NONE', #863, #1851 ) ;
#3119 =( GEOMETRIC_REPRESENTATION_CONTEXT ( 3 ) GLOBAL_UNCERTAINTY_ASSIGNED_CONTEXT ( ( #1882 ) ) GLOBAL_UNIT_ASSIGNED_CONTEXT ( ( #1931, #4182, #1959 ) ) REPRESENTATION_CONTEXT ( 'NONE', 'WORKASPACE' ) );
#3120 = FILL_AREA_STYLE_COLOUR ( '', #3014 ) ;
#3121 = ORIENTED_EDGE ( 'NONE', *, *, #2718, .T. ) ;
#3122 = ORIENTED_EDGE ( 'NONE', *, *, #252, .F. ) ;
#3123 = VECTOR ( 'NONE', #3549, 1000.000000000000000 ) ;
#3124 = CARTESIAN_POINT ( 'NONE',  ( 2.299999999999999822, 6.850000000000007638, -6.149999999999978151 ) ) ;
#3125 = VERTEX_POINT ( 'NONE', #4964 ) ;
#3126 = CARTESIAN_POINT ( 'NONE',  ( 10.91999999999999993, 7.650000000000026112, 4.350000000000021849 ) ) ;
#3127 = ORIENTED_EDGE ( 'NONE', *, *, #5001, .T. ) ;
#3128 = CARTESIAN_POINT ( 'NONE',  ( 3.310000000000000053, 6.470000000000009521, -5.149999999999977263 ) ) ;
#3129 = CARTESIAN_POINT ( 'NONE',  ( 3.310000000000000053, 4.200000000000009059, -5.149999999999973710 ) ) ;
#3130 = ORIENTED_EDGE ( 'NONE', *, *, #119, .T. ) ;
#3131 = VECTOR ( 'NONE', #1874, 1000.000000000000000 ) ;
#3132 = LINE ( 'NONE', #68, #4839 ) ;
#3133 = DIRECTION ( 'NONE',  ( 0.0000000000000000000, 1.644517855226012731E-15, 1.000000000000000000 ) ) ;
#3134 = PLANE ( 'NONE',  #1664 ) ;
#3135 =( NAMED_UNIT ( * ) SI_UNIT ( $, .STERADIAN. ) SOLID_ANGLE_UNIT ( ) );
#3136 = EDGE_CURVE ( 'NONE', #279, #2283, #1162, .T. ) ;
#3137 = PLANE ( 'NONE',  #4123 ) ;
#3138 = PLANE ( 'NONE',  #3057 ) ;
#3139 = ORIENTED_EDGE ( 'NONE', *, *, #809, .T. ) ;
#3140 = ORIENTED_EDGE ( 'NONE', *, *, #1710, .F. ) ;
#3141 = ADVANCED_FACE ( 'NONE', ( #683 ), #3449, .T. ) ;
#3142 = DIRECTION ( 'NONE',  ( 1.000000000000000000, 0.0000000000000000000, 0.0000000000000000000 ) ) ;
#3143 = EDGE_CURVE ( 'NONE', #5131, #4919, #2060, .T. ) ;
#3144 = ORIENTED_EDGE ( 'NONE', *, *, #530, .F. ) ;
#3145 = SURFACE_STYLE_USAGE ( .BOTH. , #2194 ) ;
#3146 = PLANE ( 'NONE',  #3747 ) ;
#3147 = CARTESIAN_POINT ( 'NONE',  ( -0.1000000000000000056, 7.100000000000012079, -4.249999999999977796 ) ) ;
#3148 = VERTEX_POINT ( 'NONE', #2031 ) ;
#3149 = FILL_AREA_STYLE_COLOUR ( '', #2218 ) ;
#3150 = ADVANCED_FACE ( 'NONE', ( #3800 ), #4264, .F. ) ;
#3151 = EDGE_CURVE ( 'NONE', #4934, #4790, #5647, .T. ) ;
#3152 = PLANE ( 'NONE',  #5461 ) ;
#3153 = ORIENTED_EDGE ( 'NONE', *, *, #4784, .T. ) ;
#3154 = PLANE ( 'NONE',  #1119 ) ;
#3155 = CARTESIAN_POINT ( 'NONE',  ( 4.200000000000000178, 5.400000000000011013, -4.249999999999976019 ) ) ;
#3156 = VECTOR ( 'NONE', #2358, 1000.000000000000000 ) ;
#3157 = ADVANCED_FACE ( 'NONE', ( #3360 ), #3826, .F. ) ;
#3158 = ORIENTED_EDGE ( 'NONE', *, *, #3785, .T. ) ;
#3159 = CARTESIAN_POINT ( 'NONE',  ( 9.947902097901998530, 7.150000000000011013, -4.484265734265979297 ) ) ;
#3160 = ORIENTED_EDGE ( 'NONE', *, *, #5138, .F. ) ;
#3161 = CARTESIAN_POINT ( 'NONE',  ( 4.404074711628999772, 8.199999999999208811, -5.840891000299981428 ) ) ;
#3162 = DIRECTION ( 'NONE',  ( 0.0000000000000000000, -1.000000000000000000, 1.644517855226012731E-15 ) ) ;
#3163 = ORIENTED_EDGE ( 'NONE', *, *, #5108, .T. ) ;
#3164 = VECTOR ( 'NONE', #2077, 1000.000000000000000 ) ;
#3165 = CARTESIAN_POINT ( 'NONE',  ( 9.719999999999998863, 10.60000000000002451, 3.050000000000017142 ) ) ;
#3166 = LINE ( 'NONE', #3925, #1968 ) ;
#3167 = LINE ( 'NONE', #4072, #91 ) ;
#3168 = FILL_AREA_STYLE_COLOUR ( '', #5501 ) ;
#3169 = SURFACE_STYLE_FILL_AREA ( #5811 ) ;
#3170 =( GEOMETRIC_REPRESENTATION_CONTEXT ( 3 ) GLOBAL_UNCERTAINTY_ASSIGNED_CONTEXT ( ( #4522 ) ) GLOBAL_UNIT_ASSIGNED_CONTEXT ( ( #5489, #5040, #2365 ) ) REPRESENTATION_CONTEXT ( 'NONE', 'WORKASPACE' ) );
#3171 = LINE ( 'NONE', #944, #2778 ) ;
#3172 = AXIS2_PLACEMENT_3D ( 'NONE', #4050, #3235, #2258 ) ;
#3173 = ORIENTED_EDGE ( 'NONE', *, *, #2281, .F. ) ;
#3174 = DIRECTION ( 'NONE',  ( 0.0000000000000000000, 0.4472135954999965080, -0.8944271909998966485 ) ) ;
#3175 = DIRECTION ( 'NONE',  ( -0.9828721869343185480, 3.030657864035044747E-16, 0.1842885350502034558 ) ) ;
#3176 = ORIENTED_EDGE ( 'NONE', *, *, #5684, .F. ) ;
#3177 = DIRECTION ( 'NONE',  ( 0.6998542122237899621, -0.7142857142856900987, 1.101411730778924973E-15 ) ) ;
#3178 = LINE ( 'NONE', #4019, #1783 ) ;
#3179 = ORIENTED_EDGE ( 'NONE', *, *, #2086, .F. ) ;
#3180 = EDGE_CURVE ( 'NONE', #1371, #5584, #2917, .T. ) ;
#3181 = PLANE ( 'NONE',  #3757 ) ;
#3182 = MECHANICAL_DESIGN_GEOMETRIC_PRESENTATION_REPRESENTATION (  '', ( #4583 ), #1873 ) ;
#3183 = FACE_OUTER_BOUND ( 'NONE', #2319, .T. ) ;
#3184 = VERTEX_POINT ( 'NONE', #4323 ) ;
#3185 = ADVANCED_FACE ( 'NONE', ( #301 ), #2091, .F. ) ;
#3186 = ADVANCED_FACE ( 'NONE', ( #1304 ), #5824, .F. ) ;
#3187 = CARTESIAN_POINT ( 'NONE',  ( 11.70743931895799861, 8.200000000000011724, -4.249999999999981348 ) ) ;
#3188 = AXIS2_PLACEMENT_3D ( 'NONE', #245, #2041, #1671 ) ;
#3189 = VECTOR ( 'NONE', #1051, 999.9999999999998863 ) ;
#3190 = ORIENTED_EDGE ( 'NONE', *, *, #5293, .T. ) ;
#3191 = CARTESIAN_POINT ( 'NONE',  ( 10.91999999999999993, 7.150000000000010125, -4.618965517240978258 ) ) ;
#3192 = EDGE_LOOP ( 'NONE', ( #2682, #5524, #5567, #1653, #5544, #868, #4285, #2134 ) ) ;
#3193 = CARTESIAN_POINT ( 'NONE',  ( 8.980798863169999535, 8.200000000002409806, -5.530731444174982414 ) ) ;
#3194 = LINE ( 'NONE', #1813, #355 ) ;
#3195 = VECTOR ( 'NONE', #3700, 1000.000000000000000 ) ;
#3196 = ORIENTED_EDGE ( 'NONE', *, *, #2441, .T. ) ;
#3197 = DIRECTION ( 'NONE',  ( 0.0000000000000000000, 1.644517855226012731E-15, 1.000000000000000000 ) ) ;
#3198 = PRESENTATION_STYLE_ASSIGNMENT (( #3894 ) ) ;
#3199 = CARTESIAN_POINT ( 'NONE',  ( 10.92999999999999794, 4.200000000000009059, -5.149999999999973710 ) ) ;
#3200 = SURFACE_STYLE_FILL_AREA ( #4205 ) ;
#3201 = AXIS2_PLACEMENT_3D ( 'NONE', #210, #4737, #1662 ) ;
#3202 = CARTESIAN_POINT ( 'NONE',  ( 10.91999999999999993, 8.150000000000011013, -3.950557738530979801 ) ) ;
#3203 = EDGE_LOOP ( 'NONE', ( #324, #2657, #709, #5014, #5718, #4262 ) ) ;
#3204 = FACE_OUTER_BOUND ( 'NONE', #2027, .T. ) ;
#3205 = DIRECTION ( 'NONE',  ( 0.0000000000000000000, -1.000000000000000000, 1.706285433296815973E-15 ) ) ;
#3206 = EDGE_LOOP ( 'NONE', ( #3893, #2459, #195, #2080 ) ) ;
#3207 =( NAMED_UNIT ( * ) PLANE_ANGLE_UNIT ( ) SI_UNIT ( $, .RADIAN. ) );
#3208 = CARTESIAN_POINT ( 'NONE',  ( 1.000000000000000000, 10.75000000000000711, -7.249999999999984013 ) ) ;
#3209 = ORIENTED_EDGE ( 'NONE', *, *, #595, .F. ) ;
#3210 = DIRECTION ( 'NONE',  ( -0.0000000000000000000, -1.644517855226012731E-15, -1.000000000000000000 ) ) ;
#3211 = FACE_OUTER_BOUND ( 'NONE', #4389, .T. ) ;
#3212 = CIRCLE ( 'NONE', #1900, 2.050000000002000888 ) ;
#3213 = ADVANCED_FACE ( 'NONE', ( #3931 ), #3085, .T. ) ;
#3214 = DIRECTION ( 'NONE',  ( 0.0000000000000000000, 0.9927080914950846546, 0.1205431253957964799 ) ) ;
#3215 = VECTOR ( 'NONE', #3142, 1000.000000000000000 ) ;
#3216 = PLANE ( 'NONE',  #4128 ) ;
#3217 = EDGE_CURVE ( 'NONE', #27, #773, #5349, .T. ) ;
#3218 = EDGE_LOOP ( 'NONE', ( #4431, #4000, #4677, #2072 ) ) ;
#3219 = VERTEX_POINT ( 'NONE', #4377 ) ;
#3220 = ADVANCED_FACE ( 'NONE', ( #1337 ), #4018, .F. ) ;
#3221 = CARTESIAN_POINT ( 'NONE',  ( 9.019999999999997797, 5.400000000000011013, -4.249999999999976019 ) ) ;
#3222 =( GEOMETRIC_REPRESENTATION_CONTEXT ( 3 ) GLOBAL_UNCERTAINTY_ASSIGNED_CONTEXT ( ( #1163 ) ) GLOBAL_UNIT_ASSIGNED_CONTEXT ( ( #2632, #5778, #2667 ) ) REPRESENTATION_CONTEXT ( 'NONE', 'WORKASPACE' ) );
#3223 = DIRECTION ( 'NONE',  ( -1.000000000000000000, 0.0000000000000000000, -0.0000000000000000000 ) ) ;
#3224 = ORIENTED_EDGE ( 'NONE', *, *, #3028, .F. ) ;
#3225 = CARTESIAN_POINT ( 'NONE',  ( 10.41999999999999815, 7.450000000000025935, 4.350000000000021849 ) ) ;
#3226 = VECTOR ( 'NONE', #871, 1000.000000000000000 ) ;
#3227 = EDGE_CURVE ( 'NONE', #4086, #1797, #5317, .T. ) ;
#3228 = DIRECTION ( 'NONE',  ( 0.2425356250363093769, -0.9701425001453377606, 1.595416663602612589E-15 ) ) ;
#3229 = CARTESIAN_POINT ( 'NONE',  ( 10.91999999999999993, 6.850000000000010303, -4.849999999999977440 ) ) ;
#3230 = CARTESIAN_POINT ( 'NONE',  ( 2.299999999999999822, 8.135517241379311315, -4.618965517240978258 ) ) ;
#3231 = UNCERTAINTY_MEASURE_WITH_UNIT (LENGTH_MEASURE( 1.000000000000000082E-05 ), #1167, 'distance_accuracy_value', 'NONE');
#3232 = VECTOR ( 'NONE', #3559, 1000.000000000000000 ) ;
#3233 = DIRECTION ( 'NONE',  ( 0.0000000000000000000, 1.644517855226012731E-15, 1.000000000000000000 ) ) ;
#3234 = CARTESIAN_POINT ( 'NONE',  ( 4.599999999999999645, 3.750000000000004885, -7.649999999999974598 ) ) ;
#3235 = DIRECTION ( 'NONE',  ( 0.0000000000000000000, -1.000000000000000000, 1.644517855226012731E-15 ) ) ;
#3236 = ADVANCED_FACE ( 'NONE', ( #3114 ), #3146, .T. ) ;
#3237 = EDGE_LOOP ( 'NONE', ( #1772, #159, #292, #1649, #1171 ) ) ;
#3238 = ORIENTED_EDGE ( 'NONE', *, *, #5258, .T. ) ;
#3239 = LINE ( 'NONE', #5441, #2396 ) ;
#3240 = CARTESIAN_POINT ( 'NONE',  ( 9.919999999999998153, 6.850000000000010303, -4.849999999999977440 ) ) ;
#3241 = ORIENTED_EDGE ( 'NONE', *, *, #5686, .T. ) ;
#3242 = ADVANCED_FACE ( 'NONE', ( #448 ), #1369, .T. ) ;
#3243 = DIRECTION ( 'NONE',  ( -1.000000000000000000, 0.0000000000000000000, -0.0000000000000000000 ) ) ;
#3244 = VERTEX_POINT ( 'NONE', #5789 ) ;
#3245 = PLANE ( 'NONE',  #1069 ) ;
#3246 = VECTOR ( 'NONE', #2984, 1000.000000000000000 ) ;
#3247 = FILL_AREA_STYLE ('',( #2406 ) ) ;
#3248 = CARTESIAN_POINT ( 'NONE',  ( 2.290000000000000036, 8.200000000000009948, -6.049999999999982059 ) ) ;
#3249 = CARTESIAN_POINT ( 'NONE',  ( 2.549999999999999822, -0.2499999999999941436, -5.899999999999967493 ) ) ;
#3250 = VECTOR ( 'NONE', #4923, 1000.000000000000000 ) ;
#3251 = ADVANCED_FACE ( 'NONE', ( #4439 ), #1799, .F. ) ;
#3252 = DIRECTION ( 'NONE',  ( 0.0000000000000000000, -1.644517855226012731E-15, -1.000000000000000000 ) ) ;
#3253 = DIRECTION ( 'NONE',  ( 1.000000000000000000, 2.220446049251000652E-14, -3.651563174559328624E-29 ) ) ;
#3254 = VECTOR ( 'NONE', #1172, 1000.000000000000000 ) ;
#3255 = CARTESIAN_POINT ( 'NONE',  ( 3.272097902097999889, 7.150000000000011013, -4.484265734265979297 ) ) ;
#3256 = EDGE_LOOP ( 'NONE', ( #1232, #4419, #837, #4663 ) ) ;
#3257 = PRESENTATION_STYLE_ASSIGNMENT (( #2735 ) ) ;
#3258 = ORIENTED_EDGE ( 'NONE', *, *, #1194, .F. ) ;
#3259 = LINE ( 'NONE', #1145, #4111 ) ;
#3260 = DIRECTION ( 'NONE',  ( 0.0000000000000000000, 1.000000000000000000, -1.644517855226012731E-15 ) ) ;
#3261 = CONICAL_SURFACE ( 'NONE', #153, 1.724947660679000405, 0.4636476090007536355 ) ;
#3262 = VERTEX_POINT ( 'NONE', #382 ) ;
#3263 = AXIS2_PLACEMENT_3D ( 'NONE', #2386, #5539, #1110 ) ;
#3264 = CARTESIAN_POINT ( 'NONE',  ( 3.299999999999999822, 7.650000000000010125, -5.249999999999978684 ) ) ;
#3265 = ORIENTED_EDGE ( 'NONE', *, *, #4009, .T. ) ;
#3266 = ORIENTED_EDGE ( 'NONE', *, *, #5737, .F. ) ;
#3267 =( GEOMETRIC_REPRESENTATION_CONTEXT ( 3 ) GLOBAL_UNCERTAINTY_ASSIGNED_CONTEXT ( ( #2102 ) ) GLOBAL_UNIT_ASSIGNED_CONTEXT ( ( #2067, #310, #340 ) ) REPRESENTATION_CONTEXT ( 'NONE', 'WORKASPACE' ) );
#3268 = PLANE ( 'NONE',  #598 ) ;
#3269 = COLOUR_RGB ( '',1.000000000000000000, 1.000000000000000000, 1.000000000000000000 ) ;
#3270 = VECTOR ( 'NONE', #32, 1000.000000000000000 ) ;
#3271 = LINE ( 'NONE', #69, #4950 ) ;
#3272 = EDGE_CURVE ( 'NONE', #27, #4126, #892, .T. ) ;
#3273 = CARTESIAN_POINT ( 'NONE',  ( 3.310000000000000053, 8.200000000000009948, -5.149999999999980815 ) ) ;
#3274 = CARTESIAN_POINT ( 'NONE',  ( 21.64000000000000057, 11.55000000000002203, 1.350000000000014744 ) ) ;
#3275 = VECTOR ( 'NONE', #4686, 1000.000000000000000 ) ;
#3276 = VECTOR ( 'NONE', #2801, 999.9999999999998863 ) ;
#3277 =( NAMED_UNIT ( * ) PLANE_ANGLE_UNIT ( ) SI_UNIT ( $, .RADIAN. ) );
#3278 = LINE ( 'NONE', #3255, #396 ) ;
#3279 = EDGE_CURVE ( 'NONE', #4808, #4700, #3594, .T. ) ;
#3280 = ORIENTED_EDGE ( 'NONE', *, *, #2276, .F. ) ;
#3281 = FILL_AREA_STYLE ('',( #157 ) ) ;
#3282 = EDGE_CURVE ( 'NONE', #3782, #666, #417, .T. ) ;
#3283 = VERTEX_POINT ( 'NONE', #4133 ) ;
#3284 = CARTESIAN_POINT ( 'NONE',  ( 9.919999999999998153, 8.150000000000021672, 2.150000000000020783 ) ) ;
#3285 = CARTESIAN_POINT ( 'NONE',  ( 10.41999999999999815, 7.650000000000007461, -6.549999999999979394 ) ) ;
#3286 = ORIENTED_EDGE ( 'NONE', *, *, #72, .T. ) ;
#3287 = AXIS2_PLACEMENT_3D ( 'NONE', #5698, #386, #4382 ) ;
#3288 = CARTESIAN_POINT ( 'NONE',  ( 1.350000000000000089, 5.400000000000011013, -4.249999999999976019 ) ) ;
#3289 = ORIENTED_EDGE ( 'NONE', *, *, #4349, .T. ) ;
#3290 = ORIENTED_EDGE ( 'NONE', *, *, #5440, .F. ) ;
#3291 = FACE_OUTER_BOUND ( 'NONE', #5476, .T. ) ;
#3292 = VECTOR ( 'NONE', #480, 1000.000000000000227 ) ;
#3293 = ORIENTED_EDGE ( 'NONE', *, *, #5335, .F. ) ;
#3294 = DIRECTION ( 'NONE',  ( 0.0000000000000000000, -1.734723475976807094E-15, -1.000000000000000000 ) ) ;
#3295 = LINE ( 'NONE', #2802, #5794 ) ;
#3296 = ORIENTED_EDGE ( 'NONE', *, *, #3429, .F. ) ;
#3297 =( GEOMETRIC_REPRESENTATION_CONTEXT ( 3 ) GLOBAL_UNCERTAINTY_ASSIGNED_CONTEXT ( ( #3231 ) ) GLOBAL_UNIT_ASSIGNED_CONTEXT ( ( #1167, #2065, #4772 ) ) REPRESENTATION_CONTEXT ( 'NONE', 'WORKASPACE' ) );
#3298 = FACE_OUTER_BOUND ( 'NONE', #4829, .T. ) ;
#3299 = CARTESIAN_POINT ( 'NONE',  ( 3.310000000000000053, 8.400000000000007461, -6.449999999999981526 ) ) ;
#3300 = DIRECTION ( 'NONE',  ( 0.7190916418846066138, -0.6949152542373067121, 1.176083712526648603E-15 ) ) ;
#3301 = VECTOR ( 'NONE', #2057, 1000.000000000000114 ) ;
#3302 = CARTESIAN_POINT ( 'NONE',  ( 2.799999999999999822, 7.650000000000012790, -3.474999999999979661 ) ) ;
#3303 = FILL_AREA_STYLE_COLOUR ( '', #1883 ) ;
#3304 = EDGE_CURVE ( 'NONE', #2685, #4126, #4601, .T. ) ;
#3305 = CARTESIAN_POINT ( 'NONE',  ( 2.549999999999999822, 7.400000000000023448, 3.150000000000022560 ) ) ;
#3306 = VECTOR ( 'NONE', #1409, 1000.000000000000000 ) ;
#3307 = DIRECTION ( 'NONE',  ( 0.0000000000000000000, -1.000000000000000000, 1.644517855226012731E-15 ) ) ;
#3308 = ORIENTED_EDGE ( 'NONE', *, *, #629, .T. ) ;
#3309 = EDGE_CURVE ( 'NONE', #1371, #5432, #2144, .T. ) ;
#3310 = DIRECTION ( 'NONE',  ( 0.1520571842539035212, -1.625394904386495651E-15, -0.9883716976506230489 ) ) ;
#3311 = FILL_AREA_STYLE_COLOUR ( '', #3269 ) ;
#3312 = VECTOR ( 'NONE', #2228, 1000.000000000000000 ) ;
#3313 = EDGE_CURVE ( 'NONE', #4047, #5492, #1906, .T. ) ;
#3314 = PLANE ( 'NONE',  #1581 ) ;
#3315 = DIRECTION ( 'NONE',  ( 0.1421338109036998643, 0.3553345272594011783, 0.9238697708742987791 ) ) ;
#3316 = VERTEX_POINT ( 'NONE', #1463 ) ;
#3317 = AXIS2_PLACEMENT_3D ( 'NONE', #2335, #1423, #3307 ) ;
#3318 = EDGE_CURVE ( 'NONE', #4621, #3484, #2783, .T. ) ;
#3319 = ADVANCED_FACE ( 'NONE', ( #1928 ), #2859, .F. ) ;
#3320 = FACE_OUTER_BOUND ( 'NONE', #3513, .T. ) ;
#3321 = EDGE_LOOP ( 'NONE', ( #800, #2418, #5627, #1151, #1322, #326 ) ) ;
#3322 = ORIENTED_EDGE ( 'NONE', *, *, #4584, .F. ) ;
#3323 = CARTESIAN_POINT ( 'NONE',  ( 5.004540768505000514, 5.200000000000025047, 4.350000000000026290 ) ) ;
#3324 = VERTEX_POINT ( 'NONE', #4657 ) ;
#3325 = EDGE_CURVE ( 'NONE', #4286, #740, #4209, .T. ) ;
#3326 = DIRECTION ( 'NONE',  ( 0.9195995135409532617, 0.3928571428588794601, -6.195440985635878855E-16 ) ) ;
#3327 = ORIENTED_EDGE ( 'NONE', *, *, #1557, .T. ) ;
#3328 = CARTESIAN_POINT ( 'NONE',  ( 2.299999999999999822, 0.7500000000000075495, -5.149999999999967493 ) ) ;
#3329 = CARTESIAN_POINT ( 'NONE',  ( 2.299999999999999822, 9.638089535207772229, -6.549999999999982947 ) ) ;
#3330 = FILL_AREA_STYLE ('',( #1544 ) ) ;
#3331 = VECTOR ( 'NONE', #2561, 1000.000000000000000 ) ;
#3332 = DIRECTION ( 'NONE',  ( 0.0000000000000000000, 1.000000000000000000, -1.644517855226012731E-15 ) ) ;
#3333 = CARTESIAN_POINT ( 'NONE',  ( 10.92999999999999794, 4.200000000000009059, -5.149999999999973710 ) ) ;
#3334 = DIRECTION ( 'NONE',  ( 0.0000000000000000000, 1.000000000000000000, -1.644517855226012731E-15 ) ) ;
#3335 = DIRECTION ( 'NONE',  ( -0.0000000000000000000, -1.644517855226012731E-15, -1.000000000000000000 ) ) ;
#3336 = VECTOR ( 'NONE', #1353, 1000.000000000000000 ) ;
#3337 = ORIENTED_EDGE ( 'NONE', *, *, #2198, .T. ) ;
#3338 = PRESENTATION_LAYER_ASSIGNMENT (  '', '', ( #144 ) ) ;
#3339 = CARTESIAN_POINT ( 'NONE',  ( 9.919999999999998153, 7.650000000000007461, -6.549999999999979394 ) ) ;
#3340 = CARTESIAN_POINT ( 'NONE',  ( 10.41999999999999815, 8.300000000000009592, -6.249999999999981348 ) ) ;
#3341 = CARTESIAN_POINT ( 'NONE',  ( 9.882499999999998508, 7.492500000000010374, -4.799999999999979394 ) ) ;
#3342 = ORIENTED_EDGE ( 'NONE', *, *, #3467, .T. ) ;
#3343 = VECTOR ( 'NONE', #5530, 1000.000000000000000 ) ;
#3344 = EDGE_CURVE ( 'NONE', #4989, #5246, #3748, .T. ) ;
#3345 = CARTESIAN_POINT ( 'NONE',  ( 3.310000000000000053, 8.200000000000009948, -6.049999999999982059 ) ) ;
#3346 = AXIS2_PLACEMENT_3D ( 'NONE', #866, #4704, #4233 ) ;
#3347 = PLANE ( 'NONE',  #5719 ) ;
#3348 =( NAMED_UNIT ( * ) PLANE_ANGLE_UNIT ( ) SI_UNIT ( $, .RADIAN. ) );
#3349 = EDGE_LOOP ( 'NONE', ( #4228, #1332, #4606, #725 ) ) ;
#3350 = EDGE_CURVE ( 'NONE', #4446, #2045, #1048, .T. ) ;
#3351 = ORIENTED_EDGE ( 'NONE', *, *, #5030, .T. ) ;
#3352 = FACE_OUTER_BOUND ( 'NONE', #5054, .T. ) ;
#3353 = ADVANCED_FACE ( 'NONE', ( #606 ), #5257, .T. ) ;
#3354 = ORIENTED_EDGE ( 'NONE', *, *, #4669, .T. ) ;
#3355 = DIRECTION ( 'NONE',  ( 0.0000000000000000000, -1.644517855226012731E-15, -1.000000000000000000 ) ) ;
#3356 = VECTOR ( 'NONE', #4463, 1000.000000000000114 ) ;
#3357 = ORIENTED_EDGE ( 'NONE', *, *, #1505, .F. ) ;
#3358 = CARTESIAN_POINT ( 'NONE',  ( 3.299999999999999822, 9.638089535209282133, -6.549999999999982947 ) ) ;
#3359 = DIRECTION ( 'NONE',  ( 0.1421338109036998643, 0.3553345272593981807, -0.9238697708742998893 ) ) ;
#3360 = FACE_OUTER_BOUND ( 'NONE', #5265, .T. ) ;
#3361 = CARTESIAN_POINT ( 'NONE',  ( 13.31999999999999851, 5.400000000000022560, 3.050000000000025580 ) ) ;
#3362 = SURFACE_STYLE_FILL_AREA ( #5237 ) ;
#3363 = VECTOR ( 'NONE', #3512, 1000.000000000000000 ) ;
#3364 = DIRECTION ( 'NONE',  ( 0.0000000000000000000, -1.644517855226012731E-15, -1.000000000000000000 ) ) ;
#3365 = LINE ( 'NONE', #716, #5526 ) ;
#3366 = CARTESIAN_POINT ( 'NONE',  ( 12.88066017177979994, 5.300000000000024691, 3.700000000000026379 ) ) ;
#3367 = DIRECTION ( 'NONE',  ( 0.0000000000000000000, 1.000000000000000000, -1.644517855226012731E-15 ) ) ;
#3368 = MECHANICAL_DESIGN_GEOMETRIC_PRESENTATION_REPRESENTATION (  '', ( #5522 ), #259 ) ;
#3369 = STYLED_ITEM ( 'NONE', ( #238 ), #2373 ) ;
#3370 = LINE ( 'NONE', #5155, #468 ) ;
#3371 = ORIENTED_EDGE ( 'NONE', *, *, #370, .F. ) ;
#3372 = CIRCLE ( 'NONE', #2331, 2.950000000000000622 ) ;
#3373 = LINE ( 'NONE', #1611, #2305 ) ;
#3374 = CARTESIAN_POINT ( 'NONE',  ( 11.76999999999999957, 7.650000000000012790, -2.699999999999979305 ) ) ;
#3375 = CARTESIAN_POINT ( 'NONE',  ( 9.919999999999998153, 10.60000000000000853, -6.549999999999984723 ) ) ;
#3376 = ORIENTED_EDGE ( 'NONE', *, *, #1686, .F. ) ;
#3377 =( GEOMETRIC_REPRESENTATION_CONTEXT ( 3 ) GLOBAL_UNCERTAINTY_ASSIGNED_CONTEXT ( ( #2634 ) ) GLOBAL_UNIT_ASSIGNED_CONTEXT ( ( #1636, #4862, #3978 ) ) REPRESENTATION_CONTEXT ( 'NONE', 'WORKASPACE' ) );
#3378 = DIRECTION ( 'NONE',  ( 0.0000000000000000000, 1.000000000000000000, -1.644517855226012731E-15 ) ) ;
#3379 = SURFACE_SIDE_STYLE ('',( #199 ) ) ;
#3380 = EDGE_CURVE ( 'NONE', #5165, #320, #3966, .T. ) ;
#3381 = ORIENTED_EDGE ( 'NONE', *, *, #619, .T. ) ;
#3382 = ORIENTED_EDGE ( 'NONE', *, *, #4372, .T. ) ;
#3383 = VERTEX_POINT ( 'NONE', #4848 ) ;
#3384 = ORIENTED_EDGE ( 'NONE', *, *, #1987, .F. ) ;
#3385 = EDGE_CURVE ( 'NONE', #2559, #296, #831, .T. ) ;
#3386 =( LENGTH_UNIT ( ) NAMED_UNIT ( * ) SI_UNIT ( .MILLI., .METRE. ) );
#3387 = EDGE_CURVE ( 'NONE', #4229, #3062, #3032, .T. ) ;
#3388 = ORIENTED_EDGE ( 'NONE', *, *, #2370, .F. ) ;
#3389 = CARTESIAN_POINT ( 'NONE',  ( 1.000000000000000000, 4.200000000000009059, -4.849999999999973888 ) ) ;
#3390 = VERTEX_POINT ( 'NONE', #1315 ) ;
#3391 = DIRECTION ( 'NONE',  ( 0.2357022603954935791, 0.9428090415820749026, 0.2357022603954920803 ) ) ;
#3392 = AXIS2_PLACEMENT_3D ( 'NONE', #3285, #1893, #5571 ) ;
#3393 = FILL_AREA_STYLE_COLOUR ( '', #732 ) ;
#3394 = LINE ( 'NONE', #4632, #3156 ) ;
#3395 = EDGE_CURVE ( 'NONE', #3822, #110, #4165, .T. ) ;
#3396 = VECTOR ( 'NONE', #3810, 1000.000000000000000 ) ;
#3397 = CARTESIAN_POINT ( 'NONE',  ( 9.919999999999998153, 6.850000000000009415, -5.149999999999977263 ) ) ;
#3398 = CARTESIAN_POINT ( 'NONE',  ( 10.41999999999999815, 7.650000000000011902, -4.249999999999979572 ) ) ;
#3399 = DIRECTION ( 'NONE',  ( -0.9486832980505237600, -5.200422075328744594E-16, -0.3162277660168079652 ) ) ;
#3400 = PRODUCT ( 'CUI_DEVICES_TBP05R1-762-02BE', 'CUI_DEVICES_TBP05R1-762-02BE', '', ( #4607 ) ) ;
#3401 =( GEOMETRIC_REPRESENTATION_CONTEXT ( 3 ) GLOBAL_UNCERTAINTY_ASSIGNED_CONTEXT ( ( #1631 ) ) GLOBAL_UNIT_ASSIGNED_CONTEXT ( ( #1905, #1483, #1046 ) ) REPRESENTATION_CONTEXT ( 'NONE', 'WORKASPACE' ) );
#3402 = ORIENTED_EDGE ( 'NONE', *, *, #4857, .T. ) ;
#3403 = DIRECTION ( 'NONE',  ( -1.000000000000000000, 0.0000000000000000000, 0.0000000000000000000 ) ) ;
#3404 = SURFACE_STYLE_USAGE ( .BOTH. , #1612 ) ;
#3405 = CARTESIAN_POINT ( 'NONE',  ( 0.7500000000000000000, 5.400000000000007461, -6.549999999999975842 ) ) ;
#3406 = ADVANCED_FACE ( 'NONE', ( #5586 ), #1568, .F. ) ;
#3407 = VECTOR ( 'NONE', #2146, 1000.000000000000000 ) ;
#3408 = LINE ( 'NONE', #2074, #4701 ) ;
#3409 = ORIENTED_EDGE ( 'NONE', *, *, #3429, .T. ) ;
#3410 = CARTESIAN_POINT ( 'NONE',  ( 10.41999999999999815, 7.650000000000010125, -5.249999999999978684 ) ) ;
#3411 = VECTOR ( 'NONE', #5553, 1000.000000000000000 ) ;
#3412 = PLANE ( 'NONE',  #5581 ) ;
#3413 = EDGE_LOOP ( 'NONE', ( #4453, #1862, #2628, #5164 ) ) ;
#3414 = ORIENTED_EDGE ( 'NONE', *, *, #2011, .F. ) ;
#3415 = ORIENTED_EDGE ( 'NONE', *, *, #5326, .F. ) ;
#3416 = EDGE_CURVE ( 'NONE', #3782, #4134, #2498, .T. ) ;
#3417 = PRESENTATION_STYLE_ASSIGNMENT (( #4728 ) ) ;
#3418 = ORIENTED_EDGE ( 'NONE', *, *, #5418, .F. ) ;
#3419 = PLANE ( 'NONE',  #2658 ) ;
#3420 = ORIENTED_EDGE ( 'NONE', *, *, #2614, .F. ) ;
#3421 = DIRECTION ( 'NONE',  ( 0.0000000000000000000, 1.644517855226012731E-15, 1.000000000000000000 ) ) ;
#3422 = PLANE ( 'NONE',  #3664 ) ;
#3423 = EDGE_CURVE ( 'NONE', #87, #5419, #2066, .T. ) ;
#3424 = CARTESIAN_POINT ( 'NONE',  ( 3.310000000000000053, 8.400000000000007461, -6.449999999999981526 ) ) ;
#3425 = CARTESIAN_POINT ( 'NONE',  ( 2.299999999999999822, 0.7500000000000058842, -6.149999999999968381 ) ) ;
#3426 = CARTESIAN_POINT ( 'NONE',  ( 10.41999999999999815, 0.2500000000000062728, -6.024999999999967493 ) ) ;
#3427 = CARTESIAN_POINT ( 'NONE',  ( 2.290000000000000036, 8.400000000000007461, -6.449999999999981526 ) ) ;
#3428 = PLANE ( 'NONE',  #2983 ) ;
#3429 = EDGE_CURVE ( 'NONE', #1989, #3219, #2155, .T. ) ;
#3430 = CARTESIAN_POINT ( 'NONE',  ( 2.549999999999999822, 7.400000000000023448, 3.150000000000022560 ) ) ;
#3431 = DIRECTION ( 'NONE',  ( 0.0000000000000000000, -1.644517855226012731E-15, -1.000000000000000000 ) ) ;
#3432 = EDGE_LOOP ( 'NONE', ( #2374, #1015, #1677, #1290, #2910 ) ) ;
#3433 = FILL_AREA_STYLE ('',( #2605 ) ) ;
#3434 = VECTOR ( 'NONE', #1049, 999.9999999999998863 ) ;
#3435 = DIRECTION ( 'NONE',  ( 0.0000000000000000000, -1.000000000000000000, 1.644517855226012731E-15 ) ) ;
#3436 = ORIENTED_EDGE ( 'NONE', *, *, #2600, .T. ) ;
#3437 = DIRECTION ( 'NONE',  ( -1.000000000000000000, 0.0000000000000000000, 0.0000000000000000000 ) ) ;
#3438 = PRESENTATION_LAYER_ASSIGNMENT (  '', '', ( #139 ) ) ;
#3439 = B_SPLINE_CURVE_WITH_KNOTS ( 'NONE', 3,
 ( #427, #900, #5356, #4447 ),
 .UNSPECIFIED., .F., .F.,
 ( 4, 4 ),
 ( 1.194946232192415155E-16, 0.001467250485604696232 ),
 .UNSPECIFIED. ) ;
#3440 = CARTESIAN_POINT ( 'NONE',  ( 2.299999999999999822, 8.150000000000011013, -3.950557738530979801 ) ) ;
#3441 = AXIS2_PLACEMENT_3D ( 'NONE', #692, #1990, #3310 ) ;
#3442 = ORIENTED_EDGE ( 'NONE', *, *, #3106, .T. ) ;
#3443 = ORIENTED_EDGE ( 'NONE', *, *, #2804, .T. ) ;
#3444 = AXIS2_PLACEMENT_3D ( 'NONE', #2641, #3899, #3466 ) ;
#3445 = ORIENTED_EDGE ( 'NONE', *, *, #965, .T. ) ;
#3446 = DIRECTION ( 'NONE',  ( 0.0000000000000000000, 1.644517855226012731E-15, 1.000000000000000000 ) ) ;
#3447 = ORIENTED_EDGE ( 'NONE', *, *, #2018, .F. ) ;
#3448 = VECTOR ( 'NONE', #2015, 1000.000000000000227 ) ;
#3449 = PLANE ( 'NONE',  #3470 ) ;
#3450 = CARTESIAN_POINT ( 'NONE',  ( 8.619999999999999218, 4.200000000000005507, -7.249999999999973355 ) ) ;
#3451 = ORIENTED_EDGE ( 'NONE', *, *, #3060, .T. ) ;
#3452 = LINE ( 'NONE', #5240, #52 ) ;
#3453 = CARTESIAN_POINT ( 'NONE',  ( -0.1000000000000000056, 5.400000000000007461, -6.549999999999975842 ) ) ;
#3454 = LINE ( 'NONE', #688, #1816 ) ;
#3455 = EDGE_CURVE ( 'NONE', #2482, #1514, #4350, .T. ) ;
#3456 = DIRECTION ( 'NONE',  ( 1.000000000000000000, 0.0000000000000000000, 0.0000000000000000000 ) ) ;
#3457 = VECTOR ( 'NONE', #438, 1000.000000000000000 ) ;
#3458 = LINE ( 'NONE', #2695, #4469 ) ;
#3459 = ORIENTED_EDGE ( 'NONE', *, *, #3987, .T. ) ;
#3460 = DIRECTION ( 'NONE',  ( 0.0000000000000000000, 1.644517855226012731E-15, 1.000000000000000000 ) ) ;
#3461 = EDGE_CURVE ( 'NONE', #5551, #3910, #4416, .T. ) ;
#3462 = STYLED_ITEM ( 'NONE', ( #5256 ), #2882 ) ;
#3463 = VECTOR ( 'NONE', #4294, 1000.000000000000000 ) ;
#3464 = LINE ( 'NONE', #3405, #5513 ) ;
#3465 = DIRECTION ( 'NONE',  ( 0.0000000000000000000, -1.000000000000000000, 1.644517855226012731E-15 ) ) ;
#3466 = DIRECTION ( 'NONE',  ( 0.0000000000000000000, 0.9701425001453380936, 0.2425356250363078225 ) ) ;
#3467 = EDGE_CURVE ( 'NONE', #4417, #4726, #436, .T. ) ;
#3468 = EDGE_LOOP ( 'NONE', ( #4794, #3054, #1621, #3127 ) ) ;
#3469 = CARTESIAN_POINT ( 'NONE',  ( 4.774841765813000016, 8.200000000000011724, -4.249999999999981348 ) ) ;
#3470 = AXIS2_PLACEMENT_3D ( 'NONE', #265, #2436, #2464 ) ;
#3471 = DIRECTION ( 'NONE',  ( -0.0000000000000000000, -1.644517855226012731E-15, -1.000000000000000000 ) ) ;
#3472 = DIRECTION ( 'NONE',  ( -0.3565278971275952502, 0.9342846774777882057, -1.239088197126290077E-15 ) ) ;
#3473 = EDGE_CURVE ( 'NONE', #807, #3478, #5117, .T. ) ;
#3474 =( NAMED_UNIT ( * ) PLANE_ANGLE_UNIT ( ) SI_UNIT ( $, .RADIAN. ) );
#3475 = CONICAL_SURFACE ( 'NONE', #104, 1.724947660679000405, 0.4636476090007536355 ) ;
#3476 = AXIS2_PLACEMENT_3D ( 'NONE', #750, #3918, #2531 ) ;
#3477 = ORIENTED_EDGE ( 'NONE', *, *, #4580, .F. ) ;
#3478 = VERTEX_POINT ( 'NONE', #3012 ) ;
#3479 = VECTOR ( 'NONE', #4114, 1000.000000000000000 ) ;
#3480 = ORIENTED_EDGE ( 'NONE', *, *, #1933, .F. ) ;
#3481 = CARTESIAN_POINT ( 'NONE',  ( 10.66999999999999815, 7.400000000000023448, 3.150000000000022560 ) ) ;
#3482 = VERTEX_POINT ( 'NONE', #4327 ) ;
#3483 = LINE ( 'NONE', #5270, #3082 ) ;
#3484 = VERTEX_POINT ( 'NONE', #2530 ) ;
#3485 = CARTESIAN_POINT ( 'NONE',  ( 2.299999999999999822, 4.200000000000009059, -5.149999999999973710 ) ) ;
#3486 = CARTESIAN_POINT ( 'NONE',  ( 1.000000000000000000, 3.750000000000004885, -7.649999999999974598 ) ) ;
#3487 = AXIS2_PLACEMENT_3D ( 'NONE', #4345, #5732, #2581 ) ;
#3488 = PLANE ( 'NONE',  #3958 ) ;
#3489 = DIRECTION ( 'NONE',  ( 1.000000000000000000, 0.0000000000000000000, 0.0000000000000000000 ) ) ;
#3490 = LINE ( 'NONE', #4429, #5780 ) ;
#3491 = ADVANCED_FACE ( 'NONE', ( #2098 ), #1137, .F. ) ;
#3492 = ORIENTED_EDGE ( 'NONE', *, *, #45, .F. ) ;
#3493 = CARTESIAN_POINT ( 'NONE',  ( 2.425000000000000266, 7.650000000000011902, 2.650000000000022116 ) ) ;
#3494 = DIRECTION ( 'NONE',  ( -0.9633374467380171335, 0.2682926829272051505, -4.231032868231986224E-16 ) ) ;
#3495 = FACE_OUTER_BOUND ( 'NONE', #5791, .T. ) ;
#3496 = VERTEX_POINT ( 'NONE', #5563 ) ;
#3497 = MECHANICAL_DESIGN_GEOMETRIC_PRESENTATION_REPRESENTATION (  '', ( #4149 ), #3401 ) ;
#3498 = DIRECTION ( 'NONE',  ( -1.000000000000000000, 0.0000000000000000000, 0.0000000000000000000 ) ) ;
#3499 = DIRECTION ( 'NONE',  ( -1.000000000000000000, 0.0000000000000000000, -0.0000000000000000000 ) ) ;
#3500 = EDGE_LOOP ( 'NONE', ( #1373, #3819, #3878, #3766 ) ) ;
#3501 = CONICAL_SURFACE ( 'NONE', #3696, 3.049999915826001384, 0.1526493283952326252 ) ;
#3502 = DIRECTION ( 'NONE',  ( 1.000000000000000000, 0.0000000000000000000, 0.0000000000000000000 ) ) ;
#3503 = ORIENTED_EDGE ( 'NONE', *, *, #1987, .T. ) ;
#3504 = ORIENTED_EDGE ( 'NONE', *, *, #2198, .F. ) ;
#3505 = EDGE_CURVE ( 'NONE', #261, #776, #3888, .T. ) ;
#3506 = ADVANCED_FACE ( 'NONE', ( #2894 ), #1546, .F. ) ;
#3507 = CARTESIAN_POINT ( 'NONE',  ( 9.909999999999998366, 8.200000000000009948, -5.149999999999980815 ) ) ;
#3508 = ORIENTED_EDGE ( 'NONE', *, *, #5660, .F. ) ;
#3509 = LINE ( 'NONE', #4418, #406 ) ;
#3510 = EDGE_LOOP ( 'NONE', ( #2190, #1594, #1352, #1689 ) ) ;
#3511 = DIRECTION ( 'NONE',  ( 0.9486832980505237600, -5.200422075328744594E-16, -0.3162277660168079652 ) ) ;
#3512 = DIRECTION ( 'NONE',  ( 0.0000000000000000000, -1.000000000000000000, 1.644517855226012731E-15 ) ) ;
#3513 = EDGE_LOOP ( 'NONE', ( #5297, #948, #4532, #1181, #5391, #4644 ) ) ;
#3514 = ADVANCED_FACE ( 'NONE', ( #749 ), #950, .T. ) ;
#3515 = CARTESIAN_POINT ( 'NONE',  ( -0.8000000000000000444, 11.55000000000002203, 1.350000000000014744 ) ) ;
#3516 = FACE_OUTER_BOUND ( 'NONE', #2622, .T. ) ;
#3517 = FACE_OUTER_BOUND ( 'NONE', #5263, .T. ) ;
#3518 = SURFACE_SIDE_STYLE ('',( #1790 ) ) ;
#3519 = ORIENTED_EDGE ( 'NONE', *, *, #4536, .F. ) ;
#3520 = ORIENTED_EDGE ( 'NONE', *, *, #2921, .T. ) ;
#3521 = ORIENTED_EDGE ( 'NONE', *, *, #958, .F. ) ;
#3522 = PRESENTATION_STYLE_ASSIGNMENT (( #1733 ) ) ;
#3523 =( LENGTH_UNIT ( ) NAMED_UNIT ( * ) SI_UNIT ( .MILLI., .METRE. ) );
#3524 =( LENGTH_UNIT ( ) NAMED_UNIT ( * ) SI_UNIT ( .MILLI., .METRE. ) );
#3525 = EDGE_LOOP ( 'NONE', ( #4888, #4302, #1537, #3636, #3996, #781, #5130, #2315 ) ) ;
#3526 = DIRECTION ( 'NONE',  ( 0.0000000000000000000, 1.644517855226012731E-15, 1.000000000000000000 ) ) ;
#3527 = CARTESIAN_POINT ( 'NONE',  ( 2.799999999999999822, 7.650000000000007461, -6.549999999999979394 ) ) ;
#3528 = CARTESIAN_POINT ( 'NONE',  ( 10.91999999999999993, 6.850000000000007638, -6.149999999999978151 ) ) ;
#3529 = CARTESIAN_POINT ( 'NONE',  ( 10.91999999999999993, 8.135517241379311315, -4.618965517240978258 ) ) ;
#3530 = DIRECTION ( 'NONE',  ( 1.000000000000000000, 0.0000000000000000000, 0.0000000000000000000 ) ) ;
#3531 = EDGE_LOOP ( 'NONE', ( #1095, #4375, #1718, #818, #2023, #1043 ) ) ;
#3532 = VERTEX_POINT ( 'NONE', #3453 ) ;
#3533 = EDGE_CURVE ( 'NONE', #2559, #224, #5241, .T. ) ;
#3534 = AXIS2_PLACEMENT_3D ( 'NONE', #3225, #467, #5425 ) ;
#3535 = AXIS2_PLACEMENT_3D ( 'NONE', #244, #3431, #1197 ) ;
#3536 = EDGE_CURVE ( 'NONE', #5511, #2578, #5207, .T. ) ;
#3537 = VERTEX_POINT ( 'NONE', #5623 ) ;
#3538 = LINE ( 'NONE', #3481, #2082 ) ;
#3539 = ORIENTED_EDGE ( 'NONE', *, *, #2475, .F. ) ;
#3540 = EDGE_CURVE ( 'NONE', #776, #5645, #1108, .T. ) ;
#3541 = CARTESIAN_POINT ( 'NONE',  ( 2.799999999999999822, 4.299999999999676525, 4.350000000000027178 ) ) ;
#3542 = CONICAL_SURFACE ( 'NONE', #1475, 1.375000000000000000, 0.03224688243525488524 ) ;
#3543 = FACE_OUTER_BOUND ( 'NONE', #508, .T. ) ;
#3544 = ORIENTED_EDGE ( 'NONE', *, *, #1401, .T. ) ;
#3545 = PLANE ( 'NONE',  #2865 ) ;
#3546 = CARTESIAN_POINT ( 'NONE',  ( -15.24000000000000377, 10.60000000000002451, 3.050000000000017142 ) ) ;
#3547 = DIRECTION ( 'NONE',  ( 0.0000000000000000000, 1.644517855226012731E-15, 1.000000000000000000 ) ) ;
#3548 = VECTOR ( 'NONE', #2422, 1000.000000000000000 ) ;
#3549 = DIRECTION ( 'NONE',  ( -1.000000000000000000, 0.0000000000000000000, -0.0000000000000000000 ) ) ;
#3550 = VECTOR ( 'NONE', #4959, 1000.000000000000000 ) ;
#3551 = DIRECTION ( 'NONE',  ( -0.2357022603954935513, -0.9428090415820741255, 0.2357022603954951612 ) ) ;
#3552 = ORIENTED_EDGE ( 'NONE', *, *, #4398, .T. ) ;
#3553 = ORIENTED_EDGE ( 'NONE', *, *, #1435, .F. ) ;
#3554 = CARTESIAN_POINT ( 'NONE',  ( 3.299999999999999822, 9.600000000000010303, -5.249999999999982236 ) ) ;
#3555 = DIRECTION ( 'NONE',  ( -1.000000000000000000, 0.0000000000000000000, 0.0000000000000000000 ) ) ;
#3556 = LINE ( 'NONE', #51, #1575 ) ;
#3557 = STYLED_ITEM ( 'NONE', ( #2101 ), #2095 ) ;
#3558 = ORIENTED_EDGE ( 'NONE', *, *, #2310, .F. ) ;
#3559 = DIRECTION ( 'NONE',  ( -0.0000000000000000000, -1.644517855226012731E-15, -1.000000000000000000 ) ) ;
#3560 = CARTESIAN_POINT ( 'NONE',  ( 9.919999999999998153, 9.600000000000010303, -5.249999999999982236 ) ) ;
#3561 = LINE ( 'NONE', #449, #2722 ) ;
#3562 = COLOUR_RGB ( '',1.000000000000000000, 1.000000000000000000, 1.000000000000000000 ) ;
#3563 = DIRECTION ( 'NONE',  ( 0.0000000000000000000, 1.000000000000000000, -1.644517855226012731E-15 ) ) ;
#3564 = LINE ( 'NONE', #5353, #2740 ) ;
#3565 = AXIS2_PLACEMENT_3D ( 'NONE', #486, #4085, #2765 ) ;
#3566 = ORIENTED_EDGE ( 'NONE', *, *, #2711, .F. ) ;
#3567 = VECTOR ( 'NONE', #404, 1000.000000000000000 ) ;
#3568 = COLOUR_RGB ( '',1.000000000000000000, 1.000000000000000000, 1.000000000000000000 ) ;
#3569 = EDGE_CURVE ( 'NONE', #317, #4538, #1226, .T. ) ;
#3570 = DIRECTION ( 'NONE',  ( 0.0000000000000000000, -1.000000000000000000, 1.644517855226012731E-15 ) ) ;
#3571 = VERTEX_POINT ( 'NONE', #3425 ) ;
#3572 = SURFACE_STYLE_USAGE ( .BOTH. , #2240 ) ;
#3573 = VERTEX_POINT ( 'NONE', #2978 ) ;
#3574 = CARTESIAN_POINT ( 'NONE',  ( 9.759999999999999787, 4.200000000000005507, -7.249999999999973355 ) ) ;
#3575 = PRESENTATION_LAYER_ASSIGNMENT (  '', '', ( #5519 ) ) ;
#3576 = LINE ( 'NONE', #397, #2613 ) ;
#3577 = EDGE_CURVE ( 'NONE', #4569, #2588, #5653, .T. ) ;
#3578 = ORIENTED_EDGE ( 'NONE', *, *, #4031, .F. ) ;
#3579 = DIRECTION ( 'NONE',  ( 0.0000000000000000000, 1.000000000000000000, -1.644517855226012731E-15 ) ) ;
#3580 = EDGE_CURVE ( 'NONE', #5407, #3316, #3365, .T. ) ;
#3581 =( NAMED_UNIT ( * ) PLANE_ANGLE_UNIT ( ) SI_UNIT ( $, .RADIAN. ) );
#3582 = PRESENTATION_STYLE_ASSIGNMENT (( #4956 ) ) ;
#3583 = B_SPLINE_CURVE_WITH_KNOTS ( 'NONE', 3,
 ( #752, #1139, #1608, #2447, #785 ),
 .UNSPECIFIED., .F., .F.,
 ( 4, 1, 4 ),
 ( 0.0000000000000000000, 0.5000000000000000000, 1.000000000000000000 ),
 .UNSPECIFIED. ) ;
#3584 = EDGE_CURVE ( 'NONE', #1005, #4192, #5151, .T. ) ;
#3585 = ADVANCED_FACE ( 'NONE', ( #271 ), #4712, .F. ) ;
#3586 = DIRECTION ( 'NONE',  ( -0.1653953539259913341, 0.4410542771359755587, -0.8821085542719547812 ) ) ;
#3587 = ORIENTED_EDGE ( 'NONE', *, *, #187, .F. ) ;
#3588 = VECTOR ( 'NONE', #3685, 1000.000000000000000 ) ;
#3589 = ORIENTED_EDGE ( 'NONE', *, *, #3998, .F. ) ;
#3590 = DIRECTION ( 'NONE',  ( 0.0000000000000000000, -1.000000000000000000, 1.644517855226012731E-15 ) ) ;
#3591 = CARTESIAN_POINT ( 'NONE',  ( 9.909999999999998366, 8.200000000000009948, -6.049999999999982059 ) ) ;
#3592 = ORIENTED_EDGE ( 'NONE', *, *, #3691, .T. ) ;
#3593 = DIRECTION ( 'NONE',  ( 1.000000000000000000, 0.0000000000000000000, 0.0000000000000000000 ) ) ;
#3594 = LINE ( 'NONE', #3960, #2419 ) ;
#3595 = VECTOR ( 'NONE', #5654, 1000.000000000000000 ) ;
#3596 = LINE ( 'NONE', #3147, #843 ) ;
#3597 = ORIENTED_EDGE ( 'NONE', *, *, #97, .F. ) ;
#3598 = EDGE_CURVE ( 'NONE', #5551, #4869, #3372, .T. ) ;
#3599 = PLANE ( 'NONE',  #1658 ) ;
#3600 = VECTOR ( 'NONE', #3890, 1000.000000000000000 ) ;
#3601 = DIRECTION ( 'NONE',  ( -0.0000000000000000000, 1.644517855226012731E-15, 1.000000000000000000 ) ) ;
#3602 = ORIENTED_EDGE ( 'NONE', *, *, #174, .T. ) ;
#3603 = DIRECTION ( 'NONE',  ( -1.000000000000000000, 0.0000000000000000000, -0.0000000000000000000 ) ) ;
#3604 = AXIS2_PLACEMENT_3D ( 'NONE', #578, #1515, #5087 ) ;
#3605 = LINE ( 'NONE', #5417, #1788 ) ;
#3606 = VERTEX_POINT ( 'NONE', #3397 ) ;
#3607 = VECTOR ( 'NONE', #4320, 999.9999999999998863 ) ;
#3608 = PLANE ( 'NONE',  #1822 ) ;
#3609 = EDGE_LOOP ( 'NONE', ( #2000, #61, #201, #4450 ) ) ;
#3610 = CARTESIAN_POINT ( 'NONE',  ( 2.327902097902000200, 7.150000000000011013, -4.484265734265979297 ) ) ;
#3611 = DIRECTION ( 'NONE',  ( 1.735932554521999624E-12, 3.990295632073226234E-12, 1.000000000000000000 ) ) ;
#3612 = VERTEX_POINT ( 'NONE', #5180 ) ;
#3613 = ORIENTED_EDGE ( 'NONE', *, *, #4102, .F. ) ;
#3614 = VECTOR ( 'NONE', #3667, 1000.000000000000000 ) ;
#3615 = CARTESIAN_POINT ( 'NONE',  ( 10.41999999999999815, 7.450000000000023270, 3.050000000000022471 ) ) ;
#3616 = FILL_AREA_STYLE_COLOUR ( '', #3568 ) ;
#3617 = LINE ( 'NONE', #1266, #297 ) ;
#3618 = CARTESIAN_POINT ( 'NONE',  ( 2.299999999999999822, 7.150000000000013678, -2.699999999999978417 ) ) ;
#3619 = ORIENTED_EDGE ( 'NONE', *, *, #5258, .F. ) ;
#3620 = VERTEX_POINT ( 'NONE', #1165 ) ;
#3621 = PLANE ( 'NONE',  #3263 ) ;
#3622 = CARTESIAN_POINT ( 'NONE',  ( 3.049999999999999822, 7.900000000000023448, 3.150000000000021672 ) ) ;
#3623 = EDGE_CURVE ( 'NONE', #4900, #1377, #1038, .T. ) ;
#3624 = EDGE_LOOP ( 'NONE', ( #4025, #2569, #3258, #788, #2877, #4275, #2701, #1745 ) ) ;
#3625 = CARTESIAN_POINT ( 'NONE',  ( 14.01999999999999957, 11.55000000000002203, 1.350000000000014744 ) ) ;
#3626 = EDGE_CURVE ( 'NONE', #110, #2050, #2236, .T. ) ;
#3627 = CARTESIAN_POINT ( 'NONE',  ( 10.91999999999999993, 8.150000000000011013, -4.738235294117980168 ) ) ;
#3628 = ORIENTED_EDGE ( 'NONE', *, *, #4317, .F. ) ;
#3629 = CARTESIAN_POINT ( 'NONE',  ( 12.06999999999999851, 7.100000000000010303, -5.349999999999978328 ) ) ;
#3630 = DIRECTION ( 'NONE',  ( 0.0000000000000000000, -1.000000000000000000, 1.644517855226012731E-15 ) ) ;
#3631 = ORIENTED_EDGE ( 'NONE', *, *, #1155, .T. ) ;
#3632 = CARTESIAN_POINT ( 'NONE',  ( 10.92999999999999794, 8.200000000000009948, -5.149999999999980815 ) ) ;
#3633 = VECTOR ( 'NONE', #5752, 1000.000000000000000 ) ;
#3634 = ORIENTED_EDGE ( 'NONE', *, *, #1624, .T. ) ;
#3635 = DIRECTION ( 'NONE',  ( 0.0000000000000000000, 1.644517855226012731E-15, 1.000000000000000000 ) ) ;
#3636 = ORIENTED_EDGE ( 'NONE', *, *, #1864, .F. ) ;
#3637 = CARTESIAN_POINT ( 'NONE',  ( -0.1000000000000000056, 10.60000000000000853, -6.549999999999984723 ) ) ;
#3638 = LINE ( 'NONE', #1321, #2892 ) ;
#3639 = COLOUR_RGB ( '',1.000000000000000000, 1.000000000000000000, 1.000000000000000000 ) ;
#3640 = DIRECTION ( 'NONE',  ( -0.0000000000000000000, 1.644517855226012731E-15, 1.000000000000000000 ) ) ;
#3641 = DIRECTION ( 'NONE',  ( -1.000000000000000000, 0.0000000000000000000, -0.0000000000000000000 ) ) ;
#3642 = CARTESIAN_POINT ( 'NONE',  ( 2.299999999999999822, 8.150000000000023448, 3.150000000000021227 ) ) ;
#3643 = SURFACE_SIDE_STYLE ('',( #3200 ) ) ;
#3644 = AXIS2_PLACEMENT_3D ( 'NONE', #5568, #2953, #2040 ) ;
#3645 = DIRECTION ( 'NONE',  ( 0.2439024390226959826, 0.9697997732721842512, -1.692413147292794884E-15 ) ) ;
#3646 = VECTOR ( 'NONE', #3698, 1000.000000000000000 ) ;
#3647 = ORIENTED_EDGE ( 'NONE', *, *, #852, .T. ) ;
#3648 = EDGE_CURVE ( 'NONE', #3035, #1912, #1452, .T. ) ;
#3649 = PLANE ( 'NONE',  #5803 ) ;
#3650 = DIRECTION ( 'NONE',  ( -0.7190916418846066138, -0.6949152542373067121, 1.176083712526648603E-15 ) ) ;
#3651 = EDGE_LOOP ( 'NONE', ( #2510, #3558, #729, #3414, #4590, #2364 ) ) ;
#3652 = AXIS2_PLACEMENT_3D ( 'NONE', #864, #2650, #2200 ) ;
#3653 = CARTESIAN_POINT ( 'NONE',  ( -0.8000000000000000444, 3.750000000000004885, -7.649999999999974598 ) ) ;
#3654 = VERTEX_POINT ( 'NONE', #4121 ) ;
#3655 = EDGE_CURVE ( 'NONE', #65, #2814, #458, .T. ) ;
#3656 = CARTESIAN_POINT ( 'NONE',  ( 2.140000000000000124, 8.800000000000007816, -7.249999999999980460 ) ) ;
#3657 = DIRECTION ( 'NONE',  ( 0.0000000000000000000, 1.644517855226012731E-15, 1.000000000000000000 ) ) ;
#3658 = EDGE_CURVE ( 'NONE', #170, #2963, #4876, .T. ) ;
#3659 = CARTESIAN_POINT ( 'NONE',  ( 1.000000000000000000, 10.75000000000000533, -7.649999999999987033 ) ) ;
#3660 = STYLED_ITEM ( 'NONE', ( #1223 ), #1894 ) ;
#3661 = EDGE_CURVE ( 'NONE', #4886, #2427, #4563, .T. ) ;
#3662 = DIRECTION ( 'NONE',  ( 0.0000000000000000000, -1.000000000000000000, 1.644517855226012731E-15 ) ) ;
#3663 = AXIS2_PLACEMENT_3D ( 'NONE', #5032, #1026, #2806 ) ;
#3664 = AXIS2_PLACEMENT_3D ( 'NONE', #1773, #5355, #4680 ) ;
#3665 = VERTEX_POINT ( 'NONE', #35 ) ;
#3666 = ORIENTED_EDGE ( 'NONE', *, *, #3828, .F. ) ;
#3667 = DIRECTION ( 'NONE',  ( -1.000000000000000000, 0.0000000000000000000, 0.0000000000000000000 ) ) ;
#3668 = DIRECTION ( 'NONE',  ( 0.03224129401095901515, -1.643662893974972916E-15, -0.9994801143396996324 ) ) ;
#3669 = VECTOR ( 'NONE', #1105, 1000.000000000000000 ) ;
#3670 = ORIENTED_EDGE ( 'NONE', *, *, #5473, .T. ) ;
#3671 = AXIS2_PLACEMENT_3D ( 'NONE', #3366, #1138, #5118 ) ;
#3672 = CARTESIAN_POINT ( 'NONE',  ( 10.91999999999999993, 7.150000000000008349, -6.114911064069978863 ) ) ;
#3673 = EDGE_CURVE ( 'NONE', #4047, #5497, #3605, .T. ) ;
#3674 = AXIS2_PLACEMENT_3D ( 'NONE', #3859, #1983, #5678 ) ;
#3675 = PRESENTATION_LAYER_ASSIGNMENT (  '', '', ( #1222 ) ) ;
#3676 = LINE ( 'NONE', #2830, #2898 ) ;
#3677 = DIRECTION ( 'NONE',  ( -1.000000000000000000, 0.0000000000000000000, 0.0000000000000000000 ) ) ;
#3678 = CARTESIAN_POINT ( 'NONE',  ( 4.400000000000000355, 5.400000000000009237, -5.349999999999976552 ) ) ;
#3679 = ORIENTED_EDGE ( 'NONE', *, *, #2751, .T. ) ;
#3680 = SURFACE_SIDE_STYLE ('',( #1467 ) ) ;
#3681 = EDGE_CURVE ( 'NONE', #5019, #5329, #3439, .T. ) ;
#3682 = ORIENTED_EDGE ( 'NONE', *, *, #2011, .T. ) ;
#3683 = SURFACE_SIDE_STYLE ('',( #4586 ) ) ;
#3684 = FACE_OUTER_BOUND ( 'NONE', #2617, .T. ) ;
#3685 = DIRECTION ( 'NONE',  ( 0.0000000000000000000, 1.000000000000000000, -1.644517855226012731E-15 ) ) ;
#3686 = DIRECTION ( 'NONE',  ( -1.000000000000000000, 0.0000000000000000000, 0.0000000000000000000 ) ) ;
#3687 = ADVANCED_FACE ( 'NONE', ( #989 ), #546, .T. ) ;
#3688 = VECTOR ( 'NONE', #3555, 1000.000000000000000 ) ;
#3689 = LINE ( 'NONE', #92, #2620 ) ;
#3690 = ORIENTED_EDGE ( 'NONE', *, *, #2273, .T. ) ;
#3691 = EDGE_CURVE ( 'NONE', #4820, #2845, #3689, .T. ) ;
#3692 = EDGE_CURVE ( 'NONE', #1112, #5775, #1869, .T. ) ;
#3693 = ORIENTED_EDGE ( 'NONE', *, *, #221, .T. ) ;
#3694 = LINE ( 'NONE', #4567, #1828 ) ;
#3695 = STYLED_ITEM ( 'NONE', ( #5339 ), #4822 ) ;
#3696 = AXIS2_PLACEMENT_3D ( 'NONE', #36, #3635, #963 ) ;
#3697 = DIRECTION ( 'NONE',  ( 1.000000000000000000, 0.0000000000000000000, 0.0000000000000000000 ) ) ;
#3698 = DIRECTION ( 'NONE',  ( 0.0000000000000000000, 1.000000000000000000, -1.644517855226012731E-15 ) ) ;
#3699 = DIRECTION ( 'NONE',  ( -0.9701425001453377606, -0.2425356250363093769, 3.988541659006119292E-16 ) ) ;
#3700 = DIRECTION ( 'NONE',  ( -1.000000000000000000, 0.0000000000000000000, 0.0000000000000000000 ) ) ;
#3701 = DIRECTION ( 'NONE',  ( 0.03224129401095901515, -1.639714474223883890E-15, -0.9994801143396996324 ) ) ;
#3702 = PRESENTATION_LAYER_ASSIGNMENT (  '', '', ( #1267 ) ) ;
#3703 = FILL_AREA_STYLE ('',( #1465 ) ) ;
#3704 = ORIENTED_EDGE ( 'NONE', *, *, #197, .F. ) ;
#3705 = ORIENTED_EDGE ( 'NONE', *, *, #1933, .T. ) ;
#3706 = CARTESIAN_POINT ( 'NONE',  ( 3.410000000000000142, 6.470000000000009521, -5.149999999999977263 ) ) ;
#3707 = CARTESIAN_POINT ( 'NONE',  ( 2.799999999999999822, 7.650000000000011902, -4.249999999999979572 ) ) ;
#3708 = LINE ( 'NONE', #4588, #550 ) ;
#3709 = CARTESIAN_POINT ( 'NONE',  ( 9.919999999999998153, 8.150000000000021672, 2.150000000000020783 ) ) ;
#3710 = LINE ( 'NONE', #959, #4501 ) ;
#3711 = CARTESIAN_POINT ( 'NONE',  ( 2.799999999999999822, 7.650000000000010125, -5.149999999999979039 ) ) ;
#3712 = EDGE_CURVE ( 'NONE', #2179, #4699, #1896, .T. ) ;
#3713 = VERTEX_POINT ( 'NONE', #3155 ) ;
#3714 = EDGE_LOOP ( 'NONE', ( #3286, #561, #933, #3597 ) ) ;
#3715 = LINE ( 'NONE', #5052, #3872 ) ;
#3716 = CARTESIAN_POINT ( 'NONE',  ( 3.299999999999999822, 7.650000000000026112, 4.350000000000021849 ) ) ;
#3717 = ADVANCED_FACE ( 'NONE', ( #1433 ), #5472, .T. ) ;
#3718 = CONICAL_SURFACE ( 'NONE', #2684, 1.375000000000000000, 0.03224688243525488524 ) ;
#3719 = EDGE_CURVE ( 'NONE', #1724, #4671, #4945, .T. ) ;
#3720 = DIRECTION ( 'NONE',  ( -1.000000000000000000, 0.0000000000000000000, 0.0000000000000000000 ) ) ;
#3721 = DIRECTION ( 'NONE',  ( -0.0000000000000000000, -0.6995716435123755517, 0.7145624644447774454 ) ) ;
#3722 = LINE ( 'NONE', #5508, #5710 ) ;
#3723 = AXIS2_PLACEMENT_3D ( 'NONE', #1937, #1058, #2841 ) ;
#3724 = EDGE_LOOP ( 'NONE', ( #1842, #426, #164, #3504, #1033, #640, #3117, #3382, #2698, #4702, #2372, #225 ) ) ;
#3725 = LINE ( 'NONE', #2764, #4069 ) ;
#3726 = AXIS2_PLACEMENT_3D ( 'NONE', #147, #1903, #3326 ) ;
#3727 = ORIENTED_EDGE ( 'NONE', *, *, #4349, .F. ) ;
#3728 = PRESENTATION_STYLE_ASSIGNMENT (( #3404 ) ) ;
#3729 = CARTESIAN_POINT ( 'NONE',  ( 9.919999999999998153, 0.7500000000000058842, -6.149999999999968381 ) ) ;
#3730 = CARTESIAN_POINT ( 'NONE',  ( 9.720000000000000639, 10.60000000000002451, 3.050000000000017142 ) ) ;
#3731 = ORIENTED_EDGE ( 'NONE', *, *, #5725, .T. ) ;
#3732 = PRESENTATION_LAYER_ASSIGNMENT (  '', '', ( #4757 ) ) ;
#3733 = LINE ( 'NONE', #137, #652 ) ;
#3734 = ORIENTED_EDGE ( 'NONE', *, *, #4546, .F. ) ;
#3735 = ORIENTED_EDGE ( 'NONE', *, *, #3385, .T. ) ;
#3736 = VECTOR ( 'NONE', #1609, 1000.000000000000000 ) ;
#3737 = CARTESIAN_POINT ( 'NONE',  ( 10.91999999999999993, 9.638089535207772229, -6.549999999999982947 ) ) ;
#3738 = ORIENTED_EDGE ( 'NONE', *, *, #3423, .F. ) ;
#3739 = EDGE_CURVE ( 'NONE', #4045, #5787, #3999, .T. ) ;
#3740 = CARTESIAN_POINT ( 'NONE',  ( 8.445158234181999291, 8.200000000001308464, -6.549999999999981171 ) ) ;
#3741 = VECTOR ( 'NONE', #5152, 1000.000000000000000 ) ;
#3742 = ORIENTED_EDGE ( 'NONE', *, *, #2407, .F. ) ;
#3743 = CARTESIAN_POINT ( 'NONE',  ( 2.189999999999999947, 6.470000000000009521, -5.149999999999977263 ) ) ;
#3744 = SURFACE_STYLE_FILL_AREA ( #4707 ) ;
#3745 = CARTESIAN_POINT ( 'NONE',  ( 2.299999999999999822, 9.414055610220367853, -6.115463900682070353 ) ) ;
#3746 = ADVANCED_FACE ( 'NONE', ( #2712 ), #3216, .F. ) ;
#3747 = AXIS2_PLACEMENT_3D ( 'NONE', #484, #4053, #860 ) ;
#3748 = LINE ( 'NONE', #3273, #2512 ) ;
#3749 = EDGE_CURVE ( 'NONE', #4192, #224, #4916, .T. ) ;
#3750 = FACE_OUTER_BOUND ( 'NONE', #2737, .T. ) ;
#3751 = VECTOR ( 'NONE', #492, 1000.000000000000000 ) ;
#3752 = FILL_AREA_STYLE ('',( #3303 ) ) ;
#3753 = CARTESIAN_POINT ( 'NONE',  ( 2.290000000000000036, 4.200000000000009059, -5.149999999999973710 ) ) ;
#3754 = EDGE_CURVE ( 'NONE', #4808, #1377, #1405, .T. ) ;
#3755 = EDGE_CURVE ( 'NONE', #1367, #1701, #4092, .T. ) ;
#3756 = CARTESIAN_POINT ( 'NONE',  ( 10.91999999999999993, 0.7500000000000058842, -6.149999999999968381 ) ) ;
#3757 = AXIS2_PLACEMENT_3D ( 'NONE', #4968, #2291, #4088 ) ;
#3758 = ORIENTED_EDGE ( 'NONE', *, *, #174, .F. ) ;
#3759 = APPLICATION_CONTEXT ( 'automotive_design' ) ;
#3760 = CARTESIAN_POINT ( 'NONE',  ( 10.91999999999999993, 7.150000000000013678, -2.699999999999978417 ) ) ;
#3761 = DIRECTION ( 'NONE',  ( 1.000000000000000000, 0.0000000000000000000, 0.0000000000000000000 ) ) ;
#3762 = DIRECTION ( 'NONE',  ( -1.000000000000000000, 0.0000000000000000000, -0.0000000000000000000 ) ) ;
#3763 = ADVANCED_FACE ( 'NONE', ( #3765 ), #1998, .F. ) ;
#3764 = AXIS2_PLACEMENT_3D ( 'NONE', #645, #1501, #4223 ) ;
#3765 = FACE_OUTER_BOUND ( 'NONE', #4593, .T. ) ;
#3766 = ORIENTED_EDGE ( 'NONE', *, *, #2781, .F. ) ;
#3767 = ORIENTED_EDGE ( 'NONE', *, *, #2279, .T. ) ;
#3768 = DIRECTION ( 'NONE',  ( -1.000000000000000000, 0.0000000000000000000, -0.0000000000000000000 ) ) ;
#3769 = VECTOR ( 'NONE', #3174, 999.9999999999998863 ) ;
#3770 = ORIENTED_EDGE ( 'NONE', *, *, #3598, .T. ) ;
#3771 = LINE ( 'NONE', #2546, #5681 ) ;
#3772 = PRESENTATION_STYLE_ASSIGNMENT (( #176 ) ) ;
#3773 = ORIENTED_EDGE ( 'NONE', *, *, #3788, .T. ) ;
#3774 = VECTOR ( 'NONE', #4926, 1000.000000000000000 ) ;
#3775 = LINE ( 'NONE', #2028, #5273 ) ;
#3776 = CARTESIAN_POINT ( 'NONE',  ( 10.91999999999999993, 8.150000000000014566, -2.699999999999980194 ) ) ;
#3777 = AXIS2_PLACEMENT_3D ( 'NONE', #2030, #5113, #1630 ) ;
#3778 = CARTESIAN_POINT ( 'NONE',  ( 2.100000000000000089, 10.60000000000002451, 3.050000000000017142 ) ) ;
#3779 = CARTESIAN_POINT ( 'NONE',  ( 13.31999999999999851, 5.400000000000007461, -6.549999999999975842 ) ) ;
#3780 = EDGE_CURVE ( 'NONE', #1620, #2685, #647, .T. ) ;
#3781 = AXIS2_PLACEMENT_3D ( 'NONE', #2429, #4230, #2002 ) ;
#3782 = VERTEX_POINT ( 'NONE', #2345 ) ;
#3783 = DIRECTION ( 'NONE',  ( 0.1788854382000007459, 1.617991634378904359E-15, 0.9838699100999042102 ) ) ;
#3784 =( NAMED_UNIT ( * ) PLANE_ANGLE_UNIT ( ) SI_UNIT ( $, .RADIAN. ) );
#3785 = EDGE_CURVE ( 'NONE', #433, #601, #4145, .T. ) ;
#3786 = CARTESIAN_POINT ( 'NONE',  ( 1.195853106950000022, 8.199999997810008878, -5.841027710219981905 ) ) ;
#3787 = DIRECTION ( 'NONE',  ( -1.000000000000000000, -0.0000000000000000000, -0.0000000000000000000 ) ) ;
#3788 = EDGE_CURVE ( 'NONE', #697, #2173, #2048, .T. ) ;
#3789 = ORIENTED_EDGE ( 'NONE', *, *, #5448, .F. ) ;
#3790 = CARTESIAN_POINT ( 'NONE',  ( 9.919999999999998153, 8.150000000000011013, -3.950557738530979801 ) ) ;
#3791 = CARTESIAN_POINT ( 'NONE',  ( 4.299999999999999822, 6.250000000000010658, -4.799999999999977618 ) ) ;
#3792 = VERTEX_POINT ( 'NONE', #1121 ) ;
#3793 = ORIENTED_EDGE ( 'NONE', *, *, #4512, .T. ) ;
#3794 = LINE ( 'NONE', #2643, #4716 ) ;
#3795 = ORIENTED_EDGE ( 'NONE', *, *, #3673, .T. ) ;
#3796 = SURFACE_STYLE_FILL_AREA ( #5198 ) ;
#3797 = VERTEX_POINT ( 'NONE', #2874 ) ;
#3798 = DIRECTION ( 'NONE',  ( 1.000000000000000000, 0.0000000000000000000, 0.0000000000000000000 ) ) ;
#3799 = CARTESIAN_POINT ( 'NONE',  ( 3.310000000000000053, 8.200000000000009948, -6.049999999999982059 ) ) ;
#3800 = FACE_OUTER_BOUND ( 'NONE', #5050, .T. ) ;
#3801 = AXIS2_PLACEMENT_3D ( 'NONE', #2568, #5215, #4835 ) ;
#3802 = CARTESIAN_POINT ( 'NONE',  ( 4.799999999999999822, 7.100000000000007638, -6.549999999999977618 ) ) ;
#3803 = CARTESIAN_POINT ( 'NONE',  ( 2.299999999999999822, 4.200000000000009059, -5.149999999999973710 ) ) ;
#3804 =( NAMED_UNIT ( * ) SI_UNIT ( $, .STERADIAN. ) SOLID_ANGLE_UNIT ( ) );
#3805 = CARTESIAN_POINT ( 'NONE',  ( 13.31999999999999851, 8.200000000000011724, -4.249999999999981348 ) ) ;
#3806 = VECTOR ( 'NONE', #2777, 1000.000000000000000 ) ;
#3807 = ORIENTED_EDGE ( 'NONE', *, *, #188, .F. ) ;
#3808 = ADVANCED_FACE ( 'NONE', ( #4226 ), #5103, .T. ) ;
#3809 = CARTESIAN_POINT ( 'NONE',  ( 10.91999999999999993, 7.150000000000010125, -4.849999999999979217 ) ) ;
#3810 = DIRECTION ( 'NONE',  ( 0.0000000000000000000, -1.644517855226012731E-15, -1.000000000000000000 ) ) ;
#3811 = COLOUR_RGB ( '',1.000000000000000000, 1.000000000000000000, 1.000000000000000000 ) ;
#3812 = EDGE_CURVE ( 'NONE', #3148, #700, #5604, .T. ) ;
#3813 = EDGE_CURVE ( 'NONE', #2050, #4914, #1591, .T. ) ;
#3814 = DIRECTION ( 'NONE',  ( 0.0000000000000000000, -1.000000000000000000, 1.644517855226012731E-15 ) ) ;
#3815 = DIRECTION ( 'NONE',  ( -0.9701425001453377606, 3.988541659006119292E-16, 0.2425356250363093769 ) ) ;
#3816 = ORIENTED_EDGE ( 'NONE', *, *, #3387, .F. ) ;
#3817 = ORIENTED_EDGE ( 'NONE', *, *, #1359, .T. ) ;
#3818 = VECTOR ( 'NONE', #13, 1000.000000000000000 ) ;
#3819 = ORIENTED_EDGE ( 'NONE', *, *, #295, .T. ) ;
#3820 = FILL_AREA_STYLE_COLOUR ( '', #5694 ) ;
#3821 = CIRCLE ( 'NONE', #5609, 1.400000000000000355 ) ;
#3822 = VERTEX_POINT ( 'NONE', #673 ) ;
#3823 = CARTESIAN_POINT ( 'NONE',  ( -43.20918036298999709, 9.600000000000012079, -4.249999999999983125 ) ) ;
#3824 = VERTEX_POINT ( 'NONE', #4697 ) ;
#3825 = LINE ( 'NONE', #180, #1719 ) ;
#3826 = PLANE ( 'NONE',  #1122 ) ;
#3827 = VECTOR ( 'NONE', #2633, 1000.000000000000000 ) ;
#3828 = EDGE_CURVE ( 'NONE', #5665, #5099, #1918, .T. ) ;
#3829 = DIRECTION ( 'NONE',  ( -1.000000000000000000, 0.0000000000000000000, 0.0000000000000000000 ) ) ;
#3830 = DIRECTION ( 'NONE',  ( 0.9883716976506230489, -2.500607545209360400E-16, -0.1520571842539035212 ) ) ;
#3831 = CARTESIAN_POINT ( 'NONE',  ( 10.41999999999699966, 7.649999999998351008, -5.899895321349978516 ) ) ;
#3832 = SURFACE_SIDE_STYLE ('',( #5182 ) ) ;
#3833 = PRESENTATION_LAYER_ASSIGNMENT (  '', '', ( #5522 ) ) ;
#3834 = PRESENTATION_LAYER_ASSIGNMENT (  '', '', ( #643 ) ) ;
#3835 = FACE_OUTER_BOUND ( 'NONE', #4288, .T. ) ;
#3836 = VERTEX_POINT ( 'NONE', #2848 ) ;
#3837 = VECTOR ( 'NONE', #3814, 1000.000000000000000 ) ;
#3838 = VECTOR ( 'NONE', #4738, 1000.000000000000000 ) ;
#3839 = CARTESIAN_POINT ( 'NONE',  ( 1.149999999999999911, 7.100000000000010303, -5.349999999999978328 ) ) ;
#3840 = LINE ( 'NONE', #1234, #158 ) ;
#3841 = DIRECTION ( 'NONE',  ( 0.0000000000000000000, 1.000000000000000000, -1.644517855226012731E-15 ) ) ;
#3842 = VERTEX_POINT ( 'NONE', #4591 ) ;
#3843 = ADVANCED_FACE ( 'NONE', ( #596 ), #2457, .F. ) ;
#3844 = CARTESIAN_POINT ( 'NONE',  ( 2.100000000000000089, 10.60000000000002451, 3.050000000000017142 ) ) ;
#3845 = EDGE_LOOP ( 'NONE', ( #1602, #3044, #2905, #53 ) ) ;
#3846 = ORIENTED_EDGE ( 'NONE', *, *, #4617, .T. ) ;
#3847 = EDGE_LOOP ( 'NONE', ( #1070, #47, #4543, #5832 ) ) ;
#3848 = ADVANCED_FACE ( 'NONE', ( #1558 ), #3347, .F. ) ;
#3849 = CARTESIAN_POINT ( 'NONE',  ( 12.21999999999999886, 10.75000000000000533, -7.649999999999987033 ) ) ;
#3850 = ORIENTED_EDGE ( 'NONE', *, *, #3467, .F. ) ;
#3851 = DIRECTION ( 'NONE',  ( -1.000000000000000000, 0.0000000000000000000, 0.0000000000000000000 ) ) ;
#3852 = ORIENTED_EDGE ( 'NONE', *, *, #1495, .F. ) ;
#3853 = CARTESIAN_POINT ( 'NONE',  ( 10.92999999999999794, 6.200000000000009059, -5.599999999999976552 ) ) ;
#3854 = AXIS2_PLACEMENT_3D ( 'NONE', #567, #2342, #4139 ) ;
#3855 = FILL_AREA_STYLE ('',( #5706 ) ) ;
#3856 = PRESENTATION_STYLE_ASSIGNMENT (( #4764 ) ) ;
#3857 = LINE ( 'NONE', #5711, #1847 ) ;
#3858 = VECTOR ( 'NONE', #2285, 1000.000000000000000 ) ;
#3859 = CARTESIAN_POINT ( 'NONE',  ( 5.075000000000000178, 7.100000000000009415, -5.949999999999977973 ) ) ;
#3860 = DIRECTION ( 'NONE',  ( -0.9486832980505237600, -5.200422075328744594E-16, -0.3162277660168079652 ) ) ;
#3861 = CARTESIAN_POINT ( 'NONE',  ( 0.6786796564403999588, 5.400000000000011013, -4.249999999999976019 ) ) ;
#3862 = SURFACE_STYLE_USAGE ( .BOTH. , #3832 ) ;
#3863 = CARTESIAN_POINT ( 'NONE',  ( 11.70743883995199930, 8.199999982479811322, -5.249999105246983433 ) ) ;
#3864 = FACE_OUTER_BOUND ( 'NONE', #3531, .T. ) ;
#3865 = CARTESIAN_POINT ( 'NONE',  ( 12.21999999999999886, 10.75000000000000711, -7.249999999999984013 ) ) ;
#3866 = ORIENTED_EDGE ( 'NONE', *, *, #4890, .T. ) ;
#3867 = CARTESIAN_POINT ( 'NONE',  ( 3.299999999999999822, 8.135517241379311315, -4.618965517240978258 ) ) ;
#3868 = VECTOR ( 'NONE', #1543, 1000.000000000000000 ) ;
#3869 = CARTESIAN_POINT ( 'NONE',  ( -0.8000000000000000444, 3.750000000000024869, 4.350000000000028066 ) ) ;
#3870 = SURFACE_STYLE_FILL_AREA ( #5631 ) ;
#3871 = ORIENTED_EDGE ( 'NONE', *, *, #1820, .T. ) ;
#3872 = VECTOR ( 'NONE', #2992, 1000.000000000000000 ) ;
#3873 = SURFACE_STYLE_USAGE ( .BOTH. , #627 ) ;
#3874 = ORIENTED_EDGE ( 'NONE', *, *, #544, .F. ) ;
#3875 = ORIENTED_EDGE ( 'NONE', *, *, #4315, .T. ) ;
#3876 = EDGE_CURVE ( 'NONE', #3049, #79, #223, .T. ) ;
#3877 = DIRECTION ( 'NONE',  ( -1.000000000000000000, 0.0000000000000000000, 0.0000000000000000000 ) ) ;
#3878 = ORIENTED_EDGE ( 'NONE', *, *, #2585, .T. ) ;
#3879 = FACE_OUTER_BOUND ( 'NONE', #314, .T. ) ;
#3880 = ORIENTED_EDGE ( 'NONE', *, *, #4942, .F. ) ;
#3881 = FACE_OUTER_BOUND ( 'NONE', #3001, .T. ) ;
#3882 = DIRECTION ( 'NONE',  ( 0.0000000000000000000, 1.000000000000000000, -1.644517855226012731E-15 ) ) ;
#3883 = DIRECTION ( 'NONE',  ( 1.000000000000000000, 0.0000000000000000000, 0.0000000000000000000 ) ) ;
#3884 = EDGE_CURVE ( 'NONE', #4167, #1480, #3733, .T. ) ;
#3885 = ORIENTED_EDGE ( 'NONE', *, *, #3387, .T. ) ;
#3886 = CARTESIAN_POINT ( 'NONE',  ( 2.299999999999999822, 7.150000000000008349, -6.114911064069978863 ) ) ;
#3887 = EDGE_CURVE ( 'NONE', #1742, #5329, #116, .T. ) ;
#3888 = LINE ( 'NONE', #3779, #1885 ) ;
#3889 = FILL_AREA_STYLE ('',( #812 ) ) ;
#3890 = DIRECTION ( 'NONE',  ( 1.000000000000000000, 0.0000000000000000000, 0.0000000000000000000 ) ) ;
#3891 = FACE_OUTER_BOUND ( 'NONE', #1867, .T. ) ;
#3892 = CARTESIAN_POINT ( 'NONE',  ( 3.299999999999999822, 0.7500000000000058842, -6.149999999999968381 ) ) ;
#3893 = ORIENTED_EDGE ( 'NONE', *, *, #3309, .T. ) ;
#3894 = SURFACE_STYLE_USAGE ( .BOTH. , #2986 ) ;
#3895 = ORIENTED_EDGE ( 'NONE', *, *, #450, .T. ) ;
#3896 = CARTESIAN_POINT ( 'NONE',  ( 8.619999999999999218, 3.750000000000011102, -4.149999999999972822 ) ) ;
#3897 = VECTOR ( 'NONE', #1957, 1000.000000000000000 ) ;
#3898 = DIRECTION ( 'NONE',  ( 1.000000000000000000, 0.0000000000000000000, 0.0000000000000000000 ) ) ;
#3899 = DIRECTION ( 'NONE',  ( 0.0000000000000000000, -0.2425356250363078503, 0.9701425001453382047 ) ) ;
#3900 = ORIENTED_EDGE ( 'NONE', *, *, #4518, .T. ) ;
#3901 = PLANE ( 'NONE',  #4342 ) ;
#3902 = DIRECTION ( 'NONE',  ( 0.0000000000000000000, 0.9701425001453382047, 0.2425356250363078503 ) ) ;
#3903 = AXIS2_PLACEMENT_3D ( 'NONE', #3615, #3197, #2323 ) ;
#3904 = VERTEX_POINT ( 'NONE', #1507 ) ;
#3905 = PLANE ( 'NONE',  #1856 ) ;
#3906 = FACE_OUTER_BOUND ( 'NONE', #4366, .T. ) ;
#3907 = EDGE_LOOP ( 'NONE', ( #3296, #3337, #3852, #3758, #3121, #4027 ) ) ;
#3908 = ORIENTED_EDGE ( 'NONE', *, *, #410, .F. ) ;
#3909 = VECTOR ( 'NONE', #510, 1000.000000000000000 ) ;
#3910 = VERTEX_POINT ( 'NONE', #3288 ) ;
#3911 = DIRECTION ( 'NONE',  ( -0.1520571842539035212, 1.625394904386495651E-15, 0.9883716976506230489 ) ) ;
#3912 = ORIENTED_EDGE ( 'NONE', *, *, #2957, .T. ) ;
#3913 = LINE ( 'NONE', #5268, #5650 ) ;
#3914 = ADVANCED_FACE ( 'NONE', ( #4643 ), #3475, .T. ) ;
#3915 = ORIENTED_EDGE ( 'NONE', *, *, #1460, .T. ) ;
#3916 = CARTESIAN_POINT ( 'NONE',  ( 1.000000000000000000, 3.750000000000011102, -4.149999999999972822 ) ) ;
#3917 = COLOUR_RGB ( '',1.000000000000000000, 1.000000000000000000, 1.000000000000000000 ) ;
#3918 = DIRECTION ( 'NONE',  ( 0.0000000000000000000, 0.9883716976506232710, 0.1520571842539019114 ) ) ;
#3919 = CARTESIAN_POINT ( 'NONE',  ( 2.299999999999999822, 10.60000000000000853, -6.549999999999984723 ) ) ;
#3920 = EDGE_CURVE ( 'NONE', #4621, #5229, #4668, .T. ) ;
#3921 = PLANE ( 'NONE',  #4759 ) ;
#3922 = ADVANCED_FACE ( 'NONE', ( #3320 ), #4819, .F. ) ;
#3923 = LINE ( 'NONE', #816, #4651 ) ;
#3924 = ORIENTED_EDGE ( 'NONE', *, *, #1032, .T. ) ;
#3925 = CARTESIAN_POINT ( 'NONE',  ( 9.519999999999999574, 11.75000000000002665, 4.350000000000015632 ) ) ;
#3926 = ADVANCED_FACE ( 'NONE', ( #290 ), #5162, .F. ) ;
#3927 = CARTESIAN_POINT ( 'NONE',  ( 9.719999999999998863, 10.60000000000002451, 3.050000000000017142 ) ) ;
#3928 = ADVANCED_FACE ( 'NONE', ( #2140 ), #1150, .F. ) ;
#3929 = ORIENTED_EDGE ( 'NONE', *, *, #4611, .T. ) ;
#3930 = CARTESIAN_POINT ( 'NONE',  ( -0.2999999999999999889, 11.10000000000002629, 4.350000000000016520 ) ) ;
#3931 = FACE_OUTER_BOUND ( 'NONE', #5674, .T. ) ;
#3932 = VECTOR ( 'NONE', #2287, 1000.000000000000000 ) ;
#3933 = DIRECTION ( 'NONE',  ( -1.000000000000000000, 0.0000000000000000000, -0.0000000000000000000 ) ) ;
#3934 = CARTESIAN_POINT ( 'NONE',  ( 28.46000000000000441, 10.60000000000002451, 3.050000000000017142 ) ) ;
#3935 = PLANE ( 'NONE',  #3287 ) ;
#3936 = VECTOR ( 'NONE', #5521, 1000.000000000000000 ) ;
#3937 = ORIENTED_EDGE ( 'NONE', *, *, #4518, .F. ) ;
#3938 = ORIENTED_EDGE ( 'NONE', *, *, #5133, .T. ) ;
#3939 = EDGE_CURVE ( 'NONE', #5022, #87, #1714, .T. ) ;
#3940 = ORIENTED_EDGE ( 'NONE', *, *, #2340, .F. ) ;
#3941 = CARTESIAN_POINT ( 'NONE',  ( 12.06999999999999851, 5.400000000000009237, -5.349999999999976552 ) ) ;
#3942 = ORIENTED_EDGE ( 'NONE', *, *, #3584, .T. ) ;
#3943 = DIRECTION ( 'NONE',  ( -1.000000000000000000, 0.0000000000000000000, -0.0000000000000000000 ) ) ;
#3944 = EDGE_LOOP ( 'NONE', ( #4062, #722, #5359, #1389 ) ) ;
#3945 = DIRECTION ( 'NONE',  ( 0.1653953539259913341, 0.4410542771359755587, -0.8821085542719547812 ) ) ;
#3946 = SURFACE_SIDE_STYLE ('',( #4895 ) ) ;
#3947 = VECTOR ( 'NONE', #2844, 1000.000000000000000 ) ;
#3948 = SURFACE_STYLE_USAGE ( .BOTH. , #1385 ) ;
#3949 = PRESENTATION_STYLE_ASSIGNMENT (( #12 ) ) ;
#3950 = AXIS2_PLACEMENT_3D ( 'NONE', #1614, #792, #2931 ) ;
#3951 = CARTESIAN_POINT ( 'NONE',  ( 2.299999999999999822, 8.150000000000011013, -3.950557738530979801 ) ) ;
#3952 = ORIENTED_EDGE ( 'NONE', *, *, #1089, .T. ) ;
#3953 = ORIENTED_EDGE ( 'NONE', *, *, #1527, .T. ) ;
#3954 = ADVANCED_FACE ( 'NONE', ( #5227 ), #4847, .F. ) ;
#3955 =( NAMED_UNIT ( * ) PLANE_ANGLE_UNIT ( ) SI_UNIT ( $, .RADIAN. ) );
#3956 = SURFACE_STYLE_FILL_AREA ( #4081 ) ;
#3957 = ORIENTED_EDGE ( 'NONE', *, *, #1657, .T. ) ;
#3958 = AXIS2_PLACEMENT_3D ( 'NONE', #2692, #4520, #4486 ) ;
#3959 = SURFACE_STYLE_FILL_AREA ( #5285 ) ;
#3960 = CARTESIAN_POINT ( 'NONE',  ( 11.70743931895799861, 8.200000000000011724, -4.249999999999981348 ) ) ;
#3961 = DIRECTION ( 'NONE',  ( 0.0000000000000000000, -1.644517855226012731E-15, -1.000000000000000000 ) ) ;
#3962 = ADVANCED_FACE ( 'NONE', ( #5664 ), #3935, .T. ) ;
#3963 = CARTESIAN_POINT ( 'NONE',  ( 2.799999999999999822, 7.650000000000010125, -5.250000000000979661 ) ) ;
#3964 = STYLED_ITEM ( 'NONE', ( #5560 ), #5204 ) ;
#3965 = ADVANCED_FACE ( 'NONE', ( #3906 ), #352, .T. ) ;
#3966 = LINE ( 'NONE', #387, #1499 ) ;
#3967 = ORIENTED_EDGE ( 'NONE', *, *, #1555, .T. ) ;
#3968 = ORIENTED_EDGE ( 'NONE', *, *, #360, .F. ) ;
#3969 = AXIS2_PLACEMENT_3D ( 'NONE', #4647, #4783, #5525 ) ;
#3970 = AXIS2_PLACEMENT_3D ( 'NONE', #4529, #4084, #54 ) ;
#3971 = ORIENTED_EDGE ( 'NONE', *, *, #1505, .T. ) ;
#3972 = CARTESIAN_POINT ( 'NONE',  ( 0.8251582341875000060, 8.199999999999807443, -6.549999999999981171 ) ) ;
#3973 = ORIENTED_EDGE ( 'NONE', *, *, #1995, .T. ) ;
#3974 = PRESENTATION_STYLE_ASSIGNMENT (( #359 ) ) ;
#3975 = DIRECTION ( 'NONE',  ( 0.1788854382000007459, 1.617991634378904359E-15, 0.9838699100999042102 ) ) ;
#3976 = ORIENTED_EDGE ( 'NONE', *, *, #5101, .T. ) ;
#3977 = CARTESIAN_POINT ( 'NONE',  ( 2.799999999999999822, 8.200000000000009948, -5.599999999999980105 ) ) ;
#3978 =( NAMED_UNIT ( * ) SI_UNIT ( $, .STERADIAN. ) SOLID_ANGLE_UNIT ( ) );
#3979 = CARTESIAN_POINT ( 'NONE',  ( 1.899999999999999911, 11.75000000000002665, 4.350000000000015632 ) ) ;
#3980 = ORIENTED_EDGE ( 'NONE', *, *, #5030, .F. ) ;
#3981 = ORIENTED_EDGE ( 'NONE', *, *, #2595, .F. ) ;
#3982 = FILL_AREA_STYLE_COLOUR ( '', #3917 ) ;
#3983 = DIRECTION ( 'NONE',  ( 0.9195995135417113220, 0.3928571428571050461, -6.195440985631452359E-16 ) ) ;
#3984 = ORIENTED_EDGE ( 'NONE', *, *, #243, .F. ) ;
#3985 = DIRECTION ( 'NONE',  ( 0.0000000000000000000, 0.3589790793088808996, -0.9333456062030549560 ) ) ;
#3986 = DIRECTION ( 'NONE',  ( 0.0000000000000000000, 0.2425356250363078225, -0.9701425001453380936 ) ) ;
#3987 = EDGE_CURVE ( 'NONE', #5765, #5099, #2997, .T. ) ;
#3988 = ORIENTED_EDGE ( 'NONE', *, *, #1531, .T. ) ;
#3989 = VECTOR ( 'NONE', #3586, 999.9999999999998863 ) ;
#3990 = CARTESIAN_POINT ( 'NONE',  ( 2.299999999999999822, 8.150000000000011013, -4.738235294117980168 ) ) ;
#3991 = CARTESIAN_POINT ( 'NONE',  ( 3.299999999999999822, 6.850000000000010303, -4.849999999999977440 ) ) ;
#3992 = SURFACE_SIDE_STYLE ('',( #5443 ) ) ;
#3993 = CARTESIAN_POINT ( 'NONE',  ( 2.799999999999999822, 7.650000000000011902, -4.249999999999979572 ) ) ;
#3994 = ORIENTED_EDGE ( 'NONE', *, *, #1588, .F. ) ;
#3995 = ADVANCED_FACE ( 'NONE', ( #5635 ), #1619, .F. ) ;
#3996 = ORIENTED_EDGE ( 'NONE', *, *, #3318, .T. ) ;
#3997 = VECTOR ( 'NONE', #5206, 999.9999999999998863 ) ;
#3998 = EDGE_CURVE ( 'NONE', #5362, #5465, #2517, .T. ) ;
#3999 = LINE ( 'NONE', #2562, #849 ) ;
#4000 = ORIENTED_EDGE ( 'NONE', *, *, #4669, .F. ) ;
#4001 = FACE_OUTER_BOUND ( 'NONE', #2295, .T. ) ;
#4002 = ORIENTED_EDGE ( 'NONE', *, *, #5133, .F. ) ;
#4003 = DIRECTION ( 'NONE',  ( -0.3162277660168079096, 1.560126622598787659E-15, 0.9486832980505238710 ) ) ;
#4004 = VECTOR ( 'NONE', #3877, 1000.000000000000000 ) ;
#4005 = CARTESIAN_POINT ( 'NONE',  ( 3.500000000000000000, 10.60000000000002451, 3.050000000000017142 ) ) ;
#4006 = ORIENTED_EDGE ( 'NONE', *, *, #5447, .T. ) ;
#4007 = DIRECTION ( 'NONE',  ( 0.0000000000000000000, 0.3589790793088808440, -0.9333456062030549560 ) ) ;
#4008 = SURFACE_STYLE_USAGE ( .BOTH. , #5274 ) ;
#4009 = EDGE_CURVE ( 'NONE', #3792, #3713, #4789, .T. ) ;
#4010 = CIRCLE ( 'NONE', #2232, 1.350000000000000533 ) ;
#4011 = DIRECTION ( 'NONE',  ( -0.1788854382000007459, 1.617991634378904359E-15, 0.9838699100999042102 ) ) ;
#4012 = ORIENTED_EDGE ( 'NONE', *, *, #4709, .T. ) ;
#4013 = ORIENTED_EDGE ( 'NONE', *, *, #1314, .F. ) ;
#4014 = PRESENTATION_STYLE_ASSIGNMENT (( #48 ) ) ;
#4015 = AXIS2_PLACEMENT_3D ( 'NONE', #906, #1351, #5331 ) ;
#4016 = ORIENTED_EDGE ( 'NONE', *, *, #1262, .F. ) ;
#4017 = FACE_OUTER_BOUND ( 'NONE', #3206, .T. ) ;
#4018 = PLANE ( 'NONE',  #1687 ) ;
#4019 = CARTESIAN_POINT ( 'NONE',  ( 11.02999999999999758, 6.470000000000009521, -5.149999999999977263 ) ) ;
#4020 = AXIS2_PLACEMENT_3D ( 'NONE', #3707, #3657, #1430 ) ;
#4021 = AXIS2_PLACEMENT_3D ( 'NONE', #3831, #4659, #5624 ) ;
#4022 = PLANE ( 'NONE',  #2689 ) ;
#4023 = DIRECTION ( 'NONE',  ( 1.000000000000000000, 0.0000000000000000000, 0.0000000000000000000 ) ) ;
#4024 = PRODUCT_DEFINITION ( 'UNKNOWN', '', #4634, #2919 ) ;
#4025 = ORIENTED_EDGE ( 'NONE', *, *, #2945, .T. ) ;
#4026 =( GEOMETRIC_REPRESENTATION_CONTEXT ( 3 ) GLOBAL_UNCERTAINTY_ASSIGNED_CONTEXT ( ( #579 ) ) GLOBAL_UNIT_ASSIGNED_CONTEXT ( ( #1242, #765, #3029 ) ) REPRESENTATION_CONTEXT ( 'NONE', 'WORKASPACE' ) );
#4027 = ORIENTED_EDGE ( 'NONE', *, *, #5403, .F. ) ;
#4028 = VECTOR ( 'NONE', #5077, 1000.000000000000000 ) ;
#4029 = AXIS2_PLACEMENT_3D ( 'NONE', #3791, #2452, #1114 ) ;
#4030 = DIRECTION ( 'NONE',  ( -1.000000000000000000, 0.0000000000000000000, -0.0000000000000000000 ) ) ;
#4031 = EDGE_CURVE ( 'NONE', #40, #4196, #2681, .T. ) ;
#4032 = ORIENTED_EDGE ( 'NONE', *, *, #2528, .F. ) ;
#4033 = DIRECTION ( 'NONE',  ( 0.0000000000000000000, 1.000000000000000000, -1.644517855226012731E-15 ) ) ;
#4034 = ORIENTED_EDGE ( 'NONE', *, *, #1487, .F. ) ;
#4035 = DIRECTION ( 'NONE',  ( 1.000000000000000000, 0.0000000000000000000, 0.0000000000000000000 ) ) ;
#4036 = CIRCLE ( 'NONE', #2713, 3.150000000000000355 ) ;
#4037 = FACE_OUTER_BOUND ( 'NONE', #2172, .T. ) ;
#4038 = ORIENTED_EDGE ( 'NONE', *, *, #2455, .T. ) ;
#4039 = DIRECTION ( 'NONE',  ( -0.1503292056005951505, -0.1503292056005935684, 0.9771398364036687489 ) ) ;
#4040 = ADVANCED_FACE ( 'NONE', ( #4471 ), #1865, .T. ) ;
#4041 = FILL_AREA_STYLE ('',( #2105 ) ) ;
#4042 = CARTESIAN_POINT ( 'NONE',  ( 3.299999999999999822, 4.200000000000009059, -5.149999999999973710 ) ) ;
#4043 = DIRECTION ( 'NONE',  ( 0.0000000000000000000, 1.000000000000000000, -1.644517855226012731E-15 ) ) ;
#4044 = DIRECTION ( 'NONE',  ( 0.0000000000000000000, 1.644517855226012731E-15, 1.000000000000000000 ) ) ;
#4045 = VERTEX_POINT ( 'NONE', #986 ) ;
#4046 =( GEOMETRIC_REPRESENTATION_CONTEXT ( 3 ) GLOBAL_UNCERTAINTY_ASSIGNED_CONTEXT ( ( #1571 ) ) GLOBAL_UNIT_ASSIGNED_CONTEXT ( ( #2616, #3474, #2548 ) ) REPRESENTATION_CONTEXT ( 'NONE', 'WORKASPACE' ) );
#4047 = VERTEX_POINT ( 'NONE', #85 ) ;
#4048 = DIRECTION ( 'NONE',  ( -1.000000000000000000, 0.0000000000000000000, 0.0000000000000000000 ) ) ;
#4049 =( NAMED_UNIT ( * ) PLANE_ANGLE_UNIT ( ) SI_UNIT ( $, .RADIAN. ) );
#4050 = CARTESIAN_POINT ( 'NONE',  ( 2.299999999999999822, 7.150000000000011902, -3.950557738530979801 ) ) ;
#4051 = VERTEX_POINT ( 'NONE', #30 ) ;
#4052 = DIRECTION ( 'NONE',  ( 0.0000000000000000000, 0.4472135954999965080, -0.8944271909998966485 ) ) ;
#4053 = DIRECTION ( 'NONE',  ( 0.0000000000000000000, 0.9883716976506232710, 0.1520571842539019114 ) ) ;
#4054 = VECTOR ( 'NONE', #5630, 1000.000000000000000 ) ;
#4055 = CARTESIAN_POINT ( 'NONE',  ( 1.425000000000000044, 7.650000000000012790, -3.474999999999979661 ) ) ;
#4056 = ORIENTED_EDGE ( 'NONE', *, *, #659, .F. ) ;
#4057 = DIRECTION ( 'NONE',  ( 0.0000000000000000000, 1.644517855226012731E-15, 1.000000000000000000 ) ) ;
#4058 = PRESENTATION_LAYER_ASSIGNMENT (  '', '', ( #973 ) ) ;
#4059 = PLANE ( 'NONE',  #189 ) ;
#4060 = MECHANICAL_DESIGN_GEOMETRIC_PRESENTATION_REPRESENTATION (  '', ( #5081 ), #5380 ) ;
#4061 = DIRECTION ( 'NONE',  ( 0.0000000000000000000, 1.000000000000000000, -1.644517855226012731E-15 ) ) ;
#4062 = ORIENTED_EDGE ( 'NONE', *, *, #3217, .T. ) ;
#4063 = MECHANICAL_DESIGN_GEOMETRIC_PRESENTATION_REPRESENTATION (  '', ( #2456 ), #4812 ) ;
#4064 = DIRECTION ( 'NONE',  ( -1.000000000000000000, 0.0000000000000000000, 0.0000000000000000000 ) ) ;
#4065 = ORIENTED_EDGE ( 'NONE', *, *, #9, .F. ) ;
#4066 = CARTESIAN_POINT ( 'NONE',  ( 8.815925288370999979, 8.199999999999208811, -5.840891000299981428 ) ) ;
#4067 = CARTESIAN_POINT ( 'NONE',  ( 12.21999999999999886, 3.750000000000011102, -4.149999999999972822 ) ) ;
#4068 = ADVANCED_FACE ( 'NONE', ( #5830 ), #956, .F. ) ;
#4069 = VECTOR ( 'NONE', #1006, 1000.000000000000000 ) ;
#4070 = CARTESIAN_POINT ( 'NONE',  ( 9.919999999999998153, 8.150000000000021672, 2.150000000000020783 ) ) ;
#4071 = CARTESIAN_POINT ( 'NONE',  ( 9.919999999999998153, 7.150000000000008349, -6.114911064069978863 ) ) ;
#4072 = CARTESIAN_POINT ( 'NONE',  ( 2.100000000000000089, 10.60000000000002451, 3.050000000000017142 ) ) ;
#4073 = LINE ( 'NONE', #4042, #1099 ) ;
#4074 = CARTESIAN_POINT ( 'NONE',  ( 4.599999999999999645, 10.75000000000000533, -7.649999999999987033 ) ) ;
#4075 =( NAMED_UNIT ( * ) PLANE_ANGLE_UNIT ( ) SI_UNIT ( $, .RADIAN. ) );
#4076 = EDGE_CURVE ( 'NONE', #2588, #358, #60, .T. ) ;
#4077 = EDGE_CURVE ( 'NONE', #4885, #4820, #2652, .T. ) ;
#4078 = LINE ( 'NONE', #2220, #5676 ) ;
#4079 = VERTEX_POINT ( 'NONE', #4560 ) ;
#4080 = FILL_AREA_STYLE ('',( #3982 ) ) ;
#4081 = FILL_AREA_STYLE ('',( #1857 ) ) ;
#4082 = VERTEX_POINT ( 'NONE', #3529 ) ;
#4083 = EDGE_CURVE ( 'NONE', #362, #1455, #3564, .T. ) ;
#4084 = DIRECTION ( 'NONE',  ( 0.0000000000000000000, 0.0000000000000000000, 1.000000000000000000 ) ) ;
#4085 = DIRECTION ( 'NONE',  ( -1.000000000000000000, -0.0000000000000000000, -0.0000000000000000000 ) ) ;
#4086 = VERTEX_POINT ( 'NONE', #2201 ) ;
#4087 = CARTESIAN_POINT ( 'NONE',  ( 0.7500000000000000000, 7.100000000000007638, -6.549999999999977618 ) ) ;
#4088 = DIRECTION ( 'NONE',  ( 0.0000000000000000000, 1.644517855226012731E-15, 1.000000000000000000 ) ) ;
#4089 = CARTESIAN_POINT ( 'NONE',  ( 2.799999999999999822, 7.650000000000007461, -6.549999999999979394 ) ) ;
#4090 = ORIENTED_EDGE ( 'NONE', *, *, #2413, .F. ) ;
#4091 = VECTOR ( 'NONE', #2893, 1000.000000000000000 ) ;
#4092 = LINE ( 'NONE', #5798, #5053 ) ;
#4093 = VECTOR ( 'NONE', #4846, 1000.000000000000000 ) ;
#4094 = ORIENTED_EDGE ( 'NONE', *, *, #4271, .T. ) ;
#4095 = LINE ( 'NONE', #2271, #3306 ) ;
#4096 = CARTESIAN_POINT ( 'NONE',  ( -0.8000000000000000444, 12.25000000000002132, 1.350000000000013856 ) ) ;
#4097 = STYLED_ITEM ( 'NONE', ( #43 ), #1199 ) ;
#4098 = CARTESIAN_POINT ( 'NONE',  ( 10.91999999999999993, 4.200000000000009059, -5.149999999999973710 ) ) ;
#4099 = LINE ( 'NONE', #1868, #363 ) ;
#4100 = SURFACE_STYLE_FILL_AREA ( #528 ) ;
#4101 = CARTESIAN_POINT ( 'NONE',  ( -0.1000000000000000056, 5.400000000000022560, 3.050000000000025580 ) ) ;
#4102 = EDGE_CURVE ( 'NONE', #5511, #2427, #5413, .T. ) ;
#4103 = VECTOR ( 'NONE', #680, 1000.000000000000000 ) ;
#4104 = UNCERTAINTY_MEASURE_WITH_UNIT (LENGTH_MEASURE( 1.000000000000000082E-05 ), #826, 'distance_accuracy_value', 'NONE');
#4105 = CARTESIAN_POINT ( 'NONE',  ( 2.189999999999999947, 8.200000000000009948, -5.149999999999980815 ) ) ;
#4106 = SURFACE_STYLE_FILL_AREA ( #3703 ) ;
#4107 = CARTESIAN_POINT ( 'NONE',  ( 9.919999999999998153, 9.638089535209282133, -6.549999999999982947 ) ) ;
#4108 = ADVANCED_FACE ( 'NONE', ( #3183 ), #3152, .F. ) ;
#4109 = EDGE_LOOP ( 'NONE', ( #283, #4112, #1270, #4281, #4608, #3971, #3628, #5398, #2554, #4718, #3459, #3290, #2022, #4479, #4850, #3912 ) ) ;
#4110 = APPLICATION_PROTOCOL_DEFINITION ( 'draft international standard', 'automotive_design', 1998, #4552 ) ;
#4111 = VECTOR ( 'NONE', #1914, 1000.000000000000114 ) ;
#4112 = ORIENTED_EDGE ( 'NONE', *, *, #4351, .F. ) ;
#4113 = DIRECTION ( 'NONE',  ( 1.000000000000000000, 0.0000000000000000000, 0.0000000000000000000 ) ) ;
#4114 = DIRECTION ( 'NONE',  ( 0.0000000000000000000, -1.000000000000000000, 1.644517855226012731E-15 ) ) ;
#4115 = EDGE_CURVE ( 'NONE', #5065, #856, #3089, .T. ) ;
#4116 = ADVANCED_FACE ( 'NONE', ( #1770 ), #2708, .F. ) ;
#4117 = COLOUR_RGB ( '',1.000000000000000000, 1.000000000000000000, 1.000000000000000000 ) ;
#4118 = PRESENTATION_STYLE_ASSIGNMENT (( #1341 ) ) ;
#4119 = ORIENTED_EDGE ( 'NONE', *, *, #4550, .T. ) ;
#4120 = VECTOR ( 'NONE', #67, 1000.000000000000000 ) ;
#4121 = CARTESIAN_POINT ( 'NONE',  ( 9.809999999999998721, 8.200000000000009948, -5.149999999999980815 ) ) ;
#4122 = VECTOR ( 'NONE', #921, 1000.000000000000000 ) ;
#4123 = AXIS2_PLACEMENT_3D ( 'NONE', #4521, #2668, #911 ) ;
#4124 = ADVANCED_FACE ( 'NONE', ( #2264 ), #4059, .F. ) ;
#4125 = ORIENTED_EDGE ( 'NONE', *, *, #4399, .F. ) ;
#4126 = VERTEX_POINT ( 'NONE', #591 ) ;
#4127 = CARTESIAN_POINT ( 'NONE',  ( 9.132560681153000459, 8.199999999994910027, -5.249999999787981153 ) ) ;
#4128 = AXIS2_PLACEMENT_3D ( 'NONE', #2267, #4061, #2207 ) ;
#4129 = COLOUR_RGB ( '',1.000000000000000000, 1.000000000000000000, 1.000000000000000000 ) ;
#4130 = LINE ( 'NONE', #4894, #2584 ) ;
#4131 = LINE ( 'NONE', #98, #1789 ) ;
#4132 = VECTOR ( 'NONE', #3697, 1000.000000000000000 ) ;
#4133 = CARTESIAN_POINT ( 'NONE',  ( 1.000000000000000000, 4.200000000000005507, -7.249999999999973355 ) ) ;
#4134 = VERTEX_POINT ( 'NONE', #5518 ) ;
#4135 = ORIENTED_EDGE ( 'NONE', *, *, #5293, .F. ) ;
#4136 = EDGE_CURVE ( 'NONE', #3904, #2542, #2368, .T. ) ;
#4137 = LINE ( 'NONE', #2263, #451 ) ;
#4138 = DIRECTION ( 'NONE',  ( -1.000000000000000000, 0.0000000000000000000, 0.0000000000000000000 ) ) ;
#4139 = DIRECTION ( 'NONE',  ( 1.000000000000000000, 0.0000000000000000000, 0.0000000000000000000 ) ) ;
#4140 = ORIENTED_EDGE ( 'NONE', *, *, #217, .T. ) ;
#4141 = VECTOR ( 'NONE', #5252, 1000.000000000000000 ) ;
#4142 = EDGE_CURVE ( 'NONE', #5465, #5278, #4161, .T. ) ;
#4143 = ADVANCED_FACE ( 'NONE', ( #2454 ), #1939, .F. ) ;
#4144 = STYLED_ITEM ( 'NONE', ( #1985 ), #4609 ) ;
#4145 = LINE ( 'NONE', #3790, #4596 ) ;
#4146 = ORIENTED_EDGE ( 'NONE', *, *, #5768, .T. ) ;
#4147 = VERTEX_POINT ( 'NONE', #194 ) ;
#4148 = DIRECTION ( 'NONE',  ( 0.1842885350502034281, 1.616350860818526186E-15, 0.9828721869343185480 ) ) ;
#4149 = STYLED_ITEM ( 'NONE', ( #100 ), #4827 ) ;
#4150 = CARTESIAN_POINT ( 'NONE',  ( -0.1000000000000000056, 10.60000000000000853, -6.549999999999984723 ) ) ;
#4151 = VECTOR ( 'NONE', #2943, 999.9999999999998863 ) ;
#4152 = DIRECTION ( 'NONE',  ( 0.0000000000000000000, -1.644517855226012731E-15, -1.000000000000000000 ) ) ;
#4153 = LINE ( 'NONE', #124, #1354 ) ;
#4154 = AXIS2_PLACEMENT_3D ( 'NONE', #1336, #348, #3177 ) ;
#4155 = FACE_OUTER_BOUND ( 'NONE', #3005, .T. ) ;
#4156 = DIRECTION ( 'NONE',  ( -0.1421338109036998643, 0.3553345272593981807, -0.9238697708742998893 ) ) ;
#4157 = ORIENTED_EDGE ( 'NONE', *, *, #5368, .T. ) ;
#4158 = ORIENTED_EDGE ( 'NONE', *, *, #503, .F. ) ;
#4159 = PLANE ( 'NONE',  #3723 ) ;
#4160 = LINE ( 'NONE', #1085, #4579 ) ;
#4161 = LINE ( 'NONE', #134, #2437 ) ;
#4162 = EDGE_CURVE ( 'NONE', #5775, #3606, #5736, .T. ) ;
#4163 = CARTESIAN_POINT ( 'NONE',  ( -0.8000000000000000444, 3.750000000000004885, -7.649999999999974598 ) ) ;
#4164 = EDGE_CURVE ( 'NONE', #2210, #3148, #4666, .T. ) ;
#4165 = LINE ( 'NONE', #3230, #5247 ) ;
#4166 = ORIENTED_EDGE ( 'NONE', *, *, #3102, .F. ) ;
#4167 = VERTEX_POINT ( 'NONE', #1994 ) ;
#4168 = ADVANCED_FACE ( 'NONE', ( #1472 ), #5124, .F. ) ;
#4169 = CARTESIAN_POINT ( 'NONE',  ( 8.919999999999999929, 6.250000000000010658, -4.799999999999977618 ) ) ;
#4170 = ORIENTED_EDGE ( 'NONE', *, *, #3074, .T. ) ;
#4171 = DIRECTION ( 'NONE',  ( 1.000000000000000000, 0.0000000000000000000, 0.0000000000000000000 ) ) ;
#4172 = AXIS2_PLACEMENT_3D ( 'NONE', #1136, #3364, #2860 ) ;
#4173 = ADVANCED_FACE ( 'NONE', ( #4694 ), #4641, .T. ) ;
#4174 = EDGE_CURVE ( 'NONE', #3184, #982, #1117, .T. ) ;
#4175 = VERTEX_POINT ( 'NONE', #5073 ) ;
#4176 = CARTESIAN_POINT ( 'NONE',  ( 10.04499999999999815, 0.2500000000000071609, -5.649999999999967493 ) ) ;
#4177 = CARTESIAN_POINT ( 'NONE',  ( 1.899999999999999911, 11.75000000000002665, 4.350000000000015632 ) ) ;
#4178 = VECTOR ( 'NONE', #4951, 1000.000000000000000 ) ;
#4179 = CARTESIAN_POINT ( 'NONE',  ( 2.327902097902000200, 7.150000000000011013, -4.484265734265979297 ) ) ;
#4180 = DIRECTION ( 'NONE',  ( 0.0000000000000000000, -1.644517855226012731E-15, -1.000000000000000000 ) ) ;
#4181 =( GEOMETRIC_REPRESENTATION_CONTEXT ( 3 ) GLOBAL_UNCERTAINTY_ASSIGNED_CONTEXT ( ( #2757 ) ) GLOBAL_UNIT_ASSIGNED_CONTEXT ( ( #5320, #1429, #1470 ) ) REPRESENTATION_CONTEXT ( 'NONE', 'WORKASPACE' ) );
#4182 =( NAMED_UNIT ( * ) PLANE_ANGLE_UNIT ( ) SI_UNIT ( $, .RADIAN. ) );
#4183 = EDGE_CURVE ( 'NONE', #704, #5497, #3212, .T. ) ;
#4184 = ORIENTED_EDGE ( 'NONE', *, *, #5834, .F. ) ;
#4185 = CYLINDRICAL_SURFACE ( 'NONE', #1536, 2.949999999999999734 ) ;
#4186 = STYLED_ITEM ( 'NONE', ( #1705 ), #1404 ) ;
#4187 = ORIENTED_EDGE ( 'NONE', *, *, #999, .F. ) ;
#4188 = CARTESIAN_POINT ( 'NONE',  ( 8.369999999999999218, 7.100000000000007638, -6.549999999999977618 ) ) ;
#4189 = LINE ( 'NONE', #5599, #5125 ) ;
#4190 = LINE ( 'NONE', #163, #5067 ) ;
#4191 = VECTOR ( 'NONE', #644, 1000.000000000000000 ) ;
#4192 = VERTEX_POINT ( 'NONE', #4589 ) ;
#4193 = AXIS2_PLACEMENT_3D ( 'NONE', #4828, #4798, #5673 ) ;
#4194 = DIRECTION ( 'NONE',  ( 0.0000000000000000000, -1.000000000000000000, 1.508500966887852005E-15 ) ) ;
#4195 = VERTEX_POINT ( 'NONE', #5469 ) ;
#4196 = VERTEX_POINT ( 'NONE', #2817 ) ;
#4197 = AXIS2_PLACEMENT_3D ( 'NONE', #1782, #1723, #3943 ) ;
#4198 = CARTESIAN_POINT ( 'NONE',  ( 9.909999999999998366, 8.200000000000009948, -5.149999999999980815 ) ) ;
#4199 = VERTEX_POINT ( 'NONE', #5018 ) ;
#4200 = CARTESIAN_POINT ( 'NONE',  ( 4.150000000000000355, 7.650000000000012790, -2.699999999999979305 ) ) ;
#4201 = VECTOR ( 'NONE', #2492, 1000.000000000000000 ) ;
#4202 = ADVANCED_FACE ( 'NONE', ( #1062 ), #1011, .T. ) ;
#4203 = LINE ( 'NONE', #5557, #2025 ) ;
#4204 = EDGE_LOOP ( 'NONE', ( #3327, #2940, #312, #4334 ) ) ;
#4205 = FILL_AREA_STYLE ('',( #5459 ) ) ;
#4206 = CARTESIAN_POINT ( 'NONE',  ( 8.619999999999999218, 10.75000000000000533, -7.649999999999987033 ) ) ;
#4207 = AXIS2_PLACEMENT_3D ( 'NONE', #3527, #5728, #5377 ) ;
#4208 = EDGE_CURVE ( 'NONE', #1514, #4919, #1915, .T. ) ;
#4209 = LINE ( 'NONE', #2410, #1881 ) ;
#4210 = DIRECTION ( 'NONE',  ( 0.0000000000000000000, -1.000000000000000000, 1.644517855226012731E-15 ) ) ;
#4211 = B_SPLINE_CURVE_WITH_KNOTS ( 'NONE', 3,
 ( #2754, #469, #2249, #1384, #10 ),
 .UNSPECIFIED., .F., .F.,
 ( 4, 1, 4 ),
 ( 0.0000000000000000000, 0.5000000000000000000, 1.000000000000000000 ),
 .UNSPECIFIED. ) ;
#4212 = EDGE_CURVE ( 'NONE', #2501, #2334, #113, .T. ) ;
#4213 = AXIS2_PLACEMENT_3D ( 'NONE', #5385, #2742, #5835 ) ;
#4214 = DIRECTION ( 'NONE',  ( 1.000000000000000000, 0.0000000000000000000, 0.0000000000000000000 ) ) ;
#4215 = CARTESIAN_POINT ( 'NONE',  ( 8.619999999999999218, 10.75000000000000711, -7.249999999999984013 ) ) ;
#4216 = COLOUR_RGB ( '',1.000000000000000000, 1.000000000000000000, 1.000000000000000000 ) ;
#4217 = DIRECTION ( 'NONE',  ( 1.000000000000000000, 0.0000000000000000000, 0.0000000000000000000 ) ) ;
#4218 = VECTOR ( 'NONE', #3020, 1000.000000000000000 ) ;
#4219 = VERTEX_POINT ( 'NONE', #5043 ) ;
#4220 = LINE ( 'NONE', #1143, #543 ) ;
#4221 = CARTESIAN_POINT ( 'NONE',  ( 2.799999999999999822, 8.025000000000023448, 2.650000000000021227 ) ) ;
#4222 = CARTESIAN_POINT ( 'NONE',  ( 1.463223362704000108, 8.199999982479811322, -5.340741119825982430 ) ) ;
#4223 = DIRECTION ( 'NONE',  ( 0.0000000000000000000, -1.000000000000000000, 1.644517855226012731E-15 ) ) ;
#4224 = VERTEX_POINT ( 'NONE', #1037 ) ;
#4225 = AXIS2_PLACEMENT_3D ( 'NONE', #5763, #3031, #2480 ) ;
#4226 = FACE_OUTER_BOUND ( 'NONE', #5172, .T. ) ;
#4227 = FILL_AREA_STYLE ('',( #5605 ) ) ;
#4228 = ORIENTED_EDGE ( 'NONE', *, *, #901, .T. ) ;
#4229 = VERTEX_POINT ( 'NONE', #614 ) ;
#4230 = DIRECTION ( 'NONE',  ( 0.0000000000000000000, 1.644517855226012731E-15, 1.000000000000000000 ) ) ;
#4231 = VECTOR ( 'NONE', #1201, 1000.000000000000000 ) ;
#4232 = ORIENTED_EDGE ( 'NONE', *, *, #4974, .F. ) ;
#4233 = DIRECTION ( 'NONE',  ( 0.0000000000000000000, -1.000000000000000000, 1.508500966887852005E-15 ) ) ;
#4234 = ORIENTED_EDGE ( 'NONE', *, *, #4693, .F. ) ;
#4235 = COLOUR_RGB ( '',1.000000000000000000, 1.000000000000000000, 1.000000000000000000 ) ;
#4236 = DIRECTION ( 'NONE',  ( 0.2014180313373102604, 0.1180726390598044601, -0.9723629099043501478 ) ) ;
#4237 =( LENGTH_UNIT ( ) NAMED_UNIT ( * ) SI_UNIT ( .MILLI., .METRE. ) );
#4238 = CARTESIAN_POINT ( 'NONE',  ( 10.66999999999999815, 7.900000000000023448, 3.150000000000021672 ) ) ;
#4239 = EDGE_CURVE ( 'NONE', #296, #4791, #4190, .T. ) ;
#4240 = ORIENTED_EDGE ( 'NONE', *, *, #5335, .T. ) ;
#4241 = CARTESIAN_POINT ( 'NONE',  ( 9.909999999999998366, 4.200000000000009059, -5.149999999999973710 ) ) ;
#4242 = CARTESIAN_POINT ( 'NONE',  ( 2.327902097902000200, 7.150000000000011013, -4.484265734265979297 ) ) ;
#4243 =( NAMED_UNIT ( * ) PLANE_ANGLE_UNIT ( ) SI_UNIT ( $, .RADIAN. ) );
#4244 = CARTESIAN_POINT ( 'NONE',  ( 3.310000000000000053, 8.400000000000007461, -6.449999999999981526 ) ) ;
#4245 = DIRECTION ( 'NONE',  ( 1.000000000000000000, 2.921250539646147360E-29, 1.776356839400000238E-14 ) ) ;
#4246 = EDGE_CURVE ( 'NONE', #5552, #177, #5547, .T. ) ;
#4247 =( GEOMETRIC_REPRESENTATION_CONTEXT ( 3 ) GLOBAL_UNCERTAINTY_ASSIGNED_CONTEXT ( ( #4630 ) ) GLOBAL_UNIT_ASSIGNED_CONTEXT ( ( #4843, #381, #1735 ) ) REPRESENTATION_CONTEXT ( 'NONE', 'WORKASPACE' ) );
#4248 = EDGE_CURVE ( 'NONE', #3324, #4367, #5160, .T. ) ;
#4249 = ORIENTED_EDGE ( 'NONE', *, *, #148, .F. ) ;
#4250 = CARTESIAN_POINT ( 'NONE',  ( 1.899999999999999911, 11.75000000000002665, 4.350000000000015632 ) ) ;
#4251 = DIRECTION ( 'NONE',  ( 0.1434133044264949142, -0.7071759494133761370, -0.6923400903347745050 ) ) ;
#4252 = CARTESIAN_POINT ( 'NONE',  ( 9.919999999999998153, 7.650000000000026112, 4.350000000000021849 ) ) ;
#4253 = EDGE_CURVE ( 'NONE', #5382, #140, #4339, .T. ) ;
#4254 = ORIENTED_EDGE ( 'NONE', *, *, #5230, .F. ) ;
#4255 = DIRECTION ( 'NONE',  ( 0.0000000000000000000, 1.000000000000000000, -1.644517855226012731E-15 ) ) ;
#4256 = LINE ( 'NONE', #5163, #3276 ) ;
#4257 = ORIENTED_EDGE ( 'NONE', *, *, #5541, .F. ) ;
#4258 = ORIENTED_EDGE ( 'NONE', *, *, #14, .T. ) ;
#4259 = EDGE_CURVE ( 'NONE', #2210, #3904, #2131, .T. ) ;
#4260 = ORIENTED_EDGE ( 'NONE', *, *, #295, .F. ) ;
#4261 = CARTESIAN_POINT ( 'NONE',  ( 3.299999999999999822, 7.150000000000010125, -4.618965517240978258 ) ) ;
#4262 = ORIENTED_EDGE ( 'NONE', *, *, #2018, .T. ) ;
#4263 = FACE_OUTER_BOUND ( 'NONE', #4779, .T. ) ;
#4264 = PLANE ( 'NONE',  #478 ) ;
#4265 = UNCERTAINTY_MEASURE_WITH_UNIT (LENGTH_MEASURE( 1.000000000000000082E-05 ), #4237, 'distance_accuracy_value', 'NONE');
#4266 = CARTESIAN_POINT ( 'NONE',  ( 13.51999999999999957, 5.200000000000025047, 4.350000000000026290 ) ) ;
#4267 = VECTOR ( 'NONE', #5590, 1000.000000000000000 ) ;
#4268 = LINE ( 'NONE', #3274, #4091 ) ;
#4269 = DIRECTION ( 'NONE',  ( -1.000000000000000000, 0.0000000000000000000, 0.0000000000000000000 ) ) ;
#4270 = SURFACE_SIDE_STYLE ('',( #128 ) ) ;
#4271 = EDGE_CURVE ( 'NONE', #842, #5437, #2990, .T. ) ;
#4272 = FACE_OUTER_BOUND ( 'NONE', #4308, .T. ) ;
#4273 = CIRCLE ( 'NONE', #3903, 2.950000000000000622 ) ;
#4274 = PLANE ( 'NONE',  #2710 ) ;
#4275 = ORIENTED_EDGE ( 'NONE', *, *, #930, .T. ) ;
#4276 = MECHANICAL_DESIGN_GEOMETRIC_PRESENTATION_REPRESENTATION (  '', ( #144 ), #3170 ) ;
#4277 = PLANE ( 'NONE',  #3535 ) ;
#4278 = EDGE_CURVE ( 'NONE', #3573, #2542, #4781, .T. ) ;
#4279 = CARTESIAN_POINT ( 'NONE',  ( 2.262500000000000178, 7.492500000000010374, -4.799999999999979394 ) ) ;
#4280 = CARTESIAN_POINT ( 'NONE',  ( 13.31999999999999851, 5.400000000000022560, 3.050000000000025580 ) ) ;
#4281 = ORIENTED_EDGE ( 'NONE', *, *, #3313, .F. ) ;
#4282 = ADVANCED_FACE ( 'NONE', ( #5723 ), #2044, .F. ) ;
#4283 = VECTOR ( 'NONE', #1003, 1000.000000000000000 ) ;
#4284 = DIRECTION ( 'NONE',  ( 0.0000000000000000000, 1.000000000000000000, -1.644517855226012731E-15 ) ) ;
#4285 = ORIENTED_EDGE ( 'NONE', *, *, #5440, .T. ) ;
#4286 = VERTEX_POINT ( 'NONE', #2016 ) ;
#4287 = VECTOR ( 'NONE', #5517, 1000.000000000000000 ) ;
#4288 = EDGE_LOOP ( 'NONE', ( #131, #4157, #3994, #3130 ) ) ;
#4289 = PLANE ( 'NONE',  #5224 ) ;
#4290 = VECTOR ( 'NONE', #1693, 1000.000000000000000 ) ;
#4291 = ORIENTED_EDGE ( 'NONE', *, *, #1712, .T. ) ;
#4292 = CARTESIAN_POINT ( 'NONE',  ( 12.21999999999999886, 3.750000000000011102, -4.149999999999972822 ) ) ;
#4293 = ORIENTED_EDGE ( 'NONE', *, *, #2310, .T. ) ;
#4294 = DIRECTION ( 'NONE',  ( -1.000000000000000000, 0.0000000000000000000, 0.0000000000000000000 ) ) ;
#4295 = DIRECTION ( 'NONE',  ( 0.0000000000000000000, 1.644517855226012731E-15, 1.000000000000000000 ) ) ;
#4296 = CARTESIAN_POINT ( 'NONE',  ( 3.310000000000000053, 4.200000000000006395, -6.449999999999974420 ) ) ;
#4297 = DIRECTION ( 'NONE',  ( 0.0000000000000000000, -0.6995716435123755517, 0.7145624644447774454 ) ) ;
#4298 = PLANE ( 'NONE',  #1426 ) ;
#4299 = CARTESIAN_POINT ( 'NONE',  ( 10.16999999999999815, 7.900000000000023448, 3.150000000000021672 ) ) ;
#4300 = VECTOR ( 'NONE', #4909, 1000.000000000000000 ) ;
#4301 = CARTESIAN_POINT ( 'NONE',  ( 4.599999999999999645, 6.250000000000008882, -5.949999999999977973 ) ) ;
#4302 = ORIENTED_EDGE ( 'NONE', *, *, #536, .F. ) ;
#4303 = VECTOR ( 'NONE', #5000, 1000.000000000000000 ) ;
#4304 = CARTESIAN_POINT ( 'NONE',  ( 8.619999999999999218, 3.750000000000004885, -7.649999999999974598 ) ) ;
#4305 = PLANE ( 'NONE',  #5438 ) ;
#4306 = DIRECTION ( 'NONE',  ( 0.0000000000000000000, 0.5407575913134770040, -0.8411784753765674250 ) ) ;
#4307 = CARTESIAN_POINT ( 'NONE',  ( 2.299999999999999822, 7.650000000000026112, 4.350000000000021849 ) ) ;
#4308 = EDGE_LOOP ( 'NONE', ( #5611, #737, #3351, #4937 ) ) ;
#4309 = VECTOR ( 'NONE', #1198, 1000.000000000000000 ) ;
#4310 = CARTESIAN_POINT ( 'NONE',  ( 10.41999999999999815, 7.650000000000011902, -4.249999999999979572 ) ) ;
#4311 = ADVANCED_FACE ( 'NONE', ( #3495 ), #4721, .T. ) ;
#4312 = CARTESIAN_POINT ( 'NONE',  ( 8.819999999999998508, 7.100000000000010303, -5.349999999999978328 ) ) ;
#4313 = DIRECTION ( 'NONE',  ( 0.9828721869343185480, 3.030657864035044747E-16, 0.1842885350502034558 ) ) ;
#4314 = VERTEX_POINT ( 'NONE', #1147 ) ;
#4315 = EDGE_CURVE ( 'NONE', #807, #328, #5282, .T. ) ;
#4316 = EDGE_LOOP ( 'NONE', ( #4232, #2408 ) ) ;
#4317 = EDGE_CURVE ( 'NONE', #3904, #4367, #1586, .T. ) ;
#4318 = STYLED_ITEM ( 'NONE', ( #4118 ), #4108 ) ;
#4319 = ORIENTED_EDGE ( 'NONE', *, *, #5574, .F. ) ;
#4320 = DIRECTION ( 'NONE',  ( 0.1653953539259913341, 0.4410542771359755587, -0.8821085542719547812 ) ) ;
#4321 = EDGE_LOOP ( 'NONE', ( #2350, #4689, #398, #2118 ) ) ;
#4322 = CARTESIAN_POINT ( 'NONE',  ( 1.000000000000000000, 10.75000000000000711, -7.249999999999984013 ) ) ;
#4323 = CARTESIAN_POINT ( 'NONE',  ( 2.140000000000000124, 4.200000000000005507, -7.249999999999973355 ) ) ;
#4324 = CIRCLE ( 'NONE', #1520, 1.000000000000000888 ) ;
#4325 = SURFACE_SIDE_STYLE ('',( #2526 ) ) ;
#4326 = CARTESIAN_POINT ( 'NONE',  ( 11.11999999999999744, 12.25000000000002487, 3.050000000000014477 ) ) ;
#4327 = CARTESIAN_POINT ( 'NONE',  ( 9.919999999999998153, 0.7500000000000058842, -6.149999999999968381 ) ) ;
#4328 = CARTESIAN_POINT ( 'NONE',  ( 11.31999999999999851, 11.10000000000002629, 4.350000000000016520 ) ) ;
#4329 = DIRECTION ( 'NONE',  ( -1.000000000000000000, 0.0000000000000000000, -0.0000000000000000000 ) ) ;
#4330 = CARTESIAN_POINT ( 'NONE',  ( 2.299999999999999822, 6.850000000000007638, -6.149999999999978151 ) ) ;
#4331 = UNCERTAINTY_MEASURE_WITH_UNIT (LENGTH_MEASURE( 1.000000000000000082E-05 ), #3524, 'distance_accuracy_value', 'NONE');
#4332 = AXIS2_PLACEMENT_3D ( 'NONE', #775, #1187, #230 ) ;
#4333 = LINE ( 'NONE', #407, #1744 ) ;
#4334 = ORIENTED_EDGE ( 'NONE', *, *, #4398, .F. ) ;
#4335 = CARTESIAN_POINT ( 'NONE',  ( 10.95749999999999780, 7.492500000000010374, -4.799999999999979394 ) ) ;
#4336 = ORIENTED_EDGE ( 'NONE', *, *, #4739, .F. ) ;
#4337 = FILL_AREA_STYLE ('',( #5280 ) ) ;
#4338 = VECTOR ( 'NONE', #3851, 1000.000000000000000 ) ;
#4339 = LINE ( 'NONE', #5690, #4425 ) ;
#4340 = VERTEX_POINT ( 'NONE', #2108 ) ;
#4341 = LINE ( 'NONE', #2823, #412 ) ;
#4342 = AXIS2_PLACEMENT_3D ( 'NONE', #3469, #1238, #4815 ) ;
#4343 = VERTEX_POINT ( 'NONE', #759 ) ;
#4344 = DIRECTION ( 'NONE',  ( 0.1788854382000007459, 1.617991634378904359E-15, 0.9838699100999042102 ) ) ;
#4345 = CARTESIAN_POINT ( 'NONE',  ( 2.299999999999999822, 7.150000000000011902, -3.950557738530979801 ) ) ;
#4346 = EDGE_CURVE ( 'NONE', #177, #700, #3023, .T. ) ;
#4347 = ORIENTED_EDGE ( 'NONE', *, *, #3658, .F. ) ;
#4348 = ORIENTED_EDGE ( 'NONE', *, *, #1024, .T. ) ;
#4349 = EDGE_CURVE ( 'NONE', #1468, #757, #2651, .T. ) ;
#4350 = LINE ( 'NONE', #1281, #1502 ) ;
#4351 = EDGE_CURVE ( 'NONE', #655, #2164, #2606, .T. ) ;
#4352 = VERTEX_POINT ( 'NONE', #1272 ) ;
#4353 = DIRECTION ( 'NONE',  ( -1.000000000000000000, 0.0000000000000000000, 0.0000000000000000000 ) ) ;
#4354 = ORIENTED_EDGE ( 'NONE', *, *, #474, .F. ) ;
#4355 = CARTESIAN_POINT ( 'NONE',  ( 0.9499999999999999556, 6.250000000000008882, -5.949999999999977973 ) ) ;
#4356 = DIRECTION ( 'NONE',  ( -1.000000000000000000, 0.0000000000000000000, -0.0000000000000000000 ) ) ;
#4357 = ORIENTED_EDGE ( 'NONE', *, *, #5569, .T. ) ;
#4358 = EDGE_LOOP ( 'NONE', ( #2296, #5378, #1343, #547 ) ) ;
#4359 = EDGE_CURVE ( 'NONE', #4352, #1912, #3408, .T. ) ;
#4360 = LINE ( 'NONE', #3916, #1652 ) ;
#4361 = EDGE_CURVE ( 'NONE', #3665, #1838, #219, .T. ) ;
#4362 = FACE_OUTER_BOUND ( 'NONE', #1563, .T. ) ;
#4363 = PLANE ( 'NONE',  #294 ) ;
#4364 = DIRECTION ( 'NONE',  ( 0.0000000000000000000, 1.000000000000000000, -1.644517855226012731E-15 ) ) ;
#4365 = VECTOR ( 'NONE', #4523, 1000.000000000000000 ) ;
#4366 = EDGE_LOOP ( 'NONE', ( #4462, #5666, #1924, #3409, #5637, #3066, #511, #2994, #4849, #621, #482, #4852 ) ) ;
#4367 = VERTEX_POINT ( 'NONE', #4840 ) ;
#4368 = LINE ( 'NONE', #4071, #1492 ) ;
#4369 = EDGE_LOOP ( 'NONE', ( #4258, #3079, #3153, #3587 ) ) ;
#4370 = DIRECTION ( 'NONE',  ( 0.0000000000000000000, 1.000000000000000000, -1.644517855226012731E-15 ) ) ;
#4371 = AXIS2_PLACEMENT_3D ( 'NONE', #4801, #748, #4736 ) ;
#4372 = EDGE_CURVE ( 'NONE', #1600, #3049, #822, .T. ) ;
#4373 = CARTESIAN_POINT ( 'NONE',  ( 2.100000000000000089, 12.25000000000002487, 3.050000000000014477 ) ) ;
#4374 = LINE ( 'NONE', #1175, #5323 ) ;
#4375 = ORIENTED_EDGE ( 'NONE', *, *, #1863, .T. ) ;
#4376 = PLANE ( 'NONE',  #2842 ) ;
#4377 = CARTESIAN_POINT ( 'NONE',  ( 12.21999999999999886, 10.75000000000000533, -7.649999999999987033 ) ) ;
#4378 = CARTESIAN_POINT ( 'NONE',  ( 4.200000000000000178, 7.100000000000012079, -4.249999999999977796 ) ) ;
#4379 = AXIS2_PLACEMENT_3D ( 'NONE', #4394, #2495, #3073 ) ;
#4380 = VERTEX_POINT ( 'NONE', #1174 ) ;
#4381 = SURFACE_SIDE_STYLE ('',( #2706 ) ) ;
#4382 = DIRECTION ( 'NONE',  ( -0.2425356250363093769, 1.595416663602612589E-15, 0.9701425001453377606 ) ) ;
#4383 = VECTOR ( 'NONE', #5467, 1000.000000000000000 ) ;
#4384 = ORIENTED_EDGE ( 'NONE', *, *, #4212, .T. ) ;
#4385 = ORIENTED_EDGE ( 'NONE', *, *, #250, .F. ) ;
#4386 = MECHANICAL_DESIGN_GEOMETRIC_PRESENTATION_REPRESENTATION (  '', ( #2221 ), #5029 ) ;
#4387 = ORIENTED_EDGE ( 'NONE', *, *, #3309, .F. ) ;
#4388 = DIRECTION ( 'NONE',  ( -1.000000000000000000, -2.921250539646147696E-28, -1.776356839400000554E-13 ) ) ;
#4389 = EDGE_LOOP ( 'NONE', ( #4782, #2770, #3196, #3967, #562 ) ) ;
#4390 = VECTOR ( 'NONE', #566, 1000.000000000000114 ) ;
#4391 = CARTESIAN_POINT ( 'NONE',  ( 4.799999999999999822, 5.400000000000007461, -6.549999999999975842 ) ) ;
#4392 = DIRECTION ( 'NONE',  ( 0.0000000000000000000, 1.644517855226012731E-15, 1.000000000000000000 ) ) ;
#4393 = ORIENTED_EDGE ( 'NONE', *, *, #2160, .T. ) ;
#4394 = CARTESIAN_POINT ( 'NONE',  ( 28.46000000000000441, 5.400000000000024336, 4.350000000000025402 ) ) ;
#4395 = PRESENTATION_LAYER_ASSIGNMENT (  '', '', ( #4583 ) ) ;
#4396 = LINE ( 'NONE', #1293, #3838 ) ;
#4397 = DIRECTION ( 'NONE',  ( 0.0000000000000000000, -0.9333456062030549560, -0.3589790793088808996 ) ) ;
#4398 = EDGE_CURVE ( 'NONE', #31, #3091, #5661, .T. ) ;
#4399 = EDGE_CURVE ( 'NONE', #2164, #1468, #1644, .T. ) ;
#4400 = LINE ( 'NONE', #3048, #3633 ) ;
#4401 = ORIENTED_EDGE ( 'NONE', *, *, #1453, .T. ) ;
#4402 = CARTESIAN_POINT ( 'NONE',  ( 8.285028440670998862, 5.367823775833023170, 3.259145454940025388 ) ) ;
#4403 = ORIENTED_EDGE ( 'NONE', *, *, #3074, .F. ) ;
#4404 = VECTOR ( 'NONE', #233, 1000.000000000000114 ) ;
#4405 = FACE_OUTER_BOUND ( 'NONE', #4406, .T. ) ;
#4406 = EDGE_LOOP ( 'NONE', ( #4673, #4056, #1279, #1996 ) ) ;
#4407 = DIRECTION ( 'NONE',  ( 0.0000000000000000000, -0.9333456062030549560, -0.3589790793088808996 ) ) ;
#4408 = VECTOR ( 'NONE', #2467, 1000.000000000000000 ) ;
#4409 = PLANE ( 'NONE',  #3002 ) ;
#4410 = ORIENTED_EDGE ( 'NONE', *, *, #4717, .F. ) ;
#4411 = CARTESIAN_POINT ( 'NONE',  ( 10.91999999999999993, 7.150000000000011902, -3.950557738530979801 ) ) ;
#4412 = SURFACE_STYLE_USAGE ( .BOTH. , #830 ) ;
#4413 =( GEOMETRIC_REPRESENTATION_CONTEXT ( 3 ) GLOBAL_UNCERTAINTY_ASSIGNED_CONTEXT ( ( #5814 ) ) GLOBAL_UNIT_ASSIGNED_CONTEXT ( ( #2216, #1877, #1787 ) ) REPRESENTATION_CONTEXT ( 'NONE', 'WORKASPACE' ) );
#4414 = ORIENTED_EDGE ( 'NONE', *, *, #628, .F. ) ;
#4415 = EDGE_LOOP ( 'NONE', ( #463, #4006, #1447, #2208 ) ) ;
#4416 = LINE ( 'NONE', #3861, #172 ) ;
#4417 = VERTEX_POINT ( 'NONE', #695 ) ;
#4418 = CARTESIAN_POINT ( 'NONE',  ( 9.519999999999999574, 11.75000000000002665, 4.350000000000015632 ) ) ;
#4419 = ORIENTED_EDGE ( 'NONE', *, *, #2834, .F. ) ;
#4420 = DIRECTION ( 'NONE',  ( 0.0000000000000000000, 1.000000000000000000, -1.644517855226012731E-15 ) ) ;
#4421 = DIRECTION ( 'NONE',  ( 0.0000000000000000000, 0.4472135954999965080, -0.8944271909998966485 ) ) ;
#4422 = VERTEX_POINT ( 'NONE', #2225 ) ;
#4423 = DIRECTION ( 'NONE',  ( 0.0000000000000000000, -1.000000000000000000, 1.644517855226012731E-15 ) ) ;
#4424 = LINE ( 'NONE', #717, #479 ) ;
#4425 = VECTOR ( 'NONE', #247, 1000.000000000000000 ) ;
#4426 = CARTESIAN_POINT ( 'NONE',  ( 10.92999999999999794, 8.400000000000007461, -6.449999999999981526 ) ) ;
#4427 = EDGE_CURVE ( 'NONE', #1742, #1610, #509, .T. ) ;
#4428 = VECTOR ( 'NONE', #5510, 1000.000000000000000 ) ;
#4429 = CARTESIAN_POINT ( 'NONE',  ( 21.64000000000000057, 3.750000000000024869, 4.350000000000028066 ) ) ;
#4430 = ORIENTED_EDGE ( 'NONE', *, *, #4253, .T. ) ;
#4431 = ORIENTED_EDGE ( 'NONE', *, *, #3505, .T. ) ;
#4432 = EDGE_CURVE ( 'NONE', #4086, #1853, #2170, .T. ) ;
#4433 = CARTESIAN_POINT ( 'NONE',  ( 12.62454076850489848, 5.200000000000025047, 4.350000000000026290 ) ) ;
#4434 = CARTESIAN_POINT ( 'NONE',  ( 3.299999999999999822, 9.600000000000012079, -4.249999999999983125 ) ) ;
#4435 = CARTESIAN_POINT ( 'NONE',  ( 13.31999999999999851, 7.650000000000026112, 4.350000000000021849 ) ) ;
#4436 = ORIENTED_EDGE ( 'NONE', *, *, #5037, .F. ) ;
#4437 = COLOUR_RGB ( '',1.000000000000000000, 1.000000000000000000, 1.000000000000000000 ) ;
#4438 = CARTESIAN_POINT ( 'NONE',  ( 8.819999999999998508, 5.400000000000009237, -5.349999999999976552 ) ) ;
#4439 = FACE_OUTER_BOUND ( 'NONE', #415, .T. ) ;
#4440 = PLANE ( 'NONE',  #751 ) ;
#4441 = ORIENTED_EDGE ( 'NONE', *, *, #2614, .T. ) ;
#4442 = DIRECTION ( 'NONE',  ( 0.0000000000000000000, 1.000000000000000000, -1.644517855226012731E-15 ) ) ;
#4443 = VECTOR ( 'NONE', #1189, 1000.000000000000000 ) ;
#4444 = EDGE_CURVE ( 'NONE', #855, #3532, #4933, .T. ) ;
#4445 = ORIENTED_EDGE ( 'NONE', *, *, #3416, .F. ) ;
#4446 = VERTEX_POINT ( 'NONE', #918 ) ;
#4447 = CARTESIAN_POINT ( 'NONE',  ( 3.299737033658999952, 8.957775965783010719, -5.249999999998981259 ) ) ;
#4448 = ADVANCED_FACE ( 'NONE', ( #413 ), #4492, .T. ) ;
#4449 = VERTEX_POINT ( 'NONE', #5314 ) ;
#4450 = ORIENTED_EDGE ( 'NONE', *, *, #1598, .F. ) ;
#4451 = LINE ( 'NONE', #431, #1997 ) ;
#4452 = CARTESIAN_POINT ( 'NONE',  ( 10.91999999999999993, 8.150000000000014566, -2.699999999999980194 ) ) ;
#4453 = ORIENTED_EDGE ( 'NONE', *, *, #4550, .F. ) ;
#4454 = EDGE_LOOP ( 'NONE', ( #2524, #604, #4653, #3953 ) ) ;
#4455 = LINE ( 'NONE', #4544, #2303 ) ;
#4456 = SURFACE_STYLE_USAGE ( .BOTH. , #2666 ) ;
#4457 =( NAMED_UNIT ( * ) PLANE_ANGLE_UNIT ( ) SI_UNIT ( $, .RADIAN. ) );
#4458 = LINE ( 'NONE', #5750, #3457 ) ;
#4459 = PLANE ( 'NONE',  #1651 ) ;
#4460 = EDGE_CURVE ( 'NONE', #2675, #592, #1421, .T. ) ;
#4461 = ORIENTED_EDGE ( 'NONE', *, *, #80, .F. ) ;
#4462 = ORIENTED_EDGE ( 'NONE', *, *, #3569, .T. ) ;
#4463 = DIRECTION ( 'NONE',  ( -0.2014180313373102604, 0.1180726390598044601, -0.9723629099043501478 ) ) ;
#4464 = CARTESIAN_POINT ( 'NONE',  ( 10.41999999999999815, 7.450000000000023270, 3.050000000000022471 ) ) ;
#4465 = ORIENTED_EDGE ( 'NONE', *, *, #3380, .F. ) ;
#4466 = CARTESIAN_POINT ( 'NONE',  ( 2.299999999999999822, 6.850000000000009415, -5.149999999999977263 ) ) ;
#4467 = CARTESIAN_POINT ( 'NONE',  ( 10.41999999999999815, 4.400000084174022774, 3.699999452866627792 ) ) ;
#4468 = DIRECTION ( 'NONE',  ( 0.0000000000000000000, 1.644517855226012731E-15, 1.000000000000000000 ) ) ;
#4469 = VECTOR ( 'NONE', #3253, 1000.000000000000000 ) ;
#4470 = DIRECTION ( 'NONE',  ( 0.0000000000000000000, 1.644517855226012731E-15, 1.000000000000000000 ) ) ;
#4471 = FACE_OUTER_BOUND ( 'NONE', #4504, .T. ) ;
#4472 = ORIENTED_EDGE ( 'NONE', *, *, #3661, .F. ) ;
#4473 = CIRCLE ( 'NONE', #2021, 1.300000000000000711 ) ;
#4474 = ADVANCED_FACE ( 'NONE', ( #1301 ), #2443, .F. ) ;
#4475 = AXIS2_PLACEMENT_3D ( 'NONE', #5122, #4690, #2902 ) ;
#4476 = DIRECTION ( 'NONE',  ( 1.000000000000000000, -2.921250539646147360E-29, -1.776356839400000238E-14 ) ) ;
#4477 = EDGE_LOOP ( 'NONE', ( #2519, #350, #5709, #5386 ) ) ;
#4478 = DIRECTION ( 'NONE',  ( -0.1788854382000007459, 1.617991634378904359E-15, 0.9838699100999042102 ) ) ;
#4479 = ORIENTED_EDGE ( 'NONE', *, *, #4925, .T. ) ;
#4480 = LINE ( 'NONE', #3221, #5281 ) ;
#4481 = MECHANICAL_DESIGN_GEOMETRIC_PRESENTATION_REPRESENTATION (  '', ( #4186 ), #2311 ) ;
#4482 = CARTESIAN_POINT ( 'NONE',  ( 9.919999999999998153, 8.150000000000011013, -4.738235294117980168 ) ) ;
#4483 = ORIENTED_EDGE ( 'NONE', *, *, #3037, .F. ) ;
#4484 = CARTESIAN_POINT ( 'NONE',  ( 14.01999999999999957, 11.75000000000002665, 4.350000000000015632 ) ) ;
#4485 = FILL_AREA_STYLE ('',( #3168 ) ) ;
#4486 = DIRECTION ( 'NONE',  ( -0.2425356250363093769, -0.9701425001453377606, 1.595416663602612589E-15 ) ) ;
#4487 = CARTESIAN_POINT ( 'NONE',  ( 9.809999999999998721, 6.470000000000009521, -5.149999999999977263 ) ) ;
#4488 = CARTESIAN_POINT ( 'NONE',  ( 1.000000000000000000, 10.75000000000000533, -7.649999999999987033 ) ) ;
#4489 = ORIENTED_EDGE ( 'NONE', *, *, #182, .T. ) ;
#4490 = ORIENTED_EDGE ( 'NONE', *, *, #3812, .F. ) ;
#4491 = CARTESIAN_POINT ( 'NONE',  ( 10.41999999999999815, 3.975000000000009859, -4.499999999999974243 ) ) ;
#4492 = CYLINDRICAL_SURFACE ( 'NONE', #4898, 1.300000000000000711 ) ;
#4493 = FACE_OUTER_BOUND ( 'NONE', #1158, .T. ) ;
#4494 = VECTOR ( 'NONE', #3489, 1000.000000000000000 ) ;
#4495 = EDGE_LOOP ( 'NONE', ( #707, #3566, #3000, #2141 ) ) ;
#4496 = DIRECTION ( 'NONE',  ( 0.0000000000000000000, -1.000000000000000000, 1.644517855226012731E-15 ) ) ;
#4497 = DIRECTION ( 'NONE',  ( 1.000000000000000000, 0.0000000000000000000, 0.0000000000000000000 ) ) ;
#4498 = CARTESIAN_POINT ( 'NONE',  ( 9.919999999999998153, 6.850000000000007638, -6.149999999999978151 ) ) ;
#4499 = ORIENTED_EDGE ( 'NONE', *, *, #4278, .T. ) ;
#4500 = AXIS2_PLACEMENT_3D ( 'NONE', #2647, #2111, #3471 ) ;
#4501 = VECTOR ( 'NONE', #3603, 1000.000000000000000 ) ;
#4502 = SURFACE_STYLE_USAGE ( .BOTH. , #4381 ) ;
#4503 =( NAMED_UNIT ( * ) SI_UNIT ( $, .STERADIAN. ) SOLID_ANGLE_UNIT ( ) );
#4504 = EDGE_LOOP ( 'NONE', ( #5531, #4032, #2176, #4731 ) ) ;
#4505 = EDGE_CURVE ( 'NONE', #40, #773, #21, .T. ) ;
#4506 = VECTOR ( 'NONE', #2683, 1000.000000000000000 ) ;
#4507 = CARTESIAN_POINT ( 'NONE',  ( 2.290000000000000036, 6.470000000000009521, -5.149999999999977263 ) ) ;
#4508 = EDGE_CURVE ( 'NONE', #328, #3496, #196, .T. ) ;
#4509 = ORIENTED_EDGE ( 'NONE', *, *, #4897, .T. ) ;
#4510 = PLANE ( 'NONE',  #5554 ) ;
#4511 = ORIENTED_EDGE ( 'NONE', *, *, #2776, .F. ) ;
#4512 = EDGE_CURVE ( 'NONE', #2401, #1742, #4324, .T. ) ;
#4513 = CARTESIAN_POINT ( 'NONE',  ( 9.083245917178999207, 8.199999999994910027, -5.340699665706980070 ) ) ;
#4514 = CARTESIAN_POINT ( 'NONE',  ( 9.759999999999999787, 4.200000000000005507, -7.249999999999973355 ) ) ;
#4515 = ORIENTED_EDGE ( 'NONE', *, *, #593, .F. ) ;
#4516 = DIRECTION ( 'NONE',  ( 0.0000000000000000000, 1.000000000000000000, -2.891205793294679017E-15 ) ) ;
#4517 = LINE ( 'NONE', #502, #179 ) ;
#4518 = EDGE_CURVE ( 'NONE', #5787, #601, #5786, .T. ) ;
#4519 = DIRECTION ( 'NONE',  ( 0.0000000000000000000, 1.644517855226012731E-15, 1.000000000000000000 ) ) ;
#4520 = DIRECTION ( 'NONE',  ( 0.9701425001453377606, -0.2425356250363093769, 3.988541659006119292E-16 ) ) ;
#4521 = CARTESIAN_POINT ( 'NONE',  ( 10.91999999999999993, 8.150000000000023448, 3.150000000000021227 ) ) ;
#4522 = UNCERTAINTY_MEASURE_WITH_UNIT (LENGTH_MEASURE( 1.000000000000000082E-05 ), #5489, 'distance_accuracy_value', 'NONE');
#4523 = DIRECTION ( 'NONE',  ( 0.0000000000000000000, 1.644517855226012731E-15, 1.000000000000000000 ) ) ;
#4524 = VECTOR ( 'NONE', #316, 1000.000000000000000 ) ;
#4525 = ORIENTED_EDGE ( 'NONE', *, *, #4359, .F. ) ;
#4526 = DIRECTION ( 'NONE',  ( 0.0000000000000000000, -1.644517855226012731E-15, -1.000000000000000000 ) ) ;
#4527 = LINE ( 'NONE', #2226, #3909 ) ;
#4528 = ORIENTED_EDGE ( 'NONE', *, *, #3416, .T. ) ;
#4529 = CARTESIAN_POINT ( 'NONE',  ( 0.0000000000000000000, 0.0000000000000000000, 0.0000000000000000000 ) ) ;
#4530 = VECTOR ( 'NONE', #1491, 1000.000000000000227 ) ;
#4531 = CARTESIAN_POINT ( 'NONE',  ( 1.350000000000000089, 7.100000000000012079, -4.249999999999977796 ) ) ;
#4532 = ORIENTED_EDGE ( 'NONE', *, *, #5230, .T. ) ;
#4533 = DIRECTION ( 'NONE',  ( -0.9195995135417113220, 0.3928571428571051571, -6.195440985631454331E-16 ) ) ;
#4534 = VECTOR ( 'NONE', #5503, 1000.000000000000000 ) ;
#4535 = ORIENTED_EDGE ( 'NONE', *, *, #1496, .T. ) ;
#4536 = EDGE_CURVE ( 'NONE', #3062, #1748, #5346, .T. ) ;
#4537 = CARTESIAN_POINT ( 'NONE',  ( -0.2000000000000000111, 8.000000000000024869, 3.700000000000021494 ) ) ;
#4538 = VERTEX_POINT ( 'NONE', #2674 ) ;
#4539 = VECTOR ( 'NONE', #3593, 1000.000000000000000 ) ;
#4540 = ORIENTED_EDGE ( 'NONE', *, *, #5470, .F. ) ;
#4541 = CARTESIAN_POINT ( 'NONE',  ( 9.919999999999998153, 0.7500000000000058842, -6.149999999999968381 ) ) ;
#4542 = FACE_OUTER_BOUND ( 'NONE', #2870, .T. ) ;
#4543 = ORIENTED_EDGE ( 'NONE', *, *, #4616, .T. ) ;
#4544 = CARTESIAN_POINT ( 'NONE',  ( 2.299999999999999822, 8.150000000000014566, -2.699999999999980194 ) ) ;
#4545 = DIRECTION ( 'NONE',  ( 0.0000000000000000000, -1.000000000000000000, 1.644517855226012731E-15 ) ) ;
#4546 = EDGE_CURVE ( 'NONE', #592, #4446, #5821, .T. ) ;
#4547 = DIRECTION ( 'NONE',  ( -0.2357022603954935513, -0.2357022603954951612, -0.9428090415820741255 ) ) ;
#4548 = DIRECTION ( 'NONE',  ( 0.0000000000000000000, 1.000000000000000000, -1.334402673828312452E-15 ) ) ;
#4549 = EDGE_CURVE ( 'NONE', #2678, #3390, #5374, .T. ) ;
#4550 = EDGE_CURVE ( 'NONE', #5419, #5199, #5540, .T. ) ;
#4551 = DIRECTION ( 'NONE',  ( 1.000000000000000000, 0.0000000000000000000, 0.0000000000000000000 ) ) ;
#4552 = APPLICATION_CONTEXT ( 'automotive_design' ) ;
#4553 = CARTESIAN_POINT ( 'NONE',  ( 11.86999999999999922, 5.400000000000011013, -4.249999999999976019 ) ) ;
#4554 = CARTESIAN_POINT ( 'NONE',  ( 9.835000000000000853, 6.400000000000007461, -6.849999999999977440 ) ) ;
#4555 = ORIENTED_EDGE ( 'NONE', *, *, #2528, .T. ) ;
#4556 = DIRECTION ( 'NONE',  ( 0.0000000000000000000, 1.000000000000000000, -1.644517855226012731E-15 ) ) ;
#4557 = ORIENTED_EDGE ( 'NONE', *, *, #1350, .T. ) ;
#4558 = EDGE_CURVE ( 'NONE', #2274, #4886, #2862, .T. ) ;
#4559 = DIRECTION ( 'NONE',  ( -0.3527588064246998112, 0.9357142857142991543, -1.239088197126290866E-15 ) ) ;
#4560 = CARTESIAN_POINT ( 'NONE',  ( 2.299999999999999822, 10.60000000000000853, -6.549999999999984723 ) ) ;
#4561 = CARTESIAN_POINT ( 'NONE',  ( -0.1000000000000000056, 8.200000000000008171, -6.549999999999981171 ) ) ;
#4562 = AXIS2_PLACEMENT_3D ( 'NONE', #1731, #1296, #853 ) ;
#4563 = LINE ( 'NONE', #4507, #4303 ) ;
#4564 = VECTOR ( 'NONE', #4344, 1000.000000000000227 ) ;
#4565 = VERTEX_POINT ( 'NONE', #1028 ) ;
#4566 = ORIENTED_EDGE ( 'NONE', *, *, #2051, .F. ) ;
#4567 = CARTESIAN_POINT ( 'NONE',  ( 10.91999999999999993, 6.850000000000007638, -6.149999999999978151 ) ) ;
#4568 = DIRECTION ( 'NONE',  ( -0.3162277660168079096, 1.560126622598787659E-15, 0.9486832980505238710 ) ) ;
#4569 = VERTEX_POINT ( 'NONE', #1082 ) ;
#4570 = CIRCLE ( 'NONE', #2693, 1.399999999999999911 ) ;
#4571 = LINE ( 'NONE', #2690, #2392 ) ;
#4572 = DIRECTION ( 'NONE',  ( 0.0000000000000000000, -1.000000000000000000, 1.644517855226012731E-15 ) ) ;
#4573 = DIRECTION ( 'NONE',  ( 0.0000000000000000000, -1.000000000000000000, 1.644517855226012731E-15 ) ) ;
#4574 = LINE ( 'NONE', #4101, #1253 ) ;
#4575 = MECHANICAL_DESIGN_GEOMETRIC_PRESENTATION_REPRESENTATION (  '', ( #926 ), #2485 ) ;
#4576 = UNCERTAINTY_MEASURE_WITH_UNIT (LENGTH_MEASURE( 1.000000000000000082E-05 ), #1779, 'distance_accuracy_value', 'NONE');
#4577 = EDGE_CURVE ( 'NONE', #799, #4079, #129, .T. ) ;
#4578 = CARTESIAN_POINT ( 'NONE',  ( 4.599999999999999645, 4.200000000000005507, -7.249999999999973355 ) ) ;
#4579 = VECTOR ( 'NONE', #590, 1000.000000000000000 ) ;
#4580 = EDGE_CURVE ( 'NONE', #2578, #1367, #3278, .T. ) ;
#4581 = CARTESIAN_POINT ( 'NONE',  ( 8.215459231494998349, 5.200000000000025047, 4.350000000000026290 ) ) ;
#4582 = ORIENTED_EDGE ( 'NONE', *, *, #5767, .F. ) ;
#4583 = STYLED_ITEM ( 'NONE', ( #791 ), #1666 ) ;
#4584 = EDGE_CURVE ( 'NONE', #2050, #4886, #5462, .T. ) ;
#4585 = EDGE_LOOP ( 'NONE', ( #2, #2361, #5730, #1535, #3874, #114, #5248, #2520 ) ) ;
#4586 = SURFACE_STYLE_FILL_AREA ( #983 ) ;
#4587 = VECTOR ( 'NONE', #815, 1000.000000000000000 ) ;
#4588 = CARTESIAN_POINT ( 'NONE',  ( 10.91999999999999993, 7.150000000000010125, -4.618965517240978258 ) ) ;
#4589 = CARTESIAN_POINT ( 'NONE',  ( 10.92999999999999794, 8.200000000000009948, -5.149999999999980815 ) ) ;
#4590 = ORIENTED_EDGE ( 'NONE', *, *, #4745, .F. ) ;
#4591 = CARTESIAN_POINT ( 'NONE',  ( 12.21999999999999886, 4.200000000000005507, -7.249999999999973355 ) ) ;
#4592 = AXIS2_PLACEMENT_3D ( 'NONE', #1485, #3252, #1079 ) ;
#4593 = EDGE_LOOP ( 'NONE', ( #2582, #5295, #5105, #3705 ) ) ;
#4594 = ORIENTED_EDGE ( 'NONE', *, *, #961, .F. ) ;
#4595 = LINE ( 'NONE', #574, #1533 ) ;
#4596 = VECTOR ( 'NONE', #2796, 1000.000000000000000 ) ;
#4597 = DIRECTION ( 'NONE',  ( 0.0000000000000000000, 1.000000000000000000, -1.644517855226012731E-15 ) ) ;
#4598 = DIRECTION ( 'NONE',  ( 1.000000000000000000, 0.0000000000000000000, 0.0000000000000000000 ) ) ;
#4599 = DIRECTION ( 'NONE',  ( 0.0000000000000000000, -1.000000000000000000, 1.644517855226012731E-15 ) ) ;
#4600 = CARTESIAN_POINT ( 'NONE',  ( 10.91999999999999993, 7.650000000000026112, 4.350000000000021849 ) ) ;
#4601 = LINE ( 'NONE', #5091, #3195 ) ;
#4602 = DIRECTION ( 'NONE',  ( 0.0000000000000000000, -1.644517855226012731E-15, -1.000000000000000000 ) ) ;
#4603 = CARTESIAN_POINT ( 'NONE',  ( 2.299999999999999822, 0.7500000000000058842, -6.149999999999968381 ) ) ;
#4604 = ADVANCED_FACE ( 'NONE', ( #532, #2836 ), #155, .T. ) ;
#4605 = CARTESIAN_POINT ( 'NONE',  ( 2.290000000000000036, 8.200000000000009948, -5.149999999999980815 ) ) ;
#4606 = ORIENTED_EDGE ( 'NONE', *, *, #3060, .F. ) ;
#4607 = PRODUCT_CONTEXT ( 'NONE', #3759, 'mechanical' ) ;
#4608 = ORIENTED_EDGE ( 'NONE', *, *, #2995, .F. ) ;
#4609 = ADVANCED_FACE ( 'NONE', ( #637 ), #1522, .T. ) ;
#4610 = LINE ( 'NONE', #1010, #2586 ) ;
#4611 = EDGE_CURVE ( 'NONE', #2246, #380, #74, .T. ) ;
#4612 = CARTESIAN_POINT ( 'NONE',  ( 13.31999999999999851, 10.60000000000000853, -6.549999999999984723 ) ) ;
#4613 = CARTESIAN_POINT ( 'NONE',  ( 10.41999999999699966, 7.649999999998350120, -6.549999999999979394 ) ) ;
#4614 = ORIENTED_EDGE ( 'NONE', *, *, #1673, .F. ) ;
#4615 = AXIS2_PLACEMENT_3D ( 'NONE', #1235, #2508, #1704 ) ;
#4616 = EDGE_CURVE ( 'NONE', #87, #3620, #608, .T. ) ;
#4617 = EDGE_CURVE ( 'NONE', #4175, #3713, #2360, .T. ) ;
#4618 = VECTOR ( 'NONE', #1054, 1000.000000000000000 ) ;
#4619 = CARTESIAN_POINT ( 'NONE',  ( 2.290000000000000036, 8.200000000000009948, -5.149999999999980815 ) ) ;
#4620 = ORIENTED_EDGE ( 'NONE', *, *, #4248, .F. ) ;
#4621 = VERTEX_POINT ( 'NONE', #1887 ) ;
#4622 = CARTESIAN_POINT ( 'NONE',  ( 10.92999999999999794, 4.200000000000006395, -6.449999999999974420 ) ) ;
#4623 = VERTEX_POINT ( 'NONE', #5119 ) ;
#4624 = CARTESIAN_POINT ( 'NONE',  ( 28.46000000000000441, 5.400000000000011013, -4.249999999999976019 ) ) ;
#4625 = EDGE_CURVE ( 'NONE', #1244, #4820, #5093, .T. ) ;
#4626 = AXIS2_PLACEMENT_3D ( 'NONE', #3126, #1378, #2209 ) ;
#4627 = ORIENTED_EDGE ( 'NONE', *, *, #2639, .T. ) ;
#4628 = DIRECTION ( 'NONE',  ( 0.0000000000000000000, -1.000000000000000000, 1.644517855226012731E-15 ) ) ;
#4629 = DIRECTION ( 'NONE',  ( 0.0000000000000000000, 1.644517855226012731E-15, 1.000000000000000000 ) ) ;
#4630 = UNCERTAINTY_MEASURE_WITH_UNIT (LENGTH_MEASURE( 1.000000000000000082E-05 ), #4843, 'distance_accuracy_value', 'NONE');
#4631 = VECTOR ( 'NONE', #4496, 1000.000000000000000 ) ;
#4632 = CARTESIAN_POINT ( 'NONE',  ( 8.619999999999999218, 3.750000000000004885, -7.649999999999974598 ) ) ;
#4633 = SURFACE_SIDE_STYLE ('',( #1908 ) ) ;
#4634 = PRODUCT_DEFINITION_FORMATION_WITH_SPECIFIED_SOURCE ( 'ANY', '', #3400, .NOT_KNOWN. ) ;
#4635 = ORIENTED_EDGE ( 'NONE', *, *, #3385, .F. ) ;
#4636 =( NAMED_UNIT ( * ) PLANE_ANGLE_UNIT ( ) SI_UNIT ( $, .RADIAN. ) );
#4637 = VERTEX_POINT ( 'NONE', #4553 ) ;
#4638 = LINE ( 'NONE', #3760, #2121 ) ;
#4639 = PLANE ( 'NONE',  #5813 ) ;
#4640 = DIRECTION ( 'NONE',  ( 0.0000000000000000000, 1.644517855226012731E-15, 1.000000000000000000 ) ) ;
#4641 = PLANE ( 'NONE',  #3392 ) ;
#4642 = ORIENTED_EDGE ( 'NONE', *, *, #2635, .F. ) ;
#4643 = FACE_OUTER_BOUND ( 'NONE', #1312, .T. ) ;
#4644 = ORIENTED_EDGE ( 'NONE', *, *, #5064, .F. ) ;
#4645 = EDGE_CURVE ( 'NONE', #5645, #3824, #2306, .T. ) ;
#4646 = ORIENTED_EDGE ( 'NONE', *, *, #5127, .F. ) ;
#4647 = CARTESIAN_POINT ( 'NONE',  ( 13.41999999999999993, 8.000000000000024869, 3.700000000000021494 ) ) ;
#4648 = EDGE_CURVE ( 'NONE', #1371, #5643, #3583, .T. ) ;
#4649 = EDGE_LOOP ( 'NONE', ( #2379, #2460, #4873, #3817 ) ) ;
#4650 = LINE ( 'NONE', #1178, #1184 ) ;
#4651 = VECTOR ( 'NONE', #5657, 1000.000000000000000 ) ;
#4652 = CARTESIAN_POINT ( 'NONE',  ( -0.1000000000000000056, 7.100000000000012079, -4.249999999999977796 ) ) ;
#4653 = ORIENTED_EDGE ( 'NONE', *, *, #1131, .F. ) ;
#4654 = LINE ( 'NONE', #1879, #4534 ) ;
#4655 = CARTESIAN_POINT ( 'NONE',  ( 4.599999999999999645, 4.200000000000005507, -7.249999999999973355 ) ) ;
#4656 = CIRCLE ( 'NONE', #1936, 1.300000000000000711 ) ;
#4657 = CARTESIAN_POINT ( 'NONE',  ( 13.51999999999999957, 11.10000000000002629, 4.350000000000016520 ) ) ;
#4658 = CARTESIAN_POINT ( 'NONE',  ( 3.299999999999999822, 0.7500000000000075495, -5.149999999999967493 ) ) ;
#4659 = DIRECTION ( 'NONE',  ( -0.0000000000000000000, -1.644517855226012731E-15, -1.000000000000000000 ) ) ;
#4660 = VECTOR ( 'NONE', #2014, 1000.000000000000000 ) ;
#4661 = DIRECTION ( 'NONE',  ( 0.0000000000000000000, 1.000000000000000000, -1.644517855226012731E-15 ) ) ;
#4662 = PRESENTATION_LAYER_ASSIGNMENT (  '', '', ( #719 ) ) ;
#4663 = ORIENTED_EDGE ( 'NONE', *, *, #2340, .T. ) ;
#4664 = PLANE ( 'NONE',  #3441 ) ;
#4665 = CARTESIAN_POINT ( 'NONE',  ( 12.21999999999999886, 4.200000000000009059, -4.849999999999973888 ) ) ;
#4666 = LINE ( 'NONE', #3730, #3115 ) ;
#4667 = ORIENTED_EDGE ( 'NONE', *, *, #5737, .T. ) ;
#4668 = LINE ( 'NONE', #167, #2728 ) ;
#4669 = EDGE_CURVE ( 'NONE', #2283, #776, #4688, .T. ) ;
#4670 = ORIENTED_EDGE ( 'NONE', *, *, #1712, .F. ) ;
#4671 = VERTEX_POINT ( 'NONE', #5243 ) ;
#4672 = FACE_OUTER_BOUND ( 'NONE', #356, .T. ) ;
#4673 = ORIENTED_EDGE ( 'NONE', *, *, #3692, .F. ) ;
#4674 = EDGE_CURVE ( 'NONE', #2675, #5419, #2979, .T. ) ;
#4675 = VECTOR ( 'NONE', #4816, 1000.000000000000000 ) ;
#4676 = ADVANCED_FACE ( 'NONE', ( #2469 ), #4363, .F. ) ;
#4677 = ORIENTED_EDGE ( 'NONE', *, *, #3136, .F. ) ;
#4678 = DIRECTION ( 'NONE',  ( 0.0000000000000000000, -1.000000000000000000, 1.644517855226012731E-15 ) ) ;
#4679 = FACE_OUTER_BOUND ( 'NONE', #660, .T. ) ;
#4680 = DIRECTION ( 'NONE',  ( -0.2425356250363093769, 1.595416663602612589E-15, 0.9701425001453377606 ) ) ;
#4681 = VECTOR ( 'NONE', #1765, 1000.000000000000000 ) ;
#4682 = VECTOR ( 'NONE', #1754, 1000.000000000000000 ) ;
#4683 = SURFACE_STYLE_USAGE ( .BOTH. , #2891 ) ;
#4684 = CARTESIAN_POINT ( 'NONE',  ( 11.96999999999999886, 6.250000000000010658, -4.799999999999977618 ) ) ;
#4685 = AXIS2_PLACEMENT_3D ( 'NONE', #64, #4030, #960 ) ;
#4686 = DIRECTION ( 'NONE',  ( 0.0000000000000000000, 1.644517855226012731E-15, 1.000000000000000000 ) ) ;
#4687 = DIRECTION ( 'NONE',  ( 1.000000000000000000, 0.0000000000000000000, 0.0000000000000000000 ) ) ;
#4688 = LINE ( 'NONE', #2036, #2076 ) ;
#4689 = ORIENTED_EDGE ( 'NONE', *, *, #4208, .T. ) ;
#4690 = DIRECTION ( 'NONE',  ( 0.9838699100999043212, -2.941802971598307782E-16, -0.1788854382000008014 ) ) ;
#4691 =( NAMED_UNIT ( * ) SI_UNIT ( $, .STERADIAN. ) SOLID_ANGLE_UNIT ( ) );
#4692 = DIRECTION ( 'NONE',  ( 0.0000000000000000000, 1.000000000000000000, -1.644517855226012731E-15 ) ) ;
#4693 = EDGE_CURVE ( 'NONE', #655, #5492, #2126, .T. ) ;
#4694 = FACE_OUTER_BOUND ( 'NONE', #3218, .T. ) ;
#4695 = ORIENTED_EDGE ( 'NONE', *, *, #28, .T. ) ;
#4696 = VECTOR ( 'NONE', #4023, 1000.000000000000000 ) ;
#4697 = CARTESIAN_POINT ( 'NONE',  ( 11.86999999999999922, 7.100000000000012079, -4.249999999999977796 ) ) ;
#4698 = CARTESIAN_POINT ( 'NONE',  ( 2.299999999999999822, 7.150000000000013678, -2.699999999999978417 ) ) ;
#4699 = VERTEX_POINT ( 'NONE', #274 ) ;
#4700 = VERTEX_POINT ( 'NONE', #3805 ) ;
#4701 = VECTOR ( 'NONE', #3052, 1000.000000000000000 ) ;
#4702 = ORIENTED_EDGE ( 'NONE', *, *, #2475, .T. ) ;
#4703 = EDGE_CURVE ( 'NONE', #4079, #1803, #4714, .T. ) ;
#4704 = DIRECTION ( 'NONE',  ( 0.0000000000000000000, -1.644517855226012731E-15, -1.000000000000000000 ) ) ;
#4705 = ORIENTED_EDGE ( 'NONE', *, *, #3282, .F. ) ;
#4706 = DIRECTION ( 'NONE',  ( 1.000000000000000000, 0.0000000000000000000, 0.0000000000000000000 ) ) ;
#4707 = FILL_AREA_STYLE ('',( #1978 ) ) ;
#4708 = PLANE ( 'NONE',  #1115 ) ;
#4709 = EDGE_CURVE ( 'NONE', #344, #4314, #5713, .T. ) ;
#4710 = VECTOR ( 'NONE', #4478, 1000.000000000000227 ) ;
#4711 = FACE_OUTER_BOUND ( 'NONE', #255, .T. ) ;
#4712 = PLANE ( 'NONE',  #1691 ) ;
#4713 = FACE_OUTER_BOUND ( 'NONE', #1362, .T. ) ;
#4714 = LINE ( 'NONE', #3919, #3595 ) ;
#4715 = EDGE_CURVE ( 'NONE', #4989, #4286, #1665, .T. ) ;
#4716 = VECTOR ( 'NONE', #4052, 999.9999999999998863 ) ;
#4717 = EDGE_CURVE ( 'NONE', #1701, #4286, #1111, .T. ) ;
#4718 = ORIENTED_EDGE ( 'NONE', *, *, #4792, .T. ) ;
#4719 = DIRECTION ( 'NONE',  ( 1.000000000000000000, 0.0000000000000000000, 0.0000000000000000000 ) ) ;
#4720 = CARTESIAN_POINT ( 'NONE',  ( 2.299999999999999822, 6.470000000000009521, -5.149999999999977263 ) ) ;
#4721 = PLANE ( 'NONE',  #2068 ) ;
#4722 = ORIENTED_EDGE ( 'NONE', *, *, #3681, .T. ) ;
#4723 = CARTESIAN_POINT ( 'NONE',  ( 3.049999999999999822, 7.400000000000023448, 3.150000000000022560 ) ) ;
#4724 =( LENGTH_UNIT ( ) NAMED_UNIT ( * ) SI_UNIT ( .MILLI., .METRE. ) );
#4725 = ORIENTED_EDGE ( 'NONE', *, *, #3788, .F. ) ;
#4726 = VERTEX_POINT ( 'NONE', #1578 ) ;
#4727 = ORIENTED_EDGE ( 'NONE', *, *, #2455, .F. ) ;
#4728 = SURFACE_STYLE_USAGE ( .BOTH. , #2653 ) ;
#4729 = ORIENTED_EDGE ( 'NONE', *, *, #1262, .T. ) ;
#4730 = DIRECTION ( 'NONE',  ( -0.0000000000000000000, 1.644517855226012731E-15, 1.000000000000000000 ) ) ;
#4731 = ORIENTED_EDGE ( 'NONE', *, *, #325, .T. ) ;
#4732 = CARTESIAN_POINT ( 'NONE',  ( 9.919999999999998153, 7.150000000000010125, -4.618965517240978258 ) ) ;
#4733 = SURFACE_STYLE_USAGE ( .BOTH. , #2007 ) ;
#4734 = UNCERTAINTY_MEASURE_WITH_UNIT (LENGTH_MEASURE( 1.000000000000000082E-05 ), #756, 'distance_accuracy_value', 'NONE');
#4735 =( NAMED_UNIT ( * ) SI_UNIT ( $, .STERADIAN. ) SOLID_ANGLE_UNIT ( ) );
#4736 = DIRECTION ( 'NONE',  ( 1.000000000000000000, 0.0000000000000000000, 0.0000000000000000000 ) ) ;
#4737 = DIRECTION ( 'NONE',  ( -0.0000000000000000000, -1.644517855226012731E-15, -1.000000000000000000 ) ) ;
#4738 = DIRECTION ( 'NONE',  ( 0.0000000000000000000, 1.644517855226012731E-15, 1.000000000000000000 ) ) ;
#4739 = EDGE_CURVE ( 'NONE', #5645, #4700, #3454, .T. ) ;
#4740 = AXIS2_PLACEMENT_3D ( 'NONE', #1340, #452, #4940 ) ;
#4741 = SURFACE_SIDE_STYLE ('',( #1268 ) ) ;
#4742 = EDGE_LOOP ( 'NONE', ( #872, #1260, #3980, #4187 ) ) ;
#4743 = MECHANICAL_DESIGN_GEOMETRIC_PRESENTATION_REPRESENTATION (  '', ( #4097 ), #5588 ) ;
#4744 = FACE_OUTER_BOUND ( 'NONE', #19, .T. ) ;
#4745 = EDGE_CURVE ( 'NONE', #3062, #1561, #308, .T. ) ;
#4746 =( LENGTH_UNIT ( ) NAMED_UNIT ( * ) SI_UNIT ( .MILLI., .METRE. ) );
#4747 = DIRECTION ( 'NONE',  ( -0.0000000000000000000, -1.644517855226012731E-15, -1.000000000000000000 ) ) ;
#4748 = FILL_AREA_STYLE_COLOUR ( '', #3811 ) ;
#4749 = ADVANCED_FACE ( 'NONE', ( #3015 ), #2832, .T. ) ;
#4750 = VERTEX_POINT ( 'NONE', #5209 ) ;
#4751 = VECTOR ( 'NONE', #1540, 1000.000000000000000 ) ;
#4752 = DIRECTION ( 'NONE',  ( 0.0000000000000000000, -1.644517855226012731E-15, -1.000000000000000000 ) ) ;
#4753 = FILL_AREA_STYLE_COLOUR ( '', #3639 ) ;
#4754 = DIRECTION ( 'NONE',  ( -1.000000000000000000, 0.0000000000000000000, 0.0000000000000000000 ) ) ;
#4755 = ORIENTED_EDGE ( 'NONE', *, *, #1435, .T. ) ;
#4756 = ORIENTED_EDGE ( 'NONE', *, *, #564, .T. ) ;
#4757 = STYLED_ITEM ( 'NONE', ( #4014 ), #1741 ) ;
#4758 = DIRECTION ( 'NONE',  ( -2.489763374691999437E-09, 5.720123221753855507E-09, 1.000000000000000000 ) ) ;
#4759 = AXIS2_PLACEMENT_3D ( 'NONE', #5656, #2037, #5683 ) ;
#4760 = ORIENTED_EDGE ( 'NONE', *, *, #1531, .F. ) ;
#4761 = CARTESIAN_POINT ( 'NONE',  ( 10.92999999999999794, 8.400000000000007461, -6.449999999999981526 ) ) ;
#4762 = VERTEX_POINT ( 'NONE', #3427 ) ;
#4763 = PLANE ( 'NONE',  #304 ) ;
#4764 = SURFACE_STYLE_USAGE ( .BOTH. , #3043 ) ;
#4765 = AXIS2_PLACEMENT_3D ( 'NONE', #4941, #5442, #2339 ) ;
#4766 = ORIENTED_EDGE ( 'NONE', *, *, #3884, .T. ) ;
#4767 =( GEOMETRIC_REPRESENTATION_CONTEXT ( 3 ) GLOBAL_UNCERTAINTY_ASSIGNED_CONTEXT ( ( #5685 ) ) GLOBAL_UNIT_ASSIGNED_CONTEXT ( ( #5779, #4075, #4927 ) ) REPRESENTATION_CONTEXT ( 'NONE', 'WORKASPACE' ) );
#4768 = LINE ( 'NONE', #4326, #539 ) ;
#4769 = CARTESIAN_POINT ( 'NONE',  ( 11.02999999999999758, 8.200000000000009948, -5.149999999999980815 ) ) ;
#4770 = PLANE ( 'NONE',  #3476 ) ;
#4771 = DIRECTION ( 'NONE',  ( 1.000000000000000000, 0.0000000000000000000, 0.0000000000000000000 ) ) ;
#4772 =( NAMED_UNIT ( * ) SI_UNIT ( $, .STERADIAN. ) SOLID_ANGLE_UNIT ( ) );
#4773 = VECTOR ( 'NONE', #5764, 1000.000000000000000 ) ;
#4774 = DIRECTION ( 'NONE',  ( 0.0000000000000000000, 1.644517855226012731E-15, 1.000000000000000000 ) ) ;
#4775 = CARTESIAN_POINT ( 'NONE',  ( 12.20145158015499831, 8.200000000625708552, -6.178318116169982055 ) ) ;
#4776 = VECTOR ( 'NONE', #5591, 1000.000000000000000 ) ;
#4777 = COLOUR_RGB ( '',1.000000000000000000, 1.000000000000000000, 1.000000000000000000 ) ;
#4778 = ADVANCED_FACE ( 'NONE', ( #4272 ), #3488, .T. ) ;
#4779 = EDGE_LOOP ( 'NONE', ( #3003, #3176, #1650, #770 ) ) ;
#4780 = CARTESIAN_POINT ( 'NONE',  ( 2.299999999999999822, 7.150000000000008349, -6.114911064069978863 ) ) ;
#4781 = LINE ( 'NONE', #1674, #4141 ) ;
#4782 = ORIENTED_EDGE ( 'NONE', *, *, #2352, .T. ) ;
#4783 = DIRECTION ( 'NONE',  ( -0.9883716976506230489, 2.500607545209360400E-16, 0.1520571842539035212 ) ) ;
#4784 = EDGE_CURVE ( 'NONE', #2003, #1338, #1818, .T. ) ;
#4785 = LINE ( 'NONE', #512, #2618 ) ;
#4786 = VERTEX_POINT ( 'NONE', #1357 ) ;
#4787 = EDGE_CURVE ( 'NONE', #3125, #704, #3617, .T. ) ;
#4788 = LINE ( 'NONE', #5529, #3164 ) ;
#4789 = LINE ( 'NONE', #734, #2533 ) ;
#4790 = VERTEX_POINT ( 'NONE', #4955 ) ;
#4791 = VERTEX_POINT ( 'NONE', #4426 ) ;
#4792 = EDGE_CURVE ( 'NONE', #3148, #5765, #505, .T. ) ;
#4793 = VECTOR ( 'NONE', #4754, 1000.000000000000000 ) ;
#4794 = ORIENTED_EDGE ( 'NONE', *, *, #4253, .F. ) ;
#4795 = LINE ( 'NONE', #5233, #3301 ) ;
#4796 = EDGE_LOOP ( 'NONE', ( #323, #2259, #3666, #4667 ) ) ;
#4797 = STYLED_ITEM ( 'NONE', ( #977 ), #4448 ) ;
#4798 = DIRECTION ( 'NONE',  ( 1.000000000000000000, 0.0000000000000000000, 0.0000000000000000000 ) ) ;
#4799 = ORIENTED_EDGE ( 'NONE', *, *, #4346, .F. ) ;
#4800 = EDGE_CURVE ( 'NONE', #3620, #5199, #2278, .T. ) ;
#4801 = CARTESIAN_POINT ( 'NONE',  ( 10.41999999999999815, 7.650000000000010125, -5.149999999999979039 ) ) ;
#4802 = AXIS2_PLACEMENT_3D ( 'NONE', #4176, #3699, #4984 ) ;
#4803 = CARTESIAN_POINT ( 'NONE',  ( -0.8000000000000000444, 11.55000000000000604, -7.649999999999988809 ) ) ;
#4804 = FILL_AREA_STYLE_COLOUR ( '', #4437 ) ;
#4805 = CARTESIAN_POINT ( 'NONE',  ( 13.31999999999999851, 8.200000000000008171, -6.549999999999981171 ) ) ;
#4806 = PRESENTATION_LAYER_ASSIGNMENT (  '', '', ( #3964 ) ) ;
#4807 = ORIENTED_EDGE ( 'NONE', *, *, #1777, .T. ) ;
#4808 = VERTEX_POINT ( 'NONE', #5275 ) ;
#4809 = DIRECTION ( 'NONE',  ( 0.0000000000000000000, -1.644517855226012731E-15, -1.000000000000000000 ) ) ;
#4810 = EDGE_LOOP ( 'NONE', ( #5796, #1694, #354, #3038 ) ) ;
#4811 = PLANE ( 'NONE',  #5701 ) ;
#4812 =( GEOMETRIC_REPRESENTATION_CONTEXT ( 3 ) GLOBAL_UNCERTAINTY_ASSIGNED_CONTEXT ( ( #5147 ) ) GLOBAL_UNIT_ASSIGNED_CONTEXT ( ( #5235, #2148, #1218 ) ) REPRESENTATION_CONTEXT ( 'NONE', 'WORKASPACE' ) );
#4813 = CARTESIAN_POINT ( 'NONE',  ( 9.132560681041999473, 8.200000000000011724, -4.249999999999981348 ) ) ;
#4814 = ORIENTED_EDGE ( 'NONE', *, *, #1686, .T. ) ;
#4815 = DIRECTION ( 'NONE',  ( 1.000000000000000000, 0.0000000000000000000, 0.0000000000000000000 ) ) ;
#4816 = DIRECTION ( 'NONE',  ( 0.0000000000000000000, -1.000000000000000000, 1.644517855226012731E-15 ) ) ;
#4817 =( GEOMETRIC_REPRESENTATION_CONTEXT ( 3 ) GLOBAL_UNCERTAINTY_ASSIGNED_CONTEXT ( ( #2328 ) ) GLOBAL_UNIT_ASSIGNED_CONTEXT ( ( #5435, #3207, #5512 ) ) REPRESENTATION_CONTEXT ( 'NONE', 'WORKASPACE' ) );
#4818 = DIRECTION ( 'NONE',  ( 0.0000000000000000000, 0.3589790793088839527, 0.9333456062030537348 ) ) ;
#4819 = PLANE ( 'NONE',  #1708 ) ;
#4820 = VERTEX_POINT ( 'NONE', #4074 ) ;
#4821 = ORIENTED_EDGE ( 'NONE', *, *, #4136, .T. ) ;
#4822 = ADVANCED_FACE ( 'NONE', ( #3517 ), #2217, .F. ) ;
#4823 = ADVANCED_FACE ( 'NONE', ( #1728 ), #5304, .T. ) ;
#4824 = ORIENTED_EDGE ( 'NONE', *, *, #4505, .F. ) ;
#4825 = CARTESIAN_POINT ( 'NONE',  ( 9.919999999999998153, 7.150000000000021672, 2.150000000000022560 ) ) ;
#4826 = EDGE_LOOP ( 'NONE', ( #1072, #4384, #1934, #2603 ) ) ;
#4827 = ADVANCED_FACE ( 'NONE', ( #632 ), #1927, .T. ) ;
#4828 = CARTESIAN_POINT ( 'NONE',  ( 3.299999999999999822, 7.650000000000007461, -6.549999999999979394 ) ) ;
#4829 = EDGE_LOOP ( 'NONE', ( #3816, #3973, #5327, #5596, #2299, #3519 ) ) ;
#4830 = DIRECTION ( 'NONE',  ( 1.000000000000000000, 0.0000000000000000000, 0.0000000000000000000 ) ) ;
#4831 = CARTESIAN_POINT ( 'NONE',  ( 2.299999999999999822, 7.150000000000021672, 2.150000000000022560 ) ) ;
#4832 = DIRECTION ( 'NONE',  ( 0.0000000000000000000, 1.000000000000000000, -1.644517855226012731E-15 ) ) ;
#4833 = PLANE ( 'NONE',  #5516 ) ;
#4834 = AXIS2_PLACEMENT_3D ( 'NONE', #3011, #5272, #4423 ) ;
#4835 = DIRECTION ( 'NONE',  ( 1.000000000000000000, 0.0000000000000000000, 0.0000000000000000000 ) ) ;
#4836 = ORIENTED_EDGE ( 'NONE', *, *, #684, .T. ) ;
#4837 = CARTESIAN_POINT ( 'NONE',  ( 8.257498693272999901, 5.302314197254023753, 3.684957718921225922 ) ) ;
#4838 = SURFACE_STYLE_FILL_AREA ( #4337 ) ;
#4839 = VECTOR ( 'NONE', #1382, 1000.000000000000000 ) ;
#4840 = CARTESIAN_POINT ( 'NONE',  ( 13.31999999999999851, 10.60000000000002451, 3.050000000000017142 ) ) ;
#4841 = SURFACE_STYLE_USAGE ( .BOTH. , #2132 ) ;
#4842 = VERTEX_POINT ( 'NONE', #150 ) ;
#4843 =( LENGTH_UNIT ( ) NAMED_UNIT ( * ) SI_UNIT ( .MILLI., .METRE. ) );
#4844 = DIRECTION ( 'NONE',  ( 0.0000000000000000000, 1.000000000000000000, -2.891205793294679017E-15 ) ) ;
#4845 = FACE_OUTER_BOUND ( 'NONE', #2705, .T. ) ;
#4846 = DIRECTION ( 'NONE',  ( 1.000000000000000000, -5.616167660024018461E-14, -1.036830952619999401E-13 ) ) ;
#4847 = PLANE ( 'NONE',  #5264 ) ;
#4848 = CARTESIAN_POINT ( 'NONE',  ( 8.619999999999999218, 3.750000000000011102, -4.149999999999972822 ) ) ;
#4849 = ORIENTED_EDGE ( 'NONE', *, *, #4077, .F. ) ;
#4850 = ORIENTED_EDGE ( 'NONE', *, *, #846, .F. ) ;
#4851 = ADVANCED_FACE ( 'NONE', ( #3298 ), #2803, .F. ) ;
#4852 = ORIENTED_EDGE ( 'NONE', *, *, #55, .T. ) ;
#4853 = FILL_AREA_STYLE ('',( #2717 ) ) ;
#4854 = ORIENTED_EDGE ( 'NONE', *, *, #4611, .F. ) ;
#4855 = PRESENTATION_LAYER_ASSIGNMENT (  '', '', ( #248 ) ) ;
#4856 = PLANE ( 'NONE',  #5183 ) ;
#4857 = EDGE_CURVE ( 'NONE', #2427, #110, #1443, .T. ) ;
#4858 = ORIENTED_EDGE ( 'NONE', *, *, #3626, .T. ) ;
#4859 = DIRECTION ( 'NONE',  ( 1.000000000000000000, 0.0000000000000000000, 0.0000000000000000000 ) ) ;
#4860 = MECHANICAL_DESIGN_GEOMETRIC_PRESENTATION_REPRESENTATION (  '', ( #2133 ), #2795 ) ;
#4861 = ADVANCED_FACE ( 'NONE', ( #5011 ), #996, .T. ) ;
#4862 =( NAMED_UNIT ( * ) PLANE_ANGLE_UNIT ( ) SI_UNIT ( $, .RADIAN. ) );
#4863 = CARTESIAN_POINT ( 'NONE',  ( 1.000000000000000000, 4.200000000000003730, -7.649999999999976374 ) ) ;
#4864 = DIRECTION ( 'NONE',  ( 0.0000000000000000000, 0.1205431253957964799, -0.9927080914950846546 ) ) ;
#4865 = UNCERTAINTY_MEASURE_WITH_UNIT (LENGTH_MEASURE( 1.000000000000000082E-05 ), #636, 'distance_accuracy_value', 'NONE');
#4866 = COLOUR_RGB ( '',1.000000000000000000, 1.000000000000000000, 1.000000000000000000 ) ;
#4867 = ORIENTED_EDGE ( 'NONE', *, *, #5037, .T. ) ;
#4868 = EDGE_LOOP ( 'NONE', ( #130, #4445, #18, #494, #4930 ) ) ;
#4869 = VERTEX_POINT ( 'NONE', #70 ) ;
#4870 = COLOUR_RGB ( '',1.000000000000000000, 1.000000000000000000, 1.000000000000000000 ) ;
#4871 = STYLED_ITEM ( 'NONE', ( #3582 ), #2234 ) ;
#4872 = CARTESIAN_POINT ( 'NONE',  ( 2.299999999999999822, 6.850000000000010303, -4.849999999999977440 ) ) ;
#4873 = ORIENTED_EDGE ( 'NONE', *, *, #1624, .F. ) ;
#4874 = CARTESIAN_POINT ( 'NONE',  ( 2.100000000000000089, 10.60000000000002451, 3.050000000000017142 ) ) ;
#4875 = DIRECTION ( 'NONE',  ( 0.0000000000000000000, -1.644517855226012731E-15, -1.000000000000000000 ) ) ;
#4876 = CIRCLE ( 'NONE', #4685, 0.2999999999999999334 ) ;
#4877 = DIRECTION ( 'NONE',  ( 0.0000000000000000000, 1.000000000000000000, -1.644517855226012731E-15 ) ) ;
#4878 = ORIENTED_EDGE ( 'NONE', *, *, #2107, .F. ) ;
#4879 = ADVANCED_FACE ( 'NONE', ( #5532 ), #5482, .F. ) ;
#4880 = CARTESIAN_POINT ( 'NONE',  ( -0.1000000000000000056, 5.400000000000022560, 3.050000000000025580 ) ) ;
#4881 = CARTESIAN_POINT ( 'NONE',  ( 10.16999999999999815, -0.2499999999999924227, -5.399999999999967493 ) ) ;
#4882 = FILL_AREA_STYLE_COLOUR ( '', #1564 ) ;
#4883 = COLOUR_RGB ( '',1.000000000000000000, 1.000000000000000000, 1.000000000000000000 ) ;
#4884 = ORIENTED_EDGE ( 'NONE', *, *, #2945, .F. ) ;
#4885 = VERTEX_POINT ( 'NONE', #971 ) ;
#4886 = VERTEX_POINT ( 'NONE', #1078 ) ;
#4887 = LINE ( 'NONE', #3159, #3407 ) ;
#4888 = ORIENTED_EDGE ( 'NONE', *, *, #5834, .T. ) ;
#4889 = CARTESIAN_POINT ( 'NONE',  ( 14.01999999999999957, 12.25000000000002487, 3.050000000000014477 ) ) ;
#4890 = EDGE_CURVE ( 'NONE', #855, #141, #4574, .T. ) ;
#4891 = LINE ( 'NONE', #4921, #2038 ) ;
#4892 = ORIENTED_EDGE ( 'NONE', *, *, #1956, .T. ) ;
#4893 = ORIENTED_EDGE ( 'NONE', *, *, #629, .F. ) ;
#4894 = CARTESIAN_POINT ( 'NONE',  ( 3.700000000000000178, 11.75000000000002665, 4.350000000000015632 ) ) ;
#4895 = SURFACE_STYLE_FILL_AREA ( #4485 ) ;
#4896 = DIRECTION ( 'NONE',  ( -1.000000000000000000, 0.0000000000000000000, 0.0000000000000000000 ) ) ;
#4897 = EDGE_CURVE ( 'NONE', #5362, #1970, #4654, .T. ) ;
#4898 = AXIS2_PLACEMENT_3D ( 'NONE', #4872, #4990, #378 ) ;
#4899 = DIRECTION ( 'NONE',  ( 1.000000000000000000, 0.0000000000000000000, 0.0000000000000000000 ) ) ;
#4900 = VERTEX_POINT ( 'NONE', #5428 ) ;
#4901 = ORIENTED_EDGE ( 'NONE', *, *, #4709, .F. ) ;
#4902 = CARTESIAN_POINT ( 'NONE',  ( 9.909999999999998366, 8.400000000000007461, -6.449999999999981526 ) ) ;
#4903 = CARTESIAN_POINT ( 'NONE',  ( 10.41999999999999815, 7.450000000000024158, 3.699999452866622462 ) ) ;
#4904 = EDGE_CURVE ( 'NONE', #1620, #3606, #1461, .T. ) ;
#4905 = ORIENTED_EDGE ( 'NONE', *, *, #3648, .T. ) ;
#4906 = MECHANICAL_DESIGN_GEOMETRIC_PRESENTATION_REPRESENTATION (  '', ( #3695 ), #772 ) ;
#4907 = LINE ( 'NONE', #1395, #1450 ) ;
#4908 = CARTESIAN_POINT ( 'NONE',  ( 9.919999999999998153, 4.200000000000009059, -5.149999999999973710 ) ) ;
#4909 = DIRECTION ( 'NONE',  ( 2.489763374691999437E-09, 5.720123221753855507E-09, 1.000000000000000000 ) ) ;
#4910 = EDGE_LOOP ( 'NONE', ( #456, #2839, #5500, #3793, #200 ) ) ;
#4911 = LINE ( 'NONE', #4411, #1752 ) ;
#4912 = VECTOR ( 'NONE', #4975, 999.9999999999998863 ) ;
#4913 = DIRECTION ( 'NONE',  ( 0.0000000000000000000, -1.000000000000000000, 1.644517855226012731E-15 ) ) ;
#4914 = VERTEX_POINT ( 'NONE', #3248 ) ;
#4915 = PRESENTATION_LAYER_ASSIGNMENT (  '', '', ( #887 ) ) ;
#4916 = LINE ( 'NONE', #3632, #4506 ) ;
#4917 = ORIENTED_EDGE ( 'NONE', *, *, #4315, .F. ) ;
#4918 = DIRECTION ( 'NONE',  ( 0.1421338109036998643, 0.3553345272593981807, -0.9238697708742998893 ) ) ;
#4919 = VERTEX_POINT ( 'NONE', #2356 ) ;
#4920 = CARTESIAN_POINT ( 'NONE',  ( 12.21999999999999886, 4.200000000000009059, -4.849999999999973888 ) ) ;
#4921 = CARTESIAN_POINT ( 'NONE',  ( 11.79499999999999815, 7.650000000000012790, -3.474999999999979661 ) ) ;
#4922 = EDGE_LOOP ( 'NONE', ( #2744, #2400, #2462, #3101, #3477, #1379 ) ) ;
#4923 = DIRECTION ( 'NONE',  ( 0.0000000000000000000, 1.000000000000000000, -1.644517855226012731E-15 ) ) ;
#4924 = CARTESIAN_POINT ( 'NONE',  ( 9.919999999999998153, 7.650000000000026112, 4.350000000000021849 ) ) ;
#4925 = EDGE_CURVE ( 'NONE', #4079, #2790, #4153, .T. ) ;
#4926 = DIRECTION ( 'NONE',  ( 0.0000000000000000000, 1.000000000000000000, -1.644517855226012731E-15 ) ) ;
#4927 =( NAMED_UNIT ( * ) SI_UNIT ( $, .STERADIAN. ) SOLID_ANGLE_UNIT ( ) );
#4928 = DIRECTION ( 'NONE',  ( 0.0000000000000000000, -1.644517855226012731E-15, -1.000000000000000000 ) ) ;
#4929 = ORIENTED_EDGE ( 'NONE', *, *, #4427, .T. ) ;
#4930 = ORIENTED_EDGE ( 'NONE', *, *, #4399, .T. ) ;
#4931 = ADVANCED_FACE ( 'NONE', ( #2005 ), #5200, .F. ) ;
#4932 = CARTESIAN_POINT ( 'NONE',  ( 9.919999999999998153, 7.650000000000026112, 4.350000000000021849 ) ) ;
#4933 = LINE ( 'NONE', #3081, #1713 ) ;
#4934 = VERTEX_POINT ( 'NONE', #5616 ) ;
#4935 = CARTESIAN_POINT ( 'NONE',  ( 2.799999999999999822, 7.650000000000010125, -5.149999999999979039 ) ) ;
#4936 = DIRECTION ( 'NONE',  ( 0.0000000000000000000, 8.673617379884030739E-15, -1.000000000000000000 ) ) ;
#4937 = ORIENTED_EDGE ( 'NONE', *, *, #5291, .T. ) ;
#4938 = EDGE_CURVE ( 'NONE', #1473, #1797, #1061, .T. ) ;
#4939 = VECTOR ( 'NONE', #5562, 1000.000000000000000 ) ;
#4940 = DIRECTION ( 'NONE',  ( 0.0000000000000000000, -1.000000000000000000, 1.644517855226012731E-15 ) ) ;
#4941 = CARTESIAN_POINT ( 'NONE',  ( -1.010000000000000009, 8.200000000000011724, -4.249999999999981348 ) ) ;
#4942 = EDGE_CURVE ( 'NONE', #4082, #1005, #1542, .T. ) ;
#4943 = DIRECTION ( 'NONE',  ( 1.000000000000000000, 0.0000000000000000000, 0.0000000000000000000 ) ) ;
#4944 = AXIS2_PLACEMENT_3D ( 'NONE', #1326, #2215, #4516 ) ;
#4945 = LINE ( 'NONE', #931, #1220 ) ;
#4946 = ORIENTED_EDGE ( 'NONE', *, *, #3540, .F. ) ;
#4947 = LINE ( 'NONE', #932, #4912 ) ;
#4948 = EDGE_LOOP ( 'NONE', ( #3041, #2975, #2029, #1835 ) ) ;
#4949 = CARTESIAN_POINT ( 'NONE',  ( 4.239201136830000216, 8.200000000002409806, -5.530731444174982414 ) ) ;
#4950 = VECTOR ( 'NONE', #4152, 1000.000000000000000 ) ;
#4951 = DIRECTION ( 'NONE',  ( 0.0000000000000000000, 1.000000000000000000, -1.644517855226012731E-15 ) ) ;
#4952 = SURFACE_STYLE_FILL_AREA ( #4041 ) ;
#4953 = LINE ( 'NONE', #940, #854 ) ;
#4954 = DIRECTION ( 'NONE',  ( 0.0000000000000000000, 1.000000000000000000, -1.644517855226012731E-15 ) ) ;
#4955 = CARTESIAN_POINT ( 'NONE',  ( 4.599999999999999645, 4.200000000000009059, -4.849999999999973888 ) ) ;
#4956 = SURFACE_STYLE_USAGE ( .BOTH. , #3518 ) ;
#4957 = CARTESIAN_POINT ( 'NONE',  ( 0.6786796564403999588, 5.400000000000022560, 3.050000000000025580 ) ) ;
#4958 = ORIENTED_EDGE ( 'NONE', *, *, #2592, .T. ) ;
#4959 = DIRECTION ( 'NONE',  ( 1.000000000000000000, 0.0000000000000000000, 0.0000000000000000000 ) ) ;
#4960 = CARTESIAN_POINT ( 'NONE',  ( 3.299999999999999822, 8.150000000000021672, 2.150000000000020783 ) ) ;
#4961 =( GEOMETRIC_REPRESENTATION_CONTEXT ( 3 ) GLOBAL_UNCERTAINTY_ASSIGNED_CONTEXT ( ( #2500 ) ) GLOBAL_UNIT_ASSIGNED_CONTEXT ( ( #361, #5175, #4735 ) ) REPRESENTATION_CONTEXT ( 'NONE', 'WORKASPACE' ) );
#4962 = ORIENTED_EDGE ( 'NONE', *, *, #1057, .F. ) ;
#4963 = DIRECTION ( 'NONE',  ( 0.1788854382000007459, 1.617991634378904359E-15, 0.9838699100999042102 ) ) ;
#4964 = CARTESIAN_POINT ( 'NONE',  ( 13.31999999999999851, 8.200000000000008171, -6.549999999999981171 ) ) ;
#4965 = EDGE_CURVE ( 'NONE', #2852, #4449, #2523, .T. ) ;
#4966 = ORIENTED_EDGE ( 'NONE', *, *, #3749, .F. ) ;
#4967 = LINE ( 'NONE', #2791, #4383 ) ;
#4968 = CARTESIAN_POINT ( 'NONE',  ( 2.299999999999999822, 8.149999999999998579, -12.16427303578998398 ) ) ;
#4969 = EDGE_CURVE ( 'NONE', #1701, #362, #3775, .T. ) ;
#4970 = VECTOR ( 'NONE', #1518, 1000.000000000000000 ) ;
#4971 = EDGE_CURVE ( 'NONE', #1244, #1063, #2555, .T. ) ;
#4972 = VECTOR ( 'NONE', #2925, 1000.000000000000000 ) ;
#4973 = CARTESIAN_POINT ( 'NONE',  ( 2.189999999999999947, 8.200000000000009948, -5.149999999999980815 ) ) ;
#4974 = EDGE_CURVE ( 'NONE', #1539, #5165, #2927, .T. ) ;
#4975 = DIRECTION ( 'NONE',  ( -0.3162277660168079096, 1.560126622598787659E-15, 0.9486832980505238710 ) ) ;
#4976 = ADVANCED_FACE ( 'NONE', ( #1133 ), #2969, .T. ) ;
#4977 = ORIENTED_EDGE ( 'NONE', *, *, #3065, .F. ) ;
#4978 = LINE ( 'NONE', #3637, #5655 ) ;
#4979 = DIRECTION ( 'NONE',  ( 0.0000000000000000000, -0.2425356250363078503, 0.9701425001453382047 ) ) ;
#4980 = DIRECTION ( 'NONE',  ( 0.0000000000000000000, 1.644517855226012731E-15, 1.000000000000000000 ) ) ;
#4981 = CARTESIAN_POINT ( 'NONE',  ( 10.91999999999999993, 6.470000000000009521, -5.149999999999977263 ) ) ;
#4982 = CARTESIAN_POINT ( 'NONE',  ( 0.5954592314951001608, 5.200000000000025047, 4.350000000000026290 ) ) ;
#4983 = FACE_OUTER_BOUND ( 'NONE', #5238, .T. ) ;
#4984 = DIRECTION ( 'NONE',  ( 0.2425356250363093769, -0.9701425001453377606, 1.595416663602612589E-15 ) ) ;
#4985 = SURFACE_STYLE_FILL_AREA ( #2156 ) ;
#4986 = EDGE_CURVE ( 'NONE', #5432, #5332, #4795, .T. ) ;
#4987 = CARTESIAN_POINT ( 'NONE',  ( 11.08000000000000007, 8.800000000000007816, -7.249999999999980460 ) ) ;
#4988 = AXIS2_PLACEMENT_3D ( 'NONE', #542, #4913, #490 ) ;
#4989 = VERTEX_POINT ( 'NONE', #1628 ) ;
#4990 = DIRECTION ( 'NONE',  ( 1.000000000000000000, 0.0000000000000000000, 0.0000000000000000000 ) ) ;
#4991 =( NAMED_UNIT ( * ) SI_UNIT ( $, .STERADIAN. ) SOLID_ANGLE_UNIT ( ) );
#4992 = VERTEX_POINT ( 'NONE', #5171 ) ;
#4993 = VECTOR ( 'NONE', #4747, 1000.000000000000000 ) ;
#4994 = DIRECTION ( 'NONE',  ( -1.000000000000000000, 0.0000000000000000000, 0.0000000000000000000 ) ) ;
#4995 = ORIENTED_EDGE ( 'NONE', *, *, #197, .T. ) ;
#4996 = CARTESIAN_POINT ( 'NONE',  ( 10.91999999999999993, -0.2499999999999924227, -5.149999999999967493 ) ) ;
#4997 = CARTESIAN_POINT ( 'NONE',  ( 2.799999999999999822, 7.650000000000010125, -5.249999999999978684 ) ) ;
#4998 = MECHANICAL_DESIGN_GEOMETRIC_PRESENTATION_REPRESENTATION (  '', ( #1149 ), #3222 ) ;
#4999 = DIRECTION ( 'NONE',  ( -0.0000000000000000000, -1.644517855226012731E-15, -1.000000000000000000 ) ) ;
#5000 = DIRECTION ( 'NONE',  ( -1.000000000000000000, 0.0000000000000000000, -0.0000000000000000000 ) ) ;
#5001 = EDGE_CURVE ( 'NONE', #4791, #140, #1159, .T. ) ;
#5002 = ORIENTED_EDGE ( 'NONE', *, *, #2189, .F. ) ;
#5003 = AXIS2_PLACEMENT_3D ( 'NONE', #4169, #1042, #600 ) ;
#5004 = ORIENTED_EDGE ( 'NONE', *, *, #293, .F. ) ;
#5005 = CARTESIAN_POINT ( 'NONE',  ( 9.947902097901998530, 7.150000000000011013, -4.484265734265979297 ) ) ;
#5006 = LINE ( 'NONE', #992, #5809 ) ;
#5007 = CARTESIAN_POINT ( 'NONE',  ( 9.919999999999998153, 0.7500000000000075495, -5.149999999999967493 ) ) ;
#5008 = ADVANCED_FACE ( 'NONE', ( #3879 ), #3419, .F. ) ;
#5009 = LINE ( 'NONE', #1902, #4132 ) ;
#5010 = EDGE_CURVE ( 'NONE', #1250, #1480, #5559, .T. ) ;
#5011 = FACE_OUTER_BOUND ( 'NONE', #5343, .T. ) ;
#5012 = LINE ( 'NONE', #1001, #2388 ) ;
#5013 = CARTESIAN_POINT ( 'NONE',  ( 13.31999999999999851, 7.100000000000012079, -4.249999999999977796 ) ) ;
#5014 = ORIENTED_EDGE ( 'NONE', *, *, #2441, .F. ) ;
#5015 = SHAPE_DEFINITION_REPRESENTATION ( #1942, #2564 ) ;
#5016 = ORIENTED_EDGE ( 'NONE', *, *, #5033, .T. ) ;
#5017 = SURFACE_STYLE_USAGE ( .BOTH. , #3683 ) ;
#5018 = CARTESIAN_POINT ( 'NONE',  ( 4.799999999999999822, 7.100000000000007638, -6.549999999999977618 ) ) ;
#5019 = VERTEX_POINT ( 'NONE', #3358 ) ;
#5020 = VECTOR ( 'NONE', #3018, 999.9999999999998863 ) ;
#5021 = DIRECTION ( 'NONE',  ( 0.9883716976506230489, 2.500607545209360400E-16, 0.1520571842539035212 ) ) ;
#5022 = VERTEX_POINT ( 'NONE', #1102 ) ;
#5023 = ORIENTED_EDGE ( 'NONE', *, *, #5753, .T. ) ;
#5024 = DIRECTION ( 'NONE',  ( 0.0000000000000000000, -1.000000000000000000, 1.644517855226012731E-15 ) ) ;
#5025 = ADVANCED_FACE ( 'NONE', ( #4263 ), #2886, .T. ) ;
#5026 = AXIS2_PLACEMENT_3D ( 'NONE', #2420, #5096, #611 ) ;
#5027 = LINE ( 'NONE', #1020, #5827 ) ;
#5028 = LINE ( 'NONE', #630, #4751 ) ;
#5029 =( GEOMETRIC_REPRESENTATION_CONTEXT ( 3 ) GLOBAL_UNCERTAINTY_ASSIGNED_CONTEXT ( ( #1821 ) ) GLOBAL_UNIT_ASSIGNED_CONTEXT ( ( #1100, #529, #1045 ) ) REPRESENTATION_CONTEXT ( 'NONE', 'WORKASPACE' ) );
#5030 = EDGE_CURVE ( 'NONE', #4565, #5818, #656, .T. ) ;
#5031 = CARTESIAN_POINT ( 'NONE',  ( 10.16999999999999815, 7.900000000000023448, 3.150000000000021672 ) ) ;
#5032 = CARTESIAN_POINT ( 'NONE',  ( 12.21999999999999886, 4.200000000000003730, -7.649999999999976374 ) ) ;
#5033 = EDGE_CURVE ( 'NONE', #1961, #3383, #2434, .T. ) ;
#5034 = LINE ( 'NONE', #2252, #1932 ) ;
#5035 = CARTESIAN_POINT ( 'NONE',  ( 2.549999999999999822, 7.900000000000023448, 3.150000000000021672 ) ) ;
#5036 = ORIENTED_EDGE ( 'NONE', *, *, #5047, .T. ) ;
#5037 = EDGE_CURVE ( 'NONE', #2173, #697, #5751, .T. ) ;
#5038 = FACE_OUTER_BOUND ( 'NONE', #5703, .T. ) ;
#5039 = ORIENTED_EDGE ( 'NONE', *, *, #565, .F. ) ;
#5040 =( NAMED_UNIT ( * ) PLANE_ANGLE_UNIT ( ) SI_UNIT ( $, .RADIAN. ) );
#5041 = MECHANICAL_DESIGN_GEOMETRIC_PRESENTATION_REPRESENTATION (  '', ( #3557 ), #3267 ) ;
#5042 = LINE ( 'NONE', #1036, #1017 ) ;
#5043 = CARTESIAN_POINT ( 'NONE',  ( 0.7500000000000000000, 7.100000000000007638, -6.549999999999977618 ) ) ;
#5044 = ORIENTED_EDGE ( 'NONE', *, *, #1555, .F. ) ;
#5045 = AXIS2_PLACEMENT_3D ( 'NONE', #1305, #3961, #2196 ) ;
#5046 =( GEOMETRIC_REPRESENTATION_CONTEXT ( 3 ) GLOBAL_UNCERTAINTY_ASSIGNED_CONTEXT ( ( #4865 ) ) GLOBAL_UNIT_ASSIGNED_CONTEXT ( ( #636, #4243, #3804 ) ) REPRESENTATION_CONTEXT ( 'NONE', 'WORKASPACE' ) );
#5047 = EDGE_CURVE ( 'NONE', #601, #5278, #5585, .T. ) ;
#5048 = DIRECTION ( 'NONE',  ( 0.0000000000000000000, -1.644517855226012731E-15, -1.000000000000000000 ) ) ;
#5049 = AXIS2_PLACEMENT_3D ( 'NONE', #2610, #4407, #3985 ) ;
#5050 = EDGE_LOOP ( 'NONE', ( #3019, #4966, #4038, #3682, #2608, #4635 ) ) ;
#5051 = ORIENTED_EDGE ( 'NONE', *, *, #589, .T. ) ;
#5052 = CARTESIAN_POINT ( 'NONE',  ( 0.7500000000000000000, 7.100000000000007638, -6.549999999999977618 ) ) ;
#5053 = VECTOR ( 'NONE', #1775, 1000.000000000000000 ) ;
#5054 = EDGE_LOOP ( 'NONE', ( #4917, #2191, #1511, #4065, #1763, #3447 ) ) ;
#5055 = DIRECTION ( 'NONE',  ( 0.0000000000000000000, 1.000000000000000000, -2.891205793294679017E-15 ) ) ;
#5056 = LINE ( 'NONE', #1952, #3343 ) ;
#5057 = CARTESIAN_POINT ( 'NONE',  ( 9.909999999999998366, 6.200000000000009059, -5.599999999999976552 ) ) ;
#5058 = STYLED_ITEM ( 'NONE', ( #3198 ), #2784 ) ;
#5059 = CARTESIAN_POINT ( 'NONE',  ( 14.01999999999999957, 3.750000000000024869, 4.350000000000028066 ) ) ;
#5060 = DIRECTION ( 'NONE',  ( 0.0000000000000000000, -1.644517855226012731E-15, -1.000000000000000000 ) ) ;
#5061 = DIRECTION ( 'NONE',  ( -1.000000000000000000, 0.0000000000000000000, -0.0000000000000000000 ) ) ;
#5062 = LINE ( 'NONE', #2010, #3189 ) ;
#5063 = DIRECTION ( 'NONE',  ( -0.0000000000000000000, 1.644517855226012731E-15, 1.000000000000000000 ) ) ;
#5064 = EDGE_CURVE ( 'NONE', #4989, #2560, #5704, .T. ) ;
#5065 = VERTEX_POINT ( 'NONE', #4825 ) ;
#5066 =( LENGTH_UNIT ( ) NAMED_UNIT ( * ) SI_UNIT ( .MILLI., .METRE. ) );
#5067 = VECTOR ( 'NONE', #1966, 1000.000000000000000 ) ;
#5068 = EDGE_LOOP ( 'NONE', ( #5004, #1532, #3402, #77, #4646 ) ) ;
#5069 = PLANE ( 'NONE',  #5319 ) ;
#5070 = CARTESIAN_POINT ( 'NONE',  ( 3.049999999999999822, 7.900000000000023448, 3.150000000000021672 ) ) ;
#5071 = EDGE_CURVE ( 'NONE', #2210, #5437, #3067, .T. ) ;
#5072 = CARTESIAN_POINT ( 'NONE',  ( 0.8911186970636000293, 8.199999999999908695, -6.422915632209980075 ) ) ;
#5073 = CARTESIAN_POINT ( 'NONE',  ( 4.400000000000000355, 5.400000000000009237, -5.349999999999976552 ) ) ;
#5074 = ORIENTED_EDGE ( 'NONE', *, *, #2781, .T. ) ;
#5075 = VECTOR ( 'NONE', #585, 1000.000000000000000 ) ;
#5076 = VECTOR ( 'NONE', #4236, 1000.000000000000114 ) ;
#5077 = DIRECTION ( 'NONE',  ( 1.000000000000000000, 0.0000000000000000000, 0.0000000000000000000 ) ) ;
#5078 = VERTEX_POINT ( 'NONE', #3972 ) ;
#5079 = ORIENTED_EDGE ( 'NONE', *, *, #3107, .T. ) ;
#5080 = DIRECTION ( 'NONE',  ( 0.0000000000000000000, -1.644517855226012731E-15, -1.000000000000000000 ) ) ;
#5081 = STYLED_ITEM ( 'NONE', ( #838 ), #5095 ) ;
#5082 = ORIENTED_EDGE ( 'NONE', *, *, #138, .F. ) ;
#5083 = CARTESIAN_POINT ( 'NONE',  ( 13.31999999999999851, 7.100000000000007638, -6.549999999999977618 ) ) ;
#5084 = VECTOR ( 'NONE', #4628, 1000.000000000000000 ) ;
#5085 = FACE_BOUND ( 'NONE', #2113, .T. ) ;
#5086 = VERTEX_POINT ( 'NONE', #5328 ) ;
#5087 = DIRECTION ( 'NONE',  ( 1.000000000000000000, 0.0000000000000000000, 0.0000000000000000000 ) ) ;
#5088 = SURFACE_SIDE_STYLE ('',( #3744 ) ) ;
#5089 = CARTESIAN_POINT ( 'NONE',  ( 12.46999999999999886, 7.100000000000007638, -6.549999999999977618 ) ) ;
#5090 = VECTOR ( 'NONE', #1368, 1000.000000000000000 ) ;
#5091 = CARTESIAN_POINT ( 'NONE',  ( 10.91999999999999993, 6.470000000000009521, -5.149999999999977263 ) ) ;
#5092 = DIRECTION ( 'NONE',  ( 0.0000000000000000000, -1.000000000000000000, 1.644517855226012731E-15 ) ) ;
#5093 = LINE ( 'NONE', #3234, #4618 ) ;
#5094 = ORIENTED_EDGE ( 'NONE', *, *, #1995, .F. ) ;
#5095 = ADVANCED_FACE ( 'NONE', ( #357 ), #2178, .F. ) ;
#5096 = DIRECTION ( 'NONE',  ( -1.000000000000000000, 0.0000000000000000000, 0.0000000000000000000 ) ) ;
#5097 = LINE ( 'NONE', #112, #3448 ) ;
#5098 = DIRECTION ( 'NONE',  ( -0.9792125401398723561, 3.335688763094101699E-16, 0.2028368833146943495 ) ) ;
#5099 = VERTEX_POINT ( 'NONE', #5358 ) ;
#5100 = EDGE_CURVE ( 'NONE', #4569, #2274, #461, .T. ) ;
#5101 = EDGE_CURVE ( 'NONE', #842, #610, #3509, .T. ) ;
#5102 = LINE ( 'NONE', #3345, #1776 ) ;
#5103 = PLANE ( 'NONE',  #5350 ) ;
#5104 = ORIENTED_EDGE ( 'NONE', *, *, #4174, .F. ) ;
#5105 = ORIENTED_EDGE ( 'NONE', *, *, #5403, .T. ) ;
#5107 = VECTOR ( 'NONE', #5301, 1000.000000000000000 ) ;
#5106 = DIRECTION ( 'NONE',  ( 0.0000000000000000000, -1.644517855226012731E-15, -1.000000000000000000 ) ) ;
#5108 = EDGE_CURVE ( 'NONE', #4051, #3792, #1318, .T. ) ;
#5109 = ORIENTED_EDGE ( 'NONE', *, *, #3655, .F. ) ;
#5110 = PLANE ( 'NONE',  #1103 ) ;
#5111 = ORIENTED_EDGE ( 'NONE', *, *, #2847, .T. ) ;
#5112 = DIRECTION ( 'NONE',  ( 0.2357022603954935791, -0.9428090415820749026, -0.2357022603954920803 ) ) ;
#5113 = DIRECTION ( 'NONE',  ( 0.0000000000000000000, -1.644517855226012731E-15, -1.000000000000000000 ) ) ;
#5114 = AXIS2_PLACEMENT_3D ( 'NONE', #3088, #3563, #4470 ) ;
#5115 = SURFACE_STYLE_FILL_AREA ( #3330 ) ;
#5116 = LINE ( 'NONE', #4241, #4267 ) ;
#5117 = LINE ( 'NONE', #306, #4776 ) ;
#5118 = DIRECTION ( 'NONE',  ( 0.0000000000000000000, 0.1520571842539019114, -0.9883716976506232710 ) ) ;
#5119 = CARTESIAN_POINT ( 'NONE',  ( 9.019999999999997797, 7.100000000000012079, -4.249999999999977796 ) ) ;
#5120 = CIRCLE ( 'NONE', #3726, 1.399999999999000044 ) ;
#5121 = ORIENTED_EDGE ( 'NONE', *, *, #4616, .F. ) ;
#5122 = CARTESIAN_POINT ( 'NONE',  ( 1.250000000000000000, 6.250000000000010658, -4.799999999999977618 ) ) ;
#5123 = DIRECTION ( 'NONE',  ( 0.0000000000000000000, 8.673617379884030739E-15, -1.000000000000000000 ) ) ;
#5124 = PLANE ( 'NONE',  #3764 ) ;
#5125 = VECTOR ( 'NONE', #4251, 1000.000000000000000 ) ;
#5126 = EDGE_LOOP ( 'NONE', ( #1299, #4705, #4528, #1213 ) ) ;
#5127 = EDGE_CURVE ( 'NONE', #1706, #3822, #804, .T. ) ;
#5128 = AXIS2_PLACEMENT_3D ( 'NONE', #4279, #246, #5722 ) ;
#5129 = CARTESIAN_POINT ( 'NONE',  ( 0.4749999999999999778, 7.100000000000009415, -5.949999999999977973 ) ) ;
#5130 = ORIENTED_EDGE ( 'NONE', *, *, #4246, .T. ) ;
#5131 = VERTEX_POINT ( 'NONE', #1746 ) ;
#5132 = VECTOR ( 'NONE', #3162, 1000.000000000000000 ) ;
#5133 = EDGE_CURVE ( 'NONE', #4224, #3797, #3538, .T. ) ;
#5134 = CARTESIAN_POINT ( 'NONE',  ( 3.299999999999999822, 7.150000000000011902, -3.950557738530979801 ) ) ;
#5135 = ORIENTED_EDGE ( 'NONE', *, *, #764, .T. ) ;
#5136 = AXIS2_PLACEMENT_3D ( 'NONE', #5671, #5286, #1275 ) ;
#5137 = VECTOR ( 'NONE', #4864, 1000.000000000000114 ) ;
#5138 = EDGE_CURVE ( 'NONE', #5465, #2246, #4887, .T. ) ;
#5139 = EDGE_CURVE ( 'NONE', #430, #4637, #1, .T. ) ;
#5140 = CARTESIAN_POINT ( 'NONE',  ( 2.299999999999999822, 8.150000000000011013, -4.738235294117980168 ) ) ;
#5141 = ORIENTED_EDGE ( 'NONE', *, *, #5363, .F. ) ;
#5142 = DIRECTION ( 'NONE',  ( 0.0000000000000000000, 1.644517855226012731E-15, 1.000000000000000000 ) ) ;
#5143 = LINE ( 'NONE', #634, #4151 ) ;
#5144 = CARTESIAN_POINT ( 'NONE',  ( 28.46000000000000441, 12.25000000000002132, 1.350000000000013856 ) ) ;
#5145 = CARTESIAN_POINT ( 'NONE',  ( 11.08000000000000007, 8.800000000000007816, -7.249999999999980460 ) ) ;
#5146 = VECTOR ( 'NONE', #184, 1000.000000000000000 ) ;
#5147 = UNCERTAINTY_MEASURE_WITH_UNIT (LENGTH_MEASURE( 1.000000000000000082E-05 ), #5235, 'distance_accuracy_value', 'NONE');
#5148 = VECTOR ( 'NONE', #1227, 1000.000000000000000 ) ;
#5149 = DIRECTION ( 'NONE',  ( 0.0000000000000000000, -1.000000000000000000, 1.644517855226012731E-15 ) ) ;
#5150 = CARTESIAN_POINT ( 'NONE',  ( 10.92999999999999794, 4.200000000000006395, -6.449999999999974420 ) ) ;
#5151 = LINE ( 'NONE', #4769, #4972 ) ;
#5152 = DIRECTION ( 'NONE',  ( 0.0000000000000000000, 1.000000000000000000, -1.644517855226012731E-15 ) ) ;
#5153 = DIRECTION ( 'NONE',  ( 1.000000000000000000, 0.0000000000000000000, 0.0000000000000000000 ) ) ;
#5154 = ADVANCED_FACE ( 'NONE', ( #4001 ), #3608, .F. ) ;
#5155 = CARTESIAN_POINT ( 'NONE',  ( 10.91999999999999993, 7.150000000000021672, 2.150000000000022560 ) ) ;
#5156 = UNCERTAINTY_MEASURE_WITH_UNIT (LENGTH_MEASURE( 1.000000000000000082E-05 ), #1659, 'distance_accuracy_value', 'NONE');
#5157 = ORIENTED_EDGE ( 'NONE', *, *, #4577, .F. ) ;
#5158 = CARTESIAN_POINT ( 'NONE',  ( 10.66999999999999815, -0.2499999999999924227, -5.399999999999967493 ) ) ;
#5159 = PLANE ( 'NONE',  #829 ) ;
#5160 = LINE ( 'NONE', #346, #2918 ) ;
#5161 = AXIS2_PLACEMENT_3D ( 'NONE', #5289, #4313, #4284 ) ;
#5162 = PLANE ( 'NONE',  #5161 ) ;
#5163 = CARTESIAN_POINT ( 'NONE',  ( 12.46999999999999886, 5.400000000000007461, -6.549999999999975842 ) ) ;
#5164 = ORIENTED_EDGE ( 'NONE', *, *, #2307, .T. ) ;
#5165 = VERTEX_POINT ( 'NONE', #1720 ) ;
#5166 = EDGE_LOOP ( 'NONE', ( #4146, #1954, #1335, #3520 ) ) ;
#5167 = EDGE_CURVE ( 'NONE', #4199, #4051, #4947, .T. ) ;
#5168 = DIRECTION ( 'NONE',  ( 0.9195995135417113220, 0.3928571428571050461, -6.195440985631452359E-16 ) ) ;
#5169 = ORIENTED_EDGE ( 'NONE', *, *, #182, .F. ) ;
#5170 = COLOUR_RGB ( '',1.000000000000000000, 1.000000000000000000, 1.000000000000000000 ) ;
#5171 = CARTESIAN_POINT ( 'NONE',  ( 3.700000000000000178, 11.75000000000002665, 4.350000000000015632 ) ) ;
#5172 = EDGE_LOOP ( 'NONE', ( #1971, #2114, #441, #5267 ) ) ;
#5173 = DIRECTION ( 'NONE',  ( 0.0000000000000000000, 1.644517855226012731E-15, 1.000000000000000000 ) ) ;
#5174 = CARTESIAN_POINT ( 'NONE',  ( 3.299999999999999822, 8.150000000000021672, 2.150000000000020783 ) ) ;
#5175 =( NAMED_UNIT ( * ) PLANE_ANGLE_UNIT ( ) SI_UNIT ( $, .RADIAN. ) );
#5176 = ADVANCED_FACE ( 'NONE', ( #2269 ), #4510, .T. ) ;
#5177 =( GEOMETRIC_REPRESENTATION_CONTEXT ( 3 ) GLOBAL_UNCERTAINTY_ASSIGNED_CONTEXT ( ( #4265 ) ) GLOBAL_UNIT_ASSIGNED_CONTEXT ( ( #4237, #232, #2887 ) ) REPRESENTATION_CONTEXT ( 'NONE', 'WORKASPACE' ) );
#5178 = CARTESIAN_POINT ( 'NONE',  ( 10.91999999999999993, 8.150000000000011013, -3.950557738530979801 ) ) ;
#5179 = ADVANCED_FACE ( 'NONE', ( #5420 ), #3501, .F. ) ;
#5180 = CARTESIAN_POINT ( 'NONE',  ( 3.459999999999999964, 4.200000000000005507, -7.249999999999973355 ) ) ;
#5181 = DIRECTION ( 'NONE',  ( -0.0000000000000000000, -1.644517855226012731E-15, -1.000000000000000000 ) ) ;
#5182 = SURFACE_STYLE_FILL_AREA ( #239 ) ;
#5183 = AXIS2_PLACEMENT_3D ( 'NONE', #1380, #5360, #2686 ) ;
#5184 = DIRECTION ( 'NONE',  ( 0.0000000000000000000, -1.000000000000000000, 1.644517855226012731E-15 ) ) ;
#5185 = ORIENTED_EDGE ( 'NONE', *, *, #4715, .F. ) ;
#5186 = LINE ( 'NONE', #160, #3254 ) ;
#5187 =( NAMED_UNIT ( * ) PLANE_ANGLE_UNIT ( ) SI_UNIT ( $, .RADIAN. ) );
#5188 = ORIENTED_EDGE ( 'NONE', *, *, #1757, .T. ) ;
#5189 = DIRECTION ( 'NONE',  ( 0.0000000000000000000, -0.9701425001453374275, 0.2425356250363110422 ) ) ;
#5190 = DIRECTION ( 'NONE',  ( 0.1503292056005951505, -0.1503292056005935684, 0.9771398364036687489 ) ) ;
#5191 = EDGE_LOOP ( 'NONE', ( #173, #1935, #5734, #3173, #1940, #1436, #204, #117, #2143, #258, #4594, #120, #3875, #1224, #4557, #3503, #535, #4483, #4441, #5783, #904, #3770, #4461, #1418 ) ) ;
#5192 = DIRECTION ( 'NONE',  ( 0.0000000000000000000, 1.644517855226012731E-15, 1.000000000000000000 ) ) ;
#5193 = CARTESIAN_POINT ( 'NONE',  ( 3.500000000000000000, 12.25000000000002487, 3.050000000000014477 ) ) ;
#5194 = CARTESIAN_POINT ( 'NONE',  ( 10.41999999999999815, 7.650000000000010125, -5.149999999999979039 ) ) ;
#5195 = ORIENTED_EDGE ( 'NONE', *, *, #284, .F. ) ;
#5196 = EDGE_LOOP ( 'NONE', ( #3492, #1237, #1793, #4499, #1871, #1243, #2157, #3209, #609, #5577, #3241, #5074, #1093, #3266, #2293, #2571, #1040, #5771 ) ) ;
#5197 = ORIENTED_EDGE ( 'NONE', *, *, #1598, .T. ) ;
#5198 = FILL_AREA_STYLE ('',( #3820 ) ) ;
#5199 = VERTEX_POINT ( 'NONE', #1841 ) ;
#5200 = CYLINDRICAL_SURFACE ( 'NONE', #2078, 1.000000000000000888 ) ;
#5201 = VERTEX_POINT ( 'NONE', #3191 ) ;
#5202 = DIRECTION ( 'NONE',  ( 1.000000000000000000, 0.0000000000000000000, 0.0000000000000000000 ) ) ;
#5203 =( LENGTH_UNIT ( ) NAMED_UNIT ( * ) SI_UNIT ( .MILLI., .METRE. ) );
#5204 = ADVANCED_FACE ( 'NONE', ( #4679 ), #1516, .T. ) ;
#5205 = CIRCLE ( 'NONE', #1283, 2.050000000002000000 ) ;
#5206 = DIRECTION ( 'NONE',  ( 0.3162277660168079096, 1.560126622598787659E-15, 0.9486832980505238710 ) ) ;
#5207 = LINE ( 'NONE', #4242, #4408 ) ;
#5208 = DIRECTION ( 'NONE',  ( 0.0000000000000000000, -0.9701425001453373165, 0.2425356250363110144 ) ) ;
#5209 = CARTESIAN_POINT ( 'NONE',  ( 9.909999999999998366, 4.200000000000009059, -5.149999999999973710 ) ) ;
#5210 = EDGE_CURVE ( 'NONE', #425, #2430, #2857, .T. ) ;
#5211 = AXIS2_PLACEMENT_3D ( 'NONE', #3440, #145, #2377 ) ;
#5212 = CARTESIAN_POINT ( 'NONE',  ( 1.450000000000000178, 7.650000000000012790, -2.699999999999979305 ) ) ;
#5213 = UNCERTAINTY_MEASURE_WITH_UNIT (LENGTH_MEASURE( 1.000000000000000082E-05 ), #1647, 'distance_accuracy_value', 'NONE');
#5214 = EDGE_CURVE ( 'NONE', #1732, #3244, #1104, .T. ) ;
#5215 = DIRECTION ( 'NONE',  ( 0.0000000000000000000, -1.644517855226012731E-15, -1.000000000000000000 ) ) ;
#5216 = DIRECTION ( 'NONE',  ( 0.0000000000000000000, -1.000000000000000000, 1.644517855226012731E-15 ) ) ;
#5217 = PLANE ( 'NONE',  #736 ) ;
#5218 = ORIENTED_EDGE ( 'NONE', *, *, #771, .T. ) ;
#5219 = CARTESIAN_POINT ( 'NONE',  ( 1.512560681042000255, 8.200000000000011724, -4.249999999999981348 ) ) ;
#5220 = ADVANCED_FACE ( 'NONE', ( #2829 ), #1134, .F. ) ;
#5221 = DIRECTION ( 'NONE',  ( 1.000000000000000000, 0.0000000000000000000, 0.0000000000000000000 ) ) ;
#5222 = EDGE_CURVE ( 'NONE', #2560, #3390, #3825, .T. ) ;
#5223 = ORIENTED_EDGE ( 'NONE', *, *, #3034, .T. ) ;
#5224 = AXIS2_PLACEMENT_3D ( 'NONE', #1130, #2055, #3530 ) ;
#5225 = CARTESIAN_POINT ( 'NONE',  ( 3.299999999999999822, 6.850000000000010303, -4.849999999999977440 ) ) ;
#5226 = PLANE ( 'NONE',  #5211 ) ;
#5227 = FACE_OUTER_BOUND ( 'NONE', #1363, .T. ) ;
#5228 = EDGE_LOOP ( 'NONE', ( #1302, #2052, #5169, #4722 ) ) ;
#5229 = VERTEX_POINT ( 'NONE', #2059 ) ;
#5230 = EDGE_CURVE ( 'NONE', #1808, #496, #5618, .T. ) ;
#5231 = PRESENTATION_LAYER_ASSIGNMENT (  '', '', ( #3660 ) ) ;
#5232 = ORIENTED_EDGE ( 'NONE', *, *, #1747, .T. ) ;
#5233 = CARTESIAN_POINT ( 'NONE',  ( 2.799999999999999822, 4.400000084174022774, 3.699999452866627792 ) ) ;
#5234 = EDGE_LOOP ( 'NONE', ( #3942, #1056, #4755, #5079 ) ) ;
#5235 =( LENGTH_UNIT ( ) NAMED_UNIT ( * ) SI_UNIT ( .MILLI., .METRE. ) );
#5236 = PRESENTATION_STYLE_ASSIGNMENT (( #234 ) ) ;
#5237 = FILL_AREA_STYLE ('',( #3393 ) ) ;
#5238 = EDGE_LOOP ( 'NONE', ( #548, #3109, #5082, #4566, #3693, #2821, #1645, #3293, #5452, #4582, #1688, #2539 ) ) ;
#5239 = VECTOR ( 'NONE', #4156, 1000.000000000000114 ) ;
#5240 = CARTESIAN_POINT ( 'NONE',  ( -0.8000000000000000444, 11.75000000000002665, 4.350000000000015632 ) ) ;
#5241 = LINE ( 'NONE', #3333, #5146 ) ;
#5242 = LINE ( 'NONE', #848, #952 ) ;
#5243 = CARTESIAN_POINT ( 'NONE',  ( -0.1000000000000000056, 8.200000000000011724, -4.249999999999981348 ) ) ;
#5244 = VECTOR ( 'NONE', #825, 1000.000000000000000 ) ;
#5245 = DIRECTION ( 'NONE',  ( 0.0000000000000000000, 1.000000000000000000, -1.644517855226012731E-15 ) ) ;
#5246 = VERTEX_POINT ( 'NONE', #3799 ) ;
#5247 = VECTOR ( 'NONE', #2381, 1000.000000000000114 ) ;
#5248 = ORIENTED_EDGE ( 'NONE', *, *, #3272, .T. ) ;
#5249 = DIRECTION ( 'NONE',  ( 0.0000000000000000000, 1.644517855226012731E-15, 1.000000000000000000 ) ) ;
#5250 = EDGE_CURVE ( 'NONE', #4167, #358, #1603, .T. ) ;
#5251 = CARTESIAN_POINT ( 'NONE',  ( 14.01999999999999957, 3.750000000000024869, 4.350000000000028066 ) ) ;
#5252 = DIRECTION ( 'NONE',  ( 0.0000000000000000000, -1.000000000000000000, 1.644517855226012731E-15 ) ) ;
#5253 = VERTEX_POINT ( 'NONE', #5587 ) ;
#5254 = FACE_OUTER_BOUND ( 'NONE', #5166, .T. ) ;
#5255 = AXIS2_PLACEMENT_3D ( 'NONE', #3410, #2993, #5759 ) ;
#5256 = PRESENTATION_STYLE_ASSIGNMENT (( #2577 ) ) ;
#5257 = PLANE ( 'NONE',  #738 ) ;
#5258 = EDGE_CURVE ( 'NONE', #65, #177, #1569, .T. ) ;
#5259 = DIRECTION ( 'NONE',  ( 0.0000000000000000000, 1.644517855226012731E-15, 1.000000000000000000 ) ) ;
#5260 = EDGE_CURVE ( 'NONE', #5246, #1808, #5143, .T. ) ;
#5261 = DIRECTION ( 'NONE',  ( -1.000000000000000000, 0.0000000000000000000, -0.0000000000000000000 ) ) ;
#5262 = ORIENTED_EDGE ( 'NONE', *, *, #2266, .T. ) ;
#5263 = EDGE_LOOP ( 'NONE', ( #3451, #978, #2347, #5325, #4893, #2168, #5572, #3190 ) ) ;
#5264 = AXIS2_PLACEMENT_3D ( 'NONE', #1277, #1739, #253 ) ;
#5265 = EDGE_LOOP ( 'NONE', ( #1422, #1325, #572, #5514 ) ) ;
#5266 =( NAMED_UNIT ( * ) PLANE_ANGLE_UNIT ( ) SI_UNIT ( $, .RADIAN. ) );
#5267 = ORIENTED_EDGE ( 'NONE', *, *, #450, .F. ) ;
#5268 = CARTESIAN_POINT ( 'NONE',  ( 12.54132034355959924, 5.400000000000011013, -4.249999999999976019 ) ) ;
#5269 = VECTOR ( 'NONE', #3435, 1000.000000000000000 ) ;
#5270 = CARTESIAN_POINT ( 'NONE',  ( 14.01999999999999957, 12.25000000000002132, 1.350000000000013856 ) ) ;
#5271 = VERTEX_POINT ( 'NONE', #4655 ) ;
#5272 = DIRECTION ( 'NONE',  ( 0.0000000000000000000, 1.644517855226012731E-15, 1.000000000000000000 ) ) ;
#5273 = VECTOR ( 'NONE', #2915, 1000.000000000000114 ) ;
#5274 = SURFACE_SIDE_STYLE ('',( #1696 ) ) ;
#5275 = CARTESIAN_POINT ( 'NONE',  ( 11.70743931895799861, 8.200000000000011724, -4.249999999999981348 ) ) ;
#5276 = VECTOR ( 'NONE', #1161, 1000.000000000000000 ) ;
#5277 = PLANE ( 'NONE',  #4562 ) ;
#5278 = VERTEX_POINT ( 'NONE', #4732 ) ;
#5279 =( NAMED_UNIT ( * ) PLANE_ANGLE_UNIT ( ) SI_UNIT ( $, .RADIAN. ) );
#5280 = FILL_AREA_STYLE_COLOUR ( '', #464 ) ;
#5281 = VECTOR ( 'NONE', #991, 1000.000000000000000 ) ;
#5282 = LINE ( 'NONE', #4813, #2824 ) ;
#5283 =( NAMED_UNIT ( * ) PLANE_ANGLE_UNIT ( ) SI_UNIT ( $, .RADIAN. ) );
#5284 = ORIENTED_EDGE ( 'NONE', *, *, #4505, .T. ) ;
#5285 = FILL_AREA_STYLE ('',( #949 ) ) ;
#5286 = DIRECTION ( 'NONE',  ( 0.0000000000000000000, 0.9333456062030538458, -0.3589790793088840082 ) ) ;
#5287 = CARTESIAN_POINT ( 'NONE',  ( 8.819999999999998508, 7.100000000000010303, -5.349999999999978328 ) ) ;
#5288 = EDGE_CURVE ( 'NONE', #1949, #2482, #2916, .T. ) ;
#5289 = CARTESIAN_POINT ( 'NONE',  ( 11.00499999999999901, 6.400000000000007461, -6.849999999999977440 ) ) ;
#5290 = EDGE_LOOP ( 'NONE', ( #389, #5639, #4884, #3376 ) ) ;
#5291 = EDGE_CURVE ( 'NONE', #5818, #5781, #151, .T. ) ;
#5292 = VERTEX_POINT ( 'NONE', #710 ) ;
#5293 = EDGE_CURVE ( 'NONE', #5818, #919, #2382, .T. ) ;
#5294 = DIRECTION ( 'NONE',  ( -0.0000000000000000000, -1.644517855226012731E-15, -1.000000000000000000 ) ) ;
#5295 = ORIENTED_EDGE ( 'NONE', *, *, #1365, .F. ) ;
#5296 = EDGE_CURVE ( 'NONE', #4367, #3665, #2971, .T. ) ;
#5297 = ORIENTED_EDGE ( 'NONE', *, *, #3344, .T. ) ;
#5298 = DIRECTION ( 'NONE',  ( 0.0000000000000000000, 1.000000000000000000, -1.644517855226012731E-15 ) ) ;
#5299 = DIRECTION ( 'NONE',  ( 0.0000000000000000000, -1.644517855226012731E-15, -1.000000000000000000 ) ) ;
#5300 = ORIENTED_EDGE ( 'NONE', *, *, #4938, .T. ) ;
#5301 = DIRECTION ( 'NONE',  ( 0.0000000000000000000, -1.000000000000000000, 1.644517855226012731E-15 ) ) ;
#5302 = PLANE ( 'NONE',  #1331 ) ;
#5303 =( LENGTH_UNIT ( ) NAMED_UNIT ( * ) SI_UNIT ( .MILLI., .METRE. ) );
#5304 = PLANE ( 'NONE',  #4802 ) ;
#5305 =( NAMED_UNIT ( * ) SI_UNIT ( $, .STERADIAN. ) SOLID_ANGLE_UNIT ( ) );
#5306 = VECTOR ( 'NONE', #4899, 1000.000000000000000 ) ;
#5307 = ADVANCED_FACE ( 'NONE', ( #300 ), #5772, .F. ) ;
#5308 = CARTESIAN_POINT ( 'NONE',  ( 11.85925710832500002, 8.200000008134407992, -5.530835800087981369 ) ) ;
#5309 = B_SPLINE_CURVE_WITH_KNOTS ( 'NONE', 3,
 ( #1562, #5693, #2375, #3737 ),
 .UNSPECIFIED., .F., .F.,
 ( 4, 4 ),
 ( 2.226531929052469403E-12, 0.001466640287788786899 ),
 .UNSPECIFIED. ) ;
#5310 = ORIENTED_EDGE ( 'NONE', *, *, #1743, .T. ) ;
#5311 = VERTEX_POINT ( 'NONE', #4322 ) ;
#5312 = SURFACE_STYLE_USAGE ( .BOTH. , #1200 ) ;
#5313 = CIRCLE ( 'NONE', #3534, 3.150000000000000355 ) ;
#5314 = CARTESIAN_POINT ( 'NONE',  ( 1.000000000000000000, 3.750000000000011102, -4.149999999999972822 ) ) ;
#5315 = EDGE_LOOP ( 'NONE', ( #3880, #333, #5617, #2787, #5188, #1627, #4729, #190 ) ) ;
#5316 = FACE_OUTER_BOUND ( 'NONE', #373, .T. ) ;
#5317 = LINE ( 'NONE', #4467, #1214 ) ;
#5318 =( NAMED_UNIT ( * ) PLANE_ANGLE_UNIT ( ) SI_UNIT ( $, .RADIAN. ) );
#5319 = AXIS2_PLACEMENT_3D ( 'NONE', #514, #5409, #2313 ) ;
#5320 =( LENGTH_UNIT ( ) NAMED_UNIT ( * ) SI_UNIT ( .MILLI., .METRE. ) );
#5321 = LINE ( 'NONE', #2913, #4103 ) ;
#5322 = ADVANCED_FACE ( 'NONE', ( #5670 ), #4763, .T. ) ;
#5323 = VECTOR ( 'NONE', #3053, 1000.000000000000000 ) ;
#5324 = ORIENTED_EDGE ( 'NONE', *, *, #3473, .F. ) ;
#5325 = ORIENTED_EDGE ( 'NONE', *, *, #3780, .T. ) ;
#5326 = EDGE_CURVE ( 'NONE', #5292, #4637, #3913, .T. ) ;
#5327 = ORIENTED_EDGE ( 'NONE', *, *, #929, .T. ) ;
#5328 = CARTESIAN_POINT ( 'NONE',  ( 3.299999999999999822, 0.7500000000000058842, -6.149999999999968381 ) ) ;
#5329 = VERTEX_POINT ( 'NONE', #3042 ) ;
#5330 = CARTESIAN_POINT ( 'NONE',  ( 10.41999999999999815, 7.650000000000006573, -7.249999999999978684 ) ) ;
#5331 = DIRECTION ( 'NONE',  ( 0.0000000000000000000, -1.644517855226012731E-15, -1.000000000000000000 ) ) ;
#5332 = VERTEX_POINT ( 'NONE', #3541 ) ;
#5333 = ADVANCED_FACE ( 'NONE', ( #3006 ), #2551, .F. ) ;
#5334 = LINE ( 'NONE', #877, #444 ) ;
#5335 = EDGE_CURVE ( 'NONE', #3184, #3283, #2589, .T. ) ;
#5336 = VECTOR ( 'NONE', #39, 1000.000000000000000 ) ;
#5337 = DIRECTION ( 'NONE',  ( 0.0000000000000000000, -1.000000000000000000, 1.644517855226012731E-15 ) ) ;
#5338 = LINE ( 'NONE', #437, #1941 ) ;
#5339 = PRESENTATION_STYLE_ASSIGNMENT (( #3948 ) ) ;
#5340 = UNCERTAINTY_MEASURE_WITH_UNIT (LENGTH_MEASURE( 1.000000000000000082E-05 ), #5810, 'distance_accuracy_value', 'NONE');
#5341 = CIRCLE ( 'NONE', #365, 2.950000000000000622 ) ;
#5342 = CARTESIAN_POINT ( 'NONE',  ( 1.000000000000000000, 3.750000000000004885, -7.649999999999974598 ) ) ;
#5343 = EDGE_LOOP ( 'NONE', ( #2428, #1740, #2537, #5479, #4166 ) ) ;
#5344 = ORIENTED_EDGE ( 'NONE', *, *, #4432, .T. ) ;
#5345 = DIRECTION ( 'NONE',  ( 0.0000000000000000000, -1.000000000000000000, 1.644517855226012731E-15 ) ) ;
#5346 = LINE ( 'NONE', #3591, #3769 ) ;
#5347 = ORIENTED_EDGE ( 'NONE', *, *, #689, .T. ) ;
#5348 = LINE ( 'NONE', #5376, #5090 ) ;
#5349 = LINE ( 'NONE', #4908, #5244 ) ;
#5350 = AXIS2_PLACEMENT_3D ( 'NONE', #3711, #1039, #198 ) ;
#5351 = CARTESIAN_POINT ( 'NONE',  ( 10.91999999999999993, 6.470000000000009521, -5.149999999999977263 ) ) ;
#5352 = FACE_OUTER_BOUND ( 'NONE', #4109, .T. ) ;
#5353 = CARTESIAN_POINT ( 'NONE',  ( 3.299999999999999822, 8.150000000000011013, -4.738235294117980168 ) ) ;
#5354 = ORIENTED_EDGE ( 'NONE', *, *, #2051, .T. ) ;
#5355 = DIRECTION ( 'NONE',  ( 0.9701425001453377606, 3.988541659006119292E-16, 0.2425356250363093769 ) ) ;
#5356 = CARTESIAN_POINT ( 'NONE',  ( 3.299999999999999822, 9.188520933591751927, -5.681254112208433682 ) ) ;
#5357 = VERTEX_POINT ( 'NONE', #2090 ) ;
#5358 = CARTESIAN_POINT ( 'NONE',  ( -0.1000000000000000056, 10.60000000000002451, 3.050000000000017142 ) ) ;
#5359 = ORIENTED_EDGE ( 'NONE', *, *, #1891, .F. ) ;
#5360 = DIRECTION ( 'NONE',  ( 1.000000000000000000, 0.0000000000000000000, 0.0000000000000000000 ) ) ;
#5361 = PLANE ( 'NONE',  #4015 ) ;
#5362 = VERTEX_POINT ( 'NONE', #743 ) ;
#5363 = EDGE_CURVE ( 'NONE', #358, #1250, #2661, .T. ) ;
#5364 = DIRECTION ( 'NONE',  ( 0.0000000000000000000, -1.000000000000000000, 1.644517855226012731E-15 ) ) ;
#5365 = DIRECTION ( 'NONE',  ( 0.0000000000000000000, 1.000000000000000000, -1.644517855226012731E-15 ) ) ;
#5366 = STYLED_ITEM ( 'NONE', ( #698 ), #3962 ) ;
#5367 = DIRECTION ( 'NONE',  ( 0.0000000000000000000, 1.000000000000000000, -1.644517855226012731E-15 ) ) ;
#5368 = EDGE_CURVE ( 'NONE', #291, #3110, #3098, .T. ) ;
#5369 = EDGE_CURVE ( 'NONE', #2283, #945, #4451, .T. ) ;
#5370 = VECTOR ( 'NONE', #4661, 1000.000000000000000 ) ;
#5371 = CARTESIAN_POINT ( 'NONE',  ( 3.299999999999999822, 7.150000000000008349, -6.114911064069978863 ) ) ;
#5372 = ORIENTED_EDGE ( 'NONE', *, *, #5412, .T. ) ;
#5373 = ORIENTED_EDGE ( 'NONE', *, *, #5369, .F. ) ;
#5374 = LINE ( 'NONE', #1364, #3215 ) ;
#5375 = VERTEX_POINT ( 'NONE', #4391 ) ;
#5376 = CARTESIAN_POINT ( 'NONE',  ( 10.66999999999999815, -0.2499999999999941436, -5.899999999999967493 ) ) ;
#5377 = DIRECTION ( 'NONE',  ( 1.000000000000000000, 0.0000000000000000000, 0.0000000000000000000 ) ) ;
#5378 = ORIENTED_EDGE ( 'NONE', *, *, #3227, .T. ) ;
#5379 = FILL_AREA_STYLE ('',( #3149 ) ) ;
#5380 =( GEOMETRIC_REPRESENTATION_CONTEXT ( 3 ) GLOBAL_UNCERTAINTY_ASSIGNED_CONTEXT ( ( #4576 ) ) GLOBAL_UNIT_ASSIGNED_CONTEXT ( ( #1779, #5266, #5770 ) ) REPRESENTATION_CONTEXT ( 'NONE', 'WORKASPACE' ) );
#5381 = ORIENTED_EDGE ( 'NONE', *, *, #3325, .F. ) ;
#5382 = VERTEX_POINT ( 'NONE', #806 ) ;
#5383 = FACE_OUTER_BOUND ( 'NONE', #5315, .T. ) ;
#5384 = VECTOR ( 'NONE', #483, 1000.000000000000000 ) ;
#5385 = CARTESIAN_POINT ( 'NONE',  ( 0.0000000000000000000, 12.25000000000000711, -7.649999999999988809 ) ) ;
#5386 = ORIENTED_EDGE ( 'NONE', *, *, #846, .T. ) ;
#5387 = CARTESIAN_POINT ( 'NONE',  ( 2.100000000000000089, 10.60000000000002451, 3.050000000000017142 ) ) ;
#5388 = ORIENTED_EDGE ( 'NONE', *, *, #2289, .T. ) ;
#5389 = CARTESIAN_POINT ( 'NONE',  ( 4.581411292958000203, 8.200000000000708056, -6.178240866749982629 ) ) ;
#5390 = CARTESIAN_POINT ( 'NONE',  ( 11.02999999999999758, 6.470000000000009521, -5.149999999999977263 ) ) ;
#5391 = ORIENTED_EDGE ( 'NONE', *, *, #5447, .F. ) ;
#5392 = CARTESIAN_POINT ( 'NONE',  ( 9.919999999999998153, 6.850000000000009415, -5.149999999999977263 ) ) ;
#5393 = DIRECTION ( 'NONE',  ( 0.6998542122237899621, -0.7142857142856900987, 1.101411730778924973E-15 ) ) ;
#5394 = FILL_AREA_STYLE ('',( #3105 ) ) ;
#5395 = ADVANCED_FACE ( 'NONE', ( #3881 ), #5805, .T. ) ;
#5396 =( NAMED_UNIT ( * ) PLANE_ANGLE_UNIT ( ) SI_UNIT ( $, .RADIAN. ) );
#5397 = LINE ( 'NONE', #475, #802 ) ;
#5398 = ORIENTED_EDGE ( 'NONE', *, *, #4259, .F. ) ;
#5399 = ADVANCED_FACE ( 'NONE', ( #1288 ), #4856, .F. ) ;
#5400 = CARTESIAN_POINT ( 'NONE',  ( 14.01999999999999957, 11.75000000000002665, 4.350000000000015632 ) ) ;
#5401 = DIRECTION ( 'NONE',  ( -0.2357022603954935791, 0.9428090415820749026, 0.2357022603954920803 ) ) ;
#5402 = CARTESIAN_POINT ( 'NONE',  ( 3.299999999999999822, 8.150000000000011013, -3.950557738530979801 ) ) ;
#5403 = EDGE_CURVE ( 'NONE', #3219, #2749, #1811, .T. ) ;
#5404 = ORIENTED_EDGE ( 'NONE', *, *, #2289, .F. ) ;
#5405 = CARTESIAN_POINT ( 'NONE',  ( 2.799999999999999822, 7.450000000000024158, 3.699999452866622462 ) ) ;
#5406 = DIRECTION ( 'NONE',  ( 1.000000000000000000, 0.0000000000000000000, 0.0000000000000000000 ) ) ;
#5407 = VERTEX_POINT ( 'NONE', #4920 ) ;
#5408 = AXIS2_PLACEMENT_3D ( 'NONE', #2304, #3233, #1884 ) ;
#5409 = DIRECTION ( 'NONE',  ( 0.0000000000000000000, 1.644517855226012731E-15, 1.000000000000000000 ) ) ;
#5410 = CARTESIAN_POINT ( 'NONE',  ( 4.599999999999999645, 10.75000000000000711, -7.249999999999984013 ) ) ;
#5411 = EDGE_CURVE ( 'NONE', #2003, #4343, #2774, .T. ) ;
#5412 = EDGE_CURVE ( 'NONE', #3324, #2542, #1348, .T. ) ;
#5413 = LINE ( 'NONE', #453, #5634 ) ;
#5414 = ORIENTED_EDGE ( 'NONE', *, *, #2834, .T. ) ;
#5415 = VECTOR ( 'NONE', #3579, 1000.000000000000000 ) ;
#5416 = AXIS2_PLACEMENT_3D ( 'NONE', #3339, #192, #723 ) ;
#5417 = CARTESIAN_POINT ( 'NONE',  ( 10.91999999999999993, 10.60000000000000853, -6.549999999999984723 ) ) ;
#5418 = EDGE_CURVE ( 'NONE', #5527, #599, #4480, .T. ) ;
#5419 = VERTEX_POINT ( 'NONE', #1437 ) ;
#5420 = FACE_OUTER_BOUND ( 'NONE', #4358, .T. ) ;
#5421 = ORIENTED_EDGE ( 'NONE', *, *, #638, .F. ) ;
#5422 = CARTESIAN_POINT ( 'NONE',  ( 13.51999999999999957, 11.10000000000002629, 4.350000000000016520 ) ) ;
#5423 = VECTOR ( 'NONE', #4758, 1000.000000000000000 ) ;
#5424 = DIRECTION ( 'NONE',  ( -1.000000000000000000, 0.0000000000000000000, -0.0000000000000000000 ) ) ;
#5425 = DIRECTION ( 'NONE',  ( -0.6998542122237897400, -0.7142857142856900987, 1.101411730778924973E-15 ) ) ;
#5426 = LINE ( 'NONE', #42, #1792 ) ;
#5427 =( NAMED_UNIT ( * ) SI_UNIT ( $, .STERADIAN. ) SOLID_ANGLE_UNIT ( ) );
#5428 = CARTESIAN_POINT ( 'NONE',  ( 10.91977156848200003, 8.958053628472010033, -5.250543523751980857 ) ) ;
#5429 = FILL_AREA_STYLE_COLOUR ( '', #2411 ) ;
#5430 = COLOUR_RGB ( '',1.000000000000000000, 1.000000000000000000, 1.000000000000000000 ) ;
#5431 = DIRECTION ( 'NONE',  ( 0.0000000000000000000, 1.644517855226012731E-15, 1.000000000000000000 ) ) ;
#5432 = VERTEX_POINT ( 'NONE', #497 ) ;
#5433 = MECHANICAL_DESIGN_GEOMETRIC_PRESENTATION_REPRESENTATION (  '', ( #3660 ), #4961 ) ;
#5434 = EDGE_LOOP ( 'NONE', ( #2094, #1498, #4472, #3322 ) ) ;
#5435 =( LENGTH_UNIT ( ) NAMED_UNIT ( * ) SI_UNIT ( .MILLI., .METRE. ) );
#5436 = LINE ( 'NONE', #4055, #1419 ) ;
#5437 = VERTEX_POINT ( 'NONE', #1899 ) ;
#5438 = AXIS2_PLACEMENT_3D ( 'NONE', #4335, #278, #2504 ) ;
#5439 =( GEOMETRIC_REPRESENTATION_CONTEXT ( 3 ) GLOBAL_UNCERTAINTY_ASSIGNED_CONTEXT ( ( #341 ) ) GLOBAL_UNIT_ASSIGNED_CONTEXT ( ( #1329, #5396, #5305 ) ) REPRESENTATION_CONTEXT ( 'NONE', 'WORKASPACE' ) );
#5440 = EDGE_CURVE ( 'NONE', #799, #5099, #4978, .T. ) ;
#5441 = CARTESIAN_POINT ( 'NONE',  ( 10.16999999999999815, -0.2499999999999941436, -5.899999999999967493 ) ) ;
#5442 = DIRECTION ( 'NONE',  ( 0.0000000000000000000, -1.000000000000000000, 1.644517855226012731E-15 ) ) ;
#5443 = SURFACE_STYLE_FILL_AREA ( #1402 ) ;
#5444 = ORIENTED_EDGE ( 'NONE', *, *, #684, .F. ) ;
#5445 = VECTOR ( 'NONE', #4468, 1000.000000000000000 ) ;
#5446 = AXIS2_PLACEMENT_3D ( 'NONE', #2414, #185, #1577 ) ;
#5447 = EDGE_CURVE ( 'NONE', #2560, #2985, #2297, .T. ) ;
#5448 = EDGE_CURVE ( 'NONE', #408, #1949, #4095, .T. ) ;
#5449 = VECTOR ( 'NONE', #4214, 1000.000000000000000 ) ;
#5450 = AXIS2_PLACEMENT_3D ( 'NONE', #3642, #3133, #4572 ) ;
#5451 = DIRECTION ( 'NONE',  ( 0.0000000000000000000, 1.644517855226012731E-15, 1.000000000000000000 ) ) ;
#5452 = ORIENTED_EDGE ( 'NONE', *, *, #1527, .F. ) ;
#5453 = ORIENTED_EDGE ( 'NONE', *, *, #544, .T. ) ;
#5454 = CARTESIAN_POINT ( 'NONE',  ( 12.21999999999999886, 10.75000000000000533, -7.649999999999987033 ) ) ;
#5455 = CARTESIAN_POINT ( 'NONE',  ( 2.290000000000000036, 8.200000000000009948, -5.149999999999980815 ) ) ;
#5456 = FACE_OUTER_BOUND ( 'NONE', #4948, .T. ) ;
#5457 =( NAMED_UNIT ( * ) PLANE_ANGLE_UNIT ( ) SI_UNIT ( $, .RADIAN. ) );
#5458 = CARTESIAN_POINT ( 'NONE',  ( 2.425000000000000266, 0.2500000000000071609, -5.649999999999967493 ) ) ;
#5459 = FILL_AREA_STYLE_COLOUR ( '', #5170 ) ;
#5460 = LINE ( 'NONE', #4488, #4365 ) ;
#5461 = AXIS2_PLACEMENT_3D ( 'NONE', #1431, #4943, #517 ) ;
#5462 = LINE ( 'NONE', #4605, #5075 ) ;
#5463 = ORIENTED_EDGE ( 'NONE', *, *, #4115, .T. ) ;
#5464 = PRESENTATION_LAYER_ASSIGNMENT (  '', '', ( #4797 ) ) ;
#5465 = VERTEX_POINT ( 'NONE', #5005 ) ;
#5466 = ORIENTED_EDGE ( 'NONE', *, *, #4077, .T. ) ;
#5467 = DIRECTION ( 'NONE',  ( 0.0000000000000000000, 1.000000000000000000, -1.644517855226012731E-15 ) ) ;
#5468 = VECTOR ( 'NONE', #1654, 1000.000000000000000 ) ;
#5469 = CARTESIAN_POINT ( 'NONE',  ( 4.087439318847000180, 8.199999999994910027, -5.249999999787981153 ) ) ;
#5470 = EDGE_CURVE ( 'NONE', #919, #2991, #3694, .T. ) ;
#5471 = VECTOR ( 'NONE', #4388, 1000.000000000000000 ) ;
#5472 = PLANE ( 'NONE',  #5620 ) ;
#5473 = EDGE_CURVE ( 'NONE', #757, #3478, #418, .T. ) ;
#5474 = ORIENTED_EDGE ( 'NONE', *, *, #2921, .F. ) ;
#5475 = AXIS2_PLACEMENT_3D ( 'NONE', #840, #5741, #5298 ) ;
#5476 = EDGE_LOOP ( 'NONE', ( #2766, #2719, #2890, #428 ) ) ;
#5477 = EDGE_CURVE ( 'NONE', #2985, #2588, #1843, .T. ) ;
#5478 = DIRECTION ( 'NONE',  ( -1.000000000000000000, 0.0000000000000000000, 0.0000000000000000000 ) ) ;
#5479 = ORIENTED_EDGE ( 'NONE', *, *, #3739, .F. ) ;
#5480 =( NAMED_UNIT ( * ) SI_UNIT ( $, .STERADIAN. ) SOLID_ANGLE_UNIT ( ) );
#5481 = DIRECTION ( 'NONE',  ( -1.000000000000000000, 0.0000000000000000000, 0.0000000000000000000 ) ) ;
#5482 = PLANE ( 'NONE',  #3604 ) ;
#5483 = CARTESIAN_POINT ( 'NONE',  ( 2.299999999999999822, 7.150000000000010125, -4.849999999999979217 ) ) ;
#5484 = CARTESIAN_POINT ( 'NONE',  ( 9.809999999999998721, 6.470000000000009521, -5.149999999999977263 ) ) ;
#5485 = EDGE_CURVE ( 'NONE', #3482, #4196, #2746, .T. ) ;
#5486 = ORIENTED_EDGE ( 'NONE', *, *, #6, .T. ) ;
#5487 = DIRECTION ( 'NONE',  ( 1.000000000000000000, 0.0000000000000000000, 0.0000000000000000000 ) ) ;
#5488 = ORIENTED_EDGE ( 'NONE', *, *, #9, .T. ) ;
#5489 =( LENGTH_UNIT ( ) NAMED_UNIT ( * ) SI_UNIT ( .MILLI., .METRE. ) );
#5490 = CARTESIAN_POINT ( 'NONE',  ( 2.549999999999999822, -0.2499999999999941436, -5.899999999999967493 ) ) ;
#5491 = CARTESIAN_POINT ( 'NONE',  ( 1.149999999999999911, 5.400000000000009237, -5.349999999999976552 ) ) ;
#5492 = VERTEX_POINT ( 'NONE', #95 ) ;
#5493 = VECTOR ( 'NONE', #4044, 1000.000000000000000 ) ;
#5494 = ADVANCED_FACE ( 'NONE', ( #1456 ), #3245, .F. ) ;
#5495 = DIRECTION ( 'NONE',  ( 0.0000000000000000000, 1.000000000000000000, -1.644517855226012731E-15 ) ) ;
#5496 = AXIS2_PLACEMENT_3D ( 'NONE', #2750, #3640, #937 ) ;
#5497 = VERTEX_POINT ( 'NONE', #2800 ) ;
#5498 = ORIENTED_EDGE ( 'NONE', *, *, #4142, .F. ) ;
#5499 = PLANE ( 'NONE',  #5003 ) ;
#5500 = ORIENTED_EDGE ( 'NONE', *, *, #2957, .F. ) ;
#5501 = COLOUR_RGB ( '',1.000000000000000000, 1.000000000000000000, 1.000000000000000000 ) ;
#5502 = CARTESIAN_POINT ( 'NONE',  ( 10.91999999999999993, 6.850000000000010303, -4.849999999999977440 ) ) ;
#5503 = DIRECTION ( 'NONE',  ( 0.1434133044264949142, -0.7071759494133761370, -0.6923400903347745050 ) ) ;
#5504 = CONICAL_SURFACE ( 'NONE', #3346, 1.724947660679000405, 0.4636476090007536355 ) ;
#5505 = CARTESIAN_POINT ( 'NONE',  ( 2.299999999999999822, 9.188707871136109873, -5.681615441998339122 ) ) ;
#5506 = EDGE_CURVE ( 'NONE', #2575, #1509, #4595, .T. ) ;
#5507 = CARTESIAN_POINT ( 'NONE',  ( 4.087439318958000278, 8.200000000000011724, -4.249999999999981348 ) ) ;
#5508 = CARTESIAN_POINT ( 'NONE',  ( 11.08000000000000007, 4.200000000000005507, -7.249999999999973355 ) ) ;
#5509 = SURFACE_STYLE_USAGE ( .BOTH. , #4633 ) ;
#5510 = DIRECTION ( 'NONE',  ( -0.2357022603954935513, -0.2357022603954951612, -0.9428090415820741255 ) ) ;
#5511 = VERTEX_POINT ( 'NONE', #3610 ) ;
#5512 =( NAMED_UNIT ( * ) SI_UNIT ( $, .STERADIAN. ) SOLID_ANGLE_UNIT ( ) );
#5513 = VECTOR ( 'NONE', #758, 999.9999999999998863 ) ;
#5514 = ORIENTED_EDGE ( 'NONE', *, *, #2079, .F. ) ;
#5515 = DIRECTION ( 'NONE',  ( 0.0000000000000000000, -1.000000000000000000, 1.644517855226012731E-15 ) ) ;
#5516 = AXIS2_PLACEMENT_3D ( 'NONE', #1639, #2535, #2599 ) ;
#5517 = DIRECTION ( 'NONE',  ( 1.000000000000000000, 0.0000000000000000000, 0.0000000000000000000 ) ) ;
#5518 = CARTESIAN_POINT ( 'NONE',  ( 9.920262966340999355, 8.957775965783010719, -5.249999999998981259 ) ) ;
#5519 = STYLED_ITEM ( 'NONE', ( #3728 ), #2679 ) ;
#5520 =( GEOMETRIC_REPRESENTATION_CONTEXT ( 3 ) GLOBAL_UNCERTAINTY_ASSIGNED_CONTEXT ( ( #1295 ) ) GLOBAL_UNIT_ASSIGNED_CONTEXT ( ( #5203, #2973, #5672 ) ) REPRESENTATION_CONTEXT ( 'NONE', 'WORKASPACE' ) );
#5521 = DIRECTION ( 'NONE',  ( -0.0000000000000000000, -1.000000000000000000, 1.644517855226012731E-15 ) ) ;
#5522 = STYLED_ITEM ( 'NONE', ( #711 ), #3141 ) ;
#5523 = ORIENTED_EDGE ( 'NONE', *, *, #1864, .T. ) ;
#5524 = ORIENTED_EDGE ( 'NONE', *, *, #1252, .T. ) ;
#5525 = DIRECTION ( 'NONE',  ( 0.1520571842539035212, 1.625394904386495651E-15, 0.9883716976506230489 ) ) ;
#5526 = VECTOR ( 'NONE', #4269, 1000.000000000000000 ) ;
#5527 = VERTEX_POINT ( 'NONE', #1781 ) ;
#5528 = STYLED_ITEM ( 'NONE', ( #5598 ), #2672 ) ;
#5529 = CARTESIAN_POINT ( 'NONE',  ( 2.299999999999999822, 0.7500000000000058842, -6.149999999999968381 ) ) ;
#5530 = DIRECTION ( 'NONE',  ( 0.0000000000000000000, -1.644517855226012731E-15, -1.000000000000000000 ) ) ;
#5531 = ORIENTED_EDGE ( 'NONE', *, *, #2338, .F. ) ;
#5532 = FACE_OUTER_BOUND ( 'NONE', #898, .T. ) ;
#5533 = DIRECTION ( 'NONE',  ( -1.000000000000000000, 0.0000000000000000000, -0.0000000000000000000 ) ) ;
#5534 = DIRECTION ( 'NONE',  ( -0.0000000000000000000, -1.644517855226012731E-15, -1.000000000000000000 ) ) ;
#5535 = EDGE_CURVE ( 'NONE', #1007, #4195, #191, .T. ) ;
#5536 = DIRECTION ( 'NONE',  ( 0.0000000000000000000, -1.644517855226012731E-15, -1.000000000000000000 ) ) ;
#5537 = PLANE ( 'NONE',  #1387 ) ;
#5538 = LINE ( 'NONE', #4603, #1493 ) ;
#5539 = DIRECTION ( 'NONE',  ( 0.0000000000000000000, -0.9701425001453374275, 0.2425356250363110422 ) ) ;
#5540 = LINE ( 'NONE', #5035, #672 ) ;
#5541 = EDGE_CURVE ( 'NONE', #4147, #1367, #121, .T. ) ;
#5542 = ADVANCED_FACE ( 'NONE', ( #2110 ), #142, .F. ) ;
#5543 = VECTOR ( 'NONE', #3630, 1000.000000000000000 ) ;
#5544 = ORIENTED_EDGE ( 'NONE', *, *, #2352, .F. ) ;
#5545 = CARTESIAN_POINT ( 'NONE',  ( 10.91999999999999993, 0.7500000000000075495, -5.149999999999967493 ) ) ;
#5546 = CARTESIAN_POINT ( 'NONE',  ( 1.512561160048000009, 8.199999982479811322, -5.249999105246983433 ) ) ;
#5547 = LINE ( 'NONE', #1530, #4524 ) ;
#5548 = ORIENTED_EDGE ( 'NONE', *, *, #2107, .T. ) ;
#5549 = VECTOR ( 'NONE', #5566, 1000.000000000000000 ) ;
#5550 = CARTESIAN_POINT ( 'NONE',  ( 2.299999999999999822, 7.650000000000007461, -6.549999999999979394 ) ) ;
#5551 = VERTEX_POINT ( 'NONE', #5578 ) ;
#5552 = VERTEX_POINT ( 'NONE', #318 ) ;
#5553 = DIRECTION ( 'NONE',  ( 0.0000000000000000000, 1.644517855226012731E-15, 1.000000000000000000 ) ) ;
#5554 = AXIS2_PLACEMENT_3D ( 'NONE', #495, #4064, #1407 ) ;
#5555 = ORIENTED_EDGE ( 'NONE', *, *, #1814, .T. ) ;
#5556 = VECTOR ( 'NONE', #1722, 1000.000000000000000 ) ;
#5557 = CARTESIAN_POINT ( 'NONE',  ( 9.909999999999998366, 8.200000000000009948, -5.149999999999980815 ) ) ;
#5558 = ORIENTED_EDGE ( 'NONE', *, *, #109, .F. ) ;
#5559 = LINE ( 'NONE', #3328, #1065 ) ;
#5560 = PRESENTATION_STYLE_ASSIGNMENT (( #1955 ) ) ;
#5561 = CARTESIAN_POINT ( 'NONE',  ( 2.299999999999999822, 8.150000000000014566, -2.699999999999980194 ) ) ;
#5562 = DIRECTION ( 'NONE',  ( 0.0000000000000000000, -1.000000000000000000, 1.644517855226012731E-15 ) ) ;
#5563 = CARTESIAN_POINT ( 'NONE',  ( 4.200000000000000178, 7.650000000000011902, -4.249999999999979572 ) ) ;
#5564 = FACE_OUTER_BOUND ( 'NONE', #1154, .T. ) ;
#5565 = EDGE_CURVE ( 'NONE', #1560, #3532, #4341, .T. ) ;
#5566 = DIRECTION ( 'NONE',  ( 1.000000000000000000, 0.0000000000000000000, 0.0000000000000000000 ) ) ;
#5567 = ORIENTED_EDGE ( 'NONE', *, *, #3072, .T. ) ;
#5568 = CARTESIAN_POINT ( 'NONE',  ( 10.41999999999699966, 7.649999999998352784, -5.249999999993979927 ) ) ;
#5569 = EDGE_CURVE ( 'NONE', #296, #5382, #761, .T. ) ;
#5570 = CARTESIAN_POINT ( 'NONE',  ( 0.7500000000000000000, 5.400000000000007461, -6.549999999999975842 ) ) ;
#5571 = DIRECTION ( 'NONE',  ( -1.000000000000000000, 0.0000000000000000000, 0.0000000000000000000 ) ) ;
#5572 = ORIENTED_EDGE ( 'NONE', *, *, #5291, .F. ) ;
#5573 = ADVANCED_FACE ( 'NONE', ( #1538 ), #3268, .T. ) ;
#5574 = EDGE_CURVE ( 'NONE', #4219, #1889, #3715, .T. ) ;
#5575 = DIRECTION ( 'NONE',  ( 1.000000000000000000, 0.0000000000000000000, 0.0000000000000000000 ) ) ;
#5576 = ORIENTED_EDGE ( 'NONE', *, *, #2083, .T. ) ;
#5577 = ORIENTED_EDGE ( 'NONE', *, *, #1245, .T. ) ;
#5579 = VECTOR ( 'NONE', #3677, 1000.000000000000000 ) ;
#5578 = CARTESIAN_POINT ( 'NONE',  ( 0.6786796564403999588, 5.400000000000011013, -4.249999999999976019 ) ) ;
#5580 = ORIENTED_EDGE ( 'NONE', *, *, #97, .T. ) ;
#5581 = AXIS2_PLACEMENT_3D ( 'NONE', #3716, #4171, #2351 ) ;
#5582 = ADVANCED_FACE ( 'NONE', ( #5254 ), #5499, .F. ) ;
#5583 = FACE_OUTER_BOUND ( 'NONE', #5817, .T. ) ;
#5584 = VERTEX_POINT ( 'NONE', #1678 ) ;
#5585 = LINE ( 'NONE', #1567, #24 ) ;
#5586 = FACE_OUTER_BOUND ( 'NONE', #885, .T. ) ;
#5587 = CARTESIAN_POINT ( 'NONE',  ( 3.299999999999999822, 7.150000000000010125, -4.849999999999979217 ) ) ;
#5588 =( GEOMETRIC_REPRESENTATION_CONTEXT ( 3 ) GLOBAL_UNCERTAINTY_ASSIGNED_CONTEXT ( ( #2982 ) ) GLOBAL_UNIT_ASSIGNED_CONTEXT ( ( #5303, #4457, #2185 ) ) REPRESENTATION_CONTEXT ( 'NONE', 'WORKASPACE' ) );
#5589 = CARTESIAN_POINT ( 'NONE',  ( 2.299999999999999822, 8.135517241379311315, -4.618965517240978258 ) ) ;
#5590 = DIRECTION ( 'NONE',  ( -0.0000000000000000000, -1.644517855226012731E-15, -1.000000000000000000 ) ) ;
#5591 = DIRECTION ( 'NONE',  ( 1.115543213595999678E-10, -5.114665636548225673E-12, -1.000000000000000000 ) ) ;
#5592 = DIRECTION ( 'NONE',  ( 0.0000000000000000000, 1.000000000000000000, -1.644517855226012731E-15 ) ) ;
#5593 = AXIS2_PLACEMENT_3D ( 'NONE', #4435, #414, #2574 ) ;
#5594 = CARTESIAN_POINT ( 'NONE',  ( 3.310000000000000053, 8.200000000000009948, -5.149999999999980815 ) ) ;
#5595 = FACE_OUTER_BOUND ( 'NONE', #862, .T. ) ;
#5596 = ORIENTED_EDGE ( 'NONE', *, *, #379, .T. ) ;
#5597 = CARTESIAN_POINT ( 'NONE',  ( 2.290000000000000036, 4.200000000000006395, -6.449999999999974420 ) ) ;
#5598 = PRESENTATION_STYLE_ASSIGNMENT (( #724 ) ) ;
#5599 = CARTESIAN_POINT ( 'NONE',  ( 3.272097902097999889, 7.150000000000011013, -4.484265734265979297 ) ) ;
#5600 = CARTESIAN_POINT ( 'NONE',  ( 2.299999999999999822, 8.150000000000011013, -3.950557738530979801 ) ) ;
#5601 = CIRCLE ( 'NONE', #2977, 2.050000000002000444 ) ;
#5602 = ORIENTED_EDGE ( 'NONE', *, *, #2995, .T. ) ;
#5603 = EDGE_CURVE ( 'NONE', #4900, #5497, #5309, .T. ) ;
#5604 = LINE ( 'NONE', #2820, #2518 ) ;
#5605 = FILL_AREA_STYLE_COLOUR ( '', #4883 ) ;
#5606 = EDGE_LOOP ( 'NONE', ( #4727, #4016, #3885, #215 ) ) ;
#5607 = ADVANCED_FACE ( 'NONE', ( #3291 ), #1071, .T. ) ;
#5608 = ORIENTED_EDGE ( 'NONE', *, *, #3040, .F. ) ;
#5609 = AXIS2_PLACEMENT_3D ( 'NONE', #5773, #5299, #1289 ) ;
#5610 = ADVANCED_FACE ( 'NONE', ( #1510 ), #2576, .F. ) ;
#5611 = ORIENTED_EDGE ( 'NONE', *, *, #1059, .T. ) ;
#5612 = COLOUR_RGB ( '',1.000000000000000000, 1.000000000000000000, 1.000000000000000000 ) ;
#5613 = STYLED_ITEM ( 'NONE', ( #5236 ), #2332 ) ;
#5614 = DIRECTION ( 'NONE',  ( -1.000000000000000000, 0.0000000000000000000, 0.0000000000000000000 ) ) ;
#5615 = VERTEX_POINT ( 'NONE', #2402 ) ;
#5616 = CARTESIAN_POINT ( 'NONE',  ( 4.599999999999999645, 3.750000000000011102, -4.149999999999972822 ) ) ;
#5617 = ORIENTED_EDGE ( 'NONE', *, *, #4359, .T. ) ;
#5618 = LINE ( 'NONE', #3299, #5084 ) ;
#5619 = FILL_AREA_STYLE_COLOUR ( '', #4870 ) ;
#5620 = AXIS2_PLACEMENT_3D ( 'NONE', #4537, #5021, #1839 ) ;
#5621 = PLANE ( 'NONE',  #2138 ) ;
#5622 = DIRECTION ( 'NONE',  ( 0.0000000000000000000, -1.000000000000000000, 1.644517855226012731E-15 ) ) ;
#5623 = CARTESIAN_POINT ( 'NONE',  ( 8.419999999999999929, 5.400000000000007461, -6.549999999999975842 ) ) ;
#5624 = DIRECTION ( 'NONE',  ( 0.0000000000000000000, -1.000000000000000000, 1.508500966887852005E-15 ) ) ;
#5625 = PRESENTATION_STYLE_ASSIGNMENT (( #3862 ) ) ;
#5626 = CARTESIAN_POINT ( 'NONE',  ( 12.54132034355959924, 5.400000000000011013, -4.249999999999976019 ) ) ;
#5627 = ORIENTED_EDGE ( 'NONE', *, *, #4625, .F. ) ;
#5628 = CARTESIAN_POINT ( 'NONE',  ( 14.01999999999999957, 11.75000000000002665, 4.350000000000015632 ) ) ;
#5629 = FILL_AREA_STYLE_COLOUR ( '', #4777 ) ;
#5630 = DIRECTION ( 'NONE',  ( 1.000000000000000000, 0.0000000000000000000, 0.0000000000000000000 ) ) ;
#5631 = FILL_AREA_STYLE ('',( #4748 ) ) ;
#5632 = EDGE_LOOP ( 'NONE', ( #1466, #4403, #3418, #2056, #2075, #394, #2389, #3846, #1273, #2880 ) ) ;
#5633 = CARTESIAN_POINT ( 'NONE',  ( 2.299999999999999822, 6.850000000000010303, -4.849999999999977440 ) ) ;
#5634 = VECTOR ( 'NONE', #423, 1000.000000000000000 ) ;
#5635 = FACE_OUTER_BOUND ( 'NONE', #5234, .T. ) ;
#5636 = ADVANCED_FACE ( 'NONE', ( #3352 ), #3901, .F. ) ;
#5637 = ORIENTED_EDGE ( 'NONE', *, *, #1365, .T. ) ;
#5638 = EDGE_LOOP ( 'NONE', ( #2732, #2241, #5463, #499 ) ) ;
#5639 = ORIENTED_EDGE ( 'NONE', *, *, #5684, .T. ) ;
#5640 = EDGE_CURVE ( 'NONE', #4229, #3654, #3026, .T. ) ;
#5641 = CARTESIAN_POINT ( 'NONE',  ( 2.799999999999999822, 7.650000000000012790, -3.474999999999979661 ) ) ;
#5642 = EDGE_CURVE ( 'NONE', #3484, #5552, #1096, .T. ) ;
#5643 = VERTEX_POINT ( 'NONE', #3323 ) ;
#5644 = CARTESIAN_POINT ( 'NONE',  ( 2.799999999999999822, 7.650000000000014566, -2.699999999999979305 ) ) ;
#5645 = VERTEX_POINT ( 'NONE', #2879 ) ;
#5646 = CARTESIAN_POINT ( 'NONE',  ( 10.91999999999999993, 0.7500000000000058842, -6.149999999999968381 ) ) ;
#5647 = LINE ( 'NONE', #1570, #4404 ) ;
#5648 = FILL_AREA_STYLE ('',( #1572 ) ) ;
#5649 = ADVANCED_FACE ( 'NONE', ( #4672 ), #651, .F. ) ;
#5650 = VECTOR ( 'NONE', #1258, 1000.000000000000000 ) ;
#5651 = LINE ( 'NONE', #3485, #2579 ) ;
#5652 = EDGE_CURVE ( 'NONE', #4914, #4762, #3794, .T. ) ;
#5653 = LINE ( 'NONE', #3803, #1127 ) ;
#5654 = DIRECTION ( 'NONE',  ( 0.0000000000000000000, -1.000000000000000000, 1.644517855226012731E-15 ) ) ;
#5655 = VECTOR ( 'NONE', #523, 1000.000000000000000 ) ;
#5656 = CARTESIAN_POINT ( 'NONE',  ( -15.24000000000000377, 5.400000000000024336, 4.350000000000025402 ) ) ;
#5657 = DIRECTION ( 'NONE',  ( 0.0000000000000000000, -1.000000000000000000, 1.644517855226012731E-15 ) ) ;
#5658 = LINE ( 'NONE', #5545, #1474 ) ;
#5659 = DIRECTION ( 'NONE',  ( 0.0000000000000000000, -1.644517855226012731E-15, -1.000000000000000000 ) ) ;
#5660 = EDGE_CURVE ( 'NONE', #2675, #5022, #5788, .T. ) ;
#5661 = LINE ( 'NONE', #5600, #4231 ) ;
#5662 = ORIENTED_EDGE ( 'NONE', *, *, #5767, .T. ) ;
#5663 = DIRECTION ( 'NONE',  ( 0.0000000000000000000, 1.644517855226012731E-15, 1.000000000000000000 ) ) ;
#5664 = FACE_OUTER_BOUND ( 'NONE', #1041, .T. ) ;
#5665 = VERTEX_POINT ( 'NONE', #1274 ) ;
#5666 = ORIENTED_EDGE ( 'NONE', *, *, #1155, .F. ) ;
#5667 = ORIENTED_EDGE ( 'NONE', *, *, #5652, .F. ) ;
#5668 = DIRECTION ( 'NONE',  ( 0.9828721869343185480, 3.030657864035044747E-16, 0.1842885350502034558 ) ) ;
#5669 = ORIENTED_EDGE ( 'NONE', *, *, #4717, .T. ) ;
#5670 = FACE_OUTER_BOUND ( 'NONE', #2797, .T. ) ;
#5671 = CARTESIAN_POINT ( 'NONE',  ( 28.46000000000000441, 10.60000000000002451, 3.050000000000017142 ) ) ;
#5672 =( NAMED_UNIT ( * ) SI_UNIT ( $, .STERADIAN. ) SOLID_ANGLE_UNIT ( ) );
#5673 = DIRECTION ( 'NONE',  ( 0.0000000000000000000, -1.644517855226012731E-15, -1.000000000000000000 ) ) ;
#5674 = EDGE_LOOP ( 'NONE', ( #2058, #3647, #1014, #23, #5157 ) ) ;
#5675 = EDGE_CURVE ( 'NONE', #4623, #5527, #3084, .T. ) ;
#5676 = VECTOR ( 'NONE', #4551, 1000.000000000000000 ) ;
#5677 = LINE ( 'NONE', #5007, #808 ) ;
#5678 = DIRECTION ( 'NONE',  ( -1.000000000000000000, 0.0000000000000000000, -0.0000000000000000000 ) ) ;
#5679 = PLANE ( 'NONE',  #2247 ) ;
#5680 = DIRECTION ( 'NONE',  ( 0.2014180313373102604, 0.1180726390598044601, -0.9723629099043501478 ) ) ;
#5681 = VECTOR ( 'NONE', #602, 1000.000000000000000 ) ;
#5682 = CARTESIAN_POINT ( 'NONE',  ( 12.21999999999999886, 3.750000000000004885, -7.649999999999974598 ) ) ;
#5683 = DIRECTION ( 'NONE',  ( -0.0000000000000000000, -1.644517855226012731E-15, -1.000000000000000000 ) ) ;
#5684 = EDGE_CURVE ( 'NONE', #2963, #2822, #1798, .T. ) ;
#5685 = UNCERTAINTY_MEASURE_WITH_UNIT (LENGTH_MEASURE( 1.000000000000000082E-05 ), #5779, 'distance_accuracy_value', 'NONE');
#5686 = EDGE_CURVE ( 'NONE', #5643, #5332, #5756, .T. ) ;
#5687 = LINE ( 'NONE', #371, #1553 ) ;
#5688 = CARTESIAN_POINT ( 'NONE',  ( 2.799999999999999822, 7.450000000000025935, 4.350000000000021849 ) ) ;
#5689 = FACE_OUTER_BOUND ( 'NONE', #5068, .T. ) ;
#5690 = CARTESIAN_POINT ( 'NONE',  ( 11.08000000000000007, 4.200000000000005507, -7.249999999999973355 ) ) ;
#5691 =( NAMED_UNIT ( * ) PLANE_ANGLE_UNIT ( ) SI_UNIT ( $, .RADIAN. ) );
#5692 = ORIENTED_EDGE ( 'NONE', *, *, #654, .F. ) ;
#5693 = CARTESIAN_POINT ( 'NONE',  ( 10.91999999999999993, 9.188707871136109873, -5.681615441998339122 ) ) ;
#5694 = COLOUR_RGB ( '',0.2862745098039215508, 0.6431372549019607199, 0.8666666666666666963 ) ;
#5695 = FACE_OUTER_BOUND ( 'NONE', #2487, .T. ) ;
#5696 = CARTESIAN_POINT ( 'NONE',  ( 3.174999999999999822, 0.2500000000000071609, -5.649999999999967493 ) ) ;
#5697 = CARTESIAN_POINT ( 'NONE',  ( -0.1000000000000000056, 8.200000000000008171, -6.549999999999981171 ) ) ;
#5698 = CARTESIAN_POINT ( 'NONE',  ( 3.174999999999999822, 7.650000000000023448, 2.650000000000022116 ) ) ;
#5699 = EDGE_LOOP ( 'NONE', ( #914, #4094, #2182, #1549 ) ) ;
#5700 = ORIENTED_EDGE ( 'NONE', *, *, #1859, .T. ) ;
#5701 = AXIS2_PLACEMENT_3D ( 'NONE', #976, #3590, #5820 ) ;
#5702 = AXIS2_PLACEMENT_3D ( 'NONE', #2981, #4774, #753 ) ;
#5703 = EDGE_LOOP ( 'NONE', ( #249, #1152, #4892, #4260, #4387 ) ) ;
#5704 = LINE ( 'NONE', #903, #3226 ) ;
#5705 = ORIENTED_EDGE ( 'NONE', *, *, #5642, .F. ) ;
#5706 = FILL_AREA_STYLE_COLOUR ( '', #3562 ) ;
#5707 = LINE ( 'NONE', #3450, #4290 ) ;
#5708 = COLOUR_RGB ( '',1.000000000000000000, 1.000000000000000000, 1.000000000000000000 ) ;
#5709 = ORIENTED_EDGE ( 'NONE', *, *, #4512, .F. ) ;
#5710 = VECTOR ( 'NONE', #4687, 1000.000000000000000 ) ;
#5711 = CARTESIAN_POINT ( 'NONE',  ( 3.500000000000000000, 10.60000000000002451, 3.050000000000017142 ) ) ;
#5712 = DIRECTION ( 'NONE',  ( 0.0000000000000000000, 1.000000000000000000, -1.644517855226012731E-15 ) ) ;
#5713 = LINE ( 'NONE', #4299, #1050 ) ;
#5714 = DIRECTION ( 'NONE',  ( 0.0000000000000000000, -1.644517855226012731E-15, -1.000000000000000000 ) ) ;
#5715 = VECTOR ( 'NONE', #208, 1000.000000000000227 ) ;
#5716 = ADVANCED_FACE ( 'NONE', ( #4017 ), #2084, .F. ) ;
#5717 = FILL_AREA_STYLE ('',( #2950 ) ) ;
#5718 = ORIENTED_EDGE ( 'NONE', *, *, #2847, .F. ) ;
#5719 = AXIS2_PLACEMENT_3D ( 'NONE', #5129, #4255, #571 ) ;
#5720 = ORIENTED_EDGE ( 'NONE', *, *, #2502, .F. ) ;
#5721 = EDGE_CURVE ( 'NONE', #2814, #1600, #5823, .T. ) ;
#5722 = DIRECTION ( 'NONE',  ( 0.0000000000000000000, 1.000000000000000000, -1.644517855226012731E-15 ) ) ;
#5723 = FACE_OUTER_BOUND ( 'NONE', #1976, .T. ) ;
#5724 = PRESENTATION_STYLE_ASSIGNMENT (( #4841 ) ) ;
#5725 = EDGE_CURVE ( 'NONE', #5229, #4538, #1764, .T. ) ;
#5726 = ORIENTED_EDGE ( 'NONE', *, *, #4800, .F. ) ;
#5727 = CARTESIAN_POINT ( 'NONE',  ( 10.91999999999999993, 0.7500000000000075495, -5.149999999999967493 ) ) ;
#5728 = DIRECTION ( 'NONE',  ( -0.0000000000000000000, 1.644517855226012731E-15, 1.000000000000000000 ) ) ;
#5729 = FACE_OUTER_BOUND ( 'NONE', #3432, .T. ) ;
#5730 = ORIENTED_EDGE ( 'NONE', *, *, #901, .F. ) ;
#5731 = CARTESIAN_POINT ( 'NONE',  ( 2.290000000000000036, 6.200000000000009059, -5.599999999999976552 ) ) ;
#5732 = DIRECTION ( 'NONE',  ( 0.0000000000000000000, -1.000000000000000000, 1.644517855226012731E-15 ) ) ;
#5733 = ORIENTED_EDGE ( 'NONE', *, *, #5071, .T. ) ;
#5734 = ORIENTED_EDGE ( 'NONE', *, *, #5418, .T. ) ;
#5735 = ORIENTED_EDGE ( 'NONE', *, *, #3812, .T. ) ;
#5736 = CIRCLE ( 'NONE', #1239, 0.2999999999999999334 ) ;
#5737 = EDGE_CURVE ( 'NONE', #5665, #1509, #25, .T. ) ;
#5738 = ORIENTED_EDGE ( 'NONE', *, *, #4271, .F. ) ;
#5739 = CARTESIAN_POINT ( 'NONE',  ( 2.299999999999999822, 4.200000000000009059, -5.149999999999973710 ) ) ;
#5740 = EDGE_LOOP ( 'NONE', ( #1780, #4490, #993, #4414 ) ) ;
#5741 = DIRECTION ( 'NONE',  ( 0.0000000000000000000, -1.644517855226012731E-15, -1.000000000000000000 ) ) ;
#5742 = AXIS2_PLACEMENT_3D ( 'NONE', #947, #4526, #3983 ) ;
#5743 = CARTESIAN_POINT ( 'NONE',  ( 10.41999999999999815, 0.2500000000000080491, -5.274999999999967493 ) ) ;
#5744 = ORIENTED_EDGE ( 'NONE', *, *, #4792, .F. ) ;
#5745 = LINE ( 'NONE', #270, #3997 ) ;
#5746 = COLOUR_RGB ( '',1.000000000000000000, 1.000000000000000000, 1.000000000000000000 ) ;
#5747 = FACE_OUTER_BOUND ( 'NONE', #4742, .T. ) ;
#5748 = DIRECTION ( 'NONE',  ( 0.0000000000000000000, 1.000000000000000000, -1.644517855226012731E-15 ) ) ;
#5749 = DIRECTION ( 'NONE',  ( 0.0000000000000000000, 1.000000000000000000, -1.644517855226012731E-15 ) ) ;
#5750 = CARTESIAN_POINT ( 'NONE',  ( 12.06999999999999851, 5.400000000000009237, -5.349999999999976552 ) ) ;
#5751 = CIRCLE ( 'NONE', #774, 1.350000000000000089 ) ;
#5752 = DIRECTION ( 'NONE',  ( 1.000000000000000000, 2.747489438461984817E-13, -9.456953628105005475E-13 ) ) ;
#5753 = EDGE_CURVE ( 'NONE', #4565, #1030, #5348, .T. ) ;
#5754 = ORIENTED_EDGE ( 'NONE', *, *, #3107, .F. ) ;
#5755 = LINE ( 'NONE', #3896, #639 ) ;
#5756 = CIRCLE ( 'NONE', #4154, 3.150000000000000355 ) ;
#5757 = ORIENTED_EDGE ( 'NONE', *, *, #4784, .F. ) ;
#5758 = CARTESIAN_POINT ( 'NONE',  ( 2.299999999999999822, 6.850000000000010303, -4.849999999999977440 ) ) ;
#5759 = DIRECTION ( 'NONE',  ( 0.3527588064246995336, 0.9357142857142992654, -1.239088197126291063E-15 ) ) ;
#5760 = ORIENTED_EDGE ( 'NONE', *, *, #1919, .T. ) ;
#5761 = ADVANCED_FACE ( 'NONE', ( #5316 ), #4376, .T. ) ;
#5762 = DIRECTION ( 'NONE',  ( 0.0000000000000000000, -1.000000000000000000, 1.644517855226012731E-15 ) ) ;
#5763 = CARTESIAN_POINT ( 'NONE',  ( 0.0000000000000000000, 3.750000000000004885, -7.649999999999974598 ) ) ;
#5764 = DIRECTION ( 'NONE',  ( -0.0000000000000000000, -1.644517855226012731E-15, -1.000000000000000000 ) ) ;
#5765 = VERTEX_POINT ( 'NONE', #4874 ) ;
#5766 = EDGE_LOOP ( 'NONE', ( #5310, #2583, #3631, #2909, #823, #5523, #5039 ) ) ;
#5767 = EDGE_CURVE ( 'NONE', #2274, #4786, #4907, .T. ) ;
#5768 = EDGE_CURVE ( 'NONE', #4340, #5527, #891, .T. ) ;
#5769 = ORIENTED_EDGE ( 'NONE', *, *, #5721, .F. ) ;
#5770 =( NAMED_UNIT ( * ) SI_UNIT ( $, .STERADIAN. ) SOLID_ANGLE_UNIT ( ) );
#5771 = ORIENTED_EDGE ( 'NONE', *, *, #5721, .T. ) ;
#5772 = PLANE ( 'NONE',  #2362 ) ;
#5773 = CARTESIAN_POINT ( 'NONE',  ( 2.799999999999999822, 7.650000000000011902, -4.249999999999979572 ) ) ;
#5774 = ORIENTED_EDGE ( 'NONE', *, *, #1863, .F. ) ;
#5775 = VERTEX_POINT ( 'NONE', #416 ) ;
#5776 = DIRECTION ( 'NONE',  ( 0.2028368833146942662, -1.610332506321238696E-15, -0.9792125401398724671 ) ) ;
#5777 = CARTESIAN_POINT ( 'NONE',  ( 2.299999999999999822, 6.850000000000009415, -5.149999999999977263 ) ) ;
#5778 =( NAMED_UNIT ( * ) PLANE_ANGLE_UNIT ( ) SI_UNIT ( $, .RADIAN. ) );
#5779 =( LENGTH_UNIT ( ) NAMED_UNIT ( * ) SI_UNIT ( .MILLI., .METRE. ) );
#5780 = VECTOR ( 'NONE', #787, 1000.000000000000000 ) ;
#5781 = VERTEX_POINT ( 'NONE', #5727 ) ;
#5782 = ORIENTED_EDGE ( 'NONE', *, *, #1747, .F. ) ;
#5783 = ORIENTED_EDGE ( 'NONE', *, *, #460, .F. ) ;
#5784 =( LENGTH_UNIT ( ) NAMED_UNIT ( * ) SI_UNIT ( .MILLI., .METRE. ) );
#5785 = VECTOR ( 'NONE', #4859, 1000.000000000000000 ) ;
#5786 = LINE ( 'NONE', #1761, #3688 ) ;
#5787 = VERTEX_POINT ( 'NONE', #2676 ) ;
#5788 = LINE ( 'NONE', #2702, #3312 ) ;
#5789 = CARTESIAN_POINT ( 'NONE',  ( 14.01999999999999957, 3.750000000000004885, -7.649999999999974598 ) ) ;
#5790 = PRESENTATION_LAYER_ASSIGNMENT (  '', '', ( #4097 ) ) ;
#5791 = EDGE_LOOP ( 'NONE', ( #2213, #3634, #3552, #1098, #2942 ) ) ;
#5792 = LINE ( 'NONE', #3030, #3063 ) ;
#5793 =( LENGTH_UNIT ( ) NAMED_UNIT ( * ) SI_UNIT ( .MILLI., .METRE. ) );
#5794 = VECTOR ( 'NONE', #5481, 1000.000000000000000 ) ;
#5795 = ORIENTED_EDGE ( 'NONE', *, *, #146, .T. ) ;
#5796 = ORIENTED_EDGE ( 'NONE', *, *, #623, .F. ) ;
#5797 = ADVANCED_FACE ( 'NONE', ( #1707 ), #920, .T. ) ;
#5798 = CARTESIAN_POINT ( 'NONE',  ( 3.299999999999999822, 7.150000000000010125, -4.618965517240978258 ) ) ;
#5799 = EDGE_CURVE ( 'NONE', #2678, #4886, #3725, .T. ) ;
#5800 = ORIENTED_EDGE ( 'NONE', *, *, #961, .T. ) ;
#5801 = CARTESIAN_POINT ( 'NONE',  ( 9.719999999999998863, 10.60000000000002451, 3.050000000000017142 ) ) ;
#5802 = EDGE_LOOP ( 'NONE', ( #1217, #4525, #3096, #1784 ) ) ;
#5803 = AXIS2_PLACEMENT_3D ( 'NONE', #4932, #4048, #1795 ) ;
#5804 = ADVANCED_FACE ( 'NONE', ( #5038 ), #4185, .F. ) ;
#5805 = PLANE ( 'NONE',  #5475 ) ;
#5806 = PLANE ( 'NONE',  #4197 ) ;
#5807 = ORIENTED_EDGE ( 'NONE', *, *, #4508, .F. ) ;
#5808 = LINE ( 'NONE', #5392, #3336 ) ;
#5809 = VECTOR ( 'NONE', #4568, 999.9999999999998863 ) ;
#5810 =( LENGTH_UNIT ( ) NAMED_UNIT ( * ) SI_UNIT ( .MILLI., .METRE. ) );
#5811 = FILL_AREA_STYLE ('',( #403 ) ) ;
#5812 = DIRECTION ( 'NONE',  ( 0.0000000000000000000, 1.644517855226012731E-15, 1.000000000000000000 ) ) ;
#5813 = AXIS2_PLACEMENT_3D ( 'NONE', #4221, #612, #1526 ) ;
#5814 = UNCERTAINTY_MEASURE_WITH_UNIT (LENGTH_MEASURE( 1.000000000000000082E-05 ), #2216, 'distance_accuracy_value', 'NONE');
#5815 = VECTOR ( 'NONE', #1023, 1000.000000000000000 ) ;
#5816 = CARTESIAN_POINT ( 'NONE',  ( 2.800000000003000089, 7.649999999998350120, -6.549999999999979394 ) ) ;
#5817 = EDGE_LOOP ( 'NONE', ( #3083, #4436, #3010, #649 ) ) ;
#5818 = VERTEX_POINT ( 'NONE', #3756 ) ;
#5819 = PRESENTATION_LAYER_ASSIGNMENT (  '', '', ( #3092 ) ) ;
#5820 = DIRECTION ( 'NONE',  ( -0.0000000000000000000, -1.644517855226012731E-15, -1.000000000000000000 ) ) ;
#5821 = LINE ( 'NONE', #4960, #1806 ) ;
#5822 = ORIENTED_EDGE ( 'NONE', *, *, #555, .F. ) ;
#5823 = LINE ( 'NONE', #447, #5384 ) ;
#5824 = CYLINDRICAL_SURFACE ( 'NONE', #1324, 0.2999999999999999334 ) ;
#5825 = VECTOR ( 'NONE', #2371, 999.9999999999998863 ) ;
#5826 = CARTESIAN_POINT ( 'NONE',  ( 11.11999999999999744, 12.25000000000002487, 3.050000000000014477 ) ) ;
#5827 = VECTOR ( 'NONE', #4598, 1000.000000000000000 ) ;
#5828 = ORIENTED_EDGE ( 'NONE', *, *, #4580, .T. ) ;
#5829 = DIRECTION ( 'NONE',  ( 0.0000000000000000000, 8.673617379884030739E-15, -1.000000000000000000 ) ) ;
#5830 = FACE_OUTER_BOUND ( 'NONE', #1717, .T. ) ;
#5831 = CIRCLE ( 'NONE', #2238, 1.399999999999999911 ) ;
#5832 = ORIENTED_EDGE ( 'NONE', *, *, #619, .F. ) ;
#5833 = CARTESIAN_POINT ( 'NONE',  ( 1.149999999999999911, 7.100000000000010303, -5.349999999999978328 ) ) ;
#5834 = EDGE_CURVE ( 'NONE', #700, #610, #1497, .T. ) ;
#5835 = DIRECTION ( 'NONE',  ( 0.0000000000000000000, 1.644517855226012731E-15, 1.000000000000000000 ) ) ;
ENDSEC;
END-ISO-10303-21;
