ISO-10303-21;
HEADER;
FILE_DESCRIPTION(('STEP AP242'),'1');
FILE_NAME('1337009.stp','2025-01-20T11:30:53',('TraceParts'),('TraceParts S.A.'),'Spatial InterOp 3D',' ',' ');
FILE_SCHEMA(('AP242_MANAGED_MODEL_BASED_3D_ENGINEERING_MIM_LF  {1 0 10303 442 1 1 4}'));
ENDSEC;
DATA;
#1=MECHANICAL_DESIGN_GEOMETRIC_PRESENTATION_REPRESENTATION(' ',(#18,#19,#20,#21,#22,#23,#24,#25,#26,#27,#28,#29,#30,#31,#32,#33,#34,#35,#36,#37,#38,#39,#40,#41,#42,#43,#44,#45,#46,#47,#48,#49,#50,#51,#52,#53,#54,#55,#56,#57,#58,#59,#60,#61,#62,#63,#64,#65,#66,#67,#68,#69,#70,#71,#72,#73,#74,#75,#76,#77,#78,#79,#80,#81,#82,#83,#84,#85,#86,#87,#88,#89,#90,#91,#92,#93,#94,#95,#96,#97,#98,#99,#100,#101,#102,#103,#104,#105,#106,#107,#108,#109,#110,#111,#112,#113,#114,#115,#116,#117,#118,#119,#120,#121,#122,#123,#124,#125,#126,#127,#128,#129,#130,#131,#132,#133,#134,#135,#136,#137,#138,#139,#140,#141,#142,#143,#144,#145,#146,#147,#148,#149,#150,#151,#152,#153,#154,#155,#156,#157,#158,#159,#160,#161,#162,#163,#164,#165,#166,#167,#168,#169,#170,#171,#172,#173,#174,#175,#176,#177,#178,#179,#180,#181,#182,#183,#184,#185,#186,#187,#188,#189,#190,#191,#192,#193,#194,#195,#196,#197,#198,#199,#200,#201,#202,#203,#204,#205,#206,#207,#208,#209,#210,#211,#212,#213,#214,#215,#216,#217,#218,#219,#220,#221,#222,#223,#224,#225,#226,#227,#228,#229,#230,#231,#232,#233,#234,#235,#236,#237,#238,#239,#240,#241,#242,#243,#244,#245,#246,#247,#248,#249,#250,#251,#252,#253,#254,#255,#256,#257,#258,#259,#260,#261,#262,#263,#264,#265,#266,#267,#268,#269,#270,#271,#272,#273,#274,#275,#276,#277,#278,#279,#280,#281,#282,#283,#284,#285,#286,#287,#288,#289,#290,#291,#292,#293,#294,#295,#296,#297,#298,#299,#300,#301,#302,#303,#304,#305,#306,#307,#308,#309,#310,#311,#312,#313,#314,#315,#316,#317,#318,#319,#320,#321,#322,#323,#324,#325,#326,#327,#328,#329,#330,#331,#332,#333,#334,#335,#336,#337,#338,#339,#340,#341,#342,#343,#344,#345,#346,#347,#348,#349,#350,#351,#352,#353,#354,#355,#356,#357,#358,#359,#360,#361,#362,#363,#364,#365,#366,#367,#368,#369,#370,#371,#372,#373,#374,#375,#376,#377,#378,#379,#380,#381,#382,#383,#384,#385,#386,#387,#388,#389,#390,#391,#392,#393,#394,#395,#396,#397,#398,#399,#400,#401,#402,#403,#404,#405,#406,#407,#408,#409,#410,#411,#412,#413,#414,#415,#416,#417,#418,#419,#420,#421,#422,#423,#424,#425,#426,#427,#428,#429,#430,#431,#432,#433,#434,#435,#436,#437,#438,#439,#440,#441,#442,#443,#444,#445,#446,#447,#448,#449,#450,#451,#452,#453,#454,#455,#456,#457,#458,#459,#460,#461,#462,#463,#464,#465,#466,#467,#468,#469,#470,#471,#472,#473,#474,#475,#476,#477,#478,#479,#480,#481,#482,#483,#484,#485,#486,#487,#488,#489,#490,#491,#492,#493,#494,#495,#496,#497,#498,#499,#500,#501,#502,#503,#504,#505,#506,#507,#508,#509,#510,#511,#512,#513,#514,#515,#516,#517,#518,#519,#520,#521,#522),#14);
#2=PRODUCT_DEFINITION_CONTEXT('',#523,'design');
#3=APPLICATION_PROTOCOL_DEFINITION('INTERNATIONAL STANDARD','ap242_managed_model_based_3d_engineering',2014,#523);
#4=PRODUCT_CATEGORY_RELATIONSHIP('NONE','NONE',#524,#525);
#5=SHAPE_DEFINITION_REPRESENTATION(#526,#527);
#6=SHAPE_DEFINITION_REPRESENTATION(#526,#528);
#7=SHAPE_DEFINITION_REPRESENTATION(#526,#529);
#8=SHAPE_DEFINITION_REPRESENTATION(#526,#530);
#9=SHAPE_DEFINITION_REPRESENTATION(#526,#531);
#10=SHAPE_DEFINITION_REPRESENTATION(#526,#532);
#11=SHAPE_DEFINITION_REPRESENTATION(#526,#533);
#12=SHAPE_DEFINITION_REPRESENTATION(#526,#534);
#13=SHAPE_DEFINITION_REPRESENTATION(#526,#535);
#14= (GEOMETRIC_REPRESENTATION_CONTEXT(3)GLOBAL_UNCERTAINTY_ASSIGNED_CONTEXT((#538))GLOBAL_UNIT_ASSIGNED_CONTEXT((#540,#541,#542))REPRESENTATION_CONTEXT('NONE','WORKSPACE'));
#18=STYLED_ITEM('',(#544),#545);
#19=STYLED_ITEM('',(#546),#547);
#20=STYLED_ITEM('',(#548),#549);
#21=STYLED_ITEM('',(#550),#551);
#22=STYLED_ITEM('',(#552),#553);
#23=STYLED_ITEM('',(#554),#555);
#24=STYLED_ITEM('',(#556),#557);
#25=STYLED_ITEM('',(#558),#559);
#26=STYLED_ITEM('',(#560),#561);
#27=STYLED_ITEM('',(#562),#563);
#28=STYLED_ITEM('',(#564),#565);
#29=STYLED_ITEM('',(#566),#567);
#30=STYLED_ITEM('',(#568),#569);
#31=STYLED_ITEM('',(#570),#571);
#32=STYLED_ITEM('',(#572),#573);
#33=STYLED_ITEM('',(#574),#575);
#34=STYLED_ITEM('',(#576),#577);
#35=STYLED_ITEM('',(#578),#579);
#36=STYLED_ITEM('',(#580),#581);
#37=STYLED_ITEM('',(#582),#583);
#38=STYLED_ITEM('',(#584),#585);
#39=STYLED_ITEM('',(#586),#587);
#40=STYLED_ITEM('',(#588),#589);
#41=STYLED_ITEM('',(#590),#591);
#42=STYLED_ITEM('',(#592),#593);
#43=STYLED_ITEM('',(#594),#595);
#44=STYLED_ITEM('',(#596),#597);
#45=STYLED_ITEM('',(#598),#599);
#46=STYLED_ITEM('',(#600),#601);
#47=STYLED_ITEM('',(#602),#603);
#48=STYLED_ITEM('',(#604),#605);
#49=STYLED_ITEM('',(#606),#607);
#50=STYLED_ITEM('',(#608),#609);
#51=STYLED_ITEM('',(#610),#611);
#52=STYLED_ITEM('',(#612),#613);
#53=STYLED_ITEM('',(#614),#615);
#54=STYLED_ITEM('',(#616),#617);
#55=STYLED_ITEM('',(#618),#619);
#56=STYLED_ITEM('',(#620),#621);
#57=STYLED_ITEM('',(#622),#623);
#58=STYLED_ITEM('',(#624),#625);
#59=STYLED_ITEM('',(#626),#627);
#60=STYLED_ITEM('',(#628),#629);
#61=STYLED_ITEM('',(#630),#631);
#62=STYLED_ITEM('',(#632),#633);
#63=STYLED_ITEM('',(#634),#635);
#64=STYLED_ITEM('',(#636),#637);
#65=STYLED_ITEM('',(#638),#639);
#66=STYLED_ITEM('',(#640),#641);
#67=STYLED_ITEM('',(#642),#643);
#68=STYLED_ITEM('',(#644),#645);
#69=STYLED_ITEM('',(#646),#647);
#70=STYLED_ITEM('',(#648),#649);
#71=STYLED_ITEM('',(#650),#651);
#72=STYLED_ITEM('',(#652),#653);
#73=STYLED_ITEM('',(#654),#655);
#74=STYLED_ITEM('',(#656),#657);
#75=STYLED_ITEM('',(#658),#659);
#76=STYLED_ITEM('',(#660),#661);
#77=STYLED_ITEM('',(#662),#663);
#78=STYLED_ITEM('',(#664),#665);
#79=STYLED_ITEM('',(#666),#667);
#80=STYLED_ITEM('',(#668),#669);
#81=STYLED_ITEM('',(#670),#671);
#82=STYLED_ITEM('',(#672),#673);
#83=STYLED_ITEM('',(#674),#675);
#84=STYLED_ITEM('',(#676),#677);
#85=STYLED_ITEM('',(#678),#679);
#86=STYLED_ITEM('',(#680),#681);
#87=STYLED_ITEM('',(#682),#683);
#88=STYLED_ITEM('',(#684),#685);
#89=STYLED_ITEM('',(#686),#687);
#90=STYLED_ITEM('',(#688),#689);
#91=STYLED_ITEM('',(#690),#691);
#92=STYLED_ITEM('',(#692),#693);
#93=STYLED_ITEM('',(#694),#695);
#94=STYLED_ITEM('',(#696),#697);
#95=STYLED_ITEM('',(#698),#699);
#96=STYLED_ITEM('',(#700),#701);
#97=STYLED_ITEM('',(#702),#703);
#98=STYLED_ITEM('',(#704),#705);
#99=STYLED_ITEM('',(#706),#707);
#100=STYLED_ITEM('',(#708),#709);
#101=STYLED_ITEM('',(#710),#711);
#102=STYLED_ITEM('',(#712),#713);
#103=STYLED_ITEM('',(#714),#715);
#104=STYLED_ITEM('',(#716),#717);
#105=STYLED_ITEM('',(#718),#719);
#106=STYLED_ITEM('',(#720),#721);
#107=STYLED_ITEM('',(#722),#723);
#108=STYLED_ITEM('',(#724),#725);
#109=STYLED_ITEM('',(#726),#727);
#110=STYLED_ITEM('',(#728),#729);
#111=STYLED_ITEM('',(#730),#731);
#112=STYLED_ITEM('',(#732),#733);
#113=STYLED_ITEM('',(#734),#735);
#114=STYLED_ITEM('',(#736),#737);
#115=STYLED_ITEM('',(#738),#739);
#116=STYLED_ITEM('',(#740),#741);
#117=STYLED_ITEM('',(#742),#743);
#118=STYLED_ITEM('',(#744),#745);
#119=STYLED_ITEM('',(#746),#747);
#120=STYLED_ITEM('',(#748),#749);
#121=STYLED_ITEM('',(#750),#751);
#122=STYLED_ITEM('',(#752),#753);
#123=STYLED_ITEM('',(#754),#755);
#124=STYLED_ITEM('',(#756),#757);
#125=STYLED_ITEM('',(#758),#759);
#126=STYLED_ITEM('',(#760),#761);
#127=STYLED_ITEM('',(#762),#763);
#128=STYLED_ITEM('',(#764),#765);
#129=STYLED_ITEM('',(#766),#767);
#130=STYLED_ITEM('',(#768),#769);
#131=STYLED_ITEM('',(#770),#771);
#132=STYLED_ITEM('',(#772),#773);
#133=STYLED_ITEM('',(#774),#775);
#134=STYLED_ITEM('',(#776),#777);
#135=STYLED_ITEM('',(#778),#779);
#136=STYLED_ITEM('',(#780),#781);
#137=STYLED_ITEM('',(#782),#783);
#138=STYLED_ITEM('',(#784),#785);
#139=STYLED_ITEM('',(#786),#787);
#140=STYLED_ITEM('',(#788),#789);
#141=STYLED_ITEM('',(#790),#791);
#142=STYLED_ITEM('',(#792),#793);
#143=STYLED_ITEM('',(#794),#795);
#144=STYLED_ITEM('',(#796),#797);
#145=STYLED_ITEM('',(#798),#799);
#146=STYLED_ITEM('',(#800),#801);
#147=STYLED_ITEM('',(#802),#803);
#148=STYLED_ITEM('',(#804),#805);
#149=STYLED_ITEM('',(#806),#807);
#150=STYLED_ITEM('',(#808),#809);
#151=STYLED_ITEM('',(#810),#811);
#152=STYLED_ITEM('',(#812),#813);
#153=STYLED_ITEM('',(#814),#815);
#154=STYLED_ITEM('',(#816),#817);
#155=STYLED_ITEM('',(#818),#819);
#156=STYLED_ITEM('',(#820),#821);
#157=STYLED_ITEM('',(#822),#823);
#158=STYLED_ITEM('',(#824),#825);
#159=STYLED_ITEM('',(#826),#827);
#160=STYLED_ITEM('',(#828),#829);
#161=STYLED_ITEM('',(#830),#831);
#162=STYLED_ITEM('',(#832),#833);
#163=STYLED_ITEM('',(#834),#835);
#164=STYLED_ITEM('',(#836),#837);
#165=STYLED_ITEM('',(#838),#839);
#166=STYLED_ITEM('',(#840),#841);
#167=STYLED_ITEM('',(#842),#843);
#168=STYLED_ITEM('',(#844),#845);
#169=STYLED_ITEM('',(#846),#847);
#170=STYLED_ITEM('',(#848),#849);
#171=STYLED_ITEM('',(#850),#851);
#172=STYLED_ITEM('',(#852),#853);
#173=STYLED_ITEM('',(#854),#855);
#174=STYLED_ITEM('',(#856),#857);
#175=STYLED_ITEM('',(#858),#859);
#176=STYLED_ITEM('',(#860),#861);
#177=STYLED_ITEM('',(#862),#863);
#178=STYLED_ITEM('',(#864),#865);
#179=STYLED_ITEM('',(#866),#867);
#180=STYLED_ITEM('',(#868),#869);
#181=STYLED_ITEM('',(#870),#871);
#182=STYLED_ITEM('',(#872),#873);
#183=STYLED_ITEM('',(#874),#875);
#184=STYLED_ITEM('',(#876),#877);
#185=STYLED_ITEM('',(#878),#879);
#186=STYLED_ITEM('',(#880),#881);
#187=STYLED_ITEM('',(#882),#883);
#188=STYLED_ITEM('',(#884),#885);
#189=STYLED_ITEM('',(#886),#887);
#190=STYLED_ITEM('',(#888),#889);
#191=STYLED_ITEM('',(#890),#891);
#192=STYLED_ITEM('',(#892),#893);
#193=STYLED_ITEM('',(#894),#895);
#194=STYLED_ITEM('',(#896),#897);
#195=STYLED_ITEM('',(#898),#899);
#196=STYLED_ITEM('',(#900),#901);
#197=STYLED_ITEM('',(#902),#903);
#198=STYLED_ITEM('',(#904),#905);
#199=STYLED_ITEM('',(#906),#907);
#200=STYLED_ITEM('',(#908),#909);
#201=STYLED_ITEM('',(#910),#911);
#202=STYLED_ITEM('',(#912),#913);
#203=STYLED_ITEM('',(#914),#915);
#204=STYLED_ITEM('',(#916),#917);
#205=STYLED_ITEM('',(#918),#919);
#206=STYLED_ITEM('',(#920),#921);
#207=STYLED_ITEM('',(#922),#923);
#208=STYLED_ITEM('',(#924),#925);
#209=STYLED_ITEM('',(#926),#927);
#210=STYLED_ITEM('',(#928),#929);
#211=STYLED_ITEM('',(#930),#931);
#212=STYLED_ITEM('',(#932),#933);
#213=STYLED_ITEM('',(#934),#935);
#214=STYLED_ITEM('',(#936),#937);
#215=STYLED_ITEM('',(#938),#939);
#216=STYLED_ITEM('',(#940),#941);
#217=STYLED_ITEM('',(#942),#943);
#218=STYLED_ITEM('',(#944),#945);
#219=STYLED_ITEM('',(#946),#947);
#220=STYLED_ITEM('',(#948),#949);
#221=STYLED_ITEM('',(#950),#951);
#222=STYLED_ITEM('',(#952),#953);
#223=STYLED_ITEM('',(#954),#955);
#224=STYLED_ITEM('',(#956),#957);
#225=STYLED_ITEM('',(#958),#959);
#226=STYLED_ITEM('',(#960),#961);
#227=STYLED_ITEM('',(#962),#963);
#228=STYLED_ITEM('',(#964),#965);
#229=STYLED_ITEM('',(#966),#967);
#230=STYLED_ITEM('',(#968),#969);
#231=STYLED_ITEM('',(#970),#971);
#232=STYLED_ITEM('',(#972),#973);
#233=STYLED_ITEM('',(#974),#975);
#234=STYLED_ITEM('',(#976),#977);
#235=STYLED_ITEM('',(#978),#979);
#236=STYLED_ITEM('',(#980),#981);
#237=STYLED_ITEM('',(#982),#983);
#238=STYLED_ITEM('',(#984),#985);
#239=STYLED_ITEM('',(#986),#987);
#240=STYLED_ITEM('',(#988),#989);
#241=STYLED_ITEM('',(#990),#991);
#242=STYLED_ITEM('',(#992),#993);
#243=STYLED_ITEM('',(#994),#995);
#244=STYLED_ITEM('',(#996),#997);
#245=STYLED_ITEM('',(#998),#999);
#246=STYLED_ITEM('',(#1000),#1001);
#247=STYLED_ITEM('',(#1002),#1003);
#248=STYLED_ITEM('',(#1004),#1005);
#249=STYLED_ITEM('',(#1006),#1007);
#250=STYLED_ITEM('',(#1008),#1009);
#251=STYLED_ITEM('',(#1010),#1011);
#252=STYLED_ITEM('',(#1012),#1013);
#253=STYLED_ITEM('',(#1014),#1015);
#254=STYLED_ITEM('',(#1016),#1017);
#255=STYLED_ITEM('',(#1018),#1019);
#256=STYLED_ITEM('',(#1020),#1021);
#257=STYLED_ITEM('',(#1022),#1023);
#258=STYLED_ITEM('',(#1024),#1025);
#259=STYLED_ITEM('',(#1026),#1027);
#260=STYLED_ITEM('',(#1028),#1029);
#261=STYLED_ITEM('',(#1030),#1031);
#262=STYLED_ITEM('',(#1032),#1033);
#263=STYLED_ITEM('',(#1034),#1035);
#264=STYLED_ITEM('',(#1036),#1037);
#265=STYLED_ITEM('',(#1038),#1039);
#266=STYLED_ITEM('',(#1040),#1041);
#267=STYLED_ITEM('',(#1042),#1043);
#268=STYLED_ITEM('',(#1044),#1045);
#269=STYLED_ITEM('',(#1046),#1047);
#270=STYLED_ITEM('',(#1048),#1049);
#271=STYLED_ITEM('',(#1050),#1051);
#272=STYLED_ITEM('',(#1052),#1053);
#273=STYLED_ITEM('',(#1054),#1055);
#274=STYLED_ITEM('',(#1056),#1057);
#275=STYLED_ITEM('',(#1058),#1059);
#276=STYLED_ITEM('',(#1060),#1061);
#277=STYLED_ITEM('',(#1062),#1063);
#278=STYLED_ITEM('',(#1064),#1065);
#279=STYLED_ITEM('',(#1066),#1067);
#280=STYLED_ITEM('',(#1068),#1069);
#281=STYLED_ITEM('',(#1070),#1071);
#282=STYLED_ITEM('',(#1072),#1073);
#283=STYLED_ITEM('',(#1074),#1075);
#284=STYLED_ITEM('',(#1076),#1077);
#285=STYLED_ITEM('',(#1078),#1079);
#286=STYLED_ITEM('',(#1080),#1081);
#287=STYLED_ITEM('',(#1082),#1083);
#288=STYLED_ITEM('',(#1084),#1085);
#289=STYLED_ITEM('',(#1086),#1087);
#290=STYLED_ITEM('',(#1088),#1089);
#291=STYLED_ITEM('',(#1090),#1091);
#292=STYLED_ITEM('',(#1092),#1093);
#293=STYLED_ITEM('',(#1094),#1095);
#294=STYLED_ITEM('',(#1096),#1097);
#295=STYLED_ITEM('',(#1098),#1099);
#296=STYLED_ITEM('',(#1100),#1101);
#297=STYLED_ITEM('',(#1102),#1103);
#298=STYLED_ITEM('',(#1104),#1105);
#299=STYLED_ITEM('',(#1106),#1107);
#300=STYLED_ITEM('',(#1108),#1109);
#301=STYLED_ITEM('',(#1110),#1111);
#302=STYLED_ITEM('',(#1112),#1113);
#303=STYLED_ITEM('',(#1114),#1115);
#304=STYLED_ITEM('',(#1116),#1117);
#305=STYLED_ITEM('',(#1118),#1119);
#306=STYLED_ITEM('',(#1120),#1121);
#307=STYLED_ITEM('',(#1122),#1123);
#308=STYLED_ITEM('',(#1124),#1125);
#309=STYLED_ITEM('',(#1126),#1127);
#310=STYLED_ITEM('',(#1128),#1129);
#311=STYLED_ITEM('',(#1130),#1131);
#312=STYLED_ITEM('',(#1132),#1133);
#313=STYLED_ITEM('',(#1134),#1135);
#314=STYLED_ITEM('',(#1136),#1137);
#315=STYLED_ITEM('',(#1138),#1139);
#316=STYLED_ITEM('',(#1140),#1141);
#317=STYLED_ITEM('',(#1142),#1143);
#318=STYLED_ITEM('',(#1144),#1145);
#319=STYLED_ITEM('',(#1146),#1147);
#320=STYLED_ITEM('',(#1148),#1149);
#321=STYLED_ITEM('',(#1150),#1151);
#322=STYLED_ITEM('',(#1152),#1153);
#323=STYLED_ITEM('',(#1154),#1155);
#324=STYLED_ITEM('',(#1156),#1157);
#325=STYLED_ITEM('',(#1158),#1159);
#326=STYLED_ITEM('',(#1160),#1161);
#327=STYLED_ITEM('',(#1162),#1163);
#328=STYLED_ITEM('',(#1164),#1165);
#329=STYLED_ITEM('',(#1166),#1167);
#330=STYLED_ITEM('',(#1168),#1169);
#331=STYLED_ITEM('',(#1170),#1171);
#332=STYLED_ITEM('',(#1172),#1173);
#333=STYLED_ITEM('',(#1174),#1175);
#334=STYLED_ITEM('',(#1176),#1177);
#335=STYLED_ITEM('',(#1178),#1179);
#336=STYLED_ITEM('',(#1180),#1181);
#337=STYLED_ITEM('',(#1182),#1183);
#338=STYLED_ITEM('',(#1184),#1185);
#339=STYLED_ITEM('',(#1186),#1187);
#340=STYLED_ITEM('',(#1188),#1189);
#341=STYLED_ITEM('',(#1190),#1191);
#342=STYLED_ITEM('',(#1192),#1193);
#343=STYLED_ITEM('',(#1194),#1195);
#344=STYLED_ITEM('',(#1196),#1197);
#345=STYLED_ITEM('',(#1198),#1199);
#346=STYLED_ITEM('',(#1200),#1201);
#347=STYLED_ITEM('',(#1202),#1203);
#348=STYLED_ITEM('',(#1204),#1205);
#349=STYLED_ITEM('',(#1206),#1207);
#350=STYLED_ITEM('',(#1208),#1209);
#351=STYLED_ITEM('',(#1210),#1211);
#352=STYLED_ITEM('',(#1212),#1213);
#353=STYLED_ITEM('',(#1214),#1215);
#354=STYLED_ITEM('',(#1216),#1217);
#355=STYLED_ITEM('',(#1218),#1219);
#356=STYLED_ITEM('',(#1220),#1221);
#357=STYLED_ITEM('',(#1222),#1223);
#358=STYLED_ITEM('',(#1224),#1225);
#359=STYLED_ITEM('',(#1226),#1227);
#360=STYLED_ITEM('',(#1228),#1229);
#361=STYLED_ITEM('',(#1230),#1231);
#362=STYLED_ITEM('',(#1232),#1233);
#363=STYLED_ITEM('',(#1234),#1235);
#364=STYLED_ITEM('',(#1236),#1237);
#365=STYLED_ITEM('',(#1238),#1239);
#366=STYLED_ITEM('',(#1240),#1241);
#367=STYLED_ITEM('',(#1242),#1243);
#368=STYLED_ITEM('',(#1244),#1245);
#369=STYLED_ITEM('',(#1246),#1247);
#370=STYLED_ITEM('',(#1248),#1249);
#371=STYLED_ITEM('',(#1250),#1251);
#372=STYLED_ITEM('',(#1252),#1253);
#373=STYLED_ITEM('',(#1254),#1255);
#374=STYLED_ITEM('',(#1256),#1257);
#375=STYLED_ITEM('',(#1258),#1259);
#376=STYLED_ITEM('',(#1260),#1261);
#377=STYLED_ITEM('',(#1262),#1263);
#378=STYLED_ITEM('',(#1264),#1265);
#379=STYLED_ITEM('',(#1266),#1267);
#380=STYLED_ITEM('',(#1268),#1269);
#381=STYLED_ITEM('',(#1270),#1271);
#382=STYLED_ITEM('',(#1272),#1273);
#383=STYLED_ITEM('',(#1274),#1275);
#384=STYLED_ITEM('',(#1276),#1277);
#385=STYLED_ITEM('',(#1278),#1279);
#386=STYLED_ITEM('',(#1280),#1281);
#387=STYLED_ITEM('',(#1282),#1283);
#388=STYLED_ITEM('',(#1284),#1285);
#389=STYLED_ITEM('',(#1286),#1287);
#390=STYLED_ITEM('',(#1288),#1289);
#391=STYLED_ITEM('',(#1290),#1291);
#392=STYLED_ITEM('',(#1292),#1293);
#393=STYLED_ITEM('',(#1294),#1295);
#394=STYLED_ITEM('',(#1296),#1297);
#395=STYLED_ITEM('',(#1298),#1299);
#396=STYLED_ITEM('',(#1300),#1301);
#397=STYLED_ITEM('',(#1302),#1303);
#398=STYLED_ITEM('',(#1304),#1305);
#399=STYLED_ITEM('',(#1306),#1307);
#400=STYLED_ITEM('',(#1308),#1309);
#401=STYLED_ITEM('',(#1310),#1311);
#402=STYLED_ITEM('',(#1312),#1313);
#403=STYLED_ITEM('',(#1314),#1315);
#404=STYLED_ITEM('',(#1316),#1317);
#405=STYLED_ITEM('',(#1318),#1319);
#406=STYLED_ITEM('',(#1320),#1321);
#407=STYLED_ITEM('',(#1322),#1323);
#408=STYLED_ITEM('',(#1324),#1325);
#409=STYLED_ITEM('',(#1326),#1327);
#410=STYLED_ITEM('',(#1328),#1329);
#411=STYLED_ITEM('',(#1330),#1331);
#412=STYLED_ITEM('',(#1332),#1333);
#413=STYLED_ITEM('',(#1334),#1335);
#414=STYLED_ITEM('',(#1336),#1337);
#415=STYLED_ITEM('',(#1338),#1339);
#416=STYLED_ITEM('',(#1340),#1341);
#417=STYLED_ITEM('',(#1342),#1343);
#418=STYLED_ITEM('',(#1344),#1345);
#419=STYLED_ITEM('',(#1346),#1347);
#420=STYLED_ITEM('',(#1348),#1349);
#421=STYLED_ITEM('',(#1350),#1351);
#422=STYLED_ITEM('',(#1352),#1353);
#423=STYLED_ITEM('',(#1354),#1355);
#424=STYLED_ITEM('',(#1356),#1357);
#425=STYLED_ITEM('',(#1358),#1359);
#426=STYLED_ITEM('',(#1360),#1361);
#427=STYLED_ITEM('',(#1362),#1363);
#428=STYLED_ITEM('',(#1364),#1365);
#429=STYLED_ITEM('',(#1366),#1367);
#430=STYLED_ITEM('',(#1368),#1369);
#431=STYLED_ITEM('',(#1370),#1371);
#432=STYLED_ITEM('',(#1372),#1373);
#433=STYLED_ITEM('',(#1374),#1375);
#434=STYLED_ITEM('',(#1376),#1377);
#435=STYLED_ITEM('',(#1378),#1379);
#436=STYLED_ITEM('',(#1380),#1381);
#437=STYLED_ITEM('',(#1382),#1383);
#438=STYLED_ITEM('',(#1384),#1385);
#439=STYLED_ITEM('',(#1386),#1387);
#440=STYLED_ITEM('',(#1388),#1389);
#441=STYLED_ITEM('',(#1390),#1391);
#442=STYLED_ITEM('',(#1392),#1393);
#443=STYLED_ITEM('',(#1394),#1395);
#444=STYLED_ITEM('',(#1396),#1397);
#445=STYLED_ITEM('',(#1398),#1399);
#446=STYLED_ITEM('',(#1400),#1401);
#447=STYLED_ITEM('',(#1402),#1403);
#448=STYLED_ITEM('',(#1404),#1405);
#449=STYLED_ITEM('',(#1406),#1407);
#450=STYLED_ITEM('',(#1408),#1409);
#451=STYLED_ITEM('',(#1410),#1411);
#452=STYLED_ITEM('',(#1412),#1413);
#453=STYLED_ITEM('',(#1414),#1415);
#454=STYLED_ITEM('',(#1416),#1417);
#455=STYLED_ITEM('',(#1418),#1419);
#456=STYLED_ITEM('',(#1420),#1421);
#457=STYLED_ITEM('',(#1422),#1423);
#458=STYLED_ITEM('',(#1424),#1425);
#459=STYLED_ITEM('',(#1426),#1427);
#460=STYLED_ITEM('',(#1428),#1429);
#461=STYLED_ITEM('',(#1430),#1431);
#462=STYLED_ITEM('',(#1432),#1433);
#463=STYLED_ITEM('',(#1434),#1435);
#464=STYLED_ITEM('',(#1436),#1437);
#465=STYLED_ITEM('',(#1438),#1439);
#466=STYLED_ITEM('',(#1440),#1441);
#467=STYLED_ITEM('',(#1442),#1443);
#468=STYLED_ITEM('',(#1444),#1445);
#469=STYLED_ITEM('',(#1446),#1447);
#470=STYLED_ITEM('',(#1448),#1449);
#471=STYLED_ITEM('',(#1450),#1451);
#472=STYLED_ITEM('',(#1452),#1453);
#473=STYLED_ITEM('',(#1454),#1455);
#474=STYLED_ITEM('',(#1456),#1457);
#475=STYLED_ITEM('',(#1458),#1459);
#476=STYLED_ITEM('',(#1460),#1461);
#477=STYLED_ITEM('',(#1462),#1463);
#478=STYLED_ITEM('',(#1464),#1465);
#479=STYLED_ITEM('',(#1466),#1467);
#480=STYLED_ITEM('',(#1468),#1469);
#481=STYLED_ITEM('',(#1470),#1471);
#482=STYLED_ITEM('',(#1472),#1473);
#483=STYLED_ITEM('',(#1474),#1475);
#484=STYLED_ITEM('',(#1476),#1477);
#485=STYLED_ITEM('',(#1478),#1479);
#486=STYLED_ITEM('',(#1480),#1481);
#487=STYLED_ITEM('',(#1482),#1483);
#488=STYLED_ITEM('',(#1484),#1485);
#489=STYLED_ITEM('',(#1486),#1487);
#490=STYLED_ITEM('',(#1488),#1489);
#491=STYLED_ITEM('',(#1490),#1491);
#492=STYLED_ITEM('',(#1492),#1493);
#493=STYLED_ITEM('',(#1494),#1495);
#494=STYLED_ITEM('',(#1496),#1497);
#495=STYLED_ITEM('',(#1498),#1499);
#496=STYLED_ITEM('',(#1500),#1501);
#497=STYLED_ITEM('',(#1502),#1503);
#498=STYLED_ITEM('',(#1504),#1505);
#499=STYLED_ITEM('',(#1506),#1507);
#500=STYLED_ITEM('',(#1508),#1509);
#501=STYLED_ITEM('',(#1510),#1511);
#502=STYLED_ITEM('',(#1512),#1513);
#503=STYLED_ITEM('',(#1514),#1515);
#504=STYLED_ITEM('',(#1516),#1517);
#505=STYLED_ITEM('',(#1518),#1519);
#506=STYLED_ITEM('',(#1520),#1521);
#507=STYLED_ITEM('',(#1522),#1523);
#508=STYLED_ITEM('',(#1524),#1525);
#509=STYLED_ITEM('',(#1526),#1527);
#510=STYLED_ITEM('',(#1528),#1529);
#511=STYLED_ITEM('',(#1530),#1531);
#512=STYLED_ITEM('',(#1532),#1533);
#513=STYLED_ITEM('',(#1534),#1535);
#514=STYLED_ITEM('',(#1536),#1537);
#515=STYLED_ITEM('',(#1538),#1539);
#516=STYLED_ITEM('',(#1540),#1541);
#517=STYLED_ITEM('',(#1542),#1543);
#518=STYLED_ITEM('',(#1544),#1545);
#519=STYLED_ITEM('',(#1546),#1547);
#520=STYLED_ITEM('',(#1548),#1549);
#521=STYLED_ITEM('',(#1550),#1551);
#522=STYLED_ITEM('',(#1552),#1553);
#523=APPLICATION_CONTEXT('managed model based 3d engineering');
#524=PRODUCT_CATEGORY('part','NONE');
#525=PRODUCT_RELATED_PRODUCT_CATEGORY('detail',' ',(#1554));
#526=PRODUCT_DEFINITION_SHAPE('NONE','NONE',#1555);
#527=ADVANCED_BREP_SHAPE_REPRESENTATION('1337009_1',(#593,#1556),#14);
#528=ADVANCED_BREP_SHAPE_REPRESENTATION('1337009_2',(#679,#1557),#14);
#529=ADVANCED_BREP_SHAPE_REPRESENTATION('1337009_3',(#765,#1558),#14);
#530=ADVANCED_BREP_SHAPE_REPRESENTATION('1337009_4',(#1159,#1559),#14);
#531=ADVANCED_BREP_SHAPE_REPRESENTATION('1337009_5',(#1245,#1560),#14);
#532=ADVANCED_BREP_SHAPE_REPRESENTATION('1337009_6',(#1331,#1561),#14);
#533=ADVANCED_BREP_SHAPE_REPRESENTATION('1337009_7',(#1417,#1562),#14);
#534=ADVANCED_BREP_SHAPE_REPRESENTATION('1337009_8',(#1467,#1563),#14);
#535=ADVANCED_BREP_SHAPE_REPRESENTATION('1337009_9',(#1553,#1564),#14);
#538=UNCERTAINTY_MEASURE_WITH_UNIT(LENGTH_MEASURE(1.0E-06),#540,'','');
#540= (CONVERSION_BASED_UNIT('MILLIMETRE',#1567)LENGTH_UNIT()NAMED_UNIT(#1570));
#541= (NAMED_UNIT(#1572)PLANE_ANGLE_UNIT()SI_UNIT($,.RADIAN.));
#542= (NAMED_UNIT(#1572)SOLID_ANGLE_UNIT()SI_UNIT($,.STERADIAN.));
#544=PRESENTATION_STYLE_ASSIGNMENT((#1578));
#545=ADVANCED_FACE('',(#1579),#1580,.T.);
#546=PRESENTATION_STYLE_ASSIGNMENT((#1581));
#547=ADVANCED_FACE('',(#1582),#1583,.F.);
#548=PRESENTATION_STYLE_ASSIGNMENT((#1584));
#549=ADVANCED_FACE('',(#1585),#1586,.T.);
#550=PRESENTATION_STYLE_ASSIGNMENT((#1587));
#551=ADVANCED_FACE('',(#1588),#1589,.T.);
#552=PRESENTATION_STYLE_ASSIGNMENT((#1590));
#553=ADVANCED_FACE('',(#1591),#1592,.T.);
#554=PRESENTATION_STYLE_ASSIGNMENT((#1593));
#555=ADVANCED_FACE('',(#1594),#1595,.T.);
#556=PRESENTATION_STYLE_ASSIGNMENT((#1596));
#557=ADVANCED_FACE('',(#1597),#1598,.T.);
#558=PRESENTATION_STYLE_ASSIGNMENT((#1599));
#559=ADVANCED_FACE('',(#1600),#1601,.T.);
#560=PRESENTATION_STYLE_ASSIGNMENT((#1602));
#561=ADVANCED_FACE('',(#1603),#1604,.F.);
#562=PRESENTATION_STYLE_ASSIGNMENT((#1605));
#563=ADVANCED_FACE('',(#1606),#1607,.F.);
#564=PRESENTATION_STYLE_ASSIGNMENT((#1608));
#565=ADVANCED_FACE('',(#1609),#1610,.T.);
#566=PRESENTATION_STYLE_ASSIGNMENT((#1611));
#567=ADVANCED_FACE('',(#1612),#1613,.F.);
#568=PRESENTATION_STYLE_ASSIGNMENT((#1614));
#569=ADVANCED_FACE('',(#1615),#1616,.F.);
#570=PRESENTATION_STYLE_ASSIGNMENT((#1617));
#571=ADVANCED_FACE('',(#1618),#1619,.T.);
#572=PRESENTATION_STYLE_ASSIGNMENT((#1620));
#573=ADVANCED_FACE('',(#1621),#1622,.T.);
#574=PRESENTATION_STYLE_ASSIGNMENT((#1623));
#575=ADVANCED_FACE('',(#1624),#1625,.T.);
#576=PRESENTATION_STYLE_ASSIGNMENT((#1626));
#577=ADVANCED_FACE('',(#1627),#1628,.T.);
#578=PRESENTATION_STYLE_ASSIGNMENT((#1629));
#579=ADVANCED_FACE('',(#1630),#1631,.T.);
#580=PRESENTATION_STYLE_ASSIGNMENT((#1632));
#581=ADVANCED_FACE('',(#1633),#1634,.T.);
#582=PRESENTATION_STYLE_ASSIGNMENT((#1635));
#583=ADVANCED_FACE('',(#1636),#1637,.F.);
#584=PRESENTATION_STYLE_ASSIGNMENT((#1638));
#585=ADVANCED_FACE('',(#1639),#1640,.F.);
#586=PRESENTATION_STYLE_ASSIGNMENT((#1641));
#587=ADVANCED_FACE('',(#1642),#1643,.T.);
#588=PRESENTATION_STYLE_ASSIGNMENT((#1644));
#589=ADVANCED_FACE('',(#1645),#1646,.F.);
#590=PRESENTATION_STYLE_ASSIGNMENT((#1647));
#591=ADVANCED_FACE('',(#1648),#1649,.T.);
#592=PRESENTATION_STYLE_ASSIGNMENT((#1650));
#593=MANIFOLD_SOLID_BREP('1337009_1',#1651);
#594=PRESENTATION_STYLE_ASSIGNMENT((#1652));
#595=ADVANCED_FACE('',(#1653),#1654,.T.);
#596=PRESENTATION_STYLE_ASSIGNMENT((#1655));
#597=ADVANCED_FACE('',(#1656),#1657,.T.);
#598=PRESENTATION_STYLE_ASSIGNMENT((#1658));
#599=ADVANCED_FACE('',(#1659),#1660,.T.);
#600=PRESENTATION_STYLE_ASSIGNMENT((#1661));
#601=ADVANCED_FACE('',(#1662),#1663,.T.);
#602=PRESENTATION_STYLE_ASSIGNMENT((#1664));
#603=ADVANCED_FACE('',(#1665),#1666,.T.);
#604=PRESENTATION_STYLE_ASSIGNMENT((#1667));
#605=ADVANCED_FACE('',(#1668),#1669,.T.);
#606=PRESENTATION_STYLE_ASSIGNMENT((#1670));
#607=ADVANCED_FACE('',(#1671),#1672,.T.);
#608=PRESENTATION_STYLE_ASSIGNMENT((#1673));
#609=ADVANCED_FACE('',(#1674),#1675,.F.);
#610=PRESENTATION_STYLE_ASSIGNMENT((#1676));
#611=ADVANCED_FACE('',(#1677),#1678,.F.);
#612=PRESENTATION_STYLE_ASSIGNMENT((#1679));
#613=ADVANCED_FACE('',(#1680),#1681,.F.);
#614=PRESENTATION_STYLE_ASSIGNMENT((#1682));
#615=ADVANCED_FACE('',(#1683),#1684,.T.);
#616=PRESENTATION_STYLE_ASSIGNMENT((#1685));
#617=ADVANCED_FACE('',(#1686),#1687,.T.);
#618=PRESENTATION_STYLE_ASSIGNMENT((#1688));
#619=ADVANCED_FACE('',(#1689),#1690,.T.);
#620=PRESENTATION_STYLE_ASSIGNMENT((#1691));
#621=ADVANCED_FACE('',(#1692),#1693,.F.);
#622=PRESENTATION_STYLE_ASSIGNMENT((#1694));
#623=ADVANCED_FACE('',(#1695),#1696,.F.);
#624=PRESENTATION_STYLE_ASSIGNMENT((#1697));
#625=ADVANCED_FACE('',(#1698),#1699,.T.);
#626=PRESENTATION_STYLE_ASSIGNMENT((#1700));
#627=ADVANCED_FACE('',(#1701),#1702,.F.);
#628=PRESENTATION_STYLE_ASSIGNMENT((#1703));
#629=ADVANCED_FACE('',(#1704),#1705,.T.);
#630=PRESENTATION_STYLE_ASSIGNMENT((#1706));
#631=ADVANCED_FACE('',(#1707),#1708,.T.);
#632=PRESENTATION_STYLE_ASSIGNMENT((#1709));
#633=ADVANCED_FACE('',(#1710),#1711,.T.);
#634=PRESENTATION_STYLE_ASSIGNMENT((#1712));
#635=ADVANCED_FACE('',(#1713),#1714,.T.);
#636=PRESENTATION_STYLE_ASSIGNMENT((#1715));
#637=ADVANCED_FACE('',(#1716),#1717,.T.);
#638=PRESENTATION_STYLE_ASSIGNMENT((#1718));
#639=ADVANCED_FACE('',(#1719),#1720,.T.);
#640=PRESENTATION_STYLE_ASSIGNMENT((#1721));
#641=ADVANCED_FACE('',(#1722),#1723,.T.);
#642=PRESENTATION_STYLE_ASSIGNMENT((#1724));
#643=ADVANCED_FACE('',(#1725),#1726,.F.);
#644=PRESENTATION_STYLE_ASSIGNMENT((#1727));
#645=ADVANCED_FACE('',(#1728),#1729,.F.);
#646=PRESENTATION_STYLE_ASSIGNMENT((#1730));
#647=ADVANCED_FACE('',(#1731),#1732,.T.);
#648=PRESENTATION_STYLE_ASSIGNMENT((#1733));
#649=ADVANCED_FACE('',(#1734),#1735,.T.);
#650=PRESENTATION_STYLE_ASSIGNMENT((#1736));
#651=ADVANCED_FACE('',(#1737),#1738,.F.);
#652=PRESENTATION_STYLE_ASSIGNMENT((#1739));
#653=ADVANCED_FACE('',(#1740),#1741,.T.);
#654=PRESENTATION_STYLE_ASSIGNMENT((#1742));
#655=ADVANCED_FACE('',(#1743),#1744,.F.);
#656=PRESENTATION_STYLE_ASSIGNMENT((#1745));
#657=ADVANCED_FACE('',(#1746),#1747,.T.);
#658=PRESENTATION_STYLE_ASSIGNMENT((#1748));
#659=ADVANCED_FACE('',(#1749),#1750,.T.);
#660=PRESENTATION_STYLE_ASSIGNMENT((#1751));
#661=ADVANCED_FACE('',(#1752),#1753,.T.);
#662=PRESENTATION_STYLE_ASSIGNMENT((#1754));
#663=ADVANCED_FACE('',(#1755),#1756,.F.);
#664=PRESENTATION_STYLE_ASSIGNMENT((#1757));
#665=ADVANCED_FACE('',(#1758),#1759,.F.);
#666=PRESENTATION_STYLE_ASSIGNMENT((#1760));
#667=ADVANCED_FACE('',(#1761),#1762,.F.);
#668=PRESENTATION_STYLE_ASSIGNMENT((#1763));
#669=ADVANCED_FACE('',(#1764),#1765,.T.);
#670=PRESENTATION_STYLE_ASSIGNMENT((#1766));
#671=ADVANCED_FACE('',(#1767),#1768,.F.);
#672=PRESENTATION_STYLE_ASSIGNMENT((#1769));
#673=ADVANCED_FACE('',(#1770),#1771,.F.);
#674=PRESENTATION_STYLE_ASSIGNMENT((#1772));
#675=ADVANCED_FACE('',(#1773),#1774,.T.);
#676=PRESENTATION_STYLE_ASSIGNMENT((#1775));
#677=ADVANCED_FACE('',(#1776),#1777,.T.);
#678=PRESENTATION_STYLE_ASSIGNMENT((#1778));
#679=MANIFOLD_SOLID_BREP('1337009_2',#1779);
#680=PRESENTATION_STYLE_ASSIGNMENT((#1780));
#681=ADVANCED_FACE('',(#1781),#1782,.T.);
#682=PRESENTATION_STYLE_ASSIGNMENT((#1783));
#683=ADVANCED_FACE('',(#1784),#1785,.T.);
#684=PRESENTATION_STYLE_ASSIGNMENT((#1786));
#685=ADVANCED_FACE('',(#1787),#1788,.T.);
#686=PRESENTATION_STYLE_ASSIGNMENT((#1789));
#687=ADVANCED_FACE('',(#1790),#1791,.T.);
#688=PRESENTATION_STYLE_ASSIGNMENT((#1792));
#689=ADVANCED_FACE('',(#1793),#1794,.T.);
#690=PRESENTATION_STYLE_ASSIGNMENT((#1795));
#691=ADVANCED_FACE('',(#1796),#1797,.T.);
#692=PRESENTATION_STYLE_ASSIGNMENT((#1798));
#693=ADVANCED_FACE('',(#1799),#1800,.T.);
#694=PRESENTATION_STYLE_ASSIGNMENT((#1801));
#695=ADVANCED_FACE('',(#1802),#1803,.F.);
#696=PRESENTATION_STYLE_ASSIGNMENT((#1804));
#697=ADVANCED_FACE('',(#1805),#1806,.F.);
#698=PRESENTATION_STYLE_ASSIGNMENT((#1807));
#699=ADVANCED_FACE('',(#1808),#1809,.F.);
#700=PRESENTATION_STYLE_ASSIGNMENT((#1810));
#701=ADVANCED_FACE('',(#1811),#1812,.T.);
#702=PRESENTATION_STYLE_ASSIGNMENT((#1813));
#703=ADVANCED_FACE('',(#1814),#1815,.T.);
#704=PRESENTATION_STYLE_ASSIGNMENT((#1816));
#705=ADVANCED_FACE('',(#1817),#1818,.T.);
#706=PRESENTATION_STYLE_ASSIGNMENT((#1819));
#707=ADVANCED_FACE('',(#1820),#1821,.F.);
#708=PRESENTATION_STYLE_ASSIGNMENT((#1822));
#709=ADVANCED_FACE('',(#1823),#1824,.F.);
#710=PRESENTATION_STYLE_ASSIGNMENT((#1825));
#711=ADVANCED_FACE('',(#1826),#1827,.T.);
#712=PRESENTATION_STYLE_ASSIGNMENT((#1828));
#713=ADVANCED_FACE('',(#1829),#1830,.F.);
#714=PRESENTATION_STYLE_ASSIGNMENT((#1831));
#715=ADVANCED_FACE('',(#1832),#1833,.T.);
#716=PRESENTATION_STYLE_ASSIGNMENT((#1834));
#717=ADVANCED_FACE('',(#1835),#1836,.T.);
#718=PRESENTATION_STYLE_ASSIGNMENT((#1837));
#719=ADVANCED_FACE('',(#1838),#1839,.T.);
#720=PRESENTATION_STYLE_ASSIGNMENT((#1840));
#721=ADVANCED_FACE('',(#1841),#1842,.T.);
#722=PRESENTATION_STYLE_ASSIGNMENT((#1843));
#723=ADVANCED_FACE('',(#1844),#1845,.T.);
#724=PRESENTATION_STYLE_ASSIGNMENT((#1846));
#725=ADVANCED_FACE('',(#1847),#1848,.T.);
#726=PRESENTATION_STYLE_ASSIGNMENT((#1849));
#727=ADVANCED_FACE('',(#1850),#1851,.T.);
#728=PRESENTATION_STYLE_ASSIGNMENT((#1852));
#729=ADVANCED_FACE('',(#1853),#1854,.F.);
#730=PRESENTATION_STYLE_ASSIGNMENT((#1855));
#731=ADVANCED_FACE('',(#1856),#1857,.F.);
#732=PRESENTATION_STYLE_ASSIGNMENT((#1858));
#733=ADVANCED_FACE('',(#1859),#1860,.T.);
#734=PRESENTATION_STYLE_ASSIGNMENT((#1861));
#735=ADVANCED_FACE('',(#1862),#1863,.T.);
#736=PRESENTATION_STYLE_ASSIGNMENT((#1864));
#737=ADVANCED_FACE('',(#1865),#1866,.F.);
#738=PRESENTATION_STYLE_ASSIGNMENT((#1867));
#739=ADVANCED_FACE('',(#1868),#1869,.T.);
#740=PRESENTATION_STYLE_ASSIGNMENT((#1870));
#741=ADVANCED_FACE('',(#1871),#1872,.F.);
#742=PRESENTATION_STYLE_ASSIGNMENT((#1873));
#743=ADVANCED_FACE('',(#1874),#1875,.T.);
#744=PRESENTATION_STYLE_ASSIGNMENT((#1876));
#745=ADVANCED_FACE('',(#1877),#1878,.T.);
#746=PRESENTATION_STYLE_ASSIGNMENT((#1879));
#747=ADVANCED_FACE('',(#1880),#1881,.T.);
#748=PRESENTATION_STYLE_ASSIGNMENT((#1882));
#749=ADVANCED_FACE('',(#1883),#1884,.F.);
#750=PRESENTATION_STYLE_ASSIGNMENT((#1885));
#751=ADVANCED_FACE('',(#1886),#1887,.F.);
#752=PRESENTATION_STYLE_ASSIGNMENT((#1888));
#753=ADVANCED_FACE('',(#1889),#1890,.F.);
#754=PRESENTATION_STYLE_ASSIGNMENT((#1891));
#755=ADVANCED_FACE('',(#1892),#1893,.T.);
#756=PRESENTATION_STYLE_ASSIGNMENT((#1894));
#757=ADVANCED_FACE('',(#1895),#1896,.F.);
#758=PRESENTATION_STYLE_ASSIGNMENT((#1897));
#759=ADVANCED_FACE('',(#1898),#1899,.F.);
#760=PRESENTATION_STYLE_ASSIGNMENT((#1900));
#761=ADVANCED_FACE('',(#1901),#1902,.T.);
#762=PRESENTATION_STYLE_ASSIGNMENT((#1903));
#763=ADVANCED_FACE('',(#1904),#1905,.T.);
#764=PRESENTATION_STYLE_ASSIGNMENT((#1906));
#765=MANIFOLD_SOLID_BREP('1337009_3',#1907);
#766=PRESENTATION_STYLE_ASSIGNMENT((#1908));
#767=ADVANCED_FACE('',(#1909),#1910,.T.);
#768=PRESENTATION_STYLE_ASSIGNMENT((#1911));
#769=ADVANCED_FACE('',(#1912),#1913,.T.);
#770=PRESENTATION_STYLE_ASSIGNMENT((#1914));
#771=ADVANCED_FACE('',(#1915),#1916,.F.);
#772=PRESENTATION_STYLE_ASSIGNMENT((#1917));
#773=ADVANCED_FACE('',(#1918),#1919,.T.);
#774=PRESENTATION_STYLE_ASSIGNMENT((#1920));
#775=ADVANCED_FACE('',(#1921),#1922,.T.);
#776=PRESENTATION_STYLE_ASSIGNMENT((#1923));
#777=ADVANCED_FACE('',(#1924),#1925,.F.);
#778=PRESENTATION_STYLE_ASSIGNMENT((#1926));
#779=ADVANCED_FACE('',(#1927),#1928,.F.);
#780=PRESENTATION_STYLE_ASSIGNMENT((#1929));
#781=ADVANCED_FACE('',(#1930),#1931,.F.);
#782=PRESENTATION_STYLE_ASSIGNMENT((#1932));
#783=ADVANCED_FACE('',(#1933),#1934,.F.);
#784=PRESENTATION_STYLE_ASSIGNMENT((#1935));
#785=ADVANCED_FACE('',(#1936),#1937,.T.);
#786=PRESENTATION_STYLE_ASSIGNMENT((#1938));
#787=ADVANCED_FACE('',(#1939),#1940,.T.);
#788=PRESENTATION_STYLE_ASSIGNMENT((#1941));
#789=ADVANCED_FACE('',(#1942),#1943,.T.);
#790=PRESENTATION_STYLE_ASSIGNMENT((#1944));
#791=ADVANCED_FACE('',(#1945),#1946,.T.);
#792=PRESENTATION_STYLE_ASSIGNMENT((#1947));
#793=ADVANCED_FACE('',(#1948),#1949,.T.);
#794=PRESENTATION_STYLE_ASSIGNMENT((#1950));
#795=ADVANCED_FACE('',(#1951),#1952,.T.);
#796=PRESENTATION_STYLE_ASSIGNMENT((#1953));
#797=ADVANCED_FACE('',(#1954),#1955,.T.);
#798=PRESENTATION_STYLE_ASSIGNMENT((#1956));
#799=ADVANCED_FACE('',(#1957),#1958,.T.);
#800=PRESENTATION_STYLE_ASSIGNMENT((#1959));
#801=ADVANCED_FACE('',(#1960),#1961,.T.);
#802=PRESENTATION_STYLE_ASSIGNMENT((#1962));
#803=ADVANCED_FACE('',(#1963),#1964,.T.);
#804=PRESENTATION_STYLE_ASSIGNMENT((#1965));
#805=ADVANCED_FACE('',(#1966),#1967,.T.);
#806=PRESENTATION_STYLE_ASSIGNMENT((#1968));
#807=ADVANCED_FACE('',(#1969),#1970,.T.);
#808=PRESENTATION_STYLE_ASSIGNMENT((#1971));
#809=ADVANCED_FACE('',(#1972),#1973,.T.);
#810=PRESENTATION_STYLE_ASSIGNMENT((#1974));
#811=ADVANCED_FACE('',(#1975),#1976,.T.);
#812=PRESENTATION_STYLE_ASSIGNMENT((#1977));
#813=ADVANCED_FACE('',(#1978),#1979,.T.);
#814=PRESENTATION_STYLE_ASSIGNMENT((#1980));
#815=ADVANCED_FACE('',(#1981),#1982,.T.);
#816=PRESENTATION_STYLE_ASSIGNMENT((#1983));
#817=ADVANCED_FACE('',(#1984),#1985,.T.);
#818=PRESENTATION_STYLE_ASSIGNMENT((#1986));
#819=ADVANCED_FACE('',(#1987),#1988,.F.);
#820=PRESENTATION_STYLE_ASSIGNMENT((#1989));
#821=ADVANCED_FACE('',(#1990,#1991),#1992,.F.);
#822=PRESENTATION_STYLE_ASSIGNMENT((#1993));
#823=ADVANCED_FACE('',(#1994),#1995,.F.);
#824=PRESENTATION_STYLE_ASSIGNMENT((#1996));
#825=ADVANCED_FACE('',(#1997),#1998,.F.);
#826=PRESENTATION_STYLE_ASSIGNMENT((#1999));
#827=ADVANCED_FACE('',(#2000),#2001,.T.);
#828=PRESENTATION_STYLE_ASSIGNMENT((#2002));
#829=ADVANCED_FACE('',(#2003),#2004,.T.);
#830=PRESENTATION_STYLE_ASSIGNMENT((#2005));
#831=ADVANCED_FACE('',(#2006),#2007,.F.);
#832=PRESENTATION_STYLE_ASSIGNMENT((#2008));
#833=ADVANCED_FACE('',(#2009),#2010,.F.);
#834=PRESENTATION_STYLE_ASSIGNMENT((#2011));
#835=ADVANCED_FACE('',(#2012),#2013,.F.);
#836=PRESENTATION_STYLE_ASSIGNMENT((#2014));
#837=ADVANCED_FACE('',(#2015),#2016,.F.);
#838=PRESENTATION_STYLE_ASSIGNMENT((#2017));
#839=ADVANCED_FACE('',(#2018),#2019,.F.);
#840=PRESENTATION_STYLE_ASSIGNMENT((#2020));
#841=ADVANCED_FACE('',(#2021),#2022,.F.);
#842=PRESENTATION_STYLE_ASSIGNMENT((#2023));
#843=ADVANCED_FACE('',(#2024),#2025,.F.);
#844=PRESENTATION_STYLE_ASSIGNMENT((#2026));
#845=ADVANCED_FACE('',(#2027),#2028,.F.);
#846=PRESENTATION_STYLE_ASSIGNMENT((#2029));
#847=ADVANCED_FACE('',(#2030),#2031,.F.);
#848=PRESENTATION_STYLE_ASSIGNMENT((#2032));
#849=ADVANCED_FACE('',(#2033),#2034,.F.);
#850=PRESENTATION_STYLE_ASSIGNMENT((#2035));
#851=ADVANCED_FACE('',(#2036),#2037,.F.);
#852=PRESENTATION_STYLE_ASSIGNMENT((#2038));
#853=ADVANCED_FACE('',(#2039,#2040),#2041,.F.);
#854=PRESENTATION_STYLE_ASSIGNMENT((#2042));
#855=ADVANCED_FACE('',(#2043),#2044,.F.);
#856=PRESENTATION_STYLE_ASSIGNMENT((#2045));
#857=ADVANCED_FACE('',(#2046),#2047,.F.);
#858=PRESENTATION_STYLE_ASSIGNMENT((#2048));
#859=ADVANCED_FACE('',(#2049),#2050,.T.);
#860=PRESENTATION_STYLE_ASSIGNMENT((#2051));
#861=ADVANCED_FACE('',(#2052),#2053,.T.);
#862=PRESENTATION_STYLE_ASSIGNMENT((#2054));
#863=ADVANCED_FACE('',(#2055),#2056,.F.);
#864=PRESENTATION_STYLE_ASSIGNMENT((#2057));
#865=ADVANCED_FACE('',(#2058),#2059,.F.);
#866=PRESENTATION_STYLE_ASSIGNMENT((#2060));
#867=ADVANCED_FACE('',(#2061),#2062,.F.);
#868=PRESENTATION_STYLE_ASSIGNMENT((#2063));
#869=ADVANCED_FACE('',(#2064),#2065,.T.);
#870=PRESENTATION_STYLE_ASSIGNMENT((#2066));
#871=ADVANCED_FACE('',(#2067),#2068,.F.);
#872=PRESENTATION_STYLE_ASSIGNMENT((#2069));
#873=ADVANCED_FACE('',(#2070),#2071,.T.);
#874=PRESENTATION_STYLE_ASSIGNMENT((#2072));
#875=ADVANCED_FACE('',(#2073),#2074,.F.);
#876=PRESENTATION_STYLE_ASSIGNMENT((#2075));
#877=ADVANCED_FACE('',(#2076),#2077,.F.);
#878=PRESENTATION_STYLE_ASSIGNMENT((#2078));
#879=ADVANCED_FACE('',(#2079),#2080,.F.);
#880=PRESENTATION_STYLE_ASSIGNMENT((#2081));
#881=ADVANCED_FACE('',(#2082,#2083),#2084,.F.);
#882=PRESENTATION_STYLE_ASSIGNMENT((#2085));
#883=ADVANCED_FACE('',(#2086),#2087,.T.);
#884=PRESENTATION_STYLE_ASSIGNMENT((#2088));
#885=ADVANCED_FACE('',(#2089),#2090,.T.);
#886=PRESENTATION_STYLE_ASSIGNMENT((#2091));
#887=ADVANCED_FACE('',(#2092),#2093,.F.);
#888=PRESENTATION_STYLE_ASSIGNMENT((#2094));
#889=ADVANCED_FACE('',(#2095),#2096,.T.);
#890=PRESENTATION_STYLE_ASSIGNMENT((#2097));
#891=ADVANCED_FACE('',(#2098),#2099,.T.);
#892=PRESENTATION_STYLE_ASSIGNMENT((#2100));
#893=ADVANCED_FACE('',(#2101),#2102,.T.);
#894=PRESENTATION_STYLE_ASSIGNMENT((#2103));
#895=ADVANCED_FACE('',(#2104),#2105,.T.);
#896=PRESENTATION_STYLE_ASSIGNMENT((#2106));
#897=ADVANCED_FACE('',(#2107),#2108,.F.);
#898=PRESENTATION_STYLE_ASSIGNMENT((#2109));
#899=ADVANCED_FACE('',(#2110),#2111,.T.);
#900=PRESENTATION_STYLE_ASSIGNMENT((#2112));
#901=ADVANCED_FACE('',(#2113),#2114,.F.);
#902=PRESENTATION_STYLE_ASSIGNMENT((#2115));
#903=ADVANCED_FACE('',(#2116),#2117,.F.);
#904=PRESENTATION_STYLE_ASSIGNMENT((#2118));
#905=ADVANCED_FACE('',(#2119),#2120,.T.);
#906=PRESENTATION_STYLE_ASSIGNMENT((#2121));
#907=ADVANCED_FACE('',(#2122),#2123,.F.);
#908=PRESENTATION_STYLE_ASSIGNMENT((#2124));
#909=ADVANCED_FACE('',(#2125),#2126,.T.);
#910=PRESENTATION_STYLE_ASSIGNMENT((#2127));
#911=ADVANCED_FACE('',(#2128),#2129,.F.);
#912=PRESENTATION_STYLE_ASSIGNMENT((#2130));
#913=ADVANCED_FACE('',(#2131),#2132,.F.);
#914=PRESENTATION_STYLE_ASSIGNMENT((#2133));
#915=ADVANCED_FACE('',(#2134),#2135,.T.);
#916=PRESENTATION_STYLE_ASSIGNMENT((#2136));
#917=ADVANCED_FACE('',(#2137),#2138,.F.);
#918=PRESENTATION_STYLE_ASSIGNMENT((#2139));
#919=ADVANCED_FACE('',(#2140),#2141,.F.);
#920=PRESENTATION_STYLE_ASSIGNMENT((#2142));
#921=ADVANCED_FACE('',(#2143),#2144,.F.);
#922=PRESENTATION_STYLE_ASSIGNMENT((#2145));
#923=ADVANCED_FACE('',(#2146),#2147,.F.);
#924=PRESENTATION_STYLE_ASSIGNMENT((#2148));
#925=ADVANCED_FACE('',(#2149),#2150,.F.);
#926=PRESENTATION_STYLE_ASSIGNMENT((#2151));
#927=ADVANCED_FACE('',(#2152),#2153,.T.);
#928=PRESENTATION_STYLE_ASSIGNMENT((#2154));
#929=ADVANCED_FACE('',(#2155),#2156,.F.);
#930=PRESENTATION_STYLE_ASSIGNMENT((#2157));
#931=ADVANCED_FACE('',(#2158),#2159,.T.);
#932=PRESENTATION_STYLE_ASSIGNMENT((#2160));
#933=ADVANCED_FACE('',(#2161),#2162,.F.);
#934=PRESENTATION_STYLE_ASSIGNMENT((#2163));
#935=ADVANCED_FACE('',(#2164),#2165,.F.);
#936=PRESENTATION_STYLE_ASSIGNMENT((#2166));
#937=ADVANCED_FACE('',(#2167,#2168),#2169,.F.);
#938=PRESENTATION_STYLE_ASSIGNMENT((#2170));
#939=ADVANCED_FACE('',(#2171),#2172,.F.);
#940=PRESENTATION_STYLE_ASSIGNMENT((#2173));
#941=ADVANCED_FACE('',(#2174),#2175,.F.);
#942=PRESENTATION_STYLE_ASSIGNMENT((#2176));
#943=ADVANCED_FACE('',(#2177),#2178,.F.);
#944=PRESENTATION_STYLE_ASSIGNMENT((#2179));
#945=ADVANCED_FACE('',(#2180),#2181,.T.);
#946=PRESENTATION_STYLE_ASSIGNMENT((#2182));
#947=ADVANCED_FACE('',(#2183),#2184,.F.);
#948=PRESENTATION_STYLE_ASSIGNMENT((#2185));
#949=ADVANCED_FACE('',(#2186),#2187,.F.);
#950=PRESENTATION_STYLE_ASSIGNMENT((#2188));
#951=ADVANCED_FACE('',(#2189),#2190,.T.);
#952=PRESENTATION_STYLE_ASSIGNMENT((#2191));
#953=ADVANCED_FACE('',(#2192),#2193,.T.);
#954=PRESENTATION_STYLE_ASSIGNMENT((#2194));
#955=ADVANCED_FACE('',(#2195),#2196,.F.);
#956=PRESENTATION_STYLE_ASSIGNMENT((#2197));
#957=ADVANCED_FACE('',(#2198),#2199,.T.);
#958=PRESENTATION_STYLE_ASSIGNMENT((#2200));
#959=ADVANCED_FACE('',(#2201),#2202,.F.);
#960=PRESENTATION_STYLE_ASSIGNMENT((#2203));
#961=ADVANCED_FACE('',(#2204),#2205,.F.);
#962=PRESENTATION_STYLE_ASSIGNMENT((#2206));
#963=ADVANCED_FACE('',(#2207),#2208,.F.);
#964=PRESENTATION_STYLE_ASSIGNMENT((#2209));
#965=ADVANCED_FACE('',(#2210),#2211,.F.);
#966=PRESENTATION_STYLE_ASSIGNMENT((#2212));
#967=ADVANCED_FACE('',(#2213),#2214,.F.);
#968=PRESENTATION_STYLE_ASSIGNMENT((#2215));
#969=ADVANCED_FACE('',(#2216),#2217,.F.);
#970=PRESENTATION_STYLE_ASSIGNMENT((#2218));
#971=ADVANCED_FACE('',(#2219),#2220,.F.);
#972=PRESENTATION_STYLE_ASSIGNMENT((#2221));
#973=ADVANCED_FACE('',(#2222),#2223,.F.);
#974=PRESENTATION_STYLE_ASSIGNMENT((#2224));
#975=ADVANCED_FACE('',(#2225),#2226,.F.);
#976=PRESENTATION_STYLE_ASSIGNMENT((#2227));
#977=ADVANCED_FACE('',(#2228),#2229,.F.);
#978=PRESENTATION_STYLE_ASSIGNMENT((#2230));
#979=ADVANCED_FACE('',(#2231),#2232,.F.);
#980=PRESENTATION_STYLE_ASSIGNMENT((#2233));
#981=ADVANCED_FACE('',(#2234),#2235,.F.);
#982=PRESENTATION_STYLE_ASSIGNMENT((#2236));
#983=ADVANCED_FACE('',(#2237),#2238,.T.);
#984=PRESENTATION_STYLE_ASSIGNMENT((#2239));
#985=ADVANCED_FACE('',(#2240),#2241,.F.);
#986=PRESENTATION_STYLE_ASSIGNMENT((#2242));
#987=ADVANCED_FACE('',(#2243),#2244,.F.);
#988=PRESENTATION_STYLE_ASSIGNMENT((#2245));
#989=ADVANCED_FACE('',(#2246),#2247,.F.);
#990=PRESENTATION_STYLE_ASSIGNMENT((#2248));
#991=ADVANCED_FACE('',(#2249),#2250,.F.);
#992=PRESENTATION_STYLE_ASSIGNMENT((#2251));
#993=ADVANCED_FACE('',(#2252),#2253,.F.);
#994=PRESENTATION_STYLE_ASSIGNMENT((#2254));
#995=ADVANCED_FACE('',(#2255),#2256,.F.);
#996=PRESENTATION_STYLE_ASSIGNMENT((#2257));
#997=ADVANCED_FACE('',(#2258,#2259),#2260,.T.);
#998=PRESENTATION_STYLE_ASSIGNMENT((#2261));
#999=ADVANCED_FACE('',(#2262),#2263,.T.);
#1000=PRESENTATION_STYLE_ASSIGNMENT((#2264));
#1001=ADVANCED_FACE('',(#2265),#2266,.F.);
#1002=PRESENTATION_STYLE_ASSIGNMENT((#2267));
#1003=ADVANCED_FACE('',(#2268),#2269,.F.);
#1004=PRESENTATION_STYLE_ASSIGNMENT((#2270));
#1005=ADVANCED_FACE('',(#2271),#2272,.F.);
#1006=PRESENTATION_STYLE_ASSIGNMENT((#2273));
#1007=ADVANCED_FACE('',(#2274,#2275,#2276,#2277),#2278,.F.);
#1008=PRESENTATION_STYLE_ASSIGNMENT((#2279));
#1009=ADVANCED_FACE('',(#2280),#2281,.F.);
#1010=PRESENTATION_STYLE_ASSIGNMENT((#2282));
#1011=ADVANCED_FACE('',(#2283),#2284,.T.);
#1012=PRESENTATION_STYLE_ASSIGNMENT((#2285));
#1013=ADVANCED_FACE('',(#2286,#2287,#2288),#2289,.T.);
#1014=PRESENTATION_STYLE_ASSIGNMENT((#2290));
#1015=ADVANCED_FACE('',(#2291),#2292,.F.);
#1016=PRESENTATION_STYLE_ASSIGNMENT((#2293));
#1017=ADVANCED_FACE('',(#2294),#2295,.F.);
#1018=PRESENTATION_STYLE_ASSIGNMENT((#2296));
#1019=ADVANCED_FACE('',(#2297),#2298,.F.);
#1020=PRESENTATION_STYLE_ASSIGNMENT((#2299));
#1021=ADVANCED_FACE('',(#2300),#2301,.F.);
#1022=PRESENTATION_STYLE_ASSIGNMENT((#2302));
#1023=ADVANCED_FACE('',(#2303,#2304),#2305,.F.);
#1024=PRESENTATION_STYLE_ASSIGNMENT((#2306));
#1025=ADVANCED_FACE('',(#2307),#2308,.F.);
#1026=PRESENTATION_STYLE_ASSIGNMENT((#2309));
#1027=ADVANCED_FACE('',(#2310),#2311,.F.);
#1028=PRESENTATION_STYLE_ASSIGNMENT((#2312));
#1029=ADVANCED_FACE('',(#2313),#2314,.F.);
#1030=PRESENTATION_STYLE_ASSIGNMENT((#2315));
#1031=ADVANCED_FACE('',(#2316),#2317,.F.);
#1032=PRESENTATION_STYLE_ASSIGNMENT((#2318));
#1033=ADVANCED_FACE('',(#2319,#2320,#2321,#2322,#2323,#2324,#2325),#2326,.T.);
#1034=PRESENTATION_STYLE_ASSIGNMENT((#2327));
#1035=ADVANCED_FACE('',(#2328),#2329,.F.);
#1036=PRESENTATION_STYLE_ASSIGNMENT((#2330));
#1037=ADVANCED_FACE('',(#2331),#2332,.F.);
#1038=PRESENTATION_STYLE_ASSIGNMENT((#2333));
#1039=ADVANCED_FACE('',(#2334),#2335,.F.);
#1040=PRESENTATION_STYLE_ASSIGNMENT((#2336));
#1041=ADVANCED_FACE('',(#2337),#2338,.F.);
#1042=PRESENTATION_STYLE_ASSIGNMENT((#2339));
#1043=ADVANCED_FACE('',(#2340),#2341,.F.);
#1044=PRESENTATION_STYLE_ASSIGNMENT((#2342));
#1045=ADVANCED_FACE('',(#2343),#2344,.F.);
#1046=PRESENTATION_STYLE_ASSIGNMENT((#2345));
#1047=ADVANCED_FACE('',(#2346,#2347),#2348,.F.);
#1048=PRESENTATION_STYLE_ASSIGNMENT((#2349));
#1049=ADVANCED_FACE('',(#2350),#2351,.F.);
#1050=PRESENTATION_STYLE_ASSIGNMENT((#2352));
#1051=ADVANCED_FACE('',(#2353),#2354,.F.);
#1052=PRESENTATION_STYLE_ASSIGNMENT((#2355));
#1053=ADVANCED_FACE('',(#2356),#2357,.F.);
#1054=PRESENTATION_STYLE_ASSIGNMENT((#2358));
#1055=ADVANCED_FACE('',(#2359,#2360),#2361,.F.);
#1056=PRESENTATION_STYLE_ASSIGNMENT((#2362));
#1057=ADVANCED_FACE('',(#2363),#2364,.T.);
#1058=PRESENTATION_STYLE_ASSIGNMENT((#2365));
#1059=ADVANCED_FACE('',(#2366),#2367,.T.);
#1060=PRESENTATION_STYLE_ASSIGNMENT((#2368));
#1061=ADVANCED_FACE('',(#2369),#2370,.T.);
#1062=PRESENTATION_STYLE_ASSIGNMENT((#2371));
#1063=ADVANCED_FACE('',(#2372),#2373,.F.);
#1064=PRESENTATION_STYLE_ASSIGNMENT((#2374));
#1065=ADVANCED_FACE('',(#2375),#2376,.F.);
#1066=PRESENTATION_STYLE_ASSIGNMENT((#2377));
#1067=ADVANCED_FACE('',(#2378),#2379,.F.);
#1068=PRESENTATION_STYLE_ASSIGNMENT((#2380));
#1069=ADVANCED_FACE('',(#2381),#2382,.T.);
#1070=PRESENTATION_STYLE_ASSIGNMENT((#2383));
#1071=ADVANCED_FACE('',(#2384),#2385,.F.);
#1072=PRESENTATION_STYLE_ASSIGNMENT((#2386));
#1073=ADVANCED_FACE('',(#2387),#2388,.F.);
#1074=PRESENTATION_STYLE_ASSIGNMENT((#2389));
#1075=ADVANCED_FACE('',(#2390),#2391,.F.);
#1076=PRESENTATION_STYLE_ASSIGNMENT((#2392));
#1077=ADVANCED_FACE('',(#2393),#2394,.F.);
#1078=PRESENTATION_STYLE_ASSIGNMENT((#2395));
#1079=ADVANCED_FACE('',(#2396),#2397,.T.);
#1080=PRESENTATION_STYLE_ASSIGNMENT((#2398));
#1081=ADVANCED_FACE('',(#2399),#2400,.F.);
#1082=PRESENTATION_STYLE_ASSIGNMENT((#2401));
#1083=ADVANCED_FACE('',(#2402),#2403,.F.);
#1084=PRESENTATION_STYLE_ASSIGNMENT((#2404));
#1085=ADVANCED_FACE('',(#2405),#2406,.T.);
#1086=PRESENTATION_STYLE_ASSIGNMENT((#2407));
#1087=ADVANCED_FACE('',(#2408),#2409,.F.);
#1088=PRESENTATION_STYLE_ASSIGNMENT((#2410));
#1089=ADVANCED_FACE('',(#2411),#2412,.F.);
#1090=PRESENTATION_STYLE_ASSIGNMENT((#2413));
#1091=ADVANCED_FACE('',(#2414),#2415,.F.);
#1092=PRESENTATION_STYLE_ASSIGNMENT((#2416));
#1093=ADVANCED_FACE('',(#2417),#2418,.T.);
#1094=PRESENTATION_STYLE_ASSIGNMENT((#2419));
#1095=ADVANCED_FACE('',(#2420),#2421,.F.);
#1096=PRESENTATION_STYLE_ASSIGNMENT((#2422));
#1097=ADVANCED_FACE('',(#2423),#2424,.F.);
#1098=PRESENTATION_STYLE_ASSIGNMENT((#2425));
#1099=ADVANCED_FACE('',(#2426),#2427,.F.);
#1100=PRESENTATION_STYLE_ASSIGNMENT((#2428));
#1101=ADVANCED_FACE('',(#2429),#2430,.T.);
#1102=PRESENTATION_STYLE_ASSIGNMENT((#2431));
#1103=ADVANCED_FACE('',(#2432),#2433,.F.);
#1104=PRESENTATION_STYLE_ASSIGNMENT((#2434));
#1105=ADVANCED_FACE('',(#2435),#2436,.F.);
#1106=PRESENTATION_STYLE_ASSIGNMENT((#2437));
#1107=ADVANCED_FACE('',(#2438),#2439,.F.);
#1108=PRESENTATION_STYLE_ASSIGNMENT((#2440));
#1109=ADVANCED_FACE('',(#2441,#2442),#2443,.F.);
#1110=PRESENTATION_STYLE_ASSIGNMENT((#2444));
#1111=ADVANCED_FACE('',(#2445),#2446,.F.);
#1112=PRESENTATION_STYLE_ASSIGNMENT((#2447));
#1113=ADVANCED_FACE('',(#2448),#2449,.F.);
#1114=PRESENTATION_STYLE_ASSIGNMENT((#2450));
#1115=ADVANCED_FACE('',(#2451),#2452,.F.);
#1116=PRESENTATION_STYLE_ASSIGNMENT((#2453));
#1117=ADVANCED_FACE('',(#2454),#2455,.F.);
#1118=PRESENTATION_STYLE_ASSIGNMENT((#2456));
#1119=ADVANCED_FACE('',(#2457),#2458,.F.);
#1120=PRESENTATION_STYLE_ASSIGNMENT((#2459));
#1121=ADVANCED_FACE('',(#2460),#2461,.F.);
#1122=PRESENTATION_STYLE_ASSIGNMENT((#2462));
#1123=ADVANCED_FACE('',(#2463),#2464,.F.);
#1124=PRESENTATION_STYLE_ASSIGNMENT((#2465));
#1125=ADVANCED_FACE('',(#2466),#2467,.F.);
#1126=PRESENTATION_STYLE_ASSIGNMENT((#2468));
#1127=ADVANCED_FACE('',(#2469),#2470,.F.);
#1128=PRESENTATION_STYLE_ASSIGNMENT((#2471));
#1129=ADVANCED_FACE('',(#2472),#2473,.F.);
#1130=PRESENTATION_STYLE_ASSIGNMENT((#2474));
#1131=ADVANCED_FACE('',(#2475),#2476,.F.);
#1132=PRESENTATION_STYLE_ASSIGNMENT((#2477));
#1133=ADVANCED_FACE('',(#2478),#2479,.F.);
#1134=PRESENTATION_STYLE_ASSIGNMENT((#2480));
#1135=ADVANCED_FACE('',(#2481),#2482,.F.);
#1136=PRESENTATION_STYLE_ASSIGNMENT((#2483));
#1137=ADVANCED_FACE('',(#2484),#2485,.F.);
#1138=PRESENTATION_STYLE_ASSIGNMENT((#2486));
#1139=ADVANCED_FACE('',(#2487),#2488,.F.);
#1140=PRESENTATION_STYLE_ASSIGNMENT((#2489));
#1141=ADVANCED_FACE('',(#2490),#2491,.F.);
#1142=PRESENTATION_STYLE_ASSIGNMENT((#2492));
#1143=ADVANCED_FACE('',(#2493),#2494,.F.);
#1144=PRESENTATION_STYLE_ASSIGNMENT((#2495));
#1145=ADVANCED_FACE('',(#2496),#2497,.T.);
#1146=PRESENTATION_STYLE_ASSIGNMENT((#2498));
#1147=ADVANCED_FACE('',(#2499),#2500,.T.);
#1148=PRESENTATION_STYLE_ASSIGNMENT((#2501));
#1149=ADVANCED_FACE('',(#2502),#2503,.T.);
#1150=PRESENTATION_STYLE_ASSIGNMENT((#2504));
#1151=ADVANCED_FACE('',(#2505),#2506,.T.);
#1152=PRESENTATION_STYLE_ASSIGNMENT((#2507));
#1153=ADVANCED_FACE('',(#2508),#2509,.T.);
#1154=PRESENTATION_STYLE_ASSIGNMENT((#2510));
#1155=ADVANCED_FACE('',(#2511),#2512,.T.);
#1156=PRESENTATION_STYLE_ASSIGNMENT((#2513));
#1157=ADVANCED_FACE('',(#2514),#2515,.T.);
#1158=PRESENTATION_STYLE_ASSIGNMENT((#2516));
#1159=MANIFOLD_SOLID_BREP('1337009_4',#2517);
#1160=PRESENTATION_STYLE_ASSIGNMENT((#2518));
#1161=ADVANCED_FACE('',(#2519),#2520,.T.);
#1162=PRESENTATION_STYLE_ASSIGNMENT((#2521));
#1163=ADVANCED_FACE('',(#2522),#2523,.T.);
#1164=PRESENTATION_STYLE_ASSIGNMENT((#2524));
#1165=ADVANCED_FACE('',(#2525),#2526,.T.);
#1166=PRESENTATION_STYLE_ASSIGNMENT((#2527));
#1167=ADVANCED_FACE('',(#2528),#2529,.T.);
#1168=PRESENTATION_STYLE_ASSIGNMENT((#2530));
#1169=ADVANCED_FACE('',(#2531),#2532,.T.);
#1170=PRESENTATION_STYLE_ASSIGNMENT((#2533));
#1171=ADVANCED_FACE('',(#2534),#2535,.T.);
#1172=PRESENTATION_STYLE_ASSIGNMENT((#2536));
#1173=ADVANCED_FACE('',(#2537),#2538,.F.);
#1174=PRESENTATION_STYLE_ASSIGNMENT((#2539));
#1175=ADVANCED_FACE('',(#2540),#2541,.T.);
#1176=PRESENTATION_STYLE_ASSIGNMENT((#2542));
#1177=ADVANCED_FACE('',(#2543),#2544,.F.);
#1178=PRESENTATION_STYLE_ASSIGNMENT((#2545));
#1179=ADVANCED_FACE('',(#2546),#2547,.T.);
#1180=PRESENTATION_STYLE_ASSIGNMENT((#2548));
#1181=ADVANCED_FACE('',(#2549),#2550,.T.);
#1182=PRESENTATION_STYLE_ASSIGNMENT((#2551));
#1183=ADVANCED_FACE('',(#2552),#2553,.F.);
#1184=PRESENTATION_STYLE_ASSIGNMENT((#2554));
#1185=ADVANCED_FACE('',(#2555),#2556,.T.);
#1186=PRESENTATION_STYLE_ASSIGNMENT((#2557));
#1187=ADVANCED_FACE('',(#2558),#2559,.T.);
#1188=PRESENTATION_STYLE_ASSIGNMENT((#2560));
#1189=ADVANCED_FACE('',(#2561),#2562,.T.);
#1190=PRESENTATION_STYLE_ASSIGNMENT((#2563));
#1191=ADVANCED_FACE('',(#2564),#2565,.T.);
#1192=PRESENTATION_STYLE_ASSIGNMENT((#2566));
#1193=ADVANCED_FACE('',(#2567),#2568,.T.);
#1194=PRESENTATION_STYLE_ASSIGNMENT((#2569));
#1195=ADVANCED_FACE('',(#2570),#2571,.T.);
#1196=PRESENTATION_STYLE_ASSIGNMENT((#2572));
#1197=ADVANCED_FACE('',(#2573),#2574,.F.);
#1198=PRESENTATION_STYLE_ASSIGNMENT((#2575));
#1199=ADVANCED_FACE('',(#2576),#2577,.T.);
#1200=PRESENTATION_STYLE_ASSIGNMENT((#2578));
#1201=ADVANCED_FACE('',(#2579),#2580,.F.);
#1202=PRESENTATION_STYLE_ASSIGNMENT((#2581));
#1203=ADVANCED_FACE('',(#2582),#2583,.T.);
#1204=PRESENTATION_STYLE_ASSIGNMENT((#2584));
#1205=ADVANCED_FACE('',(#2585),#2586,.T.);
#1206=PRESENTATION_STYLE_ASSIGNMENT((#2587));
#1207=ADVANCED_FACE('',(#2588),#2589,.T.);
#1208=PRESENTATION_STYLE_ASSIGNMENT((#2590));
#1209=ADVANCED_FACE('',(#2591),#2592,.T.);
#1210=PRESENTATION_STYLE_ASSIGNMENT((#2593));
#1211=ADVANCED_FACE('',(#2594),#2595,.T.);
#1212=PRESENTATION_STYLE_ASSIGNMENT((#2596));
#1213=ADVANCED_FACE('',(#2597),#2598,.F.);
#1214=PRESENTATION_STYLE_ASSIGNMENT((#2599));
#1215=ADVANCED_FACE('',(#2600),#2601,.F.);
#1216=PRESENTATION_STYLE_ASSIGNMENT((#2602));
#1217=ADVANCED_FACE('',(#2603),#2604,.F.);
#1218=PRESENTATION_STYLE_ASSIGNMENT((#2605));
#1219=ADVANCED_FACE('',(#2606),#2607,.T.);
#1220=PRESENTATION_STYLE_ASSIGNMENT((#2608));
#1221=ADVANCED_FACE('',(#2609),#2610,.F.);
#1222=PRESENTATION_STYLE_ASSIGNMENT((#2611));
#1223=ADVANCED_FACE('',(#2612),#2613,.F.);
#1224=PRESENTATION_STYLE_ASSIGNMENT((#2614));
#1225=ADVANCED_FACE('',(#2615),#2616,.T.);
#1226=PRESENTATION_STYLE_ASSIGNMENT((#2617));
#1227=ADVANCED_FACE('',(#2618),#2619,.F.);
#1228=PRESENTATION_STYLE_ASSIGNMENT((#2620));
#1229=ADVANCED_FACE('',(#2621),#2622,.F.);
#1230=PRESENTATION_STYLE_ASSIGNMENT((#2623));
#1231=ADVANCED_FACE('',(#2624),#2625,.F.);
#1232=PRESENTATION_STYLE_ASSIGNMENT((#2626));
#1233=ADVANCED_FACE('',(#2627),#2628,.F.);
#1234=PRESENTATION_STYLE_ASSIGNMENT((#2629));
#1235=ADVANCED_FACE('',(#2630),#2631,.F.);
#1236=PRESENTATION_STYLE_ASSIGNMENT((#2632));
#1237=ADVANCED_FACE('',(#2633),#2634,.T.);
#1238=PRESENTATION_STYLE_ASSIGNMENT((#2635));
#1239=ADVANCED_FACE('',(#2636),#2637,.T.);
#1240=PRESENTATION_STYLE_ASSIGNMENT((#2638));
#1241=ADVANCED_FACE('',(#2639),#2640,.F.);
#1242=PRESENTATION_STYLE_ASSIGNMENT((#2641));
#1243=ADVANCED_FACE('',(#2642),#2643,.T.);
#1244=PRESENTATION_STYLE_ASSIGNMENT((#2644));
#1245=MANIFOLD_SOLID_BREP('1337009_5',#2645);
#1246=PRESENTATION_STYLE_ASSIGNMENT((#2646));
#1247=ADVANCED_FACE('',(#2647),#2648,.T.);
#1248=PRESENTATION_STYLE_ASSIGNMENT((#2649));
#1249=ADVANCED_FACE('',(#2650),#2651,.T.);
#1250=PRESENTATION_STYLE_ASSIGNMENT((#2652));
#1251=ADVANCED_FACE('',(#2653),#2654,.T.);
#1252=PRESENTATION_STYLE_ASSIGNMENT((#2655));
#1253=ADVANCED_FACE('',(#2656),#2657,.T.);
#1254=PRESENTATION_STYLE_ASSIGNMENT((#2658));
#1255=ADVANCED_FACE('',(#2659),#2660,.T.);
#1256=PRESENTATION_STYLE_ASSIGNMENT((#2661));
#1257=ADVANCED_FACE('',(#2662),#2663,.T.);
#1258=PRESENTATION_STYLE_ASSIGNMENT((#2664));
#1259=ADVANCED_FACE('',(#2665),#2666,.F.);
#1260=PRESENTATION_STYLE_ASSIGNMENT((#2667));
#1261=ADVANCED_FACE('',(#2668),#2669,.T.);
#1262=PRESENTATION_STYLE_ASSIGNMENT((#2670));
#1263=ADVANCED_FACE('',(#2671),#2672,.F.);
#1264=PRESENTATION_STYLE_ASSIGNMENT((#2673));
#1265=ADVANCED_FACE('',(#2674),#2675,.T.);
#1266=PRESENTATION_STYLE_ASSIGNMENT((#2676));
#1267=ADVANCED_FACE('',(#2677),#2678,.T.);
#1268=PRESENTATION_STYLE_ASSIGNMENT((#2679));
#1269=ADVANCED_FACE('',(#2680),#2681,.F.);
#1270=PRESENTATION_STYLE_ASSIGNMENT((#2682));
#1271=ADVANCED_FACE('',(#2683),#2684,.T.);
#1272=PRESENTATION_STYLE_ASSIGNMENT((#2685));
#1273=ADVANCED_FACE('',(#2686),#2687,.T.);
#1274=PRESENTATION_STYLE_ASSIGNMENT((#2688));
#1275=ADVANCED_FACE('',(#2689),#2690,.T.);
#1276=PRESENTATION_STYLE_ASSIGNMENT((#2691));
#1277=ADVANCED_FACE('',(#2692),#2693,.T.);
#1278=PRESENTATION_STYLE_ASSIGNMENT((#2694));
#1279=ADVANCED_FACE('',(#2695),#2696,.T.);
#1280=PRESENTATION_STYLE_ASSIGNMENT((#2697));
#1281=ADVANCED_FACE('',(#2698),#2699,.T.);
#1282=PRESENTATION_STYLE_ASSIGNMENT((#2700));
#1283=ADVANCED_FACE('',(#2701),#2702,.F.);
#1284=PRESENTATION_STYLE_ASSIGNMENT((#2703));
#1285=ADVANCED_FACE('',(#2704),#2705,.T.);
#1286=PRESENTATION_STYLE_ASSIGNMENT((#2706));
#1287=ADVANCED_FACE('',(#2707),#2708,.F.);
#1288=PRESENTATION_STYLE_ASSIGNMENT((#2709));
#1289=ADVANCED_FACE('',(#2710),#2711,.T.);
#1290=PRESENTATION_STYLE_ASSIGNMENT((#2712));
#1291=ADVANCED_FACE('',(#2713),#2714,.T.);
#1292=PRESENTATION_STYLE_ASSIGNMENT((#2715));
#1293=ADVANCED_FACE('',(#2716),#2717,.T.);
#1294=PRESENTATION_STYLE_ASSIGNMENT((#2718));
#1295=ADVANCED_FACE('',(#2719),#2720,.T.);
#1296=PRESENTATION_STYLE_ASSIGNMENT((#2721));
#1297=ADVANCED_FACE('',(#2722),#2723,.T.);
#1298=PRESENTATION_STYLE_ASSIGNMENT((#2724));
#1299=ADVANCED_FACE('',(#2725),#2726,.F.);
#1300=PRESENTATION_STYLE_ASSIGNMENT((#2727));
#1301=ADVANCED_FACE('',(#2728),#2729,.F.);
#1302=PRESENTATION_STYLE_ASSIGNMENT((#2730));
#1303=ADVANCED_FACE('',(#2731),#2732,.F.);
#1304=PRESENTATION_STYLE_ASSIGNMENT((#2733));
#1305=ADVANCED_FACE('',(#2734),#2735,.T.);
#1306=PRESENTATION_STYLE_ASSIGNMENT((#2736));
#1307=ADVANCED_FACE('',(#2737),#2738,.F.);
#1308=PRESENTATION_STYLE_ASSIGNMENT((#2739));
#1309=ADVANCED_FACE('',(#2740),#2741,.F.);
#1310=PRESENTATION_STYLE_ASSIGNMENT((#2742));
#1311=ADVANCED_FACE('',(#2743),#2744,.T.);
#1312=PRESENTATION_STYLE_ASSIGNMENT((#2745));
#1313=ADVANCED_FACE('',(#2746),#2747,.F.);
#1314=PRESENTATION_STYLE_ASSIGNMENT((#2748));
#1315=ADVANCED_FACE('',(#2749),#2750,.F.);
#1316=PRESENTATION_STYLE_ASSIGNMENT((#2751));
#1317=ADVANCED_FACE('',(#2752),#2753,.F.);
#1318=PRESENTATION_STYLE_ASSIGNMENT((#2754));
#1319=ADVANCED_FACE('',(#2755),#2756,.F.);
#1320=PRESENTATION_STYLE_ASSIGNMENT((#2757));
#1321=ADVANCED_FACE('',(#2758),#2759,.F.);
#1322=PRESENTATION_STYLE_ASSIGNMENT((#2760));
#1323=ADVANCED_FACE('',(#2761),#2762,.T.);
#1324=PRESENTATION_STYLE_ASSIGNMENT((#2763));
#1325=ADVANCED_FACE('',(#2764),#2765,.T.);
#1326=PRESENTATION_STYLE_ASSIGNMENT((#2766));
#1327=ADVANCED_FACE('',(#2767),#2768,.F.);
#1328=PRESENTATION_STYLE_ASSIGNMENT((#2769));
#1329=ADVANCED_FACE('',(#2770),#2771,.T.);
#1330=PRESENTATION_STYLE_ASSIGNMENT((#2772));
#1331=MANIFOLD_SOLID_BREP('1337009_6',#2773);
#1332=PRESENTATION_STYLE_ASSIGNMENT((#2774));
#1333=ADVANCED_FACE('',(#2775),#2776,.T.);
#1334=PRESENTATION_STYLE_ASSIGNMENT((#2777));
#1335=ADVANCED_FACE('',(#2778),#2779,.T.);
#1336=PRESENTATION_STYLE_ASSIGNMENT((#2780));
#1337=ADVANCED_FACE('',(#2781),#2782,.T.);
#1338=PRESENTATION_STYLE_ASSIGNMENT((#2783));
#1339=ADVANCED_FACE('',(#2784),#2785,.T.);
#1340=PRESENTATION_STYLE_ASSIGNMENT((#2786));
#1341=ADVANCED_FACE('',(#2787),#2788,.T.);
#1342=PRESENTATION_STYLE_ASSIGNMENT((#2789));
#1343=ADVANCED_FACE('',(#2790),#2791,.T.);
#1344=PRESENTATION_STYLE_ASSIGNMENT((#2792));
#1345=ADVANCED_FACE('',(#2793),#2794,.F.);
#1346=PRESENTATION_STYLE_ASSIGNMENT((#2795));
#1347=ADVANCED_FACE('',(#2796),#2797,.T.);
#1348=PRESENTATION_STYLE_ASSIGNMENT((#2798));
#1349=ADVANCED_FACE('',(#2799),#2800,.F.);
#1350=PRESENTATION_STYLE_ASSIGNMENT((#2801));
#1351=ADVANCED_FACE('',(#2802),#2803,.T.);
#1352=PRESENTATION_STYLE_ASSIGNMENT((#2804));
#1353=ADVANCED_FACE('',(#2805),#2806,.T.);
#1354=PRESENTATION_STYLE_ASSIGNMENT((#2807));
#1355=ADVANCED_FACE('',(#2808),#2809,.F.);
#1356=PRESENTATION_STYLE_ASSIGNMENT((#2810));
#1357=ADVANCED_FACE('',(#2811),#2812,.T.);
#1358=PRESENTATION_STYLE_ASSIGNMENT((#2813));
#1359=ADVANCED_FACE('',(#2814),#2815,.T.);
#1360=PRESENTATION_STYLE_ASSIGNMENT((#2816));
#1361=ADVANCED_FACE('',(#2817),#2818,.T.);
#1362=PRESENTATION_STYLE_ASSIGNMENT((#2819));
#1363=ADVANCED_FACE('',(#2820),#2821,.T.);
#1364=PRESENTATION_STYLE_ASSIGNMENT((#2822));
#1365=ADVANCED_FACE('',(#2823),#2824,.T.);
#1366=PRESENTATION_STYLE_ASSIGNMENT((#2825));
#1367=ADVANCED_FACE('',(#2826),#2827,.T.);
#1368=PRESENTATION_STYLE_ASSIGNMENT((#2828));
#1369=ADVANCED_FACE('',(#2829),#2830,.F.);
#1370=PRESENTATION_STYLE_ASSIGNMENT((#2831));
#1371=ADVANCED_FACE('',(#2832),#2833,.T.);
#1372=PRESENTATION_STYLE_ASSIGNMENT((#2834));
#1373=ADVANCED_FACE('',(#2835),#2836,.F.);
#1374=PRESENTATION_STYLE_ASSIGNMENT((#2837));
#1375=ADVANCED_FACE('',(#2838),#2839,.T.);
#1376=PRESENTATION_STYLE_ASSIGNMENT((#2840));
#1377=ADVANCED_FACE('',(#2841),#2842,.T.);
#1378=PRESENTATION_STYLE_ASSIGNMENT((#2843));
#1379=ADVANCED_FACE('',(#2844),#2845,.T.);
#1380=PRESENTATION_STYLE_ASSIGNMENT((#2846));
#1381=ADVANCED_FACE('',(#2847),#2848,.T.);
#1382=PRESENTATION_STYLE_ASSIGNMENT((#2849));
#1383=ADVANCED_FACE('',(#2850),#2851,.T.);
#1384=PRESENTATION_STYLE_ASSIGNMENT((#2852));
#1385=ADVANCED_FACE('',(#2853),#2854,.F.);
#1386=PRESENTATION_STYLE_ASSIGNMENT((#2855));
#1387=ADVANCED_FACE('',(#2856),#2857,.F.);
#1388=PRESENTATION_STYLE_ASSIGNMENT((#2858));
#1389=ADVANCED_FACE('',(#2859),#2860,.F.);
#1390=PRESENTATION_STYLE_ASSIGNMENT((#2861));
#1391=ADVANCED_FACE('',(#2862),#2863,.T.);
#1392=PRESENTATION_STYLE_ASSIGNMENT((#2864));
#1393=ADVANCED_FACE('',(#2865),#2866,.F.);
#1394=PRESENTATION_STYLE_ASSIGNMENT((#2867));
#1395=ADVANCED_FACE('',(#2868),#2869,.F.);
#1396=PRESENTATION_STYLE_ASSIGNMENT((#2870));
#1397=ADVANCED_FACE('',(#2871),#2872,.T.);
#1398=PRESENTATION_STYLE_ASSIGNMENT((#2873));
#1399=ADVANCED_FACE('',(#2874),#2875,.F.);
#1400=PRESENTATION_STYLE_ASSIGNMENT((#2876));
#1401=ADVANCED_FACE('',(#2877),#2878,.F.);
#1402=PRESENTATION_STYLE_ASSIGNMENT((#2879));
#1403=ADVANCED_FACE('',(#2880),#2881,.F.);
#1404=PRESENTATION_STYLE_ASSIGNMENT((#2882));
#1405=ADVANCED_FACE('',(#2883),#2884,.F.);
#1406=PRESENTATION_STYLE_ASSIGNMENT((#2885));
#1407=ADVANCED_FACE('',(#2886),#2887,.F.);
#1408=PRESENTATION_STYLE_ASSIGNMENT((#2888));
#1409=ADVANCED_FACE('',(#2889),#2890,.T.);
#1410=PRESENTATION_STYLE_ASSIGNMENT((#2891));
#1411=ADVANCED_FACE('',(#2892),#2893,.T.);
#1412=PRESENTATION_STYLE_ASSIGNMENT((#2894));
#1413=ADVANCED_FACE('',(#2895),#2896,.F.);
#1414=PRESENTATION_STYLE_ASSIGNMENT((#2897));
#1415=ADVANCED_FACE('',(#2898),#2899,.T.);
#1416=PRESENTATION_STYLE_ASSIGNMENT((#2900));
#1417=MANIFOLD_SOLID_BREP('1337009_7',#2901);
#1418=PRESENTATION_STYLE_ASSIGNMENT((#2902));
#1419=ADVANCED_FACE('',(#2903),#2904,.T.);
#1420=PRESENTATION_STYLE_ASSIGNMENT((#2905));
#1421=ADVANCED_FACE('',(#2906),#2907,.F.);
#1422=PRESENTATION_STYLE_ASSIGNMENT((#2908));
#1423=ADVANCED_FACE('',(#2909),#2910,.T.);
#1424=PRESENTATION_STYLE_ASSIGNMENT((#2911));
#1425=ADVANCED_FACE('',(#2912),#2913,.T.);
#1426=PRESENTATION_STYLE_ASSIGNMENT((#2914));
#1427=ADVANCED_FACE('',(#2915),#2916,.T.);
#1428=PRESENTATION_STYLE_ASSIGNMENT((#2917));
#1429=ADVANCED_FACE('',(#2918),#2919,.T.);
#1430=PRESENTATION_STYLE_ASSIGNMENT((#2920));
#1431=ADVANCED_FACE('',(#2921),#2922,.T.);
#1432=PRESENTATION_STYLE_ASSIGNMENT((#2923));
#1433=ADVANCED_FACE('',(#2924),#2925,.T.);
#1434=PRESENTATION_STYLE_ASSIGNMENT((#2926));
#1435=ADVANCED_FACE('',(#2927),#2928,.F.);
#1436=PRESENTATION_STYLE_ASSIGNMENT((#2929));
#1437=ADVANCED_FACE('',(#2930),#2931,.F.);
#1438=PRESENTATION_STYLE_ASSIGNMENT((#2932));
#1439=ADVANCED_FACE('',(#2933),#2934,.T.);
#1440=PRESENTATION_STYLE_ASSIGNMENT((#2935));
#1441=ADVANCED_FACE('',(#2936),#2937,.F.);
#1442=PRESENTATION_STYLE_ASSIGNMENT((#2938));
#1443=ADVANCED_FACE('',(#2939),#2940,.F.);
#1444=PRESENTATION_STYLE_ASSIGNMENT((#2941));
#1445=ADVANCED_FACE('',(#2942),#2943,.T.);
#1446=PRESENTATION_STYLE_ASSIGNMENT((#2944));
#1447=ADVANCED_FACE('',(#2945),#2946,.T.);
#1448=PRESENTATION_STYLE_ASSIGNMENT((#2947));
#1449=ADVANCED_FACE('',(#2948),#2949,.T.);
#1450=PRESENTATION_STYLE_ASSIGNMENT((#2950));
#1451=ADVANCED_FACE('',(#2951),#2952,.T.);
#1452=PRESENTATION_STYLE_ASSIGNMENT((#2953));
#1453=ADVANCED_FACE('',(#2954),#2955,.T.);
#1454=PRESENTATION_STYLE_ASSIGNMENT((#2956));
#1455=ADVANCED_FACE('',(#2957),#2958,.T.);
#1456=PRESENTATION_STYLE_ASSIGNMENT((#2959));
#1457=ADVANCED_FACE('',(#2960),#2961,.F.);
#1458=PRESENTATION_STYLE_ASSIGNMENT((#2962));
#1459=ADVANCED_FACE('',(#2963),#2964,.F.);
#1460=PRESENTATION_STYLE_ASSIGNMENT((#2965));
#1461=ADVANCED_FACE('',(#2966),#2967,.T.);
#1462=PRESENTATION_STYLE_ASSIGNMENT((#2968));
#1463=ADVANCED_FACE('',(#2969),#2970,.F.);
#1464=PRESENTATION_STYLE_ASSIGNMENT((#2971));
#1465=ADVANCED_FACE('',(#2972),#2973,.T.);
#1466=PRESENTATION_STYLE_ASSIGNMENT((#2974));
#1467=MANIFOLD_SOLID_BREP('1337009_8',#2975);
#1468=PRESENTATION_STYLE_ASSIGNMENT((#2976));
#1469=ADVANCED_FACE('',(#2977),#2978,.T.);
#1470=PRESENTATION_STYLE_ASSIGNMENT((#2979));
#1471=ADVANCED_FACE('',(#2980),#2981,.T.);
#1472=PRESENTATION_STYLE_ASSIGNMENT((#2982));
#1473=ADVANCED_FACE('',(#2983),#2984,.T.);
#1474=PRESENTATION_STYLE_ASSIGNMENT((#2985));
#1475=ADVANCED_FACE('',(#2986),#2987,.T.);
#1476=PRESENTATION_STYLE_ASSIGNMENT((#2988));
#1477=ADVANCED_FACE('',(#2989),#2990,.T.);
#1478=PRESENTATION_STYLE_ASSIGNMENT((#2991));
#1479=ADVANCED_FACE('',(#2992),#2993,.T.);
#1480=PRESENTATION_STYLE_ASSIGNMENT((#2994));
#1481=ADVANCED_FACE('',(#2995),#2996,.T.);
#1482=PRESENTATION_STYLE_ASSIGNMENT((#2997));
#1483=ADVANCED_FACE('',(#2998),#2999,.F.);
#1484=PRESENTATION_STYLE_ASSIGNMENT((#3000));
#1485=ADVANCED_FACE('',(#3001),#3002,.F.);
#1486=PRESENTATION_STYLE_ASSIGNMENT((#3003));
#1487=ADVANCED_FACE('',(#3004),#3005,.F.);
#1488=PRESENTATION_STYLE_ASSIGNMENT((#3006));
#1489=ADVANCED_FACE('',(#3007),#3008,.T.);
#1490=PRESENTATION_STYLE_ASSIGNMENT((#3009));
#1491=ADVANCED_FACE('',(#3010),#3011,.T.);
#1492=PRESENTATION_STYLE_ASSIGNMENT((#3012));
#1493=ADVANCED_FACE('',(#3013),#3014,.T.);
#1494=PRESENTATION_STYLE_ASSIGNMENT((#3015));
#1495=ADVANCED_FACE('',(#3016),#3017,.F.);
#1496=PRESENTATION_STYLE_ASSIGNMENT((#3018));
#1497=ADVANCED_FACE('',(#3019),#3020,.F.);
#1498=PRESENTATION_STYLE_ASSIGNMENT((#3021));
#1499=ADVANCED_FACE('',(#3022),#3023,.T.);
#1500=PRESENTATION_STYLE_ASSIGNMENT((#3024));
#1501=ADVANCED_FACE('',(#3025),#3026,.F.);
#1502=PRESENTATION_STYLE_ASSIGNMENT((#3027));
#1503=ADVANCED_FACE('',(#3028),#3029,.T.);
#1504=PRESENTATION_STYLE_ASSIGNMENT((#3030));
#1505=ADVANCED_FACE('',(#3031),#3032,.T.);
#1506=PRESENTATION_STYLE_ASSIGNMENT((#3033));
#1507=ADVANCED_FACE('',(#3034),#3035,.T.);
#1508=PRESENTATION_STYLE_ASSIGNMENT((#3036));
#1509=ADVANCED_FACE('',(#3037),#3038,.T.);
#1510=PRESENTATION_STYLE_ASSIGNMENT((#3039));
#1511=ADVANCED_FACE('',(#3040),#3041,.T.);
#1512=PRESENTATION_STYLE_ASSIGNMENT((#3042));
#1513=ADVANCED_FACE('',(#3043),#3044,.T.);
#1514=PRESENTATION_STYLE_ASSIGNMENT((#3045));
#1515=ADVANCED_FACE('',(#3046),#3047,.T.);
#1516=PRESENTATION_STYLE_ASSIGNMENT((#3048));
#1517=ADVANCED_FACE('',(#3049),#3050,.F.);
#1518=PRESENTATION_STYLE_ASSIGNMENT((#3051));
#1519=ADVANCED_FACE('',(#3052),#3053,.F.);
#1520=PRESENTATION_STYLE_ASSIGNMENT((#3054));
#1521=ADVANCED_FACE('',(#3055),#3056,.T.);
#1522=PRESENTATION_STYLE_ASSIGNMENT((#3057));
#1523=ADVANCED_FACE('',(#3058),#3059,.T.);
#1524=PRESENTATION_STYLE_ASSIGNMENT((#3060));
#1525=ADVANCED_FACE('',(#3061),#3062,.F.);
#1526=PRESENTATION_STYLE_ASSIGNMENT((#3063));
#1527=ADVANCED_FACE('',(#3064),#3065,.T.);
#1528=PRESENTATION_STYLE_ASSIGNMENT((#3066));
#1529=ADVANCED_FACE('',(#3067),#3068,.F.);
#1530=PRESENTATION_STYLE_ASSIGNMENT((#3069));
#1531=ADVANCED_FACE('',(#3070),#3071,.T.);
#1532=PRESENTATION_STYLE_ASSIGNMENT((#3072));
#1533=ADVANCED_FACE('',(#3073),#3074,.T.);
#1534=PRESENTATION_STYLE_ASSIGNMENT((#3075));
#1535=ADVANCED_FACE('',(#3076),#3077,.T.);
#1536=PRESENTATION_STYLE_ASSIGNMENT((#3078));
#1537=ADVANCED_FACE('',(#3079),#3080,.F.);
#1538=PRESENTATION_STYLE_ASSIGNMENT((#3081));
#1539=ADVANCED_FACE('',(#3082),#3083,.F.);
#1540=PRESENTATION_STYLE_ASSIGNMENT((#3084));
#1541=ADVANCED_FACE('',(#3085),#3086,.F.);
#1542=PRESENTATION_STYLE_ASSIGNMENT((#3087));
#1543=ADVANCED_FACE('',(#3088),#3089,.T.);
#1544=PRESENTATION_STYLE_ASSIGNMENT((#3090));
#1545=ADVANCED_FACE('',(#3091),#3092,.F.);
#1546=PRESENTATION_STYLE_ASSIGNMENT((#3093));
#1547=ADVANCED_FACE('',(#3094),#3095,.F.);
#1548=PRESENTATION_STYLE_ASSIGNMENT((#3096));
#1549=ADVANCED_FACE('',(#3097),#3098,.T.);
#1550=PRESENTATION_STYLE_ASSIGNMENT((#3099));
#1551=ADVANCED_FACE('',(#3100),#3101,.T.);
#1552=PRESENTATION_STYLE_ASSIGNMENT((#3102));
#1553=MANIFOLD_SOLID_BREP('1337009_9',#3103);
#1554=PRODUCT('1337009_1','','PART--DESC',(#3104));
#1555=PRODUCT_DEFINITION('','NONE',#3105,#2);
#1556=AXIS2_PLACEMENT_3D('',#3106,#3107,#3108);
#1557=AXIS2_PLACEMENT_3D('',#3109,#3110,#3111);
#1558=AXIS2_PLACEMENT_3D('',#3112,#3113,#3114);
#1559=AXIS2_PLACEMENT_3D('',#3115,#3116,#3117);
#1560=AXIS2_PLACEMENT_3D('',#3118,#3119,#3120);
#1561=AXIS2_PLACEMENT_3D('',#3121,#3122,#3123);
#1562=AXIS2_PLACEMENT_3D('',#3124,#3125,#3126);
#1563=AXIS2_PLACEMENT_3D('',#3127,#3128,#3129);
#1564=AXIS2_PLACEMENT_3D('',#3130,#3131,#3132);
#1567=LENGTH_MEASURE_WITH_UNIT(LENGTH_MEASURE(1.0),#3133);
#1570=DIMENSIONAL_EXPONENTS(1.0,0.0,0.0,0.0,0.0,0.0,0.0);
#1572=DIMENSIONAL_EXPONENTS(0.0,0.0,0.0,0.0,0.0,0.0,0.0);
#1578=SURFACE_STYLE_USAGE(.BOTH.,#3134);
#1579=FACE_OUTER_BOUND('',#3135,.T.);
#1580=PLANE('',#3136);
#1581=SURFACE_STYLE_USAGE(.BOTH.,#3137);
#1582=FACE_OUTER_BOUND('',#3138,.T.);
#1583=PLANE('',#3139);
#1584=SURFACE_STYLE_USAGE(.BOTH.,#3140);
#1585=FACE_OUTER_BOUND('',#3141,.T.);
#1586=CYLINDRICAL_SURFACE('',#3142,0.2);
#1587=SURFACE_STYLE_USAGE(.BOTH.,#3143);
#1588=FACE_OUTER_BOUND('',#3144,.T.);
#1589=PLANE('',#3145);
#1590=SURFACE_STYLE_USAGE(.BOTH.,#3146);
#1591=FACE_OUTER_BOUND('',#3147,.T.);
#1592=PLANE('',#3148);
#1593=SURFACE_STYLE_USAGE(.BOTH.,#3149);
#1594=FACE_OUTER_BOUND('',#3150,.T.);
#1595=CYLINDRICAL_SURFACE('',#3151,0.2);
#1596=SURFACE_STYLE_USAGE(.BOTH.,#3152);
#1597=FACE_OUTER_BOUND('',#3153,.T.);
#1598=CYLINDRICAL_SURFACE('',#3154,0.2);
#1599=SURFACE_STYLE_USAGE(.BOTH.,#3155);
#1600=FACE_OUTER_BOUND('',#3156,.T.);
#1601=CYLINDRICAL_SURFACE('',#3157,0.2);
#1602=SURFACE_STYLE_USAGE(.BOTH.,#3158);
#1603=FACE_OUTER_BOUND('',#3159,.T.);
#1604=PLANE('',#3160);
#1605=SURFACE_STYLE_USAGE(.BOTH.,#3161);
#1606=FACE_OUTER_BOUND('',#3162,.T.);
#1607=PLANE('',#3163);
#1608=SURFACE_STYLE_USAGE(.BOTH.,#3164);
#1609=FACE_OUTER_BOUND('',#3165,.T.);
#1610=PLANE('',#3166);
#1611=SURFACE_STYLE_USAGE(.BOTH.,#3167);
#1612=FACE_OUTER_BOUND('',#3168,.T.);
#1613=PLANE('',#3169);
#1614=SURFACE_STYLE_USAGE(.BOTH.,#3170);
#1615=FACE_OUTER_BOUND('',#3171,.T.);
#1616=PLANE('',#3172);
#1617=SURFACE_STYLE_USAGE(.BOTH.,#3173);
#1618=FACE_OUTER_BOUND('',#3174,.T.);
#1619=PLANE('',#3175);
#1620=SURFACE_STYLE_USAGE(.BOTH.,#3176);
#1621=FACE_OUTER_BOUND('',#3177,.T.);
#1622=PLANE('',#3178);
#1623=SURFACE_STYLE_USAGE(.BOTH.,#3179);
#1624=FACE_OUTER_BOUND('',#3180,.T.);
#1625=CYLINDRICAL_SURFACE('',#3181,0.2);
#1626=SURFACE_STYLE_USAGE(.BOTH.,#3182);
#1627=FACE_OUTER_BOUND('',#3183,.T.);
#1628=PLANE('',#3184);
#1629=SURFACE_STYLE_USAGE(.BOTH.,#3185);
#1630=FACE_OUTER_BOUND('',#3186,.T.);
#1631=PLANE('',#3187);
#1632=SURFACE_STYLE_USAGE(.BOTH.,#3188);
#1633=FACE_OUTER_BOUND('',#3189,.T.);
#1634=PLANE('',#3190);
#1635=SURFACE_STYLE_USAGE(.BOTH.,#3191);
#1636=FACE_OUTER_BOUND('',#3192,.T.);
#1637=PLANE('',#3193);
#1638=SURFACE_STYLE_USAGE(.BOTH.,#3194);
#1639=FACE_OUTER_BOUND('',#3195,.T.);
#1640=PLANE('',#3196);
#1641=SURFACE_STYLE_USAGE(.BOTH.,#3197);
#1642=FACE_OUTER_BOUND('',#3198,.T.);
#1643=PLANE('',#3199);
#1644=SURFACE_STYLE_USAGE(.BOTH.,#3200);
#1645=FACE_OUTER_BOUND('',#3201,.T.);
#1646=PLANE('',#3202);
#1647=SURFACE_STYLE_USAGE(.BOTH.,#3203);
#1648=FACE_OUTER_BOUND('',#3204,.T.);
#1649=CYLINDRICAL_SURFACE('',#3205,0.2);
#1650=SURFACE_STYLE_USAGE(.BOTH.,#3206);
#1651=CLOSED_SHELL('',(#545,#547,#549,#551,#553,#555,#557,#559,#561,#563,#565,#567,#569,#571,#573,#575,#577,#579,#581,#583,#585,#587,#589,#591));
#1652=SURFACE_STYLE_USAGE(.BOTH.,#3207);
#1653=FACE_OUTER_BOUND('',#3208,.T.);
#1654=CYLINDRICAL_SURFACE('',#3209,0.8);
#1655=SURFACE_STYLE_USAGE(.BOTH.,#3210);
#1656=FACE_OUTER_BOUND('',#3211,.T.);
#1657=CYLINDRICAL_SURFACE('',#3212,0.7);
#1658=SURFACE_STYLE_USAGE(.BOTH.,#3213);
#1659=FACE_OUTER_BOUND('',#3214,.T.);
#1660=PLANE('',#3215);
#1661=SURFACE_STYLE_USAGE(.BOTH.,#3216);
#1662=FACE_OUTER_BOUND('',#3217,.T.);
#1663=PLANE('',#3218);
#1664=SURFACE_STYLE_USAGE(.BOTH.,#3219);
#1665=FACE_OUTER_BOUND('',#3220,.T.);
#1666=PLANE('',#3221);
#1667=SURFACE_STYLE_USAGE(.BOTH.,#3222);
#1668=FACE_OUTER_BOUND('',#3223,.T.);
#1669=CYLINDRICAL_SURFACE('',#3224,0.25);
#1670=SURFACE_STYLE_USAGE(.BOTH.,#3225);
#1671=FACE_OUTER_BOUND('',#3226,.T.);
#1672=PLANE('',#3227);
#1673=SURFACE_STYLE_USAGE(.BOTH.,#3228);
#1674=FACE_OUTER_BOUND('',#3229,.T.);
#1675=PLANE('',#3230);
#1676=SURFACE_STYLE_USAGE(.BOTH.,#3231);
#1677=FACE_OUTER_BOUND('',#3232,.T.);
#1678=PLANE('',#3233);
#1679=SURFACE_STYLE_USAGE(.BOTH.,#3234);
#1680=FACE_OUTER_BOUND('',#3235,.T.);
#1681=CYLINDRICAL_SURFACE('',#3236,0.15);
#1682=SURFACE_STYLE_USAGE(.BOTH.,#3237);
#1683=FACE_OUTER_BOUND('',#3238,.T.);
#1684=CYLINDRICAL_SURFACE('',#3239,0.15);
#1685=SURFACE_STYLE_USAGE(.BOTH.,#3240);
#1686=FACE_OUTER_BOUND('',#3241,.T.);
#1687=PLANE('',#3242);
#1688=SURFACE_STYLE_USAGE(.BOTH.,#3243);
#1689=FACE_OUTER_BOUND('',#3244,.T.);
#1690=PLANE('',#3245);
#1691=SURFACE_STYLE_USAGE(.BOTH.,#3246);
#1692=FACE_OUTER_BOUND('',#3247,.T.);
#1693=CYLINDRICAL_SURFACE('',#3248,1.0);
#1694=SURFACE_STYLE_USAGE(.BOTH.,#3249);
#1695=FACE_OUTER_BOUND('',#3250,.T.);
#1696=PLANE('',#3251);
#1697=SURFACE_STYLE_USAGE(.BOTH.,#3252);
#1698=FACE_OUTER_BOUND('',#3253,.T.);
#1699=PLANE('',#3254);
#1700=SURFACE_STYLE_USAGE(.BOTH.,#3255);
#1701=FACE_OUTER_BOUND('',#3256,.T.);
#1702=CYLINDRICAL_SURFACE('',#3257,0.0999999999999999);
#1703=SURFACE_STYLE_USAGE(.BOTH.,#3258);
#1704=FACE_OUTER_BOUND('',#3259,.T.);
#1705=CYLINDRICAL_SURFACE('',#3260,0.3);
#1706=SURFACE_STYLE_USAGE(.BOTH.,#3261);
#1707=FACE_OUTER_BOUND('',#3262,.T.);
#1708=PLANE('',#3263);
#1709=SURFACE_STYLE_USAGE(.BOTH.,#3264);
#1710=FACE_OUTER_BOUND('',#3265,.T.);
#1711=CYLINDRICAL_SURFACE('',#3266,5.0);
#1712=SURFACE_STYLE_USAGE(.BOTH.,#3267);
#1713=FACE_OUTER_BOUND('',#3268,.T.);
#1714=PLANE('',#3269);
#1715=SURFACE_STYLE_USAGE(.BOTH.,#3270);
#1716=FACE_OUTER_BOUND('',#3271,.T.);
#1717=PLANE('',#3272);
#1718=SURFACE_STYLE_USAGE(.BOTH.,#3273);
#1719=FACE_OUTER_BOUND('',#3274,.T.);
#1720=PLANE('',#3275);
#1721=SURFACE_STYLE_USAGE(.BOTH.,#3276);
#1722=FACE_OUTER_BOUND('',#3277,.T.);
#1723=CYLINDRICAL_SURFACE('',#3278,0.15);
#1724=SURFACE_STYLE_USAGE(.BOTH.,#3279);
#1725=FACE_OUTER_BOUND('',#3280,.T.);
#1726=PLANE('',#3281);
#1727=SURFACE_STYLE_USAGE(.BOTH.,#3282);
#1728=FACE_OUTER_BOUND('',#3283,.T.);
#1729=PLANE('',#3284);
#1730=SURFACE_STYLE_USAGE(.BOTH.,#3285);
#1731=FACE_OUTER_BOUND('',#3286,.T.);
#1732=PLANE('',#3287);
#1733=SURFACE_STYLE_USAGE(.BOTH.,#3288);
#1734=FACE_OUTER_BOUND('',#3289,.T.);
#1735=CYLINDRICAL_SURFACE('',#3290,0.7);
#1736=SURFACE_STYLE_USAGE(.BOTH.,#3291);
#1737=FACE_OUTER_BOUND('',#3292,.T.);
#1738=PLANE('',#3293);
#1739=SURFACE_STYLE_USAGE(.BOTH.,#3294);
#1740=FACE_OUTER_BOUND('',#3295,.T.);
#1741=PLANE('',#3296);
#1742=SURFACE_STYLE_USAGE(.BOTH.,#3297);
#1743=FACE_OUTER_BOUND('',#3298,.T.);
#1744=PLANE('',#3299);
#1745=SURFACE_STYLE_USAGE(.BOTH.,#3300);
#1746=FACE_OUTER_BOUND('',#3301,.T.);
#1747=PLANE('',#3302);
#1748=SURFACE_STYLE_USAGE(.BOTH.,#3303);
#1749=FACE_OUTER_BOUND('',#3304,.T.);
#1750=PLANE('',#3305);
#1751=SURFACE_STYLE_USAGE(.BOTH.,#3306);
#1752=FACE_OUTER_BOUND('',#3307,.T.);
#1753=PLANE('',#3308);
#1754=SURFACE_STYLE_USAGE(.BOTH.,#3309);
#1755=FACE_OUTER_BOUND('',#3310,.T.);
#1756=PLANE('',#3311);
#1757=SURFACE_STYLE_USAGE(.BOTH.,#3312);
#1758=FACE_OUTER_BOUND('',#3313,.T.);
#1759=PLANE('',#3314);
#1760=SURFACE_STYLE_USAGE(.BOTH.,#3315);
#1761=FACE_OUTER_BOUND('',#3316,.T.);
#1762=PLANE('',#3317);
#1763=SURFACE_STYLE_USAGE(.BOTH.,#3318);
#1764=FACE_OUTER_BOUND('',#3319,.T.);
#1765=CYLINDRICAL_SURFACE('',#3320,5.0);
#1766=SURFACE_STYLE_USAGE(.BOTH.,#3321);
#1767=FACE_OUTER_BOUND('',#3322,.T.);
#1768=PLANE('',#3323);
#1769=SURFACE_STYLE_USAGE(.BOTH.,#3324);
#1770=FACE_OUTER_BOUND('',#3325,.T.);
#1771=CYLINDRICAL_SURFACE('',#3326,3.0);
#1772=SURFACE_STYLE_USAGE(.BOTH.,#3327);
#1773=FACE_OUTER_BOUND('',#3328,.T.);
#1774=CYLINDRICAL_SURFACE('',#3329,0.8);
#1775=SURFACE_STYLE_USAGE(.BOTH.,#3330);
#1776=FACE_OUTER_BOUND('',#3331,.T.);
#1777=PLANE('',#3332);
#1778=SURFACE_STYLE_USAGE(.BOTH.,#3333);
#1779=CLOSED_SHELL('',(#595,#597,#599,#601,#603,#605,#607,#609,#611,#613,#615,#617,#619,#621,#623,#625,#627,#629,#631,#633,#635,#637,#639,#641,#643,#645,#647,#649,#651,#653,#655,#657,#659,#661,#663,#665,#667,#669,#671,#673,#675,#677));
#1780=SURFACE_STYLE_USAGE(.BOTH.,#3334);
#1781=FACE_OUTER_BOUND('',#3335,.T.);
#1782=CYLINDRICAL_SURFACE('',#3336,0.8);
#1783=SURFACE_STYLE_USAGE(.BOTH.,#3337);
#1784=FACE_OUTER_BOUND('',#3338,.T.);
#1785=CYLINDRICAL_SURFACE('',#3339,0.7);
#1786=SURFACE_STYLE_USAGE(.BOTH.,#3340);
#1787=FACE_OUTER_BOUND('',#3341,.T.);
#1788=PLANE('',#3342);
#1789=SURFACE_STYLE_USAGE(.BOTH.,#3343);
#1790=FACE_OUTER_BOUND('',#3344,.T.);
#1791=PLANE('',#3345);
#1792=SURFACE_STYLE_USAGE(.BOTH.,#3346);
#1793=FACE_OUTER_BOUND('',#3347,.T.);
#1794=PLANE('',#3348);
#1795=SURFACE_STYLE_USAGE(.BOTH.,#3349);
#1796=FACE_OUTER_BOUND('',#3350,.T.);
#1797=CYLINDRICAL_SURFACE('',#3351,0.25);
#1798=SURFACE_STYLE_USAGE(.BOTH.,#3352);
#1799=FACE_OUTER_BOUND('',#3353,.T.);
#1800=PLANE('',#3354);
#1801=SURFACE_STYLE_USAGE(.BOTH.,#3355);
#1802=FACE_OUTER_BOUND('',#3356,.T.);
#1803=PLANE('',#3357);
#1804=SURFACE_STYLE_USAGE(.BOTH.,#3358);
#1805=FACE_OUTER_BOUND('',#3359,.T.);
#1806=PLANE('',#3360);
#1807=SURFACE_STYLE_USAGE(.BOTH.,#3361);
#1808=FACE_OUTER_BOUND('',#3362,.T.);
#1809=CYLINDRICAL_SURFACE('',#3363,0.15);
#1810=SURFACE_STYLE_USAGE(.BOTH.,#3364);
#1811=FACE_OUTER_BOUND('',#3365,.T.);
#1812=CYLINDRICAL_SURFACE('',#3366,0.15);
#1813=SURFACE_STYLE_USAGE(.BOTH.,#3367);
#1814=FACE_OUTER_BOUND('',#3368,.T.);
#1815=PLANE('',#3369);
#1816=SURFACE_STYLE_USAGE(.BOTH.,#3370);
#1817=FACE_OUTER_BOUND('',#3371,.T.);
#1818=PLANE('',#3372);
#1819=SURFACE_STYLE_USAGE(.BOTH.,#3373);
#1820=FACE_OUTER_BOUND('',#3374,.T.);
#1821=CYLINDRICAL_SURFACE('',#3375,1.0);
#1822=SURFACE_STYLE_USAGE(.BOTH.,#3376);
#1823=FACE_OUTER_BOUND('',#3377,.T.);
#1824=PLANE('',#3378);
#1825=SURFACE_STYLE_USAGE(.BOTH.,#3379);
#1826=FACE_OUTER_BOUND('',#3380,.T.);
#1827=PLANE('',#3381);
#1828=SURFACE_STYLE_USAGE(.BOTH.,#3382);
#1829=FACE_OUTER_BOUND('',#3383,.T.);
#1830=CYLINDRICAL_SURFACE('',#3384,0.0999999999999999);
#1831=SURFACE_STYLE_USAGE(.BOTH.,#3385);
#1832=FACE_OUTER_BOUND('',#3386,.T.);
#1833=CYLINDRICAL_SURFACE('',#3387,0.3);
#1834=SURFACE_STYLE_USAGE(.BOTH.,#3388);
#1835=FACE_OUTER_BOUND('',#3389,.T.);
#1836=PLANE('',#3390);
#1837=SURFACE_STYLE_USAGE(.BOTH.,#3391);
#1838=FACE_OUTER_BOUND('',#3392,.T.);
#1839=CYLINDRICAL_SURFACE('',#3393,5.0);
#1840=SURFACE_STYLE_USAGE(.BOTH.,#3394);
#1841=FACE_OUTER_BOUND('',#3395,.T.);
#1842=PLANE('',#3396);
#1843=SURFACE_STYLE_USAGE(.BOTH.,#3397);
#1844=FACE_OUTER_BOUND('',#3398,.T.);
#1845=PLANE('',#3399);
#1846=SURFACE_STYLE_USAGE(.BOTH.,#3400);
#1847=FACE_OUTER_BOUND('',#3401,.T.);
#1848=PLANE('',#3402);
#1849=SURFACE_STYLE_USAGE(.BOTH.,#3403);
#1850=FACE_OUTER_BOUND('',#3404,.T.);
#1851=CYLINDRICAL_SURFACE('',#3405,0.15);
#1852=SURFACE_STYLE_USAGE(.BOTH.,#3406);
#1853=FACE_OUTER_BOUND('',#3407,.T.);
#1854=PLANE('',#3408);
#1855=SURFACE_STYLE_USAGE(.BOTH.,#3409);
#1856=FACE_OUTER_BOUND('',#3410,.T.);
#1857=PLANE('',#3411);
#1858=SURFACE_STYLE_USAGE(.BOTH.,#3412);
#1859=FACE_OUTER_BOUND('',#3413,.T.);
#1860=PLANE('',#3414);
#1861=SURFACE_STYLE_USAGE(.BOTH.,#3415);
#1862=FACE_OUTER_BOUND('',#3416,.T.);
#1863=CYLINDRICAL_SURFACE('',#3417,0.7);
#1864=SURFACE_STYLE_USAGE(.BOTH.,#3418);
#1865=FACE_OUTER_BOUND('',#3419,.T.);
#1866=PLANE('',#3420);
#1867=SURFACE_STYLE_USAGE(.BOTH.,#3421);
#1868=FACE_OUTER_BOUND('',#3422,.T.);
#1869=PLANE('',#3423);
#1870=SURFACE_STYLE_USAGE(.BOTH.,#3424);
#1871=FACE_OUTER_BOUND('',#3425,.T.);
#1872=PLANE('',#3426);
#1873=SURFACE_STYLE_USAGE(.BOTH.,#3427);
#1874=FACE_OUTER_BOUND('',#3428,.T.);
#1875=PLANE('',#3429);
#1876=SURFACE_STYLE_USAGE(.BOTH.,#3430);
#1877=FACE_OUTER_BOUND('',#3431,.T.);
#1878=PLANE('',#3432);
#1879=SURFACE_STYLE_USAGE(.BOTH.,#3433);
#1880=FACE_OUTER_BOUND('',#3434,.T.);
#1881=PLANE('',#3435);
#1882=SURFACE_STYLE_USAGE(.BOTH.,#3436);
#1883=FACE_OUTER_BOUND('',#3437,.T.);
#1884=PLANE('',#3438);
#1885=SURFACE_STYLE_USAGE(.BOTH.,#3439);
#1886=FACE_OUTER_BOUND('',#3440,.T.);
#1887=PLANE('',#3441);
#1888=SURFACE_STYLE_USAGE(.BOTH.,#3442);
#1889=FACE_OUTER_BOUND('',#3443,.T.);
#1890=PLANE('',#3444);
#1891=SURFACE_STYLE_USAGE(.BOTH.,#3445);
#1892=FACE_OUTER_BOUND('',#3446,.T.);
#1893=CYLINDRICAL_SURFACE('',#3447,5.0);
#1894=SURFACE_STYLE_USAGE(.BOTH.,#3448);
#1895=FACE_OUTER_BOUND('',#3449,.T.);
#1896=PLANE('',#3450);
#1897=SURFACE_STYLE_USAGE(.BOTH.,#3451);
#1898=FACE_OUTER_BOUND('',#3452,.T.);
#1899=CYLINDRICAL_SURFACE('',#3453,3.0);
#1900=SURFACE_STYLE_USAGE(.BOTH.,#3454);
#1901=FACE_OUTER_BOUND('',#3455,.T.);
#1902=CYLINDRICAL_SURFACE('',#3456,0.8);
#1903=SURFACE_STYLE_USAGE(.BOTH.,#3457);
#1904=FACE_OUTER_BOUND('',#3458,.T.);
#1905=PLANE('',#3459);
#1906=SURFACE_STYLE_USAGE(.BOTH.,#3460);
#1907=CLOSED_SHELL('',(#681,#683,#685,#687,#689,#691,#693,#695,#697,#699,#701,#703,#705,#707,#709,#711,#713,#715,#717,#719,#721,#723,#725,#727,#729,#731,#733,#735,#737,#739,#741,#743,#745,#747,#749,#751,#753,#755,#757,#759,#761,#763));
#1908=SURFACE_STYLE_USAGE(.BOTH.,#3461);
#1909=FACE_OUTER_BOUND('',#3462,.T.);
#1910=CYLINDRICAL_SURFACE('',#3463,0.475);
#1911=SURFACE_STYLE_USAGE(.BOTH.,#3464);
#1912=FACE_OUTER_BOUND('',#3465,.T.);
#1913=CYLINDRICAL_SURFACE('',#3466,0.475);
#1914=SURFACE_STYLE_USAGE(.BOTH.,#3467);
#1915=FACE_OUTER_BOUND('',#3468,.T.);
#1916=PLANE('',#3469);
#1917=SURFACE_STYLE_USAGE(.BOTH.,#3470);
#1918=FACE_OUTER_BOUND('',#3471,.T.);
#1919=PLANE('',#3472);
#1920=SURFACE_STYLE_USAGE(.BOTH.,#3473);
#1921=FACE_OUTER_BOUND('',#3474,.T.);
#1922=PLANE('',#3475);
#1923=SURFACE_STYLE_USAGE(.BOTH.,#3476);
#1924=FACE_OUTER_BOUND('',#3477,.T.);
#1925=PLANE('',#3478);
#1926=SURFACE_STYLE_USAGE(.BOTH.,#3479);
#1927=FACE_OUTER_BOUND('',#3480,.T.);
#1928=PLANE('',#3481);
#1929=SURFACE_STYLE_USAGE(.BOTH.,#3482);
#1930=FACE_OUTER_BOUND('',#3483,.T.);
#1931=PLANE('',#3484);
#1932=SURFACE_STYLE_USAGE(.BOTH.,#3485);
#1933=FACE_OUTER_BOUND('',#3486,.T.);
#1934=PLANE('',#3487);
#1935=SURFACE_STYLE_USAGE(.BOTH.,#3488);
#1936=FACE_OUTER_BOUND('',#3489,.T.);
#1937=PLANE('',#3490);
#1938=SURFACE_STYLE_USAGE(.BOTH.,#3491);
#1939=FACE_OUTER_BOUND('',#3492,.T.);
#1940=PLANE('',#3493);
#1941=SURFACE_STYLE_USAGE(.BOTH.,#3494);
#1942=FACE_OUTER_BOUND('',#3495,.T.);
#1943=PLANE('',#3496);
#1944=SURFACE_STYLE_USAGE(.BOTH.,#3497);
#1945=FACE_OUTER_BOUND('',#3498,.T.);
#1946=PLANE('',#3499);
#1947=SURFACE_STYLE_USAGE(.BOTH.,#3500);
#1948=FACE_OUTER_BOUND('',#3501,.T.);
#1949=PLANE('',#3502);
#1950=SURFACE_STYLE_USAGE(.BOTH.,#3503);
#1951=FACE_OUTER_BOUND('',#3504,.T.);
#1952=B_SPLINE_SURFACE_WITH_KNOTS('',3,1,((#3505,#3506),(#3507,#3508),(#3509,#3510),(#3511,#3512),(#3513,#3514),(#3515,#3516),(#3517,#3518)),.UNSPECIFIED.,.F.,.F.,.F.,(4,1,1,1,4),(2,2),(0.0,0.305356783347997,0.57229901018817,0.804747629655711,1.0),(0.0,1.0),.UNSPECIFIED.);
#1953=SURFACE_STYLE_USAGE(.BOTH.,#3519);
#1954=FACE_OUTER_BOUND('',#3520,.T.);
#1955=B_SPLINE_SURFACE_WITH_KNOTS('',3,1,((#3521,#3522),(#3523,#3524),(#3525,#3526),(#3527,#3528),(#3529,#3530)),.UNSPECIFIED.,.F.,.F.,.F.,(4,1,4),(2,2),(0.0,0.481581970223942,1.0),(0.0,1.0),.UNSPECIFIED.);
#1956=SURFACE_STYLE_USAGE(.BOTH.,#3531);
#1957=FACE_OUTER_BOUND('',#3532,.T.);
#1958=PLANE('',#3533);
#1959=SURFACE_STYLE_USAGE(.BOTH.,#3534);
#1960=FACE_OUTER_BOUND('',#3535,.T.);
#1961=PLANE('',#3536);
#1962=SURFACE_STYLE_USAGE(.BOTH.,#3537);
#1963=FACE_OUTER_BOUND('',#3538,.T.);
#1964=PLANE('',#3539);
#1965=SURFACE_STYLE_USAGE(.BOTH.,#3540);
#1966=FACE_OUTER_BOUND('',#3541,.T.);
#1967=PLANE('',#3542);
#1968=SURFACE_STYLE_USAGE(.BOTH.,#3543);
#1969=FACE_OUTER_BOUND('',#3544,.T.);
#1970=PLANE('',#3545);
#1971=SURFACE_STYLE_USAGE(.BOTH.,#3546);
#1972=FACE_OUTER_BOUND('',#3547,.T.);
#1973=PLANE('',#3548);
#1974=SURFACE_STYLE_USAGE(.BOTH.,#3549);
#1975=FACE_OUTER_BOUND('',#3550,.T.);
#1976=B_SPLINE_SURFACE_WITH_KNOTS('',3,1,((#3551,#3552),(#3553,#3554),(#3555,#3556),(#3557,#3558),(#3559,#3560)),.UNSPECIFIED.,.F.,.F.,.F.,(4,1,4),(2,2),(0.0,0.492900854438079,1.0),(0.0,1.0),.UNSPECIFIED.);
#1977=SURFACE_STYLE_USAGE(.BOTH.,#3561);
#1978=FACE_OUTER_BOUND('',#3562,.T.);
#1979=B_SPLINE_SURFACE_WITH_KNOTS('',3,1,((#3563,#3564),(#3565,#3566),(#3567,#3568),(#3569,#3570),(#3571,#3572),(#3573,#3574),(#3575,#3576)),.UNSPECIFIED.,.F.,.F.,.F.,(4,1,1,1,4),(2,2),(0.0,0.334792980900174,0.614178851904792,0.835393307514522,1.0),(0.0,1.0),.UNSPECIFIED.);
#1980=SURFACE_STYLE_USAGE(.BOTH.,#3577);
#1981=FACE_OUTER_BOUND('',#3578,.T.);
#1982=PLANE('',#3579);
#1983=SURFACE_STYLE_USAGE(.BOTH.,#3580);
#1984=FACE_OUTER_BOUND('',#3581,.T.);
#1985=PLANE('',#3582);
#1986=SURFACE_STYLE_USAGE(.BOTH.,#3583);
#1987=FACE_OUTER_BOUND('',#3584,.T.);
#1988=PLANE('',#3585);
#1989=SURFACE_STYLE_USAGE(.BOTH.,#3586);
#1990=FACE_OUTER_BOUND('',#3587,.T.);
#1991=FACE_BOUND('',#3588,.T.);
#1992=PLANE('',#3589);
#1993=SURFACE_STYLE_USAGE(.BOTH.,#3590);
#1994=FACE_OUTER_BOUND('',#3591,.T.);
#1995=PLANE('',#3592);
#1996=SURFACE_STYLE_USAGE(.BOTH.,#3593);
#1997=FACE_OUTER_BOUND('',#3594,.T.);
#1998=PLANE('',#3595);
#1999=SURFACE_STYLE_USAGE(.BOTH.,#3596);
#2000=FACE_OUTER_BOUND('',#3597,.T.);
#2001=PLANE('',#3598);
#2002=SURFACE_STYLE_USAGE(.BOTH.,#3599);
#2003=FACE_OUTER_BOUND('',#3600,.T.);
#2004=PLANE('',#3601);
#2005=SURFACE_STYLE_USAGE(.BOTH.,#3602);
#2006=FACE_OUTER_BOUND('',#3603,.T.);
#2007=PLANE('',#3604);
#2008=SURFACE_STYLE_USAGE(.BOTH.,#3605);
#2009=FACE_OUTER_BOUND('',#3606,.T.);
#2010=PLANE('',#3607);
#2011=SURFACE_STYLE_USAGE(.BOTH.,#3608);
#2012=FACE_OUTER_BOUND('',#3609,.T.);
#2013=PLANE('',#3610);
#2014=SURFACE_STYLE_USAGE(.BOTH.,#3611);
#2015=FACE_OUTER_BOUND('',#3612,.T.);
#2016=PLANE('',#3613);
#2017=SURFACE_STYLE_USAGE(.BOTH.,#3614);
#2018=FACE_OUTER_BOUND('',#3615,.T.);
#2019=PLANE('',#3616);
#2020=SURFACE_STYLE_USAGE(.BOTH.,#3617);
#2021=FACE_OUTER_BOUND('',#3618,.T.);
#2022=PLANE('',#3619);
#2023=SURFACE_STYLE_USAGE(.BOTH.,#3620);
#2024=FACE_OUTER_BOUND('',#3621,.T.);
#2025=PLANE('',#3622);
#2026=SURFACE_STYLE_USAGE(.BOTH.,#3623);
#2027=FACE_OUTER_BOUND('',#3624,.T.);
#2028=PLANE('',#3625);
#2029=SURFACE_STYLE_USAGE(.BOTH.,#3626);
#2030=FACE_OUTER_BOUND('',#3627,.T.);
#2031=PLANE('',#3628);
#2032=SURFACE_STYLE_USAGE(.BOTH.,#3629);
#2033=FACE_OUTER_BOUND('',#3630,.T.);
#2034=PLANE('',#3631);
#2035=SURFACE_STYLE_USAGE(.BOTH.,#3632);
#2036=FACE_OUTER_BOUND('',#3633,.T.);
#2037=PLANE('',#3634);
#2038=SURFACE_STYLE_USAGE(.BOTH.,#3635);
#2039=FACE_OUTER_BOUND('',#3636,.T.);
#2040=FACE_BOUND('',#3637,.T.);
#2041=PLANE('',#3638);
#2042=SURFACE_STYLE_USAGE(.BOTH.,#3639);
#2043=FACE_OUTER_BOUND('',#3640,.T.);
#2044=PLANE('',#3641);
#2045=SURFACE_STYLE_USAGE(.BOTH.,#3642);
#2046=FACE_OUTER_BOUND('',#3643,.T.);
#2047=PLANE('',#3644);
#2048=SURFACE_STYLE_USAGE(.BOTH.,#3645);
#2049=FACE_OUTER_BOUND('',#3646,.T.);
#2050=PLANE('',#3647);
#2051=SURFACE_STYLE_USAGE(.BOTH.,#3648);
#2052=FACE_OUTER_BOUND('',#3649,.T.);
#2053=PLANE('',#3650);
#2054=SURFACE_STYLE_USAGE(.BOTH.,#3651);
#2055=FACE_OUTER_BOUND('',#3652,.T.);
#2056=PLANE('',#3653);
#2057=SURFACE_STYLE_USAGE(.BOTH.,#3654);
#2058=FACE_OUTER_BOUND('',#3655,.T.);
#2059=PLANE('',#3656);
#2060=SURFACE_STYLE_USAGE(.BOTH.,#3657);
#2061=FACE_OUTER_BOUND('',#3658,.T.);
#2062=PLANE('',#3659);
#2063=SURFACE_STYLE_USAGE(.BOTH.,#3660);
#2064=FACE_OUTER_BOUND('',#3661,.T.);
#2065=PLANE('',#3662);
#2066=SURFACE_STYLE_USAGE(.BOTH.,#3663);
#2067=FACE_OUTER_BOUND('',#3664,.T.);
#2068=PLANE('',#3665);
#2069=SURFACE_STYLE_USAGE(.BOTH.,#3666);
#2070=FACE_OUTER_BOUND('',#3667,.T.);
#2071=CYLINDRICAL_SURFACE('',#3668,0.199999999999999);
#2072=SURFACE_STYLE_USAGE(.BOTH.,#3669);
#2073=FACE_OUTER_BOUND('',#3670,.T.);
#2074=PLANE('',#3671);
#2075=SURFACE_STYLE_USAGE(.BOTH.,#3672);
#2076=FACE_OUTER_BOUND('',#3673,.T.);
#2077=PLANE('',#3674);
#2078=SURFACE_STYLE_USAGE(.BOTH.,#3675);
#2079=FACE_OUTER_BOUND('',#3676,.T.);
#2080=PLANE('',#3677);
#2081=SURFACE_STYLE_USAGE(.BOTH.,#3678);
#2082=FACE_OUTER_BOUND('',#3679,.T.);
#2083=FACE_BOUND('',#3680,.T.);
#2084=PLANE('',#3681);
#2085=SURFACE_STYLE_USAGE(.BOTH.,#3682);
#2086=FACE_OUTER_BOUND('',#3683,.T.);
#2087=CONICAL_SURFACE('',#3684,0.375,0.785398163397448);
#2088=SURFACE_STYLE_USAGE(.BOTH.,#3685);
#2089=FACE_OUTER_BOUND('',#3686,.T.);
#2090=PLANE('',#3687);
#2091=SURFACE_STYLE_USAGE(.BOTH.,#3688);
#2092=FACE_OUTER_BOUND('',#3689,.T.);
#2093=PLANE('',#3690);
#2094=SURFACE_STYLE_USAGE(.BOTH.,#3691);
#2095=FACE_OUTER_BOUND('',#3692,.T.);
#2096=CYLINDRICAL_SURFACE('',#3693,0.475);
#2097=SURFACE_STYLE_USAGE(.BOTH.,#3694);
#2098=FACE_OUTER_BOUND('',#3695,.T.);
#2099=CONICAL_SURFACE('',#3696,0.375,0.785398163397448);
#2100=SURFACE_STYLE_USAGE(.BOTH.,#3697);
#2101=FACE_OUTER_BOUND('',#3698,.T.);
#2102=PLANE('',#3699);
#2103=SURFACE_STYLE_USAGE(.BOTH.,#3700);
#2104=FACE_OUTER_BOUND('',#3701,.T.);
#2105=CYLINDRICAL_SURFACE('',#3702,0.475);
#2106=SURFACE_STYLE_USAGE(.BOTH.,#3703);
#2107=FACE_OUTER_BOUND('',#3704,.T.);
#2108=PLANE('',#3705);
#2109=SURFACE_STYLE_USAGE(.BOTH.,#3706);
#2110=FACE_OUTER_BOUND('',#3707,.T.);
#2111=PLANE('',#3708);
#2112=SURFACE_STYLE_USAGE(.BOTH.,#3709);
#2113=FACE_OUTER_BOUND('',#3710,.T.);
#2114=PLANE('',#3711);
#2115=SURFACE_STYLE_USAGE(.BOTH.,#3712);
#2116=FACE_OUTER_BOUND('',#3713,.T.);
#2117=PLANE('',#3714);
#2118=SURFACE_STYLE_USAGE(.BOTH.,#3715);
#2119=FACE_OUTER_BOUND('',#3716,.T.);
#2120=PLANE('',#3717);
#2121=SURFACE_STYLE_USAGE(.BOTH.,#3718);
#2122=FACE_OUTER_BOUND('',#3719,.T.);
#2123=PLANE('',#3720);
#2124=SURFACE_STYLE_USAGE(.BOTH.,#3721);
#2125=FACE_OUTER_BOUND('',#3722,.T.);
#2126=PLANE('',#3723);
#2127=SURFACE_STYLE_USAGE(.BOTH.,#3724);
#2128=FACE_OUTER_BOUND('',#3725,.T.);
#2129=PLANE('',#3726);
#2130=SURFACE_STYLE_USAGE(.BOTH.,#3727);
#2131=FACE_OUTER_BOUND('',#3728,.T.);
#2132=PLANE('',#3729);
#2133=SURFACE_STYLE_USAGE(.BOTH.,#3730);
#2134=FACE_OUTER_BOUND('',#3731,.T.);
#2135=PLANE('',#3732);
#2136=SURFACE_STYLE_USAGE(.BOTH.,#3733);
#2137=FACE_OUTER_BOUND('',#3734,.T.);
#2138=PLANE('',#3735);
#2139=SURFACE_STYLE_USAGE(.BOTH.,#3736);
#2140=FACE_OUTER_BOUND('',#3737,.T.);
#2141=PLANE('',#3738);
#2142=SURFACE_STYLE_USAGE(.BOTH.,#3739);
#2143=FACE_OUTER_BOUND('',#3740,.T.);
#2144=PLANE('',#3741);
#2145=SURFACE_STYLE_USAGE(.BOTH.,#3742);
#2146=FACE_OUTER_BOUND('',#3743,.T.);
#2147=PLANE('',#3744);
#2148=SURFACE_STYLE_USAGE(.BOTH.,#3745);
#2149=FACE_OUTER_BOUND('',#3746,.T.);
#2150=PLANE('',#3747);
#2151=SURFACE_STYLE_USAGE(.BOTH.,#3748);
#2152=FACE_OUTER_BOUND('',#3749,.T.);
#2153=PLANE('',#3750);
#2154=SURFACE_STYLE_USAGE(.BOTH.,#3751);
#2155=FACE_OUTER_BOUND('',#3752,.T.);
#2156=PLANE('',#3753);
#2157=SURFACE_STYLE_USAGE(.BOTH.,#3754);
#2158=FACE_OUTER_BOUND('',#3755,.T.);
#2159=PLANE('',#3756);
#2160=SURFACE_STYLE_USAGE(.BOTH.,#3757);
#2161=FACE_OUTER_BOUND('',#3758,.T.);
#2162=PLANE('',#3759);
#2163=SURFACE_STYLE_USAGE(.BOTH.,#3760);
#2164=FACE_OUTER_BOUND('',#3761,.T.);
#2165=PLANE('',#3762);
#2166=SURFACE_STYLE_USAGE(.BOTH.,#3763);
#2167=FACE_OUTER_BOUND('',#3764,.T.);
#2168=FACE_BOUND('',#3765,.T.);
#2169=PLANE('',#3766);
#2170=SURFACE_STYLE_USAGE(.BOTH.,#3767);
#2171=FACE_OUTER_BOUND('',#3768,.T.);
#2172=PLANE('',#3769);
#2173=SURFACE_STYLE_USAGE(.BOTH.,#3770);
#2174=FACE_OUTER_BOUND('',#3771,.T.);
#2175=PLANE('',#3772);
#2176=SURFACE_STYLE_USAGE(.BOTH.,#3773);
#2177=FACE_OUTER_BOUND('',#3774,.T.);
#2178=PLANE('',#3775);
#2179=SURFACE_STYLE_USAGE(.BOTH.,#3776);
#2180=FACE_OUTER_BOUND('',#3777,.T.);
#2181=PLANE('',#3778);
#2182=SURFACE_STYLE_USAGE(.BOTH.,#3779);
#2183=FACE_OUTER_BOUND('',#3780,.T.);
#2184=PLANE('',#3781);
#2185=SURFACE_STYLE_USAGE(.BOTH.,#3782);
#2186=FACE_OUTER_BOUND('',#3783,.T.);
#2187=PLANE('',#3784);
#2188=SURFACE_STYLE_USAGE(.BOTH.,#3785);
#2189=FACE_OUTER_BOUND('',#3786,.T.);
#2190=PLANE('',#3787);
#2191=SURFACE_STYLE_USAGE(.BOTH.,#3788);
#2192=FACE_OUTER_BOUND('',#3789,.T.);
#2193=PLANE('',#3790);
#2194=SURFACE_STYLE_USAGE(.BOTH.,#3791);
#2195=FACE_OUTER_BOUND('',#3792,.T.);
#2196=PLANE('',#3793);
#2197=SURFACE_STYLE_USAGE(.BOTH.,#3794);
#2198=FACE_OUTER_BOUND('',#3795,.T.);
#2199=PLANE('',#3796);
#2200=SURFACE_STYLE_USAGE(.BOTH.,#3797);
#2201=FACE_OUTER_BOUND('',#3798,.T.);
#2202=PLANE('',#3799);
#2203=SURFACE_STYLE_USAGE(.BOTH.,#3800);
#2204=FACE_OUTER_BOUND('',#3801,.T.);
#2205=PLANE('',#3802);
#2206=SURFACE_STYLE_USAGE(.BOTH.,#3803);
#2207=FACE_OUTER_BOUND('',#3804,.T.);
#2208=PLANE('',#3805);
#2209=SURFACE_STYLE_USAGE(.BOTH.,#3806);
#2210=FACE_OUTER_BOUND('',#3807,.T.);
#2211=PLANE('',#3808);
#2212=SURFACE_STYLE_USAGE(.BOTH.,#3809);
#2213=FACE_OUTER_BOUND('',#3810,.T.);
#2214=PLANE('',#3811);
#2215=SURFACE_STYLE_USAGE(.BOTH.,#3812);
#2216=FACE_OUTER_BOUND('',#3813,.T.);
#2217=PLANE('',#3814);
#2218=SURFACE_STYLE_USAGE(.BOTH.,#3815);
#2219=FACE_OUTER_BOUND('',#3816,.T.);
#2220=PLANE('',#3817);
#2221=SURFACE_STYLE_USAGE(.BOTH.,#3818);
#2222=FACE_OUTER_BOUND('',#3819,.T.);
#2223=PLANE('',#3820);
#2224=SURFACE_STYLE_USAGE(.BOTH.,#3821);
#2225=FACE_OUTER_BOUND('',#3822,.T.);
#2226=PLANE('',#3823);
#2227=SURFACE_STYLE_USAGE(.BOTH.,#3824);
#2228=FACE_OUTER_BOUND('',#3825,.T.);
#2229=PLANE('',#3826);
#2230=SURFACE_STYLE_USAGE(.BOTH.,#3827);
#2231=FACE_OUTER_BOUND('',#3828,.T.);
#2232=PLANE('',#3829);
#2233=SURFACE_STYLE_USAGE(.BOTH.,#3830);
#2234=FACE_OUTER_BOUND('',#3831,.T.);
#2235=PLANE('',#3832);
#2236=SURFACE_STYLE_USAGE(.BOTH.,#3833);
#2237=FACE_OUTER_BOUND('',#3834,.T.);
#2238=PLANE('',#3835);
#2239=SURFACE_STYLE_USAGE(.BOTH.,#3836);
#2240=FACE_OUTER_BOUND('',#3837,.T.);
#2241=PLANE('',#3838);
#2242=SURFACE_STYLE_USAGE(.BOTH.,#3839);
#2243=FACE_OUTER_BOUND('',#3840,.T.);
#2244=PLANE('',#3841);
#2245=SURFACE_STYLE_USAGE(.BOTH.,#3842);
#2246=FACE_OUTER_BOUND('',#3843,.T.);
#2247=PLANE('',#3844);
#2248=SURFACE_STYLE_USAGE(.BOTH.,#3845);
#2249=FACE_OUTER_BOUND('',#3846,.T.);
#2250=PLANE('',#3847);
#2251=SURFACE_STYLE_USAGE(.BOTH.,#3848);
#2252=FACE_OUTER_BOUND('',#3849,.T.);
#2253=PLANE('',#3850);
#2254=SURFACE_STYLE_USAGE(.BOTH.,#3851);
#2255=FACE_OUTER_BOUND('',#3852,.T.);
#2256=PLANE('',#3853);
#2257=SURFACE_STYLE_USAGE(.BOTH.,#3854);
#2258=FACE_OUTER_BOUND('',#3855,.T.);
#2259=FACE_BOUND('',#3856,.T.);
#2260=PLANE('',#3857);
#2261=SURFACE_STYLE_USAGE(.BOTH.,#3858);
#2262=FACE_OUTER_BOUND('',#3859,.T.);
#2263=PLANE('',#3860);
#2264=SURFACE_STYLE_USAGE(.BOTH.,#3861);
#2265=FACE_OUTER_BOUND('',#3862,.T.);
#2266=PLANE('',#3863);
#2267=SURFACE_STYLE_USAGE(.BOTH.,#3864);
#2268=FACE_OUTER_BOUND('',#3865,.T.);
#2269=PLANE('',#3866);
#2270=SURFACE_STYLE_USAGE(.BOTH.,#3867);
#2271=FACE_OUTER_BOUND('',#3868,.T.);
#2272=PLANE('',#3869);
#2273=SURFACE_STYLE_USAGE(.BOTH.,#3870);
#2274=FACE_OUTER_BOUND('',#3871,.T.);
#2275=FACE_BOUND('',#3872,.T.);
#2276=FACE_BOUND('',#3873,.T.);
#2277=FACE_BOUND('',#3874,.T.);
#2278=PLANE('',#3875);
#2279=SURFACE_STYLE_USAGE(.BOTH.,#3876);
#2280=FACE_OUTER_BOUND('',#3877,.T.);
#2281=PLANE('',#3878);
#2282=SURFACE_STYLE_USAGE(.BOTH.,#3879);
#2283=FACE_OUTER_BOUND('',#3880,.T.);
#2284=PLANE('',#3881);
#2285=SURFACE_STYLE_USAGE(.BOTH.,#3882);
#2286=FACE_OUTER_BOUND('',#3883,.T.);
#2287=FACE_BOUND('',#3884,.T.);
#2288=FACE_BOUND('',#3885,.T.);
#2289=PLANE('',#3886);
#2290=SURFACE_STYLE_USAGE(.BOTH.,#3887);
#2291=FACE_OUTER_BOUND('',#3888,.T.);
#2292=PLANE('',#3889);
#2293=SURFACE_STYLE_USAGE(.BOTH.,#3890);
#2294=FACE_OUTER_BOUND('',#3891,.T.);
#2295=PLANE('',#3892);
#2296=SURFACE_STYLE_USAGE(.BOTH.,#3893);
#2297=FACE_OUTER_BOUND('',#3894,.T.);
#2298=PLANE('',#3895);
#2299=SURFACE_STYLE_USAGE(.BOTH.,#3896);
#2300=FACE_OUTER_BOUND('',#3897,.T.);
#2301=PLANE('',#3898);
#2302=SURFACE_STYLE_USAGE(.BOTH.,#3899);
#2303=FACE_OUTER_BOUND('',#3900,.T.);
#2304=FACE_BOUND('',#3901,.T.);
#2305=PLANE('',#3902);
#2306=SURFACE_STYLE_USAGE(.BOTH.,#3903);
#2307=FACE_OUTER_BOUND('',#3904,.T.);
#2308=PLANE('',#3905);
#2309=SURFACE_STYLE_USAGE(.BOTH.,#3906);
#2310=FACE_OUTER_BOUND('',#3907,.T.);
#2311=PLANE('',#3908);
#2312=SURFACE_STYLE_USAGE(.BOTH.,#3909);
#2313=FACE_OUTER_BOUND('',#3910,.T.);
#2314=PLANE('',#3911);
#2315=SURFACE_STYLE_USAGE(.BOTH.,#3912);
#2316=FACE_OUTER_BOUND('',#3913,.T.);
#2317=PLANE('',#3914);
#2318=SURFACE_STYLE_USAGE(.BOTH.,#3915);
#2319=FACE_OUTER_BOUND('',#3916,.T.);
#2320=FACE_BOUND('',#3917,.T.);
#2321=FACE_BOUND('',#3918,.T.);
#2322=FACE_BOUND('',#3919,.T.);
#2323=FACE_BOUND('',#3920,.T.);
#2324=FACE_BOUND('',#3921,.T.);
#2325=FACE_BOUND('',#3922,.T.);
#2326=PLANE('',#3923);
#2327=SURFACE_STYLE_USAGE(.BOTH.,#3924);
#2328=FACE_OUTER_BOUND('',#3925,.T.);
#2329=PLANE('',#3926);
#2330=SURFACE_STYLE_USAGE(.BOTH.,#3927);
#2331=FACE_OUTER_BOUND('',#3928,.T.);
#2332=PLANE('',#3929);
#2333=SURFACE_STYLE_USAGE(.BOTH.,#3930);
#2334=FACE_OUTER_BOUND('',#3931,.T.);
#2335=PLANE('',#3932);
#2336=SURFACE_STYLE_USAGE(.BOTH.,#3933);
#2337=FACE_OUTER_BOUND('',#3934,.T.);
#2338=PLANE('',#3935);
#2339=SURFACE_STYLE_USAGE(.BOTH.,#3936);
#2340=FACE_OUTER_BOUND('',#3937,.T.);
#2341=PLANE('',#3938);
#2342=SURFACE_STYLE_USAGE(.BOTH.,#3939);
#2343=FACE_OUTER_BOUND('',#3940,.T.);
#2344=PLANE('',#3941);
#2345=SURFACE_STYLE_USAGE(.BOTH.,#3942);
#2346=FACE_OUTER_BOUND('',#3943,.T.);
#2347=FACE_BOUND('',#3944,.T.);
#2348=PLANE('',#3945);
#2349=SURFACE_STYLE_USAGE(.BOTH.,#3946);
#2350=FACE_OUTER_BOUND('',#3947,.T.);
#2351=PLANE('',#3948);
#2352=SURFACE_STYLE_USAGE(.BOTH.,#3949);
#2353=FACE_OUTER_BOUND('',#3950,.T.);
#2354=PLANE('',#3951);
#2355=SURFACE_STYLE_USAGE(.BOTH.,#3952);
#2356=FACE_OUTER_BOUND('',#3953,.T.);
#2357=PLANE('',#3954);
#2358=SURFACE_STYLE_USAGE(.BOTH.,#3955);
#2359=FACE_OUTER_BOUND('',#3956,.T.);
#2360=FACE_BOUND('',#3957,.T.);
#2361=PLANE('',#3958);
#2362=SURFACE_STYLE_USAGE(.BOTH.,#3959);
#2363=FACE_OUTER_BOUND('',#3960,.T.);
#2364=CYLINDRICAL_SURFACE('',#3961,0.750000000000002);
#2365=SURFACE_STYLE_USAGE(.BOTH.,#3962);
#2366=FACE_OUTER_BOUND('',#3963,.T.);
#2367=CONICAL_SURFACE('',#3964,0.650000000000008,0.785398163397446);
#2368=SURFACE_STYLE_USAGE(.BOTH.,#3965);
#2369=FACE_OUTER_BOUND('',#3966,.T.);
#2370=PLANE('',#3967);
#2371=SURFACE_STYLE_USAGE(.BOTH.,#3968);
#2372=FACE_OUTER_BOUND('',#3969,.T.);
#2373=PLANE('',#3970);
#2374=SURFACE_STYLE_USAGE(.BOTH.,#3971);
#2375=FACE_OUTER_BOUND('',#3972,.T.);
#2376=PLANE('',#3973);
#2377=SURFACE_STYLE_USAGE(.BOTH.,#3974);
#2378=FACE_OUTER_BOUND('',#3975,.T.);
#2379=PLANE('',#3976);
#2380=SURFACE_STYLE_USAGE(.BOTH.,#3977);
#2381=FACE_OUTER_BOUND('',#3978,.T.);
#2382=CYLINDRICAL_SURFACE('',#3979,0.199999999999999);
#2383=SURFACE_STYLE_USAGE(.BOTH.,#3980);
#2384=FACE_OUTER_BOUND('',#3981,.T.);
#2385=PLANE('',#3982);
#2386=SURFACE_STYLE_USAGE(.BOTH.,#3983);
#2387=FACE_OUTER_BOUND('',#3984,.T.);
#2388=PLANE('',#3985);
#2389=SURFACE_STYLE_USAGE(.BOTH.,#3986);
#2390=FACE_OUTER_BOUND('',#3987,.T.);
#2391=PLANE('',#3988);
#2392=SURFACE_STYLE_USAGE(.BOTH.,#3989);
#2393=FACE_OUTER_BOUND('',#3990,.T.);
#2394=PLANE('',#3991);
#2395=SURFACE_STYLE_USAGE(.BOTH.,#3992);
#2396=FACE_OUTER_BOUND('',#3993,.T.);
#2397=PLANE('',#3994);
#2398=SURFACE_STYLE_USAGE(.BOTH.,#3995);
#2399=FACE_OUTER_BOUND('',#3996,.T.);
#2400=PLANE('',#3997);
#2401=SURFACE_STYLE_USAGE(.BOTH.,#3998);
#2402=FACE_OUTER_BOUND('',#3999,.T.);
#2403=PLANE('',#4000);
#2404=SURFACE_STYLE_USAGE(.BOTH.,#4001);
#2405=FACE_OUTER_BOUND('',#4002,.T.);
#2406=PLANE('',#4003);
#2407=SURFACE_STYLE_USAGE(.BOTH.,#4004);
#2408=FACE_OUTER_BOUND('',#4005,.T.);
#2409=PLANE('',#4006);
#2410=SURFACE_STYLE_USAGE(.BOTH.,#4007);
#2411=FACE_OUTER_BOUND('',#4008,.T.);
#2412=PLANE('',#4009);
#2413=SURFACE_STYLE_USAGE(.BOTH.,#4010);
#2414=FACE_OUTER_BOUND('',#4011,.T.);
#2415=PLANE('',#4012);
#2416=SURFACE_STYLE_USAGE(.BOTH.,#4013);
#2417=FACE_OUTER_BOUND('',#4014,.T.);
#2418=PLANE('',#4015);
#2419=SURFACE_STYLE_USAGE(.BOTH.,#4016);
#2420=FACE_OUTER_BOUND('',#4017,.T.);
#2421=PLANE('',#4018);
#2422=SURFACE_STYLE_USAGE(.BOTH.,#4019);
#2423=FACE_OUTER_BOUND('',#4020,.T.);
#2424=PLANE('',#4021);
#2425=SURFACE_STYLE_USAGE(.BOTH.,#4022);
#2426=FACE_OUTER_BOUND('',#4023,.T.);
#2427=PLANE('',#4024);
#2428=SURFACE_STYLE_USAGE(.BOTH.,#4025);
#2429=FACE_OUTER_BOUND('',#4026,.T.);
#2430=PLANE('',#4027);
#2431=SURFACE_STYLE_USAGE(.BOTH.,#4028);
#2432=FACE_OUTER_BOUND('',#4029,.T.);
#2433=PLANE('',#4030);
#2434=SURFACE_STYLE_USAGE(.BOTH.,#4031);
#2435=FACE_OUTER_BOUND('',#4032,.T.);
#2436=PLANE('',#4033);
#2437=SURFACE_STYLE_USAGE(.BOTH.,#4034);
#2438=FACE_OUTER_BOUND('',#4035,.T.);
#2439=PLANE('',#4036);
#2440=SURFACE_STYLE_USAGE(.BOTH.,#4037);
#2441=FACE_OUTER_BOUND('',#4038,.T.);
#2442=FACE_BOUND('',#4039,.T.);
#2443=PLANE('',#4040);
#2444=SURFACE_STYLE_USAGE(.BOTH.,#4041);
#2445=FACE_OUTER_BOUND('',#4042,.T.);
#2446=PLANE('',#4043);
#2447=SURFACE_STYLE_USAGE(.BOTH.,#4044);
#2448=FACE_OUTER_BOUND('',#4045,.T.);
#2449=PLANE('',#4046);
#2450=SURFACE_STYLE_USAGE(.BOTH.,#4047);
#2451=FACE_OUTER_BOUND('',#4048,.T.);
#2452=PLANE('',#4049);
#2453=SURFACE_STYLE_USAGE(.BOTH.,#4050);
#2454=FACE_OUTER_BOUND('',#4051,.T.);
#2455=PLANE('',#4052);
#2456=SURFACE_STYLE_USAGE(.BOTH.,#4053);
#2457=FACE_OUTER_BOUND('',#4054,.T.);
#2458=PLANE('',#4055);
#2459=SURFACE_STYLE_USAGE(.BOTH.,#4056);
#2460=FACE_OUTER_BOUND('',#4057,.T.);
#2461=PLANE('',#4058);
#2462=SURFACE_STYLE_USAGE(.BOTH.,#4059);
#2463=FACE_OUTER_BOUND('',#4060,.T.);
#2464=PLANE('',#4061);
#2465=SURFACE_STYLE_USAGE(.BOTH.,#4062);
#2466=FACE_OUTER_BOUND('',#4063,.T.);
#2467=PLANE('',#4064);
#2468=SURFACE_STYLE_USAGE(.BOTH.,#4065);
#2469=FACE_OUTER_BOUND('',#4066,.T.);
#2470=PLANE('',#4067);
#2471=SURFACE_STYLE_USAGE(.BOTH.,#4068);
#2472=FACE_OUTER_BOUND('',#4069,.T.);
#2473=PLANE('',#4070);
#2474=SURFACE_STYLE_USAGE(.BOTH.,#4071);
#2475=FACE_OUTER_BOUND('',#4072,.T.);
#2476=PLANE('',#4073);
#2477=SURFACE_STYLE_USAGE(.BOTH.,#4074);
#2478=FACE_OUTER_BOUND('',#4075,.T.);
#2479=PLANE('',#4076);
#2480=SURFACE_STYLE_USAGE(.BOTH.,#4077);
#2481=FACE_OUTER_BOUND('',#4078,.T.);
#2482=PLANE('',#4079);
#2483=SURFACE_STYLE_USAGE(.BOTH.,#4080);
#2484=FACE_OUTER_BOUND('',#4081,.T.);
#2485=PLANE('',#4082);
#2486=SURFACE_STYLE_USAGE(.BOTH.,#4083);
#2487=FACE_OUTER_BOUND('',#4084,.T.);
#2488=PLANE('',#4085);
#2489=SURFACE_STYLE_USAGE(.BOTH.,#4086);
#2490=FACE_OUTER_BOUND('',#4087,.T.);
#2491=PLANE('',#4088);
#2492=SURFACE_STYLE_USAGE(.BOTH.,#4089);
#2493=FACE_OUTER_BOUND('',#4090,.T.);
#2494=PLANE('',#4091);
#2495=SURFACE_STYLE_USAGE(.BOTH.,#4092);
#2496=FACE_OUTER_BOUND('',#4093,.T.);
#2497=PLANE('',#4094);
#2498=SURFACE_STYLE_USAGE(.BOTH.,#4095);
#2499=FACE_OUTER_BOUND('',#4096,.T.);
#2500=PLANE('',#4097);
#2501=SURFACE_STYLE_USAGE(.BOTH.,#4098);
#2502=FACE_OUTER_BOUND('',#4099,.T.);
#2503=PLANE('',#4100);
#2504=SURFACE_STYLE_USAGE(.BOTH.,#4101);
#2505=FACE_OUTER_BOUND('',#4102,.T.);
#2506=PLANE('',#4103);
#2507=SURFACE_STYLE_USAGE(.BOTH.,#4104);
#2508=FACE_OUTER_BOUND('',#4105,.T.);
#2509=PLANE('',#4106);
#2510=SURFACE_STYLE_USAGE(.BOTH.,#4107);
#2511=FACE_OUTER_BOUND('',#4108,.T.);
#2512=CYLINDRICAL_SURFACE('',#4109,0.750000000000002);
#2513=SURFACE_STYLE_USAGE(.BOTH.,#4110);
#2514=FACE_OUTER_BOUND('',#4111,.T.);
#2515=CONICAL_SURFACE('',#4112,0.650000000000008,0.785398163397446);
#2516=SURFACE_STYLE_USAGE(.BOTH.,#4113);
#2517=CLOSED_SHELL('',(#767,#769,#771,#773,#775,#777,#779,#781,#783,#785,#787,#789,#791,#793,#795,#797,#799,#801,#803,#805,#807,#809,#811,#813,#815,#817,#819,#821,#823,#825,#827,#829,#831,#833,#835,#837,#839,#841,#843,#845,#847,#849,#851,#853,#855,#857,#859,#861,#863,#865,#867,#869,#871,#873,#875,#877,#879,#881,#883,#885,#887,#889,#891,#893,#895,#897,#899,#901,#903,#905,#907,#909,#911,#913,#915,#917,#919,#921,#923,#925,#927,#929,#931,#933,#935,#937,#939,#941,#943,#945,#947,#949,#951,#953,#955,#957,#959,#961,#963,#965,#967,#969,#971,#973,#975,#977,#979,#981,#983,#985,#987,#989,#991,#993,#995,#997,#999,#1001,#1003,#1005,#1007,#1009,#1011,#1013,#1015,#1017,#1019,#1021,#1023,#1025,#1027,#1029,#1031,#1033,#1035,#1037,#1039,#1041,#1043,#1045,#1047,#1049,#1051,#1053,#1055,#1057,#1059,#1061,#1063,#1065,#1067,#1069,#1071,#1073,#1075,#1077,#1079,#1081,#1083,#1085,#1087,#1089,#1091,#1093,#1095,#1097,#1099,#1101,#1103,#1105,#1107,#1109,#1111,#1113,#1115,#1117,#1119,#1121,#1123,#1125,#1127,#1129,#1131,#1133,#1135,#1137,#1139,#1141,#1143,#1145,#1147,#1149,#1151,#1153,#1155,#1157));
#2518=SURFACE_STYLE_USAGE(.BOTH.,#4114);
#2519=FACE_OUTER_BOUND('',#4115,.T.);
#2520=CYLINDRICAL_SURFACE('',#4116,0.8);
#2521=SURFACE_STYLE_USAGE(.BOTH.,#4117);
#2522=FACE_OUTER_BOUND('',#4118,.T.);
#2523=CYLINDRICAL_SURFACE('',#4119,0.7);
#2524=SURFACE_STYLE_USAGE(.BOTH.,#4120);
#2525=FACE_OUTER_BOUND('',#4121,.T.);
#2526=PLANE('',#4122);
#2527=SURFACE_STYLE_USAGE(.BOTH.,#4123);
#2528=FACE_OUTER_BOUND('',#4124,.T.);
#2529=CYLINDRICAL_SURFACE('',#4125,0.15);
#2530=SURFACE_STYLE_USAGE(.BOTH.,#4126);
#2531=FACE_OUTER_BOUND('',#4127,.T.);
#2532=PLANE('',#4128);
#2533=SURFACE_STYLE_USAGE(.BOTH.,#4129);
#2534=FACE_OUTER_BOUND('',#4130,.T.);
#2535=PLANE('',#4131);
#2536=SURFACE_STYLE_USAGE(.BOTH.,#4132);
#2537=FACE_OUTER_BOUND('',#4133,.T.);
#2538=PLANE('',#4134);
#2539=SURFACE_STYLE_USAGE(.BOTH.,#4135);
#2540=FACE_OUTER_BOUND('',#4136,.T.);
#2541=PLANE('',#4137);
#2542=SURFACE_STYLE_USAGE(.BOTH.,#4138);
#2543=FACE_OUTER_BOUND('',#4139,.T.);
#2544=PLANE('',#4140);
#2545=SURFACE_STYLE_USAGE(.BOTH.,#4141);
#2546=FACE_OUTER_BOUND('',#4142,.T.);
#2547=PLANE('',#4143);
#2548=SURFACE_STYLE_USAGE(.BOTH.,#4144);
#2549=FACE_OUTER_BOUND('',#4145,.T.);
#2550=CYLINDRICAL_SURFACE('',#4146,0.15);
#2551=SURFACE_STYLE_USAGE(.BOTH.,#4147);
#2552=FACE_OUTER_BOUND('',#4148,.T.);
#2553=CYLINDRICAL_SURFACE('',#4149,3.0);
#2554=SURFACE_STYLE_USAGE(.BOTH.,#4150);
#2555=FACE_OUTER_BOUND('',#4151,.T.);
#2556=PLANE('',#4152);
#2557=SURFACE_STYLE_USAGE(.BOTH.,#4153);
#2558=FACE_OUTER_BOUND('',#4154,.T.);
#2559=CYLINDRICAL_SURFACE('',#4155,0.7);
#2560=SURFACE_STYLE_USAGE(.BOTH.,#4156);
#2561=FACE_OUTER_BOUND('',#4157,.T.);
#2562=PLANE('',#4158);
#2563=SURFACE_STYLE_USAGE(.BOTH.,#4159);
#2564=FACE_OUTER_BOUND('',#4160,.T.);
#2565=CYLINDRICAL_SURFACE('',#4161,0.8);
#2566=SURFACE_STYLE_USAGE(.BOTH.,#4162);
#2567=FACE_OUTER_BOUND('',#4163,.T.);
#2568=CYLINDRICAL_SURFACE('',#4164,5.0);
#2569=SURFACE_STYLE_USAGE(.BOTH.,#4165);
#2570=FACE_OUTER_BOUND('',#4166,.T.);
#2571=PLANE('',#4167);
#2572=SURFACE_STYLE_USAGE(.BOTH.,#4168);
#2573=FACE_OUTER_BOUND('',#4169,.T.);
#2574=PLANE('',#4170);
#2575=SURFACE_STYLE_USAGE(.BOTH.,#4171);
#2576=FACE_OUTER_BOUND('',#4172,.T.);
#2577=CYLINDRICAL_SURFACE('',#4173,0.3);
#2578=SURFACE_STYLE_USAGE(.BOTH.,#4174);
#2579=FACE_OUTER_BOUND('',#4175,.T.);
#2580=PLANE('',#4176);
#2581=SURFACE_STYLE_USAGE(.BOTH.,#4177);
#2582=FACE_OUTER_BOUND('',#4178,.T.);
#2583=PLANE('',#4179);
#2584=SURFACE_STYLE_USAGE(.BOTH.,#4180);
#2585=FACE_OUTER_BOUND('',#4181,.T.);
#2586=PLANE('',#4182);
#2587=SURFACE_STYLE_USAGE(.BOTH.,#4183);
#2588=FACE_OUTER_BOUND('',#4184,.T.);
#2589=PLANE('',#4185);
#2590=SURFACE_STYLE_USAGE(.BOTH.,#4186);
#2591=FACE_OUTER_BOUND('',#4187,.T.);
#2592=PLANE('',#4188);
#2593=SURFACE_STYLE_USAGE(.BOTH.,#4189);
#2594=FACE_OUTER_BOUND('',#4190,.T.);
#2595=PLANE('',#4191);
#2596=SURFACE_STYLE_USAGE(.BOTH.,#4192);
#2597=FACE_OUTER_BOUND('',#4193,.T.);
#2598=PLANE('',#4194);
#2599=SURFACE_STYLE_USAGE(.BOTH.,#4195);
#2600=FACE_OUTER_BOUND('',#4196,.T.);
#2601=PLANE('',#4197);
#2602=SURFACE_STYLE_USAGE(.BOTH.,#4198);
#2603=FACE_OUTER_BOUND('',#4199,.T.);
#2604=CYLINDRICAL_SURFACE('',#4200,1.0);
#2605=SURFACE_STYLE_USAGE(.BOTH.,#4201);
#2606=FACE_OUTER_BOUND('',#4202,.T.);
#2607=CYLINDRICAL_SURFACE('',#4203,5.0);
#2608=SURFACE_STYLE_USAGE(.BOTH.,#4204);
#2609=FACE_OUTER_BOUND('',#4205,.T.);
#2610=PLANE('',#4206);
#2611=SURFACE_STYLE_USAGE(.BOTH.,#4207);
#2612=FACE_OUTER_BOUND('',#4208,.T.);
#2613=PLANE('',#4209);
#2614=SURFACE_STYLE_USAGE(.BOTH.,#4210);
#2615=FACE_OUTER_BOUND('',#4211,.T.);
#2616=CYLINDRICAL_SURFACE('',#4212,0.25);
#2617=SURFACE_STYLE_USAGE(.BOTH.,#4213);
#2618=FACE_OUTER_BOUND('',#4214,.T.);
#2619=PLANE('',#4215);
#2620=SURFACE_STYLE_USAGE(.BOTH.,#4216);
#2621=FACE_OUTER_BOUND('',#4217,.T.);
#2622=CYLINDRICAL_SURFACE('',#4218,0.15);
#2623=SURFACE_STYLE_USAGE(.BOTH.,#4219);
#2624=FACE_OUTER_BOUND('',#4220,.T.);
#2625=CYLINDRICAL_SURFACE('',#4221,0.0999999999999998);
#2626=SURFACE_STYLE_USAGE(.BOTH.,#4222);
#2627=FACE_OUTER_BOUND('',#4223,.T.);
#2628=PLANE('',#4224);
#2629=SURFACE_STYLE_USAGE(.BOTH.,#4225);
#2630=FACE_OUTER_BOUND('',#4226,.T.);
#2631=PLANE('',#4227);
#2632=SURFACE_STYLE_USAGE(.BOTH.,#4228);
#2633=FACE_OUTER_BOUND('',#4229,.T.);
#2634=PLANE('',#4230);
#2635=SURFACE_STYLE_USAGE(.BOTH.,#4231);
#2636=FACE_OUTER_BOUND('',#4232,.T.);
#2637=PLANE('',#4233);
#2638=SURFACE_STYLE_USAGE(.BOTH.,#4234);
#2639=FACE_OUTER_BOUND('',#4235,.T.);
#2640=PLANE('',#4236);
#2641=SURFACE_STYLE_USAGE(.BOTH.,#4237);
#2642=FACE_OUTER_BOUND('',#4238,.T.);
#2643=PLANE('',#4239);
#2644=SURFACE_STYLE_USAGE(.BOTH.,#4240);
#2645=CLOSED_SHELL('',(#1161,#1163,#1165,#1167,#1169,#1171,#1173,#1175,#1177,#1179,#1181,#1183,#1185,#1187,#1189,#1191,#1193,#1195,#1197,#1199,#1201,#1203,#1205,#1207,#1209,#1211,#1213,#1215,#1217,#1219,#1221,#1223,#1225,#1227,#1229,#1231,#1233,#1235,#1237,#1239,#1241,#1243));
#2646=SURFACE_STYLE_USAGE(.BOTH.,#4241);
#2647=FACE_OUTER_BOUND('',#4242,.T.);
#2648=CYLINDRICAL_SURFACE('',#4243,0.8);
#2649=SURFACE_STYLE_USAGE(.BOTH.,#4244);
#2650=FACE_OUTER_BOUND('',#4245,.T.);
#2651=CYLINDRICAL_SURFACE('',#4246,0.7);
#2652=SURFACE_STYLE_USAGE(.BOTH.,#4247);
#2653=FACE_OUTER_BOUND('',#4248,.T.);
#2654=PLANE('',#4249);
#2655=SURFACE_STYLE_USAGE(.BOTH.,#4250);
#2656=FACE_OUTER_BOUND('',#4251,.T.);
#2657=CYLINDRICAL_SURFACE('',#4252,0.15);
#2658=SURFACE_STYLE_USAGE(.BOTH.,#4253);
#2659=FACE_OUTER_BOUND('',#4254,.T.);
#2660=PLANE('',#4255);
#2661=SURFACE_STYLE_USAGE(.BOTH.,#4256);
#2662=FACE_OUTER_BOUND('',#4257,.T.);
#2663=PLANE('',#4258);
#2664=SURFACE_STYLE_USAGE(.BOTH.,#4259);
#2665=FACE_OUTER_BOUND('',#4260,.T.);
#2666=PLANE('',#4261);
#2667=SURFACE_STYLE_USAGE(.BOTH.,#4262);
#2668=FACE_OUTER_BOUND('',#4263,.T.);
#2669=PLANE('',#4264);
#2670=SURFACE_STYLE_USAGE(.BOTH.,#4265);
#2671=FACE_OUTER_BOUND('',#4266,.T.);
#2672=PLANE('',#4267);
#2673=SURFACE_STYLE_USAGE(.BOTH.,#4268);
#2674=FACE_OUTER_BOUND('',#4269,.T.);
#2675=PLANE('',#4270);
#2676=SURFACE_STYLE_USAGE(.BOTH.,#4271);
#2677=FACE_OUTER_BOUND('',#4272,.T.);
#2678=CYLINDRICAL_SURFACE('',#4273,0.15);
#2679=SURFACE_STYLE_USAGE(.BOTH.,#4274);
#2680=FACE_OUTER_BOUND('',#4275,.T.);
#2681=CYLINDRICAL_SURFACE('',#4276,3.0);
#2682=SURFACE_STYLE_USAGE(.BOTH.,#4277);
#2683=FACE_OUTER_BOUND('',#4278,.T.);
#2684=PLANE('',#4279);
#2685=SURFACE_STYLE_USAGE(.BOTH.,#4280);
#2686=FACE_OUTER_BOUND('',#4281,.T.);
#2687=CYLINDRICAL_SURFACE('',#4282,0.7);
#2688=SURFACE_STYLE_USAGE(.BOTH.,#4283);
#2689=FACE_OUTER_BOUND('',#4284,.T.);
#2690=PLANE('',#4285);
#2691=SURFACE_STYLE_USAGE(.BOTH.,#4286);
#2692=FACE_OUTER_BOUND('',#4287,.T.);
#2693=CYLINDRICAL_SURFACE('',#4288,0.8);
#2694=SURFACE_STYLE_USAGE(.BOTH.,#4289);
#2695=FACE_OUTER_BOUND('',#4290,.T.);
#2696=CYLINDRICAL_SURFACE('',#4291,5.0);
#2697=SURFACE_STYLE_USAGE(.BOTH.,#4292);
#2698=FACE_OUTER_BOUND('',#4293,.T.);
#2699=PLANE('',#4294);
#2700=SURFACE_STYLE_USAGE(.BOTH.,#4295);
#2701=FACE_OUTER_BOUND('',#4296,.T.);
#2702=PLANE('',#4297);
#2703=SURFACE_STYLE_USAGE(.BOTH.,#4298);
#2704=FACE_OUTER_BOUND('',#4299,.T.);
#2705=CYLINDRICAL_SURFACE('',#4300,0.3);
#2706=SURFACE_STYLE_USAGE(.BOTH.,#4301);
#2707=FACE_OUTER_BOUND('',#4302,.T.);
#2708=PLANE('',#4303);
#2709=SURFACE_STYLE_USAGE(.BOTH.,#4304);
#2710=FACE_OUTER_BOUND('',#4305,.T.);
#2711=PLANE('',#4306);
#2712=SURFACE_STYLE_USAGE(.BOTH.,#4307);
#2713=FACE_OUTER_BOUND('',#4308,.T.);
#2714=PLANE('',#4309);
#2715=SURFACE_STYLE_USAGE(.BOTH.,#4310);
#2716=FACE_OUTER_BOUND('',#4311,.T.);
#2717=PLANE('',#4312);
#2718=SURFACE_STYLE_USAGE(.BOTH.,#4313);
#2719=FACE_OUTER_BOUND('',#4314,.T.);
#2720=PLANE('',#4315);
#2721=SURFACE_STYLE_USAGE(.BOTH.,#4316);
#2722=FACE_OUTER_BOUND('',#4317,.T.);
#2723=PLANE('',#4318);
#2724=SURFACE_STYLE_USAGE(.BOTH.,#4319);
#2725=FACE_OUTER_BOUND('',#4320,.T.);
#2726=PLANE('',#4321);
#2727=SURFACE_STYLE_USAGE(.BOTH.,#4322);
#2728=FACE_OUTER_BOUND('',#4323,.T.);
#2729=PLANE('',#4324);
#2730=SURFACE_STYLE_USAGE(.BOTH.,#4325);
#2731=FACE_OUTER_BOUND('',#4326,.T.);
#2732=CYLINDRICAL_SURFACE('',#4327,1.0);
#2733=SURFACE_STYLE_USAGE(.BOTH.,#4328);
#2734=FACE_OUTER_BOUND('',#4329,.T.);
#2735=CYLINDRICAL_SURFACE('',#4330,5.0);
#2736=SURFACE_STYLE_USAGE(.BOTH.,#4331);
#2737=FACE_OUTER_BOUND('',#4332,.T.);
#2738=PLANE('',#4333);
#2739=SURFACE_STYLE_USAGE(.BOTH.,#4334);
#2740=FACE_OUTER_BOUND('',#4335,.T.);
#2741=PLANE('',#4336);
#2742=SURFACE_STYLE_USAGE(.BOTH.,#4337);
#2743=FACE_OUTER_BOUND('',#4338,.T.);
#2744=CYLINDRICAL_SURFACE('',#4339,0.25);
#2745=SURFACE_STYLE_USAGE(.BOTH.,#4340);
#2746=FACE_OUTER_BOUND('',#4341,.T.);
#2747=PLANE('',#4342);
#2748=SURFACE_STYLE_USAGE(.BOTH.,#4343);
#2749=FACE_OUTER_BOUND('',#4344,.T.);
#2750=CYLINDRICAL_SURFACE('',#4345,0.15);
#2751=SURFACE_STYLE_USAGE(.BOTH.,#4346);
#2752=FACE_OUTER_BOUND('',#4347,.T.);
#2753=CYLINDRICAL_SURFACE('',#4348,0.0999999999999998);
#2754=SURFACE_STYLE_USAGE(.BOTH.,#4349);
#2755=FACE_OUTER_BOUND('',#4350,.T.);
#2756=PLANE('',#4351);
#2757=SURFACE_STYLE_USAGE(.BOTH.,#4352);
#2758=FACE_OUTER_BOUND('',#4353,.T.);
#2759=PLANE('',#4354);
#2760=SURFACE_STYLE_USAGE(.BOTH.,#4355);
#2761=FACE_OUTER_BOUND('',#4356,.T.);
#2762=PLANE('',#4357);
#2763=SURFACE_STYLE_USAGE(.BOTH.,#4358);
#2764=FACE_OUTER_BOUND('',#4359,.T.);
#2765=PLANE('',#4360);
#2766=SURFACE_STYLE_USAGE(.BOTH.,#4361);
#2767=FACE_OUTER_BOUND('',#4362,.T.);
#2768=PLANE('',#4363);
#2769=SURFACE_STYLE_USAGE(.BOTH.,#4364);
#2770=FACE_OUTER_BOUND('',#4365,.T.);
#2771=PLANE('',#4366);
#2772=SURFACE_STYLE_USAGE(.BOTH.,#4367);
#2773=CLOSED_SHELL('',(#1247,#1249,#1251,#1253,#1255,#1257,#1259,#1261,#1263,#1265,#1267,#1269,#1271,#1273,#1275,#1277,#1279,#1281,#1283,#1285,#1287,#1289,#1291,#1293,#1295,#1297,#1299,#1301,#1303,#1305,#1307,#1309,#1311,#1313,#1315,#1317,#1319,#1321,#1323,#1325,#1327,#1329));
#2774=SURFACE_STYLE_USAGE(.BOTH.,#4368);
#2775=FACE_OUTER_BOUND('',#4369,.T.);
#2776=CYLINDRICAL_SURFACE('',#4370,0.8);
#2777=SURFACE_STYLE_USAGE(.BOTH.,#4371);
#2778=FACE_OUTER_BOUND('',#4372,.T.);
#2779=CYLINDRICAL_SURFACE('',#4373,0.7);
#2780=SURFACE_STYLE_USAGE(.BOTH.,#4374);
#2781=FACE_OUTER_BOUND('',#4375,.T.);
#2782=PLANE('',#4376);
#2783=SURFACE_STYLE_USAGE(.BOTH.,#4377);
#2784=FACE_OUTER_BOUND('',#4378,.T.);
#2785=CYLINDRICAL_SURFACE('',#4379,0.15);
#2786=SURFACE_STYLE_USAGE(.BOTH.,#4380);
#2787=FACE_OUTER_BOUND('',#4381,.T.);
#2788=PLANE('',#4382);
#2789=SURFACE_STYLE_USAGE(.BOTH.,#4383);
#2790=FACE_OUTER_BOUND('',#4384,.T.);
#2791=PLANE('',#4385);
#2792=SURFACE_STYLE_USAGE(.BOTH.,#4386);
#2793=FACE_OUTER_BOUND('',#4387,.T.);
#2794=PLANE('',#4388);
#2795=SURFACE_STYLE_USAGE(.BOTH.,#4389);
#2796=FACE_OUTER_BOUND('',#4390,.T.);
#2797=PLANE('',#4391);
#2798=SURFACE_STYLE_USAGE(.BOTH.,#4392);
#2799=FACE_OUTER_BOUND('',#4393,.T.);
#2800=PLANE('',#4394);
#2801=SURFACE_STYLE_USAGE(.BOTH.,#4395);
#2802=FACE_OUTER_BOUND('',#4396,.T.);
#2803=PLANE('',#4397);
#2804=SURFACE_STYLE_USAGE(.BOTH.,#4398);
#2805=FACE_OUTER_BOUND('',#4399,.T.);
#2806=CYLINDRICAL_SURFACE('',#4400,0.15);
#2807=SURFACE_STYLE_USAGE(.BOTH.,#4401);
#2808=FACE_OUTER_BOUND('',#4402,.T.);
#2809=CYLINDRICAL_SURFACE('',#4403,3.0);
#2810=SURFACE_STYLE_USAGE(.BOTH.,#4404);
#2811=FACE_OUTER_BOUND('',#4405,.T.);
#2812=PLANE('',#4406);
#2813=SURFACE_STYLE_USAGE(.BOTH.,#4407);
#2814=FACE_OUTER_BOUND('',#4408,.T.);
#2815=CYLINDRICAL_SURFACE('',#4409,0.7);
#2816=SURFACE_STYLE_USAGE(.BOTH.,#4410);
#2817=FACE_OUTER_BOUND('',#4411,.T.);
#2818=PLANE('',#4412);
#2819=SURFACE_STYLE_USAGE(.BOTH.,#4413);
#2820=FACE_OUTER_BOUND('',#4414,.T.);
#2821=CYLINDRICAL_SURFACE('',#4415,0.8);
#2822=SURFACE_STYLE_USAGE(.BOTH.,#4416);
#2823=FACE_OUTER_BOUND('',#4417,.T.);
#2824=CYLINDRICAL_SURFACE('',#4418,5.0);
#2825=SURFACE_STYLE_USAGE(.BOTH.,#4419);
#2826=FACE_OUTER_BOUND('',#4420,.T.);
#2827=PLANE('',#4421);
#2828=SURFACE_STYLE_USAGE(.BOTH.,#4422);
#2829=FACE_OUTER_BOUND('',#4423,.T.);
#2830=PLANE('',#4424);
#2831=SURFACE_STYLE_USAGE(.BOTH.,#4425);
#2832=FACE_OUTER_BOUND('',#4426,.T.);
#2833=CYLINDRICAL_SURFACE('',#4427,0.3);
#2834=SURFACE_STYLE_USAGE(.BOTH.,#4428);
#2835=FACE_OUTER_BOUND('',#4429,.T.);
#2836=PLANE('',#4430);
#2837=SURFACE_STYLE_USAGE(.BOTH.,#4431);
#2838=FACE_OUTER_BOUND('',#4432,.T.);
#2839=PLANE('',#4433);
#2840=SURFACE_STYLE_USAGE(.BOTH.,#4434);
#2841=FACE_OUTER_BOUND('',#4435,.T.);
#2842=PLANE('',#4436);
#2843=SURFACE_STYLE_USAGE(.BOTH.,#4437);
#2844=FACE_OUTER_BOUND('',#4438,.T.);
#2845=PLANE('',#4439);
#2846=SURFACE_STYLE_USAGE(.BOTH.,#4440);
#2847=FACE_OUTER_BOUND('',#4441,.T.);
#2848=PLANE('',#4442);
#2849=SURFACE_STYLE_USAGE(.BOTH.,#4443);
#2850=FACE_OUTER_BOUND('',#4444,.T.);
#2851=PLANE('',#4445);
#2852=SURFACE_STYLE_USAGE(.BOTH.,#4446);
#2853=FACE_OUTER_BOUND('',#4447,.T.);
#2854=PLANE('',#4448);
#2855=SURFACE_STYLE_USAGE(.BOTH.,#4449);
#2856=FACE_OUTER_BOUND('',#4450,.T.);
#2857=PLANE('',#4451);
#2858=SURFACE_STYLE_USAGE(.BOTH.,#4452);
#2859=FACE_OUTER_BOUND('',#4453,.T.);
#2860=CYLINDRICAL_SURFACE('',#4454,1.0);
#2861=SURFACE_STYLE_USAGE(.BOTH.,#4455);
#2862=FACE_OUTER_BOUND('',#4456,.T.);
#2863=CYLINDRICAL_SURFACE('',#4457,5.0);
#2864=SURFACE_STYLE_USAGE(.BOTH.,#4458);
#2865=FACE_OUTER_BOUND('',#4459,.T.);
#2866=PLANE('',#4460);
#2867=SURFACE_STYLE_USAGE(.BOTH.,#4461);
#2868=FACE_OUTER_BOUND('',#4462,.T.);
#2869=PLANE('',#4463);
#2870=SURFACE_STYLE_USAGE(.BOTH.,#4464);
#2871=FACE_OUTER_BOUND('',#4465,.T.);
#2872=CYLINDRICAL_SURFACE('',#4466,0.25);
#2873=SURFACE_STYLE_USAGE(.BOTH.,#4467);
#2874=FACE_OUTER_BOUND('',#4468,.T.);
#2875=PLANE('',#4469);
#2876=SURFACE_STYLE_USAGE(.BOTH.,#4470);
#2877=FACE_OUTER_BOUND('',#4471,.T.);
#2878=CYLINDRICAL_SURFACE('',#4472,0.15);
#2879=SURFACE_STYLE_USAGE(.BOTH.,#4473);
#2880=FACE_OUTER_BOUND('',#4474,.T.);
#2881=CYLINDRICAL_SURFACE('',#4475,0.0999999999999998);
#2882=SURFACE_STYLE_USAGE(.BOTH.,#4476);
#2883=FACE_OUTER_BOUND('',#4477,.T.);
#2884=PLANE('',#4478);
#2885=SURFACE_STYLE_USAGE(.BOTH.,#4479);
#2886=FACE_OUTER_BOUND('',#4480,.T.);
#2887=PLANE('',#4481);
#2888=SURFACE_STYLE_USAGE(.BOTH.,#4482);
#2889=FACE_OUTER_BOUND('',#4483,.T.);
#2890=PLANE('',#4484);
#2891=SURFACE_STYLE_USAGE(.BOTH.,#4485);
#2892=FACE_OUTER_BOUND('',#4486,.T.);
#2893=PLANE('',#4487);
#2894=SURFACE_STYLE_USAGE(.BOTH.,#4488);
#2895=FACE_OUTER_BOUND('',#4489,.T.);
#2896=PLANE('',#4490);
#2897=SURFACE_STYLE_USAGE(.BOTH.,#4491);
#2898=FACE_OUTER_BOUND('',#4492,.T.);
#2899=PLANE('',#4493);
#2900=SURFACE_STYLE_USAGE(.BOTH.,#4494);
#2901=CLOSED_SHELL('',(#1333,#1335,#1337,#1339,#1341,#1343,#1345,#1347,#1349,#1351,#1353,#1355,#1357,#1359,#1361,#1363,#1365,#1367,#1369,#1371,#1373,#1375,#1377,#1379,#1381,#1383,#1385,#1387,#1389,#1391,#1393,#1395,#1397,#1399,#1401,#1403,#1405,#1407,#1409,#1411,#1413,#1415));
#2902=SURFACE_STYLE_USAGE(.BOTH.,#4495);
#2903=FACE_OUTER_BOUND('',#4496,.T.);
#2904=PLANE('',#4497);
#2905=SURFACE_STYLE_USAGE(.BOTH.,#4498);
#2906=FACE_OUTER_BOUND('',#4499,.T.);
#2907=PLANE('',#4500);
#2908=SURFACE_STYLE_USAGE(.BOTH.,#4501);
#2909=FACE_OUTER_BOUND('',#4502,.T.);
#2910=CYLINDRICAL_SURFACE('',#4503,0.2);
#2911=SURFACE_STYLE_USAGE(.BOTH.,#4504);
#2912=FACE_OUTER_BOUND('',#4505,.T.);
#2913=PLANE('',#4506);
#2914=SURFACE_STYLE_USAGE(.BOTH.,#4507);
#2915=FACE_OUTER_BOUND('',#4508,.T.);
#2916=PLANE('',#4509);
#2917=SURFACE_STYLE_USAGE(.BOTH.,#4510);
#2918=FACE_OUTER_BOUND('',#4511,.T.);
#2919=CYLINDRICAL_SURFACE('',#4512,0.2);
#2920=SURFACE_STYLE_USAGE(.BOTH.,#4513);
#2921=FACE_OUTER_BOUND('',#4514,.T.);
#2922=CYLINDRICAL_SURFACE('',#4515,0.2);
#2923=SURFACE_STYLE_USAGE(.BOTH.,#4516);
#2924=FACE_OUTER_BOUND('',#4517,.T.);
#2925=CYLINDRICAL_SURFACE('',#4518,0.2);
#2926=SURFACE_STYLE_USAGE(.BOTH.,#4519);
#2927=FACE_OUTER_BOUND('',#4520,.T.);
#2928=PLANE('',#4521);
#2929=SURFACE_STYLE_USAGE(.BOTH.,#4522);
#2930=FACE_OUTER_BOUND('',#4523,.T.);
#2931=PLANE('',#4524);
#2932=SURFACE_STYLE_USAGE(.BOTH.,#4525);
#2933=FACE_OUTER_BOUND('',#4526,.T.);
#2934=PLANE('',#4527);
#2935=SURFACE_STYLE_USAGE(.BOTH.,#4528);
#2936=FACE_OUTER_BOUND('',#4529,.T.);
#2937=PLANE('',#4530);
#2938=SURFACE_STYLE_USAGE(.BOTH.,#4531);
#2939=FACE_OUTER_BOUND('',#4532,.T.);
#2940=PLANE('',#4533);
#2941=SURFACE_STYLE_USAGE(.BOTH.,#4534);
#2942=FACE_OUTER_BOUND('',#4535,.T.);
#2943=PLANE('',#4536);
#2944=SURFACE_STYLE_USAGE(.BOTH.,#4537);
#2945=FACE_OUTER_BOUND('',#4538,.T.);
#2946=PLANE('',#4539);
#2947=SURFACE_STYLE_USAGE(.BOTH.,#4540);
#2948=FACE_OUTER_BOUND('',#4541,.T.);
#2949=CYLINDRICAL_SURFACE('',#4542,0.2);
#2950=SURFACE_STYLE_USAGE(.BOTH.,#4543);
#2951=FACE_OUTER_BOUND('',#4544,.T.);
#2952=PLANE('',#4545);
#2953=SURFACE_STYLE_USAGE(.BOTH.,#4546);
#2954=FACE_OUTER_BOUND('',#4547,.T.);
#2955=PLANE('',#4548);
#2956=SURFACE_STYLE_USAGE(.BOTH.,#4549);
#2957=FACE_OUTER_BOUND('',#4550,.T.);
#2958=PLANE('',#4551);
#2959=SURFACE_STYLE_USAGE(.BOTH.,#4552);
#2960=FACE_OUTER_BOUND('',#4553,.T.);
#2961=PLANE('',#4554);
#2962=SURFACE_STYLE_USAGE(.BOTH.,#4555);
#2963=FACE_OUTER_BOUND('',#4556,.T.);
#2964=PLANE('',#4557);
#2965=SURFACE_STYLE_USAGE(.BOTH.,#4558);
#2966=FACE_OUTER_BOUND('',#4559,.T.);
#2967=PLANE('',#4560);
#2968=SURFACE_STYLE_USAGE(.BOTH.,#4561);
#2969=FACE_OUTER_BOUND('',#4562,.T.);
#2970=PLANE('',#4563);
#2971=SURFACE_STYLE_USAGE(.BOTH.,#4564);
#2972=FACE_OUTER_BOUND('',#4565,.T.);
#2973=CYLINDRICAL_SURFACE('',#4566,0.2);
#2974=SURFACE_STYLE_USAGE(.BOTH.,#4567);
#2975=CLOSED_SHELL('',(#1419,#1421,#1423,#1425,#1427,#1429,#1431,#1433,#1435,#1437,#1439,#1441,#1443,#1445,#1447,#1449,#1451,#1453,#1455,#1457,#1459,#1461,#1463,#1465));
#2976=SURFACE_STYLE_USAGE(.BOTH.,#4568);
#2977=FACE_OUTER_BOUND('',#4569,.T.);
#2978=CYLINDRICAL_SURFACE('',#4570,0.8);
#2979=SURFACE_STYLE_USAGE(.BOTH.,#4571);
#2980=FACE_OUTER_BOUND('',#4572,.T.);
#2981=CYLINDRICAL_SURFACE('',#4573,0.7);
#2982=SURFACE_STYLE_USAGE(.BOTH.,#4574);
#2983=FACE_OUTER_BOUND('',#4575,.T.);
#2984=PLANE('',#4576);
#2985=SURFACE_STYLE_USAGE(.BOTH.,#4577);
#2986=FACE_OUTER_BOUND('',#4578,.T.);
#2987=PLANE('',#4579);
#2988=SURFACE_STYLE_USAGE(.BOTH.,#4580);
#2989=FACE_OUTER_BOUND('',#4581,.T.);
#2990=PLANE('',#4582);
#2991=SURFACE_STYLE_USAGE(.BOTH.,#4583);
#2992=FACE_OUTER_BOUND('',#4584,.T.);
#2993=CYLINDRICAL_SURFACE('',#4585,0.25);
#2994=SURFACE_STYLE_USAGE(.BOTH.,#4586);
#2995=FACE_OUTER_BOUND('',#4587,.T.);
#2996=PLANE('',#4588);
#2997=SURFACE_STYLE_USAGE(.BOTH.,#4589);
#2998=FACE_OUTER_BOUND('',#4590,.T.);
#2999=PLANE('',#4591);
#3000=SURFACE_STYLE_USAGE(.BOTH.,#4592);
#3001=FACE_OUTER_BOUND('',#4593,.T.);
#3002=PLANE('',#4594);
#3003=SURFACE_STYLE_USAGE(.BOTH.,#4595);
#3004=FACE_OUTER_BOUND('',#4596,.T.);
#3005=CYLINDRICAL_SURFACE('',#4597,0.15);
#3006=SURFACE_STYLE_USAGE(.BOTH.,#4598);
#3007=FACE_OUTER_BOUND('',#4599,.T.);
#3008=CYLINDRICAL_SURFACE('',#4600,0.15);
#3009=SURFACE_STYLE_USAGE(.BOTH.,#4601);
#3010=FACE_OUTER_BOUND('',#4602,.T.);
#3011=PLANE('',#4603);
#3012=SURFACE_STYLE_USAGE(.BOTH.,#4604);
#3013=FACE_OUTER_BOUND('',#4605,.T.);
#3014=PLANE('',#4606);
#3015=SURFACE_STYLE_USAGE(.BOTH.,#4607);
#3016=FACE_OUTER_BOUND('',#4608,.T.);
#3017=CYLINDRICAL_SURFACE('',#4609,1.0);
#3018=SURFACE_STYLE_USAGE(.BOTH.,#4610);
#3019=FACE_OUTER_BOUND('',#4611,.T.);
#3020=PLANE('',#4612);
#3021=SURFACE_STYLE_USAGE(.BOTH.,#4613);
#3022=FACE_OUTER_BOUND('',#4614,.T.);
#3023=PLANE('',#4615);
#3024=SURFACE_STYLE_USAGE(.BOTH.,#4616);
#3025=FACE_OUTER_BOUND('',#4617,.T.);
#3026=CYLINDRICAL_SURFACE('',#4618,0.0999999999999999);
#3027=SURFACE_STYLE_USAGE(.BOTH.,#4619);
#3028=FACE_OUTER_BOUND('',#4620,.T.);
#3029=CYLINDRICAL_SURFACE('',#4621,0.3);
#3030=SURFACE_STYLE_USAGE(.BOTH.,#4622);
#3031=FACE_OUTER_BOUND('',#4623,.T.);
#3032=PLANE('',#4624);
#3033=SURFACE_STYLE_USAGE(.BOTH.,#4625);
#3034=FACE_OUTER_BOUND('',#4626,.T.);
#3035=CYLINDRICAL_SURFACE('',#4627,5.0);
#3036=SURFACE_STYLE_USAGE(.BOTH.,#4628);
#3037=FACE_OUTER_BOUND('',#4629,.T.);
#3038=PLANE('',#4630);
#3039=SURFACE_STYLE_USAGE(.BOTH.,#4631);
#3040=FACE_OUTER_BOUND('',#4632,.T.);
#3041=PLANE('',#4633);
#3042=SURFACE_STYLE_USAGE(.BOTH.,#4634);
#3043=FACE_OUTER_BOUND('',#4635,.T.);
#3044=PLANE('',#4636);
#3045=SURFACE_STYLE_USAGE(.BOTH.,#4637);
#3046=FACE_OUTER_BOUND('',#4638,.T.);
#3047=CYLINDRICAL_SURFACE('',#4639,0.15);
#3048=SURFACE_STYLE_USAGE(.BOTH.,#4640);
#3049=FACE_OUTER_BOUND('',#4641,.T.);
#3050=PLANE('',#4642);
#3051=SURFACE_STYLE_USAGE(.BOTH.,#4643);
#3052=FACE_OUTER_BOUND('',#4644,.T.);
#3053=PLANE('',#4645);
#3054=SURFACE_STYLE_USAGE(.BOTH.,#4646);
#3055=FACE_OUTER_BOUND('',#4647,.T.);
#3056=PLANE('',#4648);
#3057=SURFACE_STYLE_USAGE(.BOTH.,#4649);
#3058=FACE_OUTER_BOUND('',#4650,.T.);
#3059=CYLINDRICAL_SURFACE('',#4651,0.7);
#3060=SURFACE_STYLE_USAGE(.BOTH.,#4652);
#3061=FACE_OUTER_BOUND('',#4653,.T.);
#3062=PLANE('',#4654);
#3063=SURFACE_STYLE_USAGE(.BOTH.,#4655);
#3064=FACE_OUTER_BOUND('',#4656,.T.);
#3065=PLANE('',#4657);
#3066=SURFACE_STYLE_USAGE(.BOTH.,#4658);
#3067=FACE_OUTER_BOUND('',#4659,.T.);
#3068=PLANE('',#4660);
#3069=SURFACE_STYLE_USAGE(.BOTH.,#4661);
#3070=FACE_OUTER_BOUND('',#4662,.T.);
#3071=PLANE('',#4663);
#3072=SURFACE_STYLE_USAGE(.BOTH.,#4664);
#3073=FACE_OUTER_BOUND('',#4665,.T.);
#3074=PLANE('',#4666);
#3075=SURFACE_STYLE_USAGE(.BOTH.,#4667);
#3076=FACE_OUTER_BOUND('',#4668,.T.);
#3077=PLANE('',#4669);
#3078=SURFACE_STYLE_USAGE(.BOTH.,#4670);
#3079=FACE_OUTER_BOUND('',#4671,.T.);
#3080=PLANE('',#4672);
#3081=SURFACE_STYLE_USAGE(.BOTH.,#4673);
#3082=FACE_OUTER_BOUND('',#4674,.T.);
#3083=PLANE('',#4675);
#3084=SURFACE_STYLE_USAGE(.BOTH.,#4676);
#3085=FACE_OUTER_BOUND('',#4677,.T.);
#3086=PLANE('',#4678);
#3087=SURFACE_STYLE_USAGE(.BOTH.,#4679);
#3088=FACE_OUTER_BOUND('',#4680,.T.);
#3089=CYLINDRICAL_SURFACE('',#4681,5.0);
#3090=SURFACE_STYLE_USAGE(.BOTH.,#4682);
#3091=FACE_OUTER_BOUND('',#4683,.T.);
#3092=PLANE('',#4684);
#3093=SURFACE_STYLE_USAGE(.BOTH.,#4685);
#3094=FACE_OUTER_BOUND('',#4686,.T.);
#3095=CYLINDRICAL_SURFACE('',#4687,3.0);
#3096=SURFACE_STYLE_USAGE(.BOTH.,#4688);
#3097=FACE_OUTER_BOUND('',#4689,.T.);
#3098=CYLINDRICAL_SURFACE('',#4690,0.8);
#3099=SURFACE_STYLE_USAGE(.BOTH.,#4691);
#3100=FACE_OUTER_BOUND('',#4692,.T.);
#3101=PLANE('',#4693);
#3102=SURFACE_STYLE_USAGE(.BOTH.,#4694);
#3103=CLOSED_SHELL('',(#1469,#1471,#1473,#1475,#1477,#1479,#1481,#1483,#1485,#1487,#1489,#1491,#1493,#1495,#1497,#1499,#1501,#1503,#1505,#1507,#1509,#1511,#1513,#1515,#1517,#1519,#1521,#1523,#1525,#1527,#1529,#1531,#1533,#1535,#1537,#1539,#1541,#1543,#1545,#1547,#1549,#1551));
#3104=PRODUCT_CONTEXT('',#523,'mechanical');
#3105=PRODUCT_DEFINITION_FORMATION_WITH_SPECIFIED_SOURCE(' ','NONE',#1554,.NOT_KNOWN.);
#3106=CARTESIAN_POINT('',(0.0,0.0,0.0));
#3107=DIRECTION('',(0.0,0.0,1.0));
#3108=DIRECTION('',(1.0,0.0,0.0));
#3109=CARTESIAN_POINT('',(0.0,0.0,0.0));
#3110=DIRECTION('',(0.0,0.0,1.0));
#3111=DIRECTION('',(1.0,0.0,0.0));
#3112=CARTESIAN_POINT('',(0.0,0.0,0.0));
#3113=DIRECTION('',(0.0,0.0,1.0));
#3114=DIRECTION('',(1.0,0.0,0.0));
#3115=CARTESIAN_POINT('',(0.0,0.0,0.0));
#3116=DIRECTION('',(0.0,0.0,1.0));
#3117=DIRECTION('',(1.0,0.0,0.0));
#3118=CARTESIAN_POINT('',(0.0,0.0,0.0));
#3119=DIRECTION('',(0.0,0.0,1.0));
#3120=DIRECTION('',(1.0,0.0,0.0));
#3121=CARTESIAN_POINT('',(0.0,0.0,0.0));
#3122=DIRECTION('',(0.0,0.0,1.0));
#3123=DIRECTION('',(1.0,0.0,0.0));
#3124=CARTESIAN_POINT('',(0.0,0.0,0.0));
#3125=DIRECTION('',(0.0,0.0,1.0));
#3126=DIRECTION('',(1.0,0.0,0.0));
#3127=CARTESIAN_POINT('',(0.0,0.0,0.0));
#3128=DIRECTION('',(0.0,0.0,1.0));
#3129=DIRECTION('',(1.0,0.0,0.0));
#3130=CARTESIAN_POINT('',(0.0,0.0,0.0));
#3131=DIRECTION('',(0.0,0.0,1.0));
#3132=DIRECTION('',(1.0,0.0,0.0));
#3133= (NAMED_UNIT(#1570)LENGTH_UNIT()SI_UNIT(.MILLI.,.METRE.));
#3134=SURFACE_SIDE_STYLE('',(#4696));
#3135=EDGE_LOOP('',(#4697,#4698,#4699,#4700,#4701,#4702,#4703,#4704,#4705));
#3136=AXIS2_PLACEMENT_3D('',#4706,#4707,#4708);
#3137=SURFACE_SIDE_STYLE('',(#4709));
#3138=EDGE_LOOP('',(#4710,#4711,#4712,#4713,#4714,#4715,#4716));
#3139=AXIS2_PLACEMENT_3D('',#4717,#4718,#4719);
#3140=SURFACE_SIDE_STYLE('',(#4720));
#3141=EDGE_LOOP('',(#4721,#4722,#4723,#4724));
#3142=AXIS2_PLACEMENT_3D('',#4725,#4726,#4727);
#3143=SURFACE_SIDE_STYLE('',(#4728));
#3144=EDGE_LOOP('',(#4729,#4730,#4731,#4732));
#3145=AXIS2_PLACEMENT_3D('',#4733,#4734,#4735);
#3146=SURFACE_SIDE_STYLE('',(#4736));
#3147=EDGE_LOOP('',(#4737,#4738,#4739,#4740));
#3148=AXIS2_PLACEMENT_3D('',#4741,#4742,#4743);
#3149=SURFACE_SIDE_STYLE('',(#4744));
#3150=EDGE_LOOP('',(#4745,#4746,#4747,#4748));
#3151=AXIS2_PLACEMENT_3D('',#4749,#4750,#4751);
#3152=SURFACE_SIDE_STYLE('',(#4752));
#3153=EDGE_LOOP('',(#4753,#4754,#4755,#4756));
#3154=AXIS2_PLACEMENT_3D('',#4757,#4758,#4759);
#3155=SURFACE_SIDE_STYLE('',(#4760));
#3156=EDGE_LOOP('',(#4761,#4762,#4763,#4764));
#3157=AXIS2_PLACEMENT_3D('',#4765,#4766,#4767);
#3158=SURFACE_SIDE_STYLE('',(#4768));
#3159=EDGE_LOOP('',(#4769,#4770,#4771,#4772));
#3160=AXIS2_PLACEMENT_3D('',#4773,#4774,#4775);
#3161=SURFACE_SIDE_STYLE('',(#4776));
#3162=EDGE_LOOP('',(#4777,#4778,#4779,#4780));
#3163=AXIS2_PLACEMENT_3D('',#4781,#4782,#4783);
#3164=SURFACE_SIDE_STYLE('',(#4784));
#3165=EDGE_LOOP('',(#4785,#4786,#4787,#4788));
#3166=AXIS2_PLACEMENT_3D('',#4789,#4790,#4791);
#3167=SURFACE_SIDE_STYLE('',(#4792));
#3168=EDGE_LOOP('',(#4793,#4794,#4795,#4796));
#3169=AXIS2_PLACEMENT_3D('',#4797,#4798,#4799);
#3170=SURFACE_SIDE_STYLE('',(#4800));
#3171=EDGE_LOOP('',(#4801,#4802,#4803,#4804,#4805,#4806,#4807,#4808,#4809));
#3172=AXIS2_PLACEMENT_3D('',#4810,#4811,#4812);
#3173=SURFACE_SIDE_STYLE('',(#4813));
#3174=EDGE_LOOP('',(#4814,#4815,#4816,#4817,#4818,#4819,#4820));
#3175=AXIS2_PLACEMENT_3D('',#4821,#4822,#4823);
#3176=SURFACE_SIDE_STYLE('',(#4824));
#3177=EDGE_LOOP('',(#4825,#4826,#4827,#4828,#4829,#4830));
#3178=AXIS2_PLACEMENT_3D('',#4831,#4832,#4833);
#3179=SURFACE_SIDE_STYLE('',(#4834));
#3180=EDGE_LOOP('',(#4835,#4836,#4837,#4838));
#3181=AXIS2_PLACEMENT_3D('',#4839,#4840,#4841);
#3182=SURFACE_SIDE_STYLE('',(#4842));
#3183=EDGE_LOOP('',(#4843,#4844,#4845,#4846));
#3184=AXIS2_PLACEMENT_3D('',#4847,#4848,#4849);
#3185=SURFACE_SIDE_STYLE('',(#4850));
#3186=EDGE_LOOP('',(#4851,#4852,#4853,#4854));
#3187=AXIS2_PLACEMENT_3D('',#4855,#4856,#4857);
#3188=SURFACE_SIDE_STYLE('',(#4858));
#3189=EDGE_LOOP('',(#4859,#4860,#4861,#4862,#4863,#4864,#4865,#4866,#4867,#4868,#4869,#4870,#4871,#4872));
#3190=AXIS2_PLACEMENT_3D('',#4873,#4874,#4875);
#3191=SURFACE_SIDE_STYLE('',(#4876));
#3192=EDGE_LOOP('',(#4877,#4878,#4879,#4880,#4881,#4882,#4883,#4884,#4885,#4886));
#3193=AXIS2_PLACEMENT_3D('',#4887,#4888,#4889);
#3194=SURFACE_SIDE_STYLE('',(#4890));
#3195=EDGE_LOOP('',(#4891,#4892,#4893,#4894,#4895,#4896));
#3196=AXIS2_PLACEMENT_3D('',#4897,#4898,#4899);
#3197=SURFACE_SIDE_STYLE('',(#4900));
#3198=EDGE_LOOP('',(#4901,#4902,#4903,#4904));
#3199=AXIS2_PLACEMENT_3D('',#4905,#4906,#4907);
#3200=SURFACE_SIDE_STYLE('',(#4908));
#3201=EDGE_LOOP('',(#4909,#4910,#4911,#4912));
#3202=AXIS2_PLACEMENT_3D('',#4913,#4914,#4915);
#3203=SURFACE_SIDE_STYLE('',(#4916));
#3204=EDGE_LOOP('',(#4917,#4918,#4919,#4920));
#3205=AXIS2_PLACEMENT_3D('',#4921,#4922,#4923);
#3206=SURFACE_SIDE_STYLE('',(#4924));
#3207=SURFACE_SIDE_STYLE('',(#4925));
#3208=EDGE_LOOP('',(#4926,#4927,#4928,#4929));
#3209=AXIS2_PLACEMENT_3D('',#4930,#4931,#4932);
#3210=SURFACE_SIDE_STYLE('',(#4933));
#3211=EDGE_LOOP('',(#4934,#4935,#4936,#4937));
#3212=AXIS2_PLACEMENT_3D('',#4938,#4939,#4940);
#3213=SURFACE_SIDE_STYLE('',(#4941));
#3214=EDGE_LOOP('',(#4942,#4943,#4944,#4945,#4946,#4947,#4948,#4949));
#3215=AXIS2_PLACEMENT_3D('',#4950,#4951,#4952);
#3216=SURFACE_SIDE_STYLE('',(#4953));
#3217=EDGE_LOOP('',(#4954,#4955,#4956,#4957,#4958,#4959,#4960,#4961,#4962,#4963,#4964,#4965));
#3218=AXIS2_PLACEMENT_3D('',#4966,#4967,#4968);
#3219=SURFACE_SIDE_STYLE('',(#4969));
#3220=EDGE_LOOP('',(#4970,#4971,#4972,#4973,#4974,#4975));
#3221=AXIS2_PLACEMENT_3D('',#4976,#4977,#4978);
#3222=SURFACE_SIDE_STYLE('',(#4979));
#3223=EDGE_LOOP('',(#4980,#4981,#4982,#4983));
#3224=AXIS2_PLACEMENT_3D('',#4984,#4985,#4986);
#3225=SURFACE_SIDE_STYLE('',(#4987));
#3226=EDGE_LOOP('',(#4988,#4989,#4990,#4991));
#3227=AXIS2_PLACEMENT_3D('',#4992,#4993,#4994);
#3228=SURFACE_SIDE_STYLE('',(#4995));
#3229=EDGE_LOOP('',(#4996,#4997,#4998,#4999));
#3230=AXIS2_PLACEMENT_3D('',#5000,#5001,#5002);
#3231=SURFACE_SIDE_STYLE('',(#5003));
#3232=EDGE_LOOP('',(#5004,#5005,#5006,#5007,#5008,#5009,#5010,#5011));
#3233=AXIS2_PLACEMENT_3D('',#5012,#5013,#5014);
#3234=SURFACE_SIDE_STYLE('',(#5015));
#3235=EDGE_LOOP('',(#5016,#5017,#5018,#5019));
#3236=AXIS2_PLACEMENT_3D('',#5020,#5021,#5022);
#3237=SURFACE_SIDE_STYLE('',(#5023));
#3238=EDGE_LOOP('',(#5024,#5025,#5026,#5027));
#3239=AXIS2_PLACEMENT_3D('',#5028,#5029,#5030);
#3240=SURFACE_SIDE_STYLE('',(#5031));
#3241=EDGE_LOOP('',(#5032,#5033,#5034,#5035));
#3242=AXIS2_PLACEMENT_3D('',#5036,#5037,#5038);
#3243=SURFACE_SIDE_STYLE('',(#5039));
#3244=EDGE_LOOP('',(#5040,#5041,#5042,#5043,#5044,#5045,#5046,#5047,#5048,#5049,#5050,#5051));
#3245=AXIS2_PLACEMENT_3D('',#5052,#5053,#5054);
#3246=SURFACE_SIDE_STYLE('',(#5055));
#3247=EDGE_LOOP('',(#5056,#5057,#5058,#5059));
#3248=AXIS2_PLACEMENT_3D('',#5060,#5061,#5062);
#3249=SURFACE_SIDE_STYLE('',(#5063));
#3250=EDGE_LOOP('',(#5064,#5065,#5066,#5067));
#3251=AXIS2_PLACEMENT_3D('',#5068,#5069,#5070);
#3252=SURFACE_SIDE_STYLE('',(#5071));
#3253=EDGE_LOOP('',(#5072,#5073,#5074,#5075));
#3254=AXIS2_PLACEMENT_3D('',#5076,#5077,#5078);
#3255=SURFACE_SIDE_STYLE('',(#5079));
#3256=EDGE_LOOP('',(#5080,#5081,#5082,#5083));
#3257=AXIS2_PLACEMENT_3D('',#5084,#5085,#5086);
#3258=SURFACE_SIDE_STYLE('',(#5087));
#3259=EDGE_LOOP('',(#5088,#5089,#5090,#5091));
#3260=AXIS2_PLACEMENT_3D('',#5092,#5093,#5094);
#3261=SURFACE_SIDE_STYLE('',(#5095));
#3262=EDGE_LOOP('',(#5096,#5097,#5098,#5099));
#3263=AXIS2_PLACEMENT_3D('',#5100,#5101,#5102);
#3264=SURFACE_SIDE_STYLE('',(#5103));
#3265=EDGE_LOOP('',(#5104,#5105,#5106,#5107));
#3266=AXIS2_PLACEMENT_3D('',#5108,#5109,#5110);
#3267=SURFACE_SIDE_STYLE('',(#5111));
#3268=EDGE_LOOP('',(#5112,#5113,#5114,#5115,#5116,#5117,#5118,#5119,#5120,#5121,#5122,#5123,#5124,#5125,#5126,#5127,#5128,#5129,#5130,#5131,#5132,#5133,#5134,#5135,#5136,#5137));
#3269=AXIS2_PLACEMENT_3D('',#5138,#5139,#5140);
#3270=SURFACE_SIDE_STYLE('',(#5141));
#3271=EDGE_LOOP('',(#5142,#5143,#5144,#5145,#5146,#5147,#5148,#5149,#5150,#5151,#5152,#5153,#5154,#5155,#5156,#5157,#5158,#5159,#5160,#5161,#5162,#5163,#5164,#5165,#5166,#5167));
#3272=AXIS2_PLACEMENT_3D('',#5168,#5169,#5170);
#3273=SURFACE_SIDE_STYLE('',(#5171));
#3274=EDGE_LOOP('',(#5172,#5173,#5174,#5175));
#3275=AXIS2_PLACEMENT_3D('',#5176,#5177,#5178);
#3276=SURFACE_SIDE_STYLE('',(#5179));
#3277=EDGE_LOOP('',(#5180,#5181,#5182,#5183));
#3278=AXIS2_PLACEMENT_3D('',#5184,#5185,#5186);
#3279=SURFACE_SIDE_STYLE('',(#5187));
#3280=EDGE_LOOP('',(#5188,#5189,#5190,#5191,#5192,#5193));
#3281=AXIS2_PLACEMENT_3D('',#5194,#5195,#5196);
#3282=SURFACE_SIDE_STYLE('',(#5197));
#3283=EDGE_LOOP('',(#5198,#5199,#5200,#5201));
#3284=AXIS2_PLACEMENT_3D('',#5202,#5203,#5204);
#3285=SURFACE_SIDE_STYLE('',(#5205));
#3286=EDGE_LOOP('',(#5206,#5207,#5208,#5209));
#3287=AXIS2_PLACEMENT_3D('',#5210,#5211,#5212);
#3288=SURFACE_SIDE_STYLE('',(#5213));
#3289=EDGE_LOOP('',(#5214,#5215,#5216,#5217));
#3290=AXIS2_PLACEMENT_3D('',#5218,#5219,#5220);
#3291=SURFACE_SIDE_STYLE('',(#5221));
#3292=EDGE_LOOP('',(#5222,#5223,#5224,#5225));
#3293=AXIS2_PLACEMENT_3D('',#5226,#5227,#5228);
#3294=SURFACE_SIDE_STYLE('',(#5229));
#3295=EDGE_LOOP('',(#5230,#5231,#5232,#5233));
#3296=AXIS2_PLACEMENT_3D('',#5234,#5235,#5236);
#3297=SURFACE_SIDE_STYLE('',(#5237));
#3298=EDGE_LOOP('',(#5238,#5239,#5240,#5241));
#3299=AXIS2_PLACEMENT_3D('',#5242,#5243,#5244);
#3300=SURFACE_SIDE_STYLE('',(#5245));
#3301=EDGE_LOOP('',(#5246,#5247,#5248,#5249));
#3302=AXIS2_PLACEMENT_3D('',#5250,#5251,#5252);
#3303=SURFACE_SIDE_STYLE('',(#5253));
#3304=EDGE_LOOP('',(#5254,#5255,#5256,#5257));
#3305=AXIS2_PLACEMENT_3D('',#5258,#5259,#5260);
#3306=SURFACE_SIDE_STYLE('',(#5261));
#3307=EDGE_LOOP('',(#5262,#5263,#5264,#5265));
#3308=AXIS2_PLACEMENT_3D('',#5266,#5267,#5268);
#3309=SURFACE_SIDE_STYLE('',(#5269));
#3310=EDGE_LOOP('',(#5270,#5271,#5272,#5273));
#3311=AXIS2_PLACEMENT_3D('',#5274,#5275,#5276);
#3312=SURFACE_SIDE_STYLE('',(#5277));
#3313=EDGE_LOOP('',(#5278,#5279,#5280,#5281));
#3314=AXIS2_PLACEMENT_3D('',#5282,#5283,#5284);
#3315=SURFACE_SIDE_STYLE('',(#5285));
#3316=EDGE_LOOP('',(#5286,#5287,#5288,#5289));
#3317=AXIS2_PLACEMENT_3D('',#5290,#5291,#5292);
#3318=SURFACE_SIDE_STYLE('',(#5293));
#3319=EDGE_LOOP('',(#5294,#5295,#5296,#5297));
#3320=AXIS2_PLACEMENT_3D('',#5298,#5299,#5300);
#3321=SURFACE_SIDE_STYLE('',(#5301));
#3322=EDGE_LOOP('',(#5302,#5303,#5304,#5305));
#3323=AXIS2_PLACEMENT_3D('',#5306,#5307,#5308);
#3324=SURFACE_SIDE_STYLE('',(#5309));
#3325=EDGE_LOOP('',(#5310,#5311,#5312,#5313));
#3326=AXIS2_PLACEMENT_3D('',#5314,#5315,#5316);
#3327=SURFACE_SIDE_STYLE('',(#5317));
#3328=EDGE_LOOP('',(#5318,#5319,#5320,#5321));
#3329=AXIS2_PLACEMENT_3D('',#5322,#5323,#5324);
#3330=SURFACE_SIDE_STYLE('',(#5325));
#3331=EDGE_LOOP('',(#5326,#5327,#5328,#5329));
#3332=AXIS2_PLACEMENT_3D('',#5330,#5331,#5332);
#3333=SURFACE_SIDE_STYLE('',(#5333));
#3334=SURFACE_SIDE_STYLE('',(#5334));
#3335=EDGE_LOOP('',(#5335,#5336,#5337,#5338));
#3336=AXIS2_PLACEMENT_3D('',#5339,#5340,#5341);
#3337=SURFACE_SIDE_STYLE('',(#5342));
#3338=EDGE_LOOP('',(#5343,#5344,#5345,#5346));
#3339=AXIS2_PLACEMENT_3D('',#5347,#5348,#5349);
#3340=SURFACE_SIDE_STYLE('',(#5350));
#3341=EDGE_LOOP('',(#5351,#5352,#5353,#5354,#5355,#5356,#5357,#5358));
#3342=AXIS2_PLACEMENT_3D('',#5359,#5360,#5361);
#3343=SURFACE_SIDE_STYLE('',(#5362));
#3344=EDGE_LOOP('',(#5363,#5364,#5365,#5366,#5367,#5368,#5369,#5370,#5371,#5372,#5373,#5374));
#3345=AXIS2_PLACEMENT_3D('',#5375,#5376,#5377);
#3346=SURFACE_SIDE_STYLE('',(#5378));
#3347=EDGE_LOOP('',(#5379,#5380,#5381,#5382,#5383,#5384));
#3348=AXIS2_PLACEMENT_3D('',#5385,#5386,#5387);
#3349=SURFACE_SIDE_STYLE('',(#5388));
#3350=EDGE_LOOP('',(#5389,#5390,#5391,#5392));
#3351=AXIS2_PLACEMENT_3D('',#5393,#5394,#5395);
#3352=SURFACE_SIDE_STYLE('',(#5396));
#3353=EDGE_LOOP('',(#5397,#5398,#5399,#5400));
#3354=AXIS2_PLACEMENT_3D('',#5401,#5402,#5403);
#3355=SURFACE_SIDE_STYLE('',(#5404));
#3356=EDGE_LOOP('',(#5405,#5406,#5407,#5408));
#3357=AXIS2_PLACEMENT_3D('',#5409,#5410,#5411);
#3358=SURFACE_SIDE_STYLE('',(#5412));
#3359=EDGE_LOOP('',(#5413,#5414,#5415,#5416,#5417,#5418,#5419,#5420));
#3360=AXIS2_PLACEMENT_3D('',#5421,#5422,#5423);
#3361=SURFACE_SIDE_STYLE('',(#5424));
#3362=EDGE_LOOP('',(#5425,#5426,#5427,#5428));
#3363=AXIS2_PLACEMENT_3D('',#5429,#5430,#5431);
#3364=SURFACE_SIDE_STYLE('',(#5432));
#3365=EDGE_LOOP('',(#5433,#5434,#5435,#5436));
#3366=AXIS2_PLACEMENT_3D('',#5437,#5438,#5439);
#3367=SURFACE_SIDE_STYLE('',(#5440));
#3368=EDGE_LOOP('',(#5441,#5442,#5443,#5444));
#3369=AXIS2_PLACEMENT_3D('',#5445,#5446,#5447);
#3370=SURFACE_SIDE_STYLE('',(#5448));
#3371=EDGE_LOOP('',(#5449,#5450,#5451,#5452,#5453,#5454,#5455,#5456,#5457,#5458,#5459,#5460));
#3372=AXIS2_PLACEMENT_3D('',#5461,#5462,#5463);
#3373=SURFACE_SIDE_STYLE('',(#5464));
#3374=EDGE_LOOP('',(#5465,#5466,#5467,#5468));
#3375=AXIS2_PLACEMENT_3D('',#5469,#5470,#5471);
#3376=SURFACE_SIDE_STYLE('',(#5472));
#3377=EDGE_LOOP('',(#5473,#5474,#5475,#5476));
#3378=AXIS2_PLACEMENT_3D('',#5477,#5478,#5479);
#3379=SURFACE_SIDE_STYLE('',(#5480));
#3380=EDGE_LOOP('',(#5481,#5482,#5483,#5484));
#3381=AXIS2_PLACEMENT_3D('',#5485,#5486,#5487);
#3382=SURFACE_SIDE_STYLE('',(#5488));
#3383=EDGE_LOOP('',(#5489,#5490,#5491,#5492));
#3384=AXIS2_PLACEMENT_3D('',#5493,#5494,#5495);
#3385=SURFACE_SIDE_STYLE('',(#5496));
#3386=EDGE_LOOP('',(#5497,#5498,#5499,#5500));
#3387=AXIS2_PLACEMENT_3D('',#5501,#5502,#5503);
#3388=SURFACE_SIDE_STYLE('',(#5504));
#3389=EDGE_LOOP('',(#5505,#5506,#5507,#5508));
#3390=AXIS2_PLACEMENT_3D('',#5509,#5510,#5511);
#3391=SURFACE_SIDE_STYLE('',(#5512));
#3392=EDGE_LOOP('',(#5513,#5514,#5515,#5516));
#3393=AXIS2_PLACEMENT_3D('',#5517,#5518,#5519);
#3394=SURFACE_SIDE_STYLE('',(#5520));
#3395=EDGE_LOOP('',(#5521,#5522,#5523,#5524,#5525,#5526,#5527,#5528,#5529,#5530,#5531,#5532,#5533,#5534,#5535,#5536,#5537,#5538,#5539,#5540,#5541,#5542,#5543,#5544,#5545,#5546));
#3396=AXIS2_PLACEMENT_3D('',#5547,#5548,#5549);
#3397=SURFACE_SIDE_STYLE('',(#5550));
#3398=EDGE_LOOP('',(#5551,#5552,#5553,#5554,#5555,#5556,#5557,#5558,#5559,#5560,#5561,#5562,#5563,#5564,#5565,#5566,#5567,#5568,#5569,#5570,#5571,#5572,#5573,#5574,#5575,#5576));
#3399=AXIS2_PLACEMENT_3D('',#5577,#5578,#5579);
#3400=SURFACE_SIDE_STYLE('',(#5580));
#3401=EDGE_LOOP('',(#5581,#5582,#5583,#5584));
#3402=AXIS2_PLACEMENT_3D('',#5585,#5586,#5587);
#3403=SURFACE_SIDE_STYLE('',(#5588));
#3404=EDGE_LOOP('',(#5589,#5590,#5591,#5592));
#3405=AXIS2_PLACEMENT_3D('',#5593,#5594,#5595);
#3406=SURFACE_SIDE_STYLE('',(#5596));
#3407=EDGE_LOOP('',(#5597,#5598,#5599,#5600,#5601,#5602));
#3408=AXIS2_PLACEMENT_3D('',#5603,#5604,#5605);
#3409=SURFACE_SIDE_STYLE('',(#5606));
#3410=EDGE_LOOP('',(#5607,#5608,#5609,#5610));
#3411=AXIS2_PLACEMENT_3D('',#5611,#5612,#5613);
#3412=SURFACE_SIDE_STYLE('',(#5614));
#3413=EDGE_LOOP('',(#5615,#5616,#5617,#5618));
#3414=AXIS2_PLACEMENT_3D('',#5619,#5620,#5621);
#3415=SURFACE_SIDE_STYLE('',(#5622));
#3416=EDGE_LOOP('',(#5623,#5624,#5625,#5626));
#3417=AXIS2_PLACEMENT_3D('',#5627,#5628,#5629);
#3418=SURFACE_SIDE_STYLE('',(#5630));
#3419=EDGE_LOOP('',(#5631,#5632,#5633,#5634));
#3420=AXIS2_PLACEMENT_3D('',#5635,#5636,#5637);
#3421=SURFACE_SIDE_STYLE('',(#5638));
#3422=EDGE_LOOP('',(#5639,#5640,#5641,#5642));
#3423=AXIS2_PLACEMENT_3D('',#5643,#5644,#5645);
#3424=SURFACE_SIDE_STYLE('',(#5646));
#3425=EDGE_LOOP('',(#5647,#5648,#5649,#5650));
#3426=AXIS2_PLACEMENT_3D('',#5651,#5652,#5653);
#3427=SURFACE_SIDE_STYLE('',(#5654));
#3428=EDGE_LOOP('',(#5655,#5656,#5657,#5658));
#3429=AXIS2_PLACEMENT_3D('',#5659,#5660,#5661);
#3430=SURFACE_SIDE_STYLE('',(#5662));
#3431=EDGE_LOOP('',(#5663,#5664,#5665,#5666));
#3432=AXIS2_PLACEMENT_3D('',#5667,#5668,#5669);
#3433=SURFACE_SIDE_STYLE('',(#5670));
#3434=EDGE_LOOP('',(#5671,#5672,#5673,#5674));
#3435=AXIS2_PLACEMENT_3D('',#5675,#5676,#5677);
#3436=SURFACE_SIDE_STYLE('',(#5678));
#3437=EDGE_LOOP('',(#5679,#5680,#5681,#5682));
#3438=AXIS2_PLACEMENT_3D('',#5683,#5684,#5685);
#3439=SURFACE_SIDE_STYLE('',(#5686));
#3440=EDGE_LOOP('',(#5687,#5688,#5689,#5690));
#3441=AXIS2_PLACEMENT_3D('',#5691,#5692,#5693);
#3442=SURFACE_SIDE_STYLE('',(#5694));
#3443=EDGE_LOOP('',(#5695,#5696,#5697,#5698));
#3444=AXIS2_PLACEMENT_3D('',#5699,#5700,#5701);
#3445=SURFACE_SIDE_STYLE('',(#5702));
#3446=EDGE_LOOP('',(#5703,#5704,#5705,#5706));
#3447=AXIS2_PLACEMENT_3D('',#5707,#5708,#5709);
#3448=SURFACE_SIDE_STYLE('',(#5710));
#3449=EDGE_LOOP('',(#5711,#5712,#5713,#5714));
#3450=AXIS2_PLACEMENT_3D('',#5715,#5716,#5717);
#3451=SURFACE_SIDE_STYLE('',(#5718));
#3452=EDGE_LOOP('',(#5719,#5720,#5721,#5722));
#3453=AXIS2_PLACEMENT_3D('',#5723,#5724,#5725);
#3454=SURFACE_SIDE_STYLE('',(#5726));
#3455=EDGE_LOOP('',(#5727,#5728,#5729,#5730));
#3456=AXIS2_PLACEMENT_3D('',#5731,#5732,#5733);
#3457=SURFACE_SIDE_STYLE('',(#5734));
#3458=EDGE_LOOP('',(#5735,#5736,#5737,#5738));
#3459=AXIS2_PLACEMENT_3D('',#5739,#5740,#5741);
#3460=SURFACE_SIDE_STYLE('',(#5742));
#3461=SURFACE_SIDE_STYLE('',(#5743));
#3462=EDGE_LOOP('',(#5744,#5745,#5746,#5747));
#3463=AXIS2_PLACEMENT_3D('',#5748,#5749,#5750);
#3464=SURFACE_SIDE_STYLE('',(#5751));
#3465=EDGE_LOOP('',(#5752,#5753,#5754,#5755));
#3466=AXIS2_PLACEMENT_3D('',#5756,#5757,#5758);
#3467=SURFACE_SIDE_STYLE('',(#5759));
#3468=EDGE_LOOP('',(#5760,#5761,#5762,#5763));
#3469=AXIS2_PLACEMENT_3D('',#5764,#5765,#5766);
#3470=SURFACE_SIDE_STYLE('',(#5767));
#3471=EDGE_LOOP('',(#5768,#5769,#5770,#5771));
#3472=AXIS2_PLACEMENT_3D('',#5772,#5773,#5774);
#3473=SURFACE_SIDE_STYLE('',(#5775));
#3474=EDGE_LOOP('',(#5776,#5777,#5778,#5779));
#3475=AXIS2_PLACEMENT_3D('',#5780,#5781,#5782);
#3476=SURFACE_SIDE_STYLE('',(#5783));
#3477=EDGE_LOOP('',(#5784,#5785,#5786,#5787));
#3478=AXIS2_PLACEMENT_3D('',#5788,#5789,#5790);
#3479=SURFACE_SIDE_STYLE('',(#5791));
#3480=EDGE_LOOP('',(#5792,#5793,#5794,#5795));
#3481=AXIS2_PLACEMENT_3D('',#5796,#5797,#5798);
#3482=SURFACE_SIDE_STYLE('',(#5799));
#3483=EDGE_LOOP('',(#5800,#5801,#5802,#5803,#5804,#5805,#5806,#5807));
#3484=AXIS2_PLACEMENT_3D('',#5808,#5809,#5810);
#3485=SURFACE_SIDE_STYLE('',(#5811));
#3486=EDGE_LOOP('',(#5812,#5813,#5814,#5815));
#3487=AXIS2_PLACEMENT_3D('',#5816,#5817,#5818);
#3488=SURFACE_SIDE_STYLE('',(#5819));
#3489=EDGE_LOOP('',(#5820,#5821,#5822,#5823));
#3490=AXIS2_PLACEMENT_3D('',#5824,#5825,#5826);
#3491=SURFACE_SIDE_STYLE('',(#5827));
#3492=EDGE_LOOP('',(#5828,#5829,#5830,#5831));
#3493=AXIS2_PLACEMENT_3D('',#5832,#5833,#5834);
#3494=SURFACE_SIDE_STYLE('',(#5835));
#3495=EDGE_LOOP('',(#5836,#5837,#5838,#5839));
#3496=AXIS2_PLACEMENT_3D('',#5840,#5841,#5842);
#3497=SURFACE_SIDE_STYLE('',(#5843));
#3498=EDGE_LOOP('',(#5844,#5845,#5846,#5847));
#3499=AXIS2_PLACEMENT_3D('',#5848,#5849,#5850);
#3500=SURFACE_SIDE_STYLE('',(#5851));
#3501=EDGE_LOOP('',(#5852,#5853,#5854,#5855));
#3502=AXIS2_PLACEMENT_3D('',#5856,#5857,#5858);
#3503=SURFACE_SIDE_STYLE('',(#5859));
#3504=EDGE_LOOP('',(#5860,#5861,#5862,#5863));
#3505=CARTESIAN_POINT('',(1.6454545454545,5.25,1.29350649350649));
#3506=CARTESIAN_POINT('',(1.6454545454545,5.2,1.29350649350649));
#3507=CARTESIAN_POINT('',(1.6514655178852,5.25,1.28360662186574));
#3508=CARTESIAN_POINT('',(1.6514655178852,5.2,1.28360662186574));
#3509=CARTESIAN_POINT('',(1.6627312691633,5.25,1.26505230426104));
#3510=CARTESIAN_POINT('',(1.6627312691633,5.2,1.26505230426104));
#3511=CARTESIAN_POINT('',(1.6785064213214,5.25,1.23892145630279));
#3512=CARTESIAN_POINT('',(1.6785064213214,5.2,1.23892145630279));
#3513=CARTESIAN_POINT('',(1.6923091719445,5.25,1.21647900872003));
#3514=CARTESIAN_POINT('',(1.6923091719445,5.2,1.21647900872003));
#3515=CARTESIAN_POINT('',(1.7007102345517,5.25,1.20260152702153));
#3516=CARTESIAN_POINT('',(1.7007102345517,5.2,1.20260152702153));
#3517=CARTESIAN_POINT('',(1.7045454545455,5.25,1.19626623376623));
#3518=CARTESIAN_POINT('',(1.7045454545455,5.2,1.19626623376623));
#3519=SURFACE_SIDE_STYLE('',(#5864));
#3520=EDGE_LOOP('',(#5865,#5866,#5867,#5868));
#3521=CARTESIAN_POINT('',(1.7045454545455,5.25,1.19626623376623));
#3522=CARTESIAN_POINT('',(1.7045454545455,5.2,1.19626623376623));
#3523=CARTESIAN_POINT('',(1.7137930440069,5.25,1.21073812909601));
#3524=CARTESIAN_POINT('',(1.7137930440069,5.2,1.21073812909601));
#3525=CARTESIAN_POINT('',(1.7329955682566,5.25,1.24078887066145));
#3526=CARTESIAN_POINT('',(1.7329955682566,5.2,1.24078887066145));
#3527=CARTESIAN_POINT('',(1.7515713029302,5.25,1.27123115693907));
#3528=CARTESIAN_POINT('',(1.7515713029302,5.2,1.27123115693907));
#3529=CARTESIAN_POINT('',(1.7612012987013,5.25,1.28701298701299));
#3530=CARTESIAN_POINT('',(1.7612012987013,5.2,1.28701298701299));
#3531=SURFACE_SIDE_STYLE('',(#5869));
#3532=EDGE_LOOP('',(#5870,#5871,#5872,#5873));
#3533=AXIS2_PLACEMENT_3D('',#5874,#5875,#5876);
#3534=SURFACE_SIDE_STYLE('',(#5877));
#3535=EDGE_LOOP('',(#5878,#5879,#5880,#5881));
#3536=AXIS2_PLACEMENT_3D('',#5882,#5883,#5884);
#3537=SURFACE_SIDE_STYLE('',(#5885));
#3538=EDGE_LOOP('',(#5886,#5887,#5888,#5889));
#3539=AXIS2_PLACEMENT_3D('',#5890,#5891,#5892);
#3540=SURFACE_SIDE_STYLE('',(#5893));
#3541=EDGE_LOOP('',(#5894,#5895,#5896,#5897));
#3542=AXIS2_PLACEMENT_3D('',#5898,#5899,#5900);
#3543=SURFACE_SIDE_STYLE('',(#5901));
#3544=EDGE_LOOP('',(#5902,#5903,#5904,#5905));
#3545=AXIS2_PLACEMENT_3D('',#5906,#5907,#5908);
#3546=SURFACE_SIDE_STYLE('',(#5909));
#3547=EDGE_LOOP('',(#5910,#5911,#5912,#5913));
#3548=AXIS2_PLACEMENT_3D('',#5914,#5915,#5916);
#3549=SURFACE_SIDE_STYLE('',(#5917));
#3550=EDGE_LOOP('',(#5918,#5919,#5920,#5921));
#3551=CARTESIAN_POINT('',(1.7345779220779,5.25,0.99042207792208));
#3552=CARTESIAN_POINT('',(1.7345779220779,5.2,0.99042207792208));
#3553=CARTESIAN_POINT('',(1.7297675604256,5.25,0.99843414802408));
#3554=CARTESIAN_POINT('',(1.7297675604256,5.2,0.99843414802408));
#3555=CARTESIAN_POINT('',(1.7200082719012,5.25,1.01468908049145));
#3556=CARTESIAN_POINT('',(1.7200082719012,5.2,1.01468908049145));
#3557=CARTESIAN_POINT('',(1.7101791463589,5.25,1.03090187989743));
#3558=CARTESIAN_POINT('',(1.7101791463589,5.2,1.03090187989743));
#3559=CARTESIAN_POINT('',(1.7051948051948,5.25,1.03912337662338));
#3560=CARTESIAN_POINT('',(1.7051948051948,5.2,1.03912337662338));
#3561=SURFACE_SIDE_STYLE('',(#5922));
#3562=EDGE_LOOP('',(#5923,#5924,#5925,#5926));
#3563=CARTESIAN_POINT('',(1.7051948051948,5.25,1.03912337662338));
#3564=CARTESIAN_POINT('',(1.7051948051948,5.2,1.03912337662338));
#3565=CARTESIAN_POINT('',(1.701115423711,5.25,1.03248023575507));
#3566=CARTESIAN_POINT('',(1.701115423711,5.2,1.03248023575507));
#3567=CARTESIAN_POINT('',(1.6936317846291,5.25,1.02029337144099));
#3568=CARTESIAN_POINT('',(1.6936317846291,5.2,1.02029337144099));
#3569=CARTESIAN_POINT('',(1.6837402550202,5.25,1.00354260209991));
#3570=CARTESIAN_POINT('',(1.6837402550202,5.2,1.00354260209991));
#3571=CARTESIAN_POINT('',(1.6754503191166,5.25,0.99045548560286));
#3572=CARTESIAN_POINT('',(1.6754503191166,5.2,0.99045548560286));
#3573=CARTESIAN_POINT('',(1.6709244309336,5.25,0.98269433382849));
#3574=CARTESIAN_POINT('',(1.6709244309336,5.2,0.98269433382849));
#3575=CARTESIAN_POINT('',(1.6689935064935,5.25,0.97938311688312));
#3576=CARTESIAN_POINT('',(1.6689935064935,5.2,0.97938311688312));
#3577=SURFACE_SIDE_STYLE('',(#5927));
#3578=EDGE_LOOP('',(#5928,#5929,#5930,#5931));
#3579=AXIS2_PLACEMENT_3D('',#5932,#5933,#5934);
#3580=SURFACE_SIDE_STYLE('',(#5935));
#3581=EDGE_LOOP('',(#5936,#5937,#5938,#5939,#5940,#5941,#5942,#5943,#5944,#5945,#5946,#5947,#5948,#5949,#5950,#5951));
#3582=AXIS2_PLACEMENT_3D('',#5952,#5953,#5954);
#3583=SURFACE_SIDE_STYLE('',(#5955));
#3584=EDGE_LOOP('',(#5956,#5957,#5958,#5959));
#3585=AXIS2_PLACEMENT_3D('',#5960,#5961,#5962);
#3586=SURFACE_SIDE_STYLE('',(#5963));
#3587=EDGE_LOOP('',(#5964,#5965,#5966,#5967));
#3588=EDGE_LOOP('',(#5968,#5969,#5970,#5971));
#3589=AXIS2_PLACEMENT_3D('',#5972,#5973,#5974);
#3590=SURFACE_SIDE_STYLE('',(#5975));
#3591=EDGE_LOOP('',(#5976,#5977,#5978,#5979));
#3592=AXIS2_PLACEMENT_3D('',#5980,#5981,#5982);
#3593=SURFACE_SIDE_STYLE('',(#5983));
#3594=EDGE_LOOP('',(#5984,#5985,#5986,#5987));
#3595=AXIS2_PLACEMENT_3D('',#5988,#5989,#5990);
#3596=SURFACE_SIDE_STYLE('',(#5991));
#3597=EDGE_LOOP('',(#5992,#5993,#5994,#5995,#5996,#5997,#5998));
#3598=AXIS2_PLACEMENT_3D('',#5999,#6000,#6001);
#3599=SURFACE_SIDE_STYLE('',(#6002));
#3600=EDGE_LOOP('',(#6003,#6004,#6005));
#3601=AXIS2_PLACEMENT_3D('',#6006,#6007,#6008);
#3602=SURFACE_SIDE_STYLE('',(#6009));
#3603=EDGE_LOOP('',(#6010,#6011,#6012,#6013,#6014,#6015,#6016,#6017));
#3604=AXIS2_PLACEMENT_3D('',#6018,#6019,#6020);
#3605=SURFACE_SIDE_STYLE('',(#6021));
#3606=EDGE_LOOP('',(#6022,#6023,#6024,#6025));
#3607=AXIS2_PLACEMENT_3D('',#6026,#6027,#6028);
#3608=SURFACE_SIDE_STYLE('',(#6029));
#3609=EDGE_LOOP('',(#6030,#6031,#6032,#6033));
#3610=AXIS2_PLACEMENT_3D('',#6034,#6035,#6036);
#3611=SURFACE_SIDE_STYLE('',(#6037));
#3612=EDGE_LOOP('',(#6038,#6039,#6040,#6041));
#3613=AXIS2_PLACEMENT_3D('',#6042,#6043,#6044);
#3614=SURFACE_SIDE_STYLE('',(#6045));
#3615=EDGE_LOOP('',(#6046,#6047,#6048,#6049,#6050,#6051,#6052,#6053));
#3616=AXIS2_PLACEMENT_3D('',#6054,#6055,#6056);
#3617=SURFACE_SIDE_STYLE('',(#6057));
#3618=EDGE_LOOP('',(#6058,#6059,#6060,#6061));
#3619=AXIS2_PLACEMENT_3D('',#6062,#6063,#6064);
#3620=SURFACE_SIDE_STYLE('',(#6065));
#3621=EDGE_LOOP('',(#6066,#6067,#6068,#6069));
#3622=AXIS2_PLACEMENT_3D('',#6070,#6071,#6072);
#3623=SURFACE_SIDE_STYLE('',(#6073));
#3624=EDGE_LOOP('',(#6074,#6075,#6076,#6077));
#3625=AXIS2_PLACEMENT_3D('',#6078,#6079,#6080);
#3626=SURFACE_SIDE_STYLE('',(#6081));
#3627=EDGE_LOOP('',(#6082,#6083,#6084,#6085));
#3628=AXIS2_PLACEMENT_3D('',#6086,#6087,#6088);
#3629=SURFACE_SIDE_STYLE('',(#6089));
#3630=EDGE_LOOP('',(#6090,#6091,#6092,#6093));
#3631=AXIS2_PLACEMENT_3D('',#6094,#6095,#6096);
#3632=SURFACE_SIDE_STYLE('',(#6097));
#3633=EDGE_LOOP('',(#6098,#6099,#6100,#6101,#6102,#6103,#6104,#6105));
#3634=AXIS2_PLACEMENT_3D('',#6106,#6107,#6108);
#3635=SURFACE_SIDE_STYLE('',(#6109));
#3636=EDGE_LOOP('',(#6110,#6111,#6112,#6113));
#3637=EDGE_LOOP('',(#6114,#6115,#6116,#6117));
#3638=AXIS2_PLACEMENT_3D('',#6118,#6119,#6120);
#3639=SURFACE_SIDE_STYLE('',(#6121));
#3640=EDGE_LOOP('',(#6122,#6123,#6124,#6125));
#3641=AXIS2_PLACEMENT_3D('',#6126,#6127,#6128);
#3642=SURFACE_SIDE_STYLE('',(#6129));
#3643=EDGE_LOOP('',(#6130,#6131,#6132,#6133));
#3644=AXIS2_PLACEMENT_3D('',#6134,#6135,#6136);
#3645=SURFACE_SIDE_STYLE('',(#6137));
#3646=EDGE_LOOP('',(#6138,#6139,#6140,#6141));
#3647=AXIS2_PLACEMENT_3D('',#6142,#6143,#6144);
#3648=SURFACE_SIDE_STYLE('',(#6145));
#3649=EDGE_LOOP('',(#6146,#6147,#6148,#6149));
#3650=AXIS2_PLACEMENT_3D('',#6150,#6151,#6152);
#3651=SURFACE_SIDE_STYLE('',(#6153));
#3652=EDGE_LOOP('',(#6154,#6155,#6156,#6157));
#3653=AXIS2_PLACEMENT_3D('',#6158,#6159,#6160);
#3654=SURFACE_SIDE_STYLE('',(#6161));
#3655=EDGE_LOOP('',(#6162,#6163,#6164,#6165));
#3656=AXIS2_PLACEMENT_3D('',#6166,#6167,#6168);
#3657=SURFACE_SIDE_STYLE('',(#6169));
#3658=EDGE_LOOP('',(#6170,#6171,#6172,#6173,#6174,#6175,#6176,#6177));
#3659=AXIS2_PLACEMENT_3D('',#6178,#6179,#6180);
#3660=SURFACE_SIDE_STYLE('',(#6181));
#3661=EDGE_LOOP('',(#6182,#6183,#6184,#6185));
#3662=AXIS2_PLACEMENT_3D('',#6186,#6187,#6188);
#3663=SURFACE_SIDE_STYLE('',(#6189));
#3664=EDGE_LOOP('',(#6190,#6191,#6192,#6193));
#3665=AXIS2_PLACEMENT_3D('',#6194,#6195,#6196);
#3666=SURFACE_SIDE_STYLE('',(#6197));
#3667=EDGE_LOOP('',(#6198,#6199,#6200,#6201));
#3668=AXIS2_PLACEMENT_3D('',#6202,#6203,#6204);
#3669=SURFACE_SIDE_STYLE('',(#6205));
#3670=EDGE_LOOP('',(#6206,#6207,#6208,#6209,#6210,#6211));
#3671=AXIS2_PLACEMENT_3D('',#6212,#6213,#6214);
#3672=SURFACE_SIDE_STYLE('',(#6215));
#3673=EDGE_LOOP('',(#6216,#6217,#6218,#6219));
#3674=AXIS2_PLACEMENT_3D('',#6220,#6221,#6222);
#3675=SURFACE_SIDE_STYLE('',(#6223));
#3676=EDGE_LOOP('',(#6224,#6225,#6226,#6227,#6228,#6229,#6230,#6231));
#3677=AXIS2_PLACEMENT_3D('',#6232,#6233,#6234);
#3678=SURFACE_SIDE_STYLE('',(#6235));
#3679=EDGE_LOOP('',(#6236,#6237,#6238,#6239,#6240,#6241,#6242,#6243,#6244,#6245));
#3680=EDGE_LOOP('',(#6246,#6247,#6248,#6249,#6250,#6251));
#3681=AXIS2_PLACEMENT_3D('',#6252,#6253,#6254);
#3682=SURFACE_SIDE_STYLE('',(#6255));
#3683=EDGE_LOOP('',(#6256,#6257,#6258,#6259,#6260));
#3684=AXIS2_PLACEMENT_3D('',#6261,#6262,#6263);
#3685=SURFACE_SIDE_STYLE('',(#6264));
#3686=EDGE_LOOP('',(#6265,#6266,#6267,#6268));
#3687=AXIS2_PLACEMENT_3D('',#6269,#6270,#6271);
#3688=SURFACE_SIDE_STYLE('',(#6272));
#3689=EDGE_LOOP('',(#6273,#6274,#6275,#6276));
#3690=AXIS2_PLACEMENT_3D('',#6277,#6278,#6279);
#3691=SURFACE_SIDE_STYLE('',(#6280));
#3692=EDGE_LOOP('',(#6281,#6282,#6283,#6284));
#3693=AXIS2_PLACEMENT_3D('',#6285,#6286,#6287);
#3694=SURFACE_SIDE_STYLE('',(#6288));
#3695=EDGE_LOOP('',(#6289,#6290,#6291,#6292,#6293));
#3696=AXIS2_PLACEMENT_3D('',#6294,#6295,#6296);
#3697=SURFACE_SIDE_STYLE('',(#6297));
#3698=EDGE_LOOP('',(#6298,#6299,#6300,#6301));
#3699=AXIS2_PLACEMENT_3D('',#6302,#6303,#6304);
#3700=SURFACE_SIDE_STYLE('',(#6305));
#3701=EDGE_LOOP('',(#6306,#6307,#6308,#6309));
#3702=AXIS2_PLACEMENT_3D('',#6310,#6311,#6312);
#3703=SURFACE_SIDE_STYLE('',(#6313));
#3704=EDGE_LOOP('',(#6314,#6315,#6316,#6317));
#3705=AXIS2_PLACEMENT_3D('',#6318,#6319,#6320);
#3706=SURFACE_SIDE_STYLE('',(#6321));
#3707=EDGE_LOOP('',(#6322,#6323,#6324,#6325));
#3708=AXIS2_PLACEMENT_3D('',#6326,#6327,#6328);
#3709=SURFACE_SIDE_STYLE('',(#6329));
#3710=EDGE_LOOP('',(#6330,#6331,#6332,#6333));
#3711=AXIS2_PLACEMENT_3D('',#6334,#6335,#6336);
#3712=SURFACE_SIDE_STYLE('',(#6337));
#3713=EDGE_LOOP('',(#6338,#6339,#6340,#6341));
#3714=AXIS2_PLACEMENT_3D('',#6342,#6343,#6344);
#3715=SURFACE_SIDE_STYLE('',(#6345));
#3716=EDGE_LOOP('',(#6346,#6347,#6348,#6349));
#3717=AXIS2_PLACEMENT_3D('',#6350,#6351,#6352);
#3718=SURFACE_SIDE_STYLE('',(#6353));
#3719=EDGE_LOOP('',(#6354,#6355,#6356,#6357));
#3720=AXIS2_PLACEMENT_3D('',#6358,#6359,#6360);
#3721=SURFACE_SIDE_STYLE('',(#6361));
#3722=EDGE_LOOP('',(#6362,#6363,#6364,#6365));
#3723=AXIS2_PLACEMENT_3D('',#6366,#6367,#6368);
#3724=SURFACE_SIDE_STYLE('',(#6369));
#3725=EDGE_LOOP('',(#6370,#6371,#6372,#6373));
#3726=AXIS2_PLACEMENT_3D('',#6374,#6375,#6376);
#3727=SURFACE_SIDE_STYLE('',(#6377));
#3728=EDGE_LOOP('',(#6378,#6379,#6380,#6381));
#3729=AXIS2_PLACEMENT_3D('',#6382,#6383,#6384);
#3730=SURFACE_SIDE_STYLE('',(#6385));
#3731=EDGE_LOOP('',(#6386,#6387,#6388,#6389,#6390,#6391,#6392,#6393,#6394,#6395,#6396,#6397,#6398,#6399,#6400,#6401));
#3732=AXIS2_PLACEMENT_3D('',#6402,#6403,#6404);
#3733=SURFACE_SIDE_STYLE('',(#6405));
#3734=EDGE_LOOP('',(#6406,#6407,#6408,#6409,#6410,#6411,#6412));
#3735=AXIS2_PLACEMENT_3D('',#6413,#6414,#6415);
#3736=SURFACE_SIDE_STYLE('',(#6416));
#3737=EDGE_LOOP('',(#6417,#6418,#6419,#6420));
#3738=AXIS2_PLACEMENT_3D('',#6421,#6422,#6423);
#3739=SURFACE_SIDE_STYLE('',(#6424));
#3740=EDGE_LOOP('',(#6425,#6426,#6427,#6428));
#3741=AXIS2_PLACEMENT_3D('',#6429,#6430,#6431);
#3742=SURFACE_SIDE_STYLE('',(#6432));
#3743=EDGE_LOOP('',(#6433,#6434,#6435,#6436,#6437,#6438,#6439,#6440));
#3744=AXIS2_PLACEMENT_3D('',#6441,#6442,#6443);
#3745=SURFACE_SIDE_STYLE('',(#6444));
#3746=EDGE_LOOP('',(#6445,#6446,#6447,#6448,#6449,#6450,#6451,#6452));
#3747=AXIS2_PLACEMENT_3D('',#6453,#6454,#6455);
#3748=SURFACE_SIDE_STYLE('',(#6456));
#3749=EDGE_LOOP('',(#6457,#6458,#6459,#6460));
#3750=AXIS2_PLACEMENT_3D('',#6461,#6462,#6463);
#3751=SURFACE_SIDE_STYLE('',(#6464));
#3752=EDGE_LOOP('',(#6465,#6466,#6467,#6468));
#3753=AXIS2_PLACEMENT_3D('',#6469,#6470,#6471);
#3754=SURFACE_SIDE_STYLE('',(#6472));
#3755=EDGE_LOOP('',(#6473,#6474,#6475));
#3756=AXIS2_PLACEMENT_3D('',#6476,#6477,#6478);
#3757=SURFACE_SIDE_STYLE('',(#6479));
#3758=EDGE_LOOP('',(#6480,#6481,#6482,#6483));
#3759=AXIS2_PLACEMENT_3D('',#6484,#6485,#6486);
#3760=SURFACE_SIDE_STYLE('',(#6487));
#3761=EDGE_LOOP('',(#6488,#6489,#6490,#6491,#6492,#6493));
#3762=AXIS2_PLACEMENT_3D('',#6494,#6495,#6496);
#3763=SURFACE_SIDE_STYLE('',(#6497));
#3764=EDGE_LOOP('',(#6498,#6499,#6500,#6501));
#3765=EDGE_LOOP('',(#6502,#6503,#6504,#6505));
#3766=AXIS2_PLACEMENT_3D('',#6506,#6507,#6508);
#3767=SURFACE_SIDE_STYLE('',(#6509));
#3768=EDGE_LOOP('',(#6510,#6511,#6512,#6513,#6514,#6515));
#3769=AXIS2_PLACEMENT_3D('',#6516,#6517,#6518);
#3770=SURFACE_SIDE_STYLE('',(#6519));
#3771=EDGE_LOOP('',(#6520,#6521,#6522,#6523));
#3772=AXIS2_PLACEMENT_3D('',#6524,#6525,#6526);
#3773=SURFACE_SIDE_STYLE('',(#6527));
#3774=EDGE_LOOP('',(#6528,#6529,#6530,#6531));
#3775=AXIS2_PLACEMENT_3D('',#6532,#6533,#6534);
#3776=SURFACE_SIDE_STYLE('',(#6535));
#3777=EDGE_LOOP('',(#6536,#6537,#6538,#6539));
#3778=AXIS2_PLACEMENT_3D('',#6540,#6541,#6542);
#3779=SURFACE_SIDE_STYLE('',(#6543));
#3780=EDGE_LOOP('',(#6544,#6545,#6546,#6547));
#3781=AXIS2_PLACEMENT_3D('',#6548,#6549,#6550);
#3782=SURFACE_SIDE_STYLE('',(#6551));
#3783=EDGE_LOOP('',(#6552,#6553,#6554,#6555));
#3784=AXIS2_PLACEMENT_3D('',#6556,#6557,#6558);
#3785=SURFACE_SIDE_STYLE('',(#6559));
#3786=EDGE_LOOP('',(#6560,#6561,#6562,#6563));
#3787=AXIS2_PLACEMENT_3D('',#6564,#6565,#6566);
#3788=SURFACE_SIDE_STYLE('',(#6567));
#3789=EDGE_LOOP('',(#6568,#6569,#6570,#6571));
#3790=AXIS2_PLACEMENT_3D('',#6572,#6573,#6574);
#3791=SURFACE_SIDE_STYLE('',(#6575));
#3792=EDGE_LOOP('',(#6576,#6577,#6578,#6579));
#3793=AXIS2_PLACEMENT_3D('',#6580,#6581,#6582);
#3794=SURFACE_SIDE_STYLE('',(#6583));
#3795=EDGE_LOOP('',(#6584,#6585,#6586,#6587));
#3796=AXIS2_PLACEMENT_3D('',#6588,#6589,#6590);
#3797=SURFACE_SIDE_STYLE('',(#6591));
#3798=EDGE_LOOP('',(#6592,#6593,#6594,#6595));
#3799=AXIS2_PLACEMENT_3D('',#6596,#6597,#6598);
#3800=SURFACE_SIDE_STYLE('',(#6599));
#3801=EDGE_LOOP('',(#6600,#6601,#6602,#6603));
#3802=AXIS2_PLACEMENT_3D('',#6604,#6605,#6606);
#3803=SURFACE_SIDE_STYLE('',(#6607));
#3804=EDGE_LOOP('',(#6608,#6609,#6610,#6611));
#3805=AXIS2_PLACEMENT_3D('',#6612,#6613,#6614);
#3806=SURFACE_SIDE_STYLE('',(#6615));
#3807=EDGE_LOOP('',(#6616,#6617,#6618,#6619));
#3808=AXIS2_PLACEMENT_3D('',#6620,#6621,#6622);
#3809=SURFACE_SIDE_STYLE('',(#6623));
#3810=EDGE_LOOP('',(#6624,#6625,#6626,#6627));
#3811=AXIS2_PLACEMENT_3D('',#6628,#6629,#6630);
#3812=SURFACE_SIDE_STYLE('',(#6631));
#3813=EDGE_LOOP('',(#6632,#6633,#6634,#6635));
#3814=AXIS2_PLACEMENT_3D('',#6636,#6637,#6638);
#3815=SURFACE_SIDE_STYLE('',(#6639));
#3816=EDGE_LOOP('',(#6640,#6641,#6642,#6643));
#3817=AXIS2_PLACEMENT_3D('',#6644,#6645,#6646);
#3818=SURFACE_SIDE_STYLE('',(#6647));
#3819=EDGE_LOOP('',(#6648,#6649,#6650,#6651));
#3820=AXIS2_PLACEMENT_3D('',#6652,#6653,#6654);
#3821=SURFACE_SIDE_STYLE('',(#6655));
#3822=EDGE_LOOP('',(#6656,#6657,#6658,#6659));
#3823=AXIS2_PLACEMENT_3D('',#6660,#6661,#6662);
#3824=SURFACE_SIDE_STYLE('',(#6663));
#3825=EDGE_LOOP('',(#6664,#6665,#6666,#6667));
#3826=AXIS2_PLACEMENT_3D('',#6668,#6669,#6670);
#3827=SURFACE_SIDE_STYLE('',(#6671));
#3828=EDGE_LOOP('',(#6672,#6673,#6674,#6675));
#3829=AXIS2_PLACEMENT_3D('',#6676,#6677,#6678);
#3830=SURFACE_SIDE_STYLE('',(#6679));
#3831=EDGE_LOOP('',(#6680,#6681,#6682,#6683));
#3832=AXIS2_PLACEMENT_3D('',#6684,#6685,#6686);
#3833=SURFACE_SIDE_STYLE('',(#6687));
#3834=EDGE_LOOP('',(#6688,#6689,#6690,#6691));
#3835=AXIS2_PLACEMENT_3D('',#6692,#6693,#6694);
#3836=SURFACE_SIDE_STYLE('',(#6695));
#3837=EDGE_LOOP('',(#6696,#6697,#6698,#6699));
#3838=AXIS2_PLACEMENT_3D('',#6700,#6701,#6702);
#3839=SURFACE_SIDE_STYLE('',(#6703));
#3840=EDGE_LOOP('',(#6704,#6705,#6706,#6707));
#3841=AXIS2_PLACEMENT_3D('',#6708,#6709,#6710);
#3842=SURFACE_SIDE_STYLE('',(#6711));
#3843=EDGE_LOOP('',(#6712,#6713,#6714,#6715));
#3844=AXIS2_PLACEMENT_3D('',#6716,#6717,#6718);
#3845=SURFACE_SIDE_STYLE('',(#6719));
#3846=EDGE_LOOP('',(#6720,#6721,#6722,#6723));
#3847=AXIS2_PLACEMENT_3D('',#6724,#6725,#6726);
#3848=SURFACE_SIDE_STYLE('',(#6727));
#3849=EDGE_LOOP('',(#6728,#6729,#6730,#6731));
#3850=AXIS2_PLACEMENT_3D('',#6732,#6733,#6734);
#3851=SURFACE_SIDE_STYLE('',(#6735));
#3852=EDGE_LOOP('',(#6736,#6737,#6738,#6739,#6740,#6741,#6742,#6743));
#3853=AXIS2_PLACEMENT_3D('',#6744,#6745,#6746);
#3854=SURFACE_SIDE_STYLE('',(#6747));
#3855=EDGE_LOOP('',(#6748,#6749,#6750,#6751));
#3856=EDGE_LOOP('',(#6752,#6753,#6754,#6755));
#3857=AXIS2_PLACEMENT_3D('',#6756,#6757,#6758);
#3858=SURFACE_SIDE_STYLE('',(#6759));
#3859=EDGE_LOOP('',(#6760,#6761,#6762,#6763));
#3860=AXIS2_PLACEMENT_3D('',#6764,#6765,#6766);
#3861=SURFACE_SIDE_STYLE('',(#6767));
#3862=EDGE_LOOP('',(#6768,#6769,#6770,#6771));
#3863=AXIS2_PLACEMENT_3D('',#6772,#6773,#6774);
#3864=SURFACE_SIDE_STYLE('',(#6775));
#3865=EDGE_LOOP('',(#6776,#6777,#6778,#6779));
#3866=AXIS2_PLACEMENT_3D('',#6780,#6781,#6782);
#3867=SURFACE_SIDE_STYLE('',(#6783));
#3868=EDGE_LOOP('',(#6784,#6785,#6786,#6787));
#3869=AXIS2_PLACEMENT_3D('',#6788,#6789,#6790);
#3870=SURFACE_SIDE_STYLE('',(#6791));
#3871=EDGE_LOOP('',(#6792,#6793,#6794,#6795));
#3872=EDGE_LOOP('',(#6796,#6797,#6798,#6799));
#3873=EDGE_LOOP('',(#6800,#6801,#6802,#6803));
#3874=EDGE_LOOP('',(#6804,#6805,#6806,#6807));
#3875=AXIS2_PLACEMENT_3D('',#6808,#6809,#6810);
#3876=SURFACE_SIDE_STYLE('',(#6811));
#3877=EDGE_LOOP('',(#6812,#6813,#6814,#6815));
#3878=AXIS2_PLACEMENT_3D('',#6816,#6817,#6818);
#3879=SURFACE_SIDE_STYLE('',(#6819));
#3880=EDGE_LOOP('',(#6820,#6821,#6822,#6823));
#3881=AXIS2_PLACEMENT_3D('',#6824,#6825,#6826);
#3882=SURFACE_SIDE_STYLE('',(#6827));
#3883=EDGE_LOOP('',(#6828,#6829,#6830,#6831,#6832,#6833,#6834,#6835,#6836,#6837,#6838,#6839,#6840,#6841,#6842,#6843,#6844,#6845));
#3884=EDGE_LOOP('',(#6846,#6847,#6848,#6849,#6850,#6851,#6852,#6853,#6854,#6855,#6856,#6857,#6858,#6859,#6860,#6861));
#3885=EDGE_LOOP('',(#6862,#6863,#6864,#6865,#6866,#6867,#6868,#6869));
#3886=AXIS2_PLACEMENT_3D('',#6870,#6871,#6872);
#3887=SURFACE_SIDE_STYLE('',(#6873));
#3888=EDGE_LOOP('',(#6874,#6875,#6876,#6877));
#3889=AXIS2_PLACEMENT_3D('',#6878,#6879,#6880);
#3890=SURFACE_SIDE_STYLE('',(#6881));
#3891=EDGE_LOOP('',(#6882,#6883,#6884,#6885,#6886,#6887,#6888,#6889));
#3892=AXIS2_PLACEMENT_3D('',#6890,#6891,#6892);
#3893=SURFACE_SIDE_STYLE('',(#6893));
#3894=EDGE_LOOP('',(#6894,#6895,#6896,#6897,#6898,#6899,#6900,#6901));
#3895=AXIS2_PLACEMENT_3D('',#6902,#6903,#6904);
#3896=SURFACE_SIDE_STYLE('',(#6905));
#3897=EDGE_LOOP('',(#6906,#6907,#6908,#6909));
#3898=AXIS2_PLACEMENT_3D('',#6910,#6911,#6912);
#3899=SURFACE_SIDE_STYLE('',(#6913));
#3900=EDGE_LOOP('',(#6914,#6915,#6916,#6917));
#3901=EDGE_LOOP('',(#6918,#6919,#6920,#6921));
#3902=AXIS2_PLACEMENT_3D('',#6922,#6923,#6924);
#3903=SURFACE_SIDE_STYLE('',(#6925));
#3904=EDGE_LOOP('',(#6926,#6927,#6928,#6929));
#3905=AXIS2_PLACEMENT_3D('',#6930,#6931,#6932);
#3906=SURFACE_SIDE_STYLE('',(#6933));
#3907=EDGE_LOOP('',(#6934,#6935,#6936,#6937));
#3908=AXIS2_PLACEMENT_3D('',#6938,#6939,#6940);
#3909=SURFACE_SIDE_STYLE('',(#6941));
#3910=EDGE_LOOP('',(#6942,#6943,#6944,#6945));
#3911=AXIS2_PLACEMENT_3D('',#6946,#6947,#6948);
#3912=SURFACE_SIDE_STYLE('',(#6949));
#3913=EDGE_LOOP('',(#6950,#6951,#6952,#6953));
#3914=AXIS2_PLACEMENT_3D('',#6954,#6955,#6956);
#3915=SURFACE_SIDE_STYLE('',(#6957));
#3916=EDGE_LOOP('',(#6958,#6959,#6960,#6961,#6962,#6963,#6964,#6965));
#3917=EDGE_LOOP('',(#6966,#6967,#6968,#6969));
#3918=EDGE_LOOP('',(#6970,#6971,#6972,#6973));
#3919=EDGE_LOOP('',(#6974,#6975,#6976,#6977));
#3920=EDGE_LOOP('',(#6978,#6979,#6980,#6981));
#3921=EDGE_LOOP('',(#6982,#6983,#6984,#6985));
#3922=EDGE_LOOP('',(#6986,#6987,#6988,#6989));
#3923=AXIS2_PLACEMENT_3D('',#6990,#6991,#6992);
#3924=SURFACE_SIDE_STYLE('',(#6993));
#3925=EDGE_LOOP('',(#6994,#6995,#6996,#6997));
#3926=AXIS2_PLACEMENT_3D('',#6998,#6999,#7000);
#3927=SURFACE_SIDE_STYLE('',(#7001));
#3928=EDGE_LOOP('',(#7002,#7003,#7004,#7005));
#3929=AXIS2_PLACEMENT_3D('',#7006,#7007,#7008);
#3930=SURFACE_SIDE_STYLE('',(#7009));
#3931=EDGE_LOOP('',(#7010,#7011,#7012,#7013));
#3932=AXIS2_PLACEMENT_3D('',#7014,#7015,#7016);
#3933=SURFACE_SIDE_STYLE('',(#7017));
#3934=EDGE_LOOP('',(#7018,#7019,#7020,#7021));
#3935=AXIS2_PLACEMENT_3D('',#7022,#7023,#7024);
#3936=SURFACE_SIDE_STYLE('',(#7025));
#3937=EDGE_LOOP('',(#7026,#7027,#7028,#7029));
#3938=AXIS2_PLACEMENT_3D('',#7030,#7031,#7032);
#3939=SURFACE_SIDE_STYLE('',(#7033));
#3940=EDGE_LOOP('',(#7034,#7035,#7036,#7037));
#3941=AXIS2_PLACEMENT_3D('',#7038,#7039,#7040);
#3942=SURFACE_SIDE_STYLE('',(#7041));
#3943=EDGE_LOOP('',(#7042,#7043,#7044,#7045));
#3944=EDGE_LOOP('',(#7046,#7047,#7048,#7049));
#3945=AXIS2_PLACEMENT_3D('',#7050,#7051,#7052);
#3946=SURFACE_SIDE_STYLE('',(#7053));
#3947=EDGE_LOOP('',(#7054,#7055,#7056,#7057));
#3948=AXIS2_PLACEMENT_3D('',#7058,#7059,#7060);
#3949=SURFACE_SIDE_STYLE('',(#7061));
#3950=EDGE_LOOP('',(#7062,#7063,#7064,#7065,#7066,#7067,#7068,#7069,#7070,#7071,#7072,#7073,#7074,#7075,#7076,#7077,#7078,#7079,#7080,#7081));
#3951=AXIS2_PLACEMENT_3D('',#7082,#7083,#7084);
#3952=SURFACE_SIDE_STYLE('',(#7085));
#3953=EDGE_LOOP('',(#7086,#7087,#7088,#7089));
#3954=AXIS2_PLACEMENT_3D('',#7090,#7091,#7092);
#3955=SURFACE_SIDE_STYLE('',(#7093));
#3956=EDGE_LOOP('',(#7094,#7095,#7096,#7097,#7098,#7099,#7100,#7101,#7102,#7103));
#3957=EDGE_LOOP('',(#7104,#7105));
#3958=AXIS2_PLACEMENT_3D('',#7106,#7107,#7108);
#3959=SURFACE_SIDE_STYLE('',(#7109));
#3960=EDGE_LOOP('',(#7110,#7111,#7112,#7113,#7114));
#3961=AXIS2_PLACEMENT_3D('',#7115,#7116,#7117);
#3962=SURFACE_SIDE_STYLE('',(#7118));
#3963=EDGE_LOOP('',(#7119,#7120,#7121,#7122,#7123));
#3964=AXIS2_PLACEMENT_3D('',#7124,#7125,#7126);
#3965=SURFACE_SIDE_STYLE('',(#7127));
#3966=EDGE_LOOP('',(#7128,#7129));
#3967=AXIS2_PLACEMENT_3D('',#7130,#7131,#7132);
#3968=SURFACE_SIDE_STYLE('',(#7133));
#3969=EDGE_LOOP('',(#7134,#7135,#7136,#7137,#7138,#7139));
#3970=AXIS2_PLACEMENT_3D('',#7140,#7141,#7142);
#3971=SURFACE_SIDE_STYLE('',(#7143));
#3972=EDGE_LOOP('',(#7144,#7145,#7146,#7147,#7148,#7149,#7150));
#3973=AXIS2_PLACEMENT_3D('',#7151,#7152,#7153);
#3974=SURFACE_SIDE_STYLE('',(#7154));
#3975=EDGE_LOOP('',(#7155,#7156,#7157,#7158,#7159,#7160,#7161,#7162));
#3976=AXIS2_PLACEMENT_3D('',#7163,#7164,#7165);
#3977=SURFACE_SIDE_STYLE('',(#7166));
#3978=EDGE_LOOP('',(#7167,#7168,#7169,#7170));
#3979=AXIS2_PLACEMENT_3D('',#7171,#7172,#7173);
#3980=SURFACE_SIDE_STYLE('',(#7174));
#3981=EDGE_LOOP('',(#7175,#7176,#7177,#7178,#7179,#7180));
#3982=AXIS2_PLACEMENT_3D('',#7181,#7182,#7183);
#3983=SURFACE_SIDE_STYLE('',(#7184));
#3984=EDGE_LOOP('',(#7185,#7186,#7187,#7188));
#3985=AXIS2_PLACEMENT_3D('',#7189,#7190,#7191);
#3986=SURFACE_SIDE_STYLE('',(#7192));
#3987=EDGE_LOOP('',(#7193,#7194,#7195,#7196));
#3988=AXIS2_PLACEMENT_3D('',#7197,#7198,#7199);
#3989=SURFACE_SIDE_STYLE('',(#7200));
#3990=EDGE_LOOP('',(#7201,#7202,#7203,#7204,#7205,#7206,#7207,#7208));
#3991=AXIS2_PLACEMENT_3D('',#7209,#7210,#7211);
#3992=SURFACE_SIDE_STYLE('',(#7212));
#3993=EDGE_LOOP('',(#7213,#7214,#7215,#7216));
#3994=AXIS2_PLACEMENT_3D('',#7217,#7218,#7219);
#3995=SURFACE_SIDE_STYLE('',(#7220));
#3996=EDGE_LOOP('',(#7221,#7222,#7223,#7224));
#3997=AXIS2_PLACEMENT_3D('',#7225,#7226,#7227);
#3998=SURFACE_SIDE_STYLE('',(#7228));
#3999=EDGE_LOOP('',(#7229,#7230,#7231,#7232,#7233,#7234,#7235,#7236));
#4000=AXIS2_PLACEMENT_3D('',#7237,#7238,#7239);
#4001=SURFACE_SIDE_STYLE('',(#7240));
#4002=EDGE_LOOP('',(#7241,#7242,#7243,#7244));
#4003=AXIS2_PLACEMENT_3D('',#7245,#7246,#7247);
#4004=SURFACE_SIDE_STYLE('',(#7248));
#4005=EDGE_LOOP('',(#7249,#7250,#7251,#7252,#7253,#7254));
#4006=AXIS2_PLACEMENT_3D('',#7255,#7256,#7257);
#4007=SURFACE_SIDE_STYLE('',(#7258));
#4008=EDGE_LOOP('',(#7259,#7260,#7261,#7262));
#4009=AXIS2_PLACEMENT_3D('',#7263,#7264,#7265);
#4010=SURFACE_SIDE_STYLE('',(#7266));
#4011=EDGE_LOOP('',(#7267,#7268,#7269,#7270));
#4012=AXIS2_PLACEMENT_3D('',#7271,#7272,#7273);
#4013=SURFACE_SIDE_STYLE('',(#7274));
#4014=EDGE_LOOP('',(#7275,#7276,#7277,#7278));
#4015=AXIS2_PLACEMENT_3D('',#7279,#7280,#7281);
#4016=SURFACE_SIDE_STYLE('',(#7282));
#4017=EDGE_LOOP('',(#7283,#7284,#7285,#7286));
#4018=AXIS2_PLACEMENT_3D('',#7287,#7288,#7289);
#4019=SURFACE_SIDE_STYLE('',(#7290));
#4020=EDGE_LOOP('',(#7291,#7292,#7293,#7294,#7295,#7296,#7297,#7298));
#4021=AXIS2_PLACEMENT_3D('',#7299,#7300,#7301);
#4022=SURFACE_SIDE_STYLE('',(#7302));
#4023=EDGE_LOOP('',(#7303,#7304,#7305,#7306));
#4024=AXIS2_PLACEMENT_3D('',#7307,#7308,#7309);
#4025=SURFACE_SIDE_STYLE('',(#7310));
#4026=EDGE_LOOP('',(#7311,#7312,#7313,#7314,#7315,#7316,#7317));
#4027=AXIS2_PLACEMENT_3D('',#7318,#7319,#7320);
#4028=SURFACE_SIDE_STYLE('',(#7321));
#4029=EDGE_LOOP('',(#7322,#7323,#7324,#7325,#7326,#7327,#7328,#7329));
#4030=AXIS2_PLACEMENT_3D('',#7330,#7331,#7332);
#4031=SURFACE_SIDE_STYLE('',(#7333));
#4032=EDGE_LOOP('',(#7334,#7335,#7336,#7337,#7338,#7339));
#4033=AXIS2_PLACEMENT_3D('',#7340,#7341,#7342);
#4034=SURFACE_SIDE_STYLE('',(#7343));
#4035=EDGE_LOOP('',(#7344,#7345,#7346,#7347));
#4036=AXIS2_PLACEMENT_3D('',#7348,#7349,#7350);
#4037=SURFACE_SIDE_STYLE('',(#7351));
#4038=EDGE_LOOP('',(#7352,#7353,#7354,#7355));
#4039=EDGE_LOOP('',(#7356,#7357,#7358,#7359));
#4040=AXIS2_PLACEMENT_3D('',#7360,#7361,#7362);
#4041=SURFACE_SIDE_STYLE('',(#7363));
#4042=EDGE_LOOP('',(#7364,#7365,#7366,#7367));
#4043=AXIS2_PLACEMENT_3D('',#7368,#7369,#7370);
#4044=SURFACE_SIDE_STYLE('',(#7371));
#4045=EDGE_LOOP('',(#7372,#7373,#7374,#7375));
#4046=AXIS2_PLACEMENT_3D('',#7376,#7377,#7378);
#4047=SURFACE_SIDE_STYLE('',(#7379));
#4048=EDGE_LOOP('',(#7380,#7381,#7382,#7383));
#4049=AXIS2_PLACEMENT_3D('',#7384,#7385,#7386);
#4050=SURFACE_SIDE_STYLE('',(#7387));
#4051=EDGE_LOOP('',(#7388,#7389,#7390,#7391));
#4052=AXIS2_PLACEMENT_3D('',#7392,#7393,#7394);
#4053=SURFACE_SIDE_STYLE('',(#7395));
#4054=EDGE_LOOP('',(#7396,#7397,#7398,#7399));
#4055=AXIS2_PLACEMENT_3D('',#7400,#7401,#7402);
#4056=SURFACE_SIDE_STYLE('',(#7403));
#4057=EDGE_LOOP('',(#7404,#7405,#7406,#7407));
#4058=AXIS2_PLACEMENT_3D('',#7408,#7409,#7410);
#4059=SURFACE_SIDE_STYLE('',(#7411));
#4060=EDGE_LOOP('',(#7412,#7413,#7414,#7415));
#4061=AXIS2_PLACEMENT_3D('',#7416,#7417,#7418);
#4062=SURFACE_SIDE_STYLE('',(#7419));
#4063=EDGE_LOOP('',(#7420,#7421,#7422,#7423));
#4064=AXIS2_PLACEMENT_3D('',#7424,#7425,#7426);
#4065=SURFACE_SIDE_STYLE('',(#7427));
#4066=EDGE_LOOP('',(#7428,#7429,#7430,#7431));
#4067=AXIS2_PLACEMENT_3D('',#7432,#7433,#7434);
#4068=SURFACE_SIDE_STYLE('',(#7435));
#4069=EDGE_LOOP('',(#7436,#7437,#7438,#7439));
#4070=AXIS2_PLACEMENT_3D('',#7440,#7441,#7442);
#4071=SURFACE_SIDE_STYLE('',(#7443));
#4072=EDGE_LOOP('',(#7444,#7445,#7446,#7447));
#4073=AXIS2_PLACEMENT_3D('',#7448,#7449,#7450);
#4074=SURFACE_SIDE_STYLE('',(#7451));
#4075=EDGE_LOOP('',(#7452,#7453,#7454,#7455));
#4076=AXIS2_PLACEMENT_3D('',#7456,#7457,#7458);
#4077=SURFACE_SIDE_STYLE('',(#7459));
#4078=EDGE_LOOP('',(#7460,#7461,#7462,#7463));
#4079=AXIS2_PLACEMENT_3D('',#7464,#7465,#7466);
#4080=SURFACE_SIDE_STYLE('',(#7467));
#4081=EDGE_LOOP('',(#7468,#7469,#7470,#7471,#7472,#7473));
#4082=AXIS2_PLACEMENT_3D('',#7474,#7475,#7476);
#4083=SURFACE_SIDE_STYLE('',(#7477));
#4084=EDGE_LOOP('',(#7478,#7479,#7480,#7481));
#4085=AXIS2_PLACEMENT_3D('',#7482,#7483,#7484);
#4086=SURFACE_SIDE_STYLE('',(#7485));
#4087=EDGE_LOOP('',(#7486,#7487,#7488,#7489));
#4088=AXIS2_PLACEMENT_3D('',#7490,#7491,#7492);
#4089=SURFACE_SIDE_STYLE('',(#7493));
#4090=EDGE_LOOP('',(#7494,#7495,#7496,#7497));
#4091=AXIS2_PLACEMENT_3D('',#7498,#7499,#7500);
#4092=SURFACE_SIDE_STYLE('',(#7501));
#4093=EDGE_LOOP('',(#7502,#7503,#7504,#7505));
#4094=AXIS2_PLACEMENT_3D('',#7506,#7507,#7508);
#4095=SURFACE_SIDE_STYLE('',(#7509));
#4096=EDGE_LOOP('',(#7510,#7511,#7512,#7513));
#4097=AXIS2_PLACEMENT_3D('',#7514,#7515,#7516);
#4098=SURFACE_SIDE_STYLE('',(#7517));
#4099=EDGE_LOOP('',(#7518,#7519,#7520,#7521));
#4100=AXIS2_PLACEMENT_3D('',#7522,#7523,#7524);
#4101=SURFACE_SIDE_STYLE('',(#7525));
#4102=EDGE_LOOP('',(#7526,#7527,#7528,#7529));
#4103=AXIS2_PLACEMENT_3D('',#7530,#7531,#7532);
#4104=SURFACE_SIDE_STYLE('',(#7533));
#4105=EDGE_LOOP('',(#7534,#7535,#7536,#7537));
#4106=AXIS2_PLACEMENT_3D('',#7538,#7539,#7540);
#4107=SURFACE_SIDE_STYLE('',(#7541));
#4108=EDGE_LOOP('',(#7542,#7543,#7544,#7545,#7546));
#4109=AXIS2_PLACEMENT_3D('',#7547,#7548,#7549);
#4110=SURFACE_SIDE_STYLE('',(#7550));
#4111=EDGE_LOOP('',(#7551,#7552,#7553,#7554,#7555));
#4112=AXIS2_PLACEMENT_3D('',#7556,#7557,#7558);
#4113=SURFACE_SIDE_STYLE('',(#7559));
#4114=SURFACE_SIDE_STYLE('',(#7560));
#4115=EDGE_LOOP('',(#7561,#7562,#7563,#7564));
#4116=AXIS2_PLACEMENT_3D('',#7565,#7566,#7567);
#4117=SURFACE_SIDE_STYLE('',(#7568));
#4118=EDGE_LOOP('',(#7569,#7570,#7571,#7572));
#4119=AXIS2_PLACEMENT_3D('',#7573,#7574,#7575);
#4120=SURFACE_SIDE_STYLE('',(#7576));
#4121=EDGE_LOOP('',(#7577,#7578,#7579,#7580,#7581,#7582));
#4122=AXIS2_PLACEMENT_3D('',#7583,#7584,#7585);
#4123=SURFACE_SIDE_STYLE('',(#7586));
#4124=EDGE_LOOP('',(#7587,#7588,#7589,#7590));
#4125=AXIS2_PLACEMENT_3D('',#7591,#7592,#7593);
#4126=SURFACE_SIDE_STYLE('',(#7594));
#4127=EDGE_LOOP('',(#7595,#7596,#7597,#7598));
#4128=AXIS2_PLACEMENT_3D('',#7599,#7600,#7601);
#4129=SURFACE_SIDE_STYLE('',(#7602));
#4130=EDGE_LOOP('',(#7603,#7604,#7605,#7606));
#4131=AXIS2_PLACEMENT_3D('',#7607,#7608,#7609);
#4132=SURFACE_SIDE_STYLE('',(#7610));
#4133=EDGE_LOOP('',(#7611,#7612,#7613,#7614,#7615,#7616));
#4134=AXIS2_PLACEMENT_3D('',#7617,#7618,#7619);
#4135=SURFACE_SIDE_STYLE('',(#7620));
#4136=EDGE_LOOP('',(#7621,#7622,#7623,#7624,#7625,#7626,#7627,#7628,#7629,#7630,#7631,#7632));
#4137=AXIS2_PLACEMENT_3D('',#7633,#7634,#7635);
#4138=SURFACE_SIDE_STYLE('',(#7636));
#4139=EDGE_LOOP('',(#7637,#7638,#7639,#7640));
#4140=AXIS2_PLACEMENT_3D('',#7641,#7642,#7643);
#4141=SURFACE_SIDE_STYLE('',(#7644));
#4142=EDGE_LOOP('',(#7645,#7646,#7647,#7648,#7649,#7650,#7651,#7652,#7653,#7654,#7655,#7656));
#4143=AXIS2_PLACEMENT_3D('',#7657,#7658,#7659);
#4144=SURFACE_SIDE_STYLE('',(#7660));
#4145=EDGE_LOOP('',(#7661,#7662,#7663,#7664));
#4146=AXIS2_PLACEMENT_3D('',#7665,#7666,#7667);
#4147=SURFACE_SIDE_STYLE('',(#7668));
#4148=EDGE_LOOP('',(#7669,#7670,#7671,#7672));
#4149=AXIS2_PLACEMENT_3D('',#7673,#7674,#7675);
#4150=SURFACE_SIDE_STYLE('',(#7676));
#4151=EDGE_LOOP('',(#7677,#7678,#7679,#7680));
#4152=AXIS2_PLACEMENT_3D('',#7681,#7682,#7683);
#4153=SURFACE_SIDE_STYLE('',(#7684));
#4154=EDGE_LOOP('',(#7685,#7686,#7687,#7688));
#4155=AXIS2_PLACEMENT_3D('',#7689,#7690,#7691);
#4156=SURFACE_SIDE_STYLE('',(#7692));
#4157=EDGE_LOOP('',(#7693,#7694,#7695,#7696));
#4158=AXIS2_PLACEMENT_3D('',#7697,#7698,#7699);
#4159=SURFACE_SIDE_STYLE('',(#7700));
#4160=EDGE_LOOP('',(#7701,#7702,#7703,#7704));
#4161=AXIS2_PLACEMENT_3D('',#7705,#7706,#7707);
#4162=SURFACE_SIDE_STYLE('',(#7708));
#4163=EDGE_LOOP('',(#7709,#7710,#7711,#7712));
#4164=AXIS2_PLACEMENT_3D('',#7713,#7714,#7715);
#4165=SURFACE_SIDE_STYLE('',(#7716));
#4166=EDGE_LOOP('',(#7717,#7718,#7719,#7720));
#4167=AXIS2_PLACEMENT_3D('',#7721,#7722,#7723);
#4168=SURFACE_SIDE_STYLE('',(#7724));
#4169=EDGE_LOOP('',(#7725,#7726,#7727,#7728));
#4170=AXIS2_PLACEMENT_3D('',#7729,#7730,#7731);
#4171=SURFACE_SIDE_STYLE('',(#7732));
#4172=EDGE_LOOP('',(#7733,#7734,#7735,#7736));
#4173=AXIS2_PLACEMENT_3D('',#7737,#7738,#7739);
#4174=SURFACE_SIDE_STYLE('',(#7740));
#4175=EDGE_LOOP('',(#7741,#7742,#7743,#7744));
#4176=AXIS2_PLACEMENT_3D('',#7745,#7746,#7747);
#4177=SURFACE_SIDE_STYLE('',(#7748));
#4178=EDGE_LOOP('',(#7749,#7750,#7751,#7752));
#4179=AXIS2_PLACEMENT_3D('',#7753,#7754,#7755);
#4180=SURFACE_SIDE_STYLE('',(#7756));
#4181=EDGE_LOOP('',(#7757,#7758,#7759,#7760));
#4182=AXIS2_PLACEMENT_3D('',#7761,#7762,#7763);
#4183=SURFACE_SIDE_STYLE('',(#7764));
#4184=EDGE_LOOP('',(#7765,#7766,#7767,#7768));
#4185=AXIS2_PLACEMENT_3D('',#7769,#7770,#7771);
#4186=SURFACE_SIDE_STYLE('',(#7772));
#4187=EDGE_LOOP('',(#7773,#7774,#7775,#7776,#7777,#7778,#7779,#7780));
#4188=AXIS2_PLACEMENT_3D('',#7781,#7782,#7783);
#4189=SURFACE_SIDE_STYLE('',(#7784));
#4190=EDGE_LOOP('',(#7785,#7786,#7787,#7788));
#4191=AXIS2_PLACEMENT_3D('',#7789,#7790,#7791);
#4192=SURFACE_SIDE_STYLE('',(#7792));
#4193=EDGE_LOOP('',(#7793,#7794,#7795,#7796));
#4194=AXIS2_PLACEMENT_3D('',#7797,#7798,#7799);
#4195=SURFACE_SIDE_STYLE('',(#7800));
#4196=EDGE_LOOP('',(#7801,#7802,#7803,#7804));
#4197=AXIS2_PLACEMENT_3D('',#7805,#7806,#7807);
#4198=SURFACE_SIDE_STYLE('',(#7808));
#4199=EDGE_LOOP('',(#7809,#7810,#7811,#7812));
#4200=AXIS2_PLACEMENT_3D('',#7813,#7814,#7815);
#4201=SURFACE_SIDE_STYLE('',(#7816));
#4202=EDGE_LOOP('',(#7817,#7818,#7819,#7820));
#4203=AXIS2_PLACEMENT_3D('',#7821,#7822,#7823);
#4204=SURFACE_SIDE_STYLE('',(#7824));
#4205=EDGE_LOOP('',(#7825,#7826,#7827,#7828));
#4206=AXIS2_PLACEMENT_3D('',#7829,#7830,#7831);
#4207=SURFACE_SIDE_STYLE('',(#7832));
#4208=EDGE_LOOP('',(#7833,#7834,#7835,#7836));
#4209=AXIS2_PLACEMENT_3D('',#7837,#7838,#7839);
#4210=SURFACE_SIDE_STYLE('',(#7840));
#4211=EDGE_LOOP('',(#7841,#7842,#7843,#7844));
#4212=AXIS2_PLACEMENT_3D('',#7845,#7846,#7847);
#4213=SURFACE_SIDE_STYLE('',(#7848));
#4214=EDGE_LOOP('',(#7849,#7850,#7851,#7852));
#4215=AXIS2_PLACEMENT_3D('',#7853,#7854,#7855);
#4216=SURFACE_SIDE_STYLE('',(#7856));
#4217=EDGE_LOOP('',(#7857,#7858,#7859,#7860));
#4218=AXIS2_PLACEMENT_3D('',#7861,#7862,#7863);
#4219=SURFACE_SIDE_STYLE('',(#7864));
#4220=EDGE_LOOP('',(#7865,#7866,#7867,#7868));
#4221=AXIS2_PLACEMENT_3D('',#7869,#7870,#7871);
#4222=SURFACE_SIDE_STYLE('',(#7872));
#4223=EDGE_LOOP('',(#7873,#7874,#7875,#7876));
#4224=AXIS2_PLACEMENT_3D('',#7877,#7878,#7879);
#4225=SURFACE_SIDE_STYLE('',(#7880));
#4226=EDGE_LOOP('',(#7881,#7882,#7883,#7884));
#4227=AXIS2_PLACEMENT_3D('',#7885,#7886,#7887);
#4228=SURFACE_SIDE_STYLE('',(#7888));
#4229=EDGE_LOOP('',(#7889,#7890,#7891,#7892));
#4230=AXIS2_PLACEMENT_3D('',#7893,#7894,#7895);
#4231=SURFACE_SIDE_STYLE('',(#7896));
#4232=EDGE_LOOP('',(#7897,#7898,#7899,#7900,#7901,#7902,#7903,#7904,#7905,#7906,#7907,#7908,#7909,#7910,#7911,#7912,#7913,#7914,#7915,#7916,#7917,#7918,#7919,#7920,#7921,#7922));
#4233=AXIS2_PLACEMENT_3D('',#7923,#7924,#7925);
#4234=SURFACE_SIDE_STYLE('',(#7926));
#4235=EDGE_LOOP('',(#7927,#7928,#7929,#7930,#7931,#7932,#7933,#7934));
#4236=AXIS2_PLACEMENT_3D('',#7935,#7936,#7937);
#4237=SURFACE_SIDE_STYLE('',(#7938));
#4238=EDGE_LOOP('',(#7939,#7940,#7941,#7942,#7943,#7944,#7945,#7946,#7947,#7948,#7949,#7950,#7951,#7952,#7953,#7954,#7955,#7956,#7957,#7958,#7959,#7960,#7961,#7962,#7963,#7964));
#4239=AXIS2_PLACEMENT_3D('',#7965,#7966,#7967);
#4240=SURFACE_SIDE_STYLE('',(#7968));
#4241=SURFACE_SIDE_STYLE('',(#7969));
#4242=EDGE_LOOP('',(#7970,#7971,#7972,#7973));
#4243=AXIS2_PLACEMENT_3D('',#7974,#7975,#7976);
#4244=SURFACE_SIDE_STYLE('',(#7977));
#4245=EDGE_LOOP('',(#7978,#7979,#7980,#7981));
#4246=AXIS2_PLACEMENT_3D('',#7982,#7983,#7984);
#4247=SURFACE_SIDE_STYLE('',(#7985));
#4248=EDGE_LOOP('',(#7986,#7987,#7988,#7989,#7990,#7991));
#4249=AXIS2_PLACEMENT_3D('',#7992,#7993,#7994);
#4250=SURFACE_SIDE_STYLE('',(#7995));
#4251=EDGE_LOOP('',(#7996,#7997,#7998,#7999));
#4252=AXIS2_PLACEMENT_3D('',#8000,#8001,#8002);
#4253=SURFACE_SIDE_STYLE('',(#8003));
#4254=EDGE_LOOP('',(#8004,#8005,#8006,#8007));
#4255=AXIS2_PLACEMENT_3D('',#8008,#8009,#8010);
#4256=SURFACE_SIDE_STYLE('',(#8011));
#4257=EDGE_LOOP('',(#8012,#8013,#8014,#8015));
#4258=AXIS2_PLACEMENT_3D('',#8016,#8017,#8018);
#4259=SURFACE_SIDE_STYLE('',(#8019));
#4260=EDGE_LOOP('',(#8020,#8021,#8022,#8023,#8024,#8025));
#4261=AXIS2_PLACEMENT_3D('',#8026,#8027,#8028);
#4262=SURFACE_SIDE_STYLE('',(#8029));
#4263=EDGE_LOOP('',(#8030,#8031,#8032,#8033,#8034,#8035,#8036,#8037,#8038,#8039,#8040,#8041));
#4264=AXIS2_PLACEMENT_3D('',#8042,#8043,#8044);
#4265=SURFACE_SIDE_STYLE('',(#8045));
#4266=EDGE_LOOP('',(#8046,#8047,#8048,#8049));
#4267=AXIS2_PLACEMENT_3D('',#8050,#8051,#8052);
#4268=SURFACE_SIDE_STYLE('',(#8053));
#4269=EDGE_LOOP('',(#8054,#8055,#8056,#8057,#8058,#8059,#8060,#8061,#8062,#8063,#8064,#8065));
#4270=AXIS2_PLACEMENT_3D('',#8066,#8067,#8068);
#4271=SURFACE_SIDE_STYLE('',(#8069));
#4272=EDGE_LOOP('',(#8070,#8071,#8072,#8073));
#4273=AXIS2_PLACEMENT_3D('',#8074,#8075,#8076);
#4274=SURFACE_SIDE_STYLE('',(#8077));
#4275=EDGE_LOOP('',(#8078,#8079,#8080,#8081));
#4276=AXIS2_PLACEMENT_3D('',#8082,#8083,#8084);
#4277=SURFACE_SIDE_STYLE('',(#8085));
#4278=EDGE_LOOP('',(#8086,#8087,#8088,#8089));
#4279=AXIS2_PLACEMENT_3D('',#8090,#8091,#8092);
#4280=SURFACE_SIDE_STYLE('',(#8093));
#4281=EDGE_LOOP('',(#8094,#8095,#8096,#8097));
#4282=AXIS2_PLACEMENT_3D('',#8098,#8099,#8100);
#4283=SURFACE_SIDE_STYLE('',(#8101));
#4284=EDGE_LOOP('',(#8102,#8103,#8104,#8105));
#4285=AXIS2_PLACEMENT_3D('',#8106,#8107,#8108);
#4286=SURFACE_SIDE_STYLE('',(#8109));
#4287=EDGE_LOOP('',(#8110,#8111,#8112,#8113));
#4288=AXIS2_PLACEMENT_3D('',#8114,#8115,#8116);
#4289=SURFACE_SIDE_STYLE('',(#8117));
#4290=EDGE_LOOP('',(#8118,#8119,#8120,#8121));
#4291=AXIS2_PLACEMENT_3D('',#8122,#8123,#8124);
#4292=SURFACE_SIDE_STYLE('',(#8125));
#4293=EDGE_LOOP('',(#8126,#8127,#8128,#8129));
#4294=AXIS2_PLACEMENT_3D('',#8130,#8131,#8132);
#4295=SURFACE_SIDE_STYLE('',(#8133));
#4296=EDGE_LOOP('',(#8134,#8135,#8136,#8137));
#4297=AXIS2_PLACEMENT_3D('',#8138,#8139,#8140);
#4298=SURFACE_SIDE_STYLE('',(#8141));
#4299=EDGE_LOOP('',(#8142,#8143,#8144,#8145));
#4300=AXIS2_PLACEMENT_3D('',#8146,#8147,#8148);
#4301=SURFACE_SIDE_STYLE('',(#8149));
#4302=EDGE_LOOP('',(#8150,#8151,#8152,#8153));
#4303=AXIS2_PLACEMENT_3D('',#8154,#8155,#8156);
#4304=SURFACE_SIDE_STYLE('',(#8157));
#4305=EDGE_LOOP('',(#8158,#8159,#8160,#8161));
#4306=AXIS2_PLACEMENT_3D('',#8162,#8163,#8164);
#4307=SURFACE_SIDE_STYLE('',(#8165));
#4308=EDGE_LOOP('',(#8166,#8167,#8168,#8169));
#4309=AXIS2_PLACEMENT_3D('',#8170,#8171,#8172);
#4310=SURFACE_SIDE_STYLE('',(#8173));
#4311=EDGE_LOOP('',(#8174,#8175,#8176,#8177));
#4312=AXIS2_PLACEMENT_3D('',#8178,#8179,#8180);
#4313=SURFACE_SIDE_STYLE('',(#8181));
#4314=EDGE_LOOP('',(#8182,#8183,#8184,#8185,#8186,#8187,#8188,#8189));
#4315=AXIS2_PLACEMENT_3D('',#8190,#8191,#8192);
#4316=SURFACE_SIDE_STYLE('',(#8193));
#4317=EDGE_LOOP('',(#8194,#8195,#8196,#8197));
#4318=AXIS2_PLACEMENT_3D('',#8198,#8199,#8200);
#4319=SURFACE_SIDE_STYLE('',(#8201));
#4320=EDGE_LOOP('',(#8202,#8203,#8204,#8205));
#4321=AXIS2_PLACEMENT_3D('',#8206,#8207,#8208);
#4322=SURFACE_SIDE_STYLE('',(#8209));
#4323=EDGE_LOOP('',(#8210,#8211,#8212,#8213));
#4324=AXIS2_PLACEMENT_3D('',#8214,#8215,#8216);
#4325=SURFACE_SIDE_STYLE('',(#8217));
#4326=EDGE_LOOP('',(#8218,#8219,#8220,#8221));
#4327=AXIS2_PLACEMENT_3D('',#8222,#8223,#8224);
#4328=SURFACE_SIDE_STYLE('',(#8225));
#4329=EDGE_LOOP('',(#8226,#8227,#8228,#8229));
#4330=AXIS2_PLACEMENT_3D('',#8230,#8231,#8232);
#4331=SURFACE_SIDE_STYLE('',(#8233));
#4332=EDGE_LOOP('',(#8234,#8235,#8236,#8237));
#4333=AXIS2_PLACEMENT_3D('',#8238,#8239,#8240);
#4334=SURFACE_SIDE_STYLE('',(#8241));
#4335=EDGE_LOOP('',(#8242,#8243,#8244,#8245));
#4336=AXIS2_PLACEMENT_3D('',#8246,#8247,#8248);
#4337=SURFACE_SIDE_STYLE('',(#8249));
#4338=EDGE_LOOP('',(#8250,#8251,#8252,#8253));
#4339=AXIS2_PLACEMENT_3D('',#8254,#8255,#8256);
#4340=SURFACE_SIDE_STYLE('',(#8257));
#4341=EDGE_LOOP('',(#8258,#8259,#8260,#8261));
#4342=AXIS2_PLACEMENT_3D('',#8262,#8263,#8264);
#4343=SURFACE_SIDE_STYLE('',(#8265));
#4344=EDGE_LOOP('',(#8266,#8267,#8268,#8269));
#4345=AXIS2_PLACEMENT_3D('',#8270,#8271,#8272);
#4346=SURFACE_SIDE_STYLE('',(#8273));
#4347=EDGE_LOOP('',(#8274,#8275,#8276,#8277));
#4348=AXIS2_PLACEMENT_3D('',#8278,#8279,#8280);
#4349=SURFACE_SIDE_STYLE('',(#8281));
#4350=EDGE_LOOP('',(#8282,#8283,#8284,#8285));
#4351=AXIS2_PLACEMENT_3D('',#8286,#8287,#8288);
#4352=SURFACE_SIDE_STYLE('',(#8289));
#4353=EDGE_LOOP('',(#8290,#8291,#8292,#8293));
#4354=AXIS2_PLACEMENT_3D('',#8294,#8295,#8296);
#4355=SURFACE_SIDE_STYLE('',(#8297));
#4356=EDGE_LOOP('',(#8298,#8299,#8300,#8301));
#4357=AXIS2_PLACEMENT_3D('',#8302,#8303,#8304);
#4358=SURFACE_SIDE_STYLE('',(#8305));
#4359=EDGE_LOOP('',(#8306,#8307,#8308,#8309,#8310,#8311,#8312,#8313,#8314,#8315,#8316,#8317,#8318,#8319,#8320,#8321,#8322,#8323,#8324,#8325,#8326,#8327,#8328,#8329,#8330,#8331));
#4360=AXIS2_PLACEMENT_3D('',#8332,#8333,#8334);
#4361=SURFACE_SIDE_STYLE('',(#8335));
#4362=EDGE_LOOP('',(#8336,#8337,#8338,#8339,#8340,#8341,#8342,#8343));
#4363=AXIS2_PLACEMENT_3D('',#8344,#8345,#8346);
#4364=SURFACE_SIDE_STYLE('',(#8347));
#4365=EDGE_LOOP('',(#8348,#8349,#8350,#8351,#8352,#8353,#8354,#8355,#8356,#8357,#8358,#8359,#8360,#8361,#8362,#8363,#8364,#8365,#8366,#8367,#8368,#8369,#8370,#8371,#8372,#8373));
#4366=AXIS2_PLACEMENT_3D('',#8374,#8375,#8376);
#4367=SURFACE_SIDE_STYLE('',(#8377));
#4368=SURFACE_SIDE_STYLE('',(#8378));
#4369=EDGE_LOOP('',(#8379,#8380,#8381,#8382));
#4370=AXIS2_PLACEMENT_3D('',#8383,#8384,#8385);
#4371=SURFACE_SIDE_STYLE('',(#8386));
#4372=EDGE_LOOP('',(#8387,#8388,#8389,#8390));
#4373=AXIS2_PLACEMENT_3D('',#8391,#8392,#8393);
#4374=SURFACE_SIDE_STYLE('',(#8394));
#4375=EDGE_LOOP('',(#8395,#8396,#8397,#8398,#8399,#8400));
#4376=AXIS2_PLACEMENT_3D('',#8401,#8402,#8403);
#4377=SURFACE_SIDE_STYLE('',(#8404));
#4378=EDGE_LOOP('',(#8405,#8406,#8407,#8408));
#4379=AXIS2_PLACEMENT_3D('',#8409,#8410,#8411);
#4380=SURFACE_SIDE_STYLE('',(#8412));
#4381=EDGE_LOOP('',(#8413,#8414,#8415,#8416));
#4382=AXIS2_PLACEMENT_3D('',#8417,#8418,#8419);
#4383=SURFACE_SIDE_STYLE('',(#8420));
#4384=EDGE_LOOP('',(#8421,#8422,#8423,#8424));
#4385=AXIS2_PLACEMENT_3D('',#8425,#8426,#8427);
#4386=SURFACE_SIDE_STYLE('',(#8428));
#4387=EDGE_LOOP('',(#8429,#8430,#8431,#8432,#8433,#8434));
#4388=AXIS2_PLACEMENT_3D('',#8435,#8436,#8437);
#4389=SURFACE_SIDE_STYLE('',(#8438));
#4390=EDGE_LOOP('',(#8439,#8440,#8441,#8442,#8443,#8444,#8445,#8446,#8447,#8448,#8449,#8450));
#4391=AXIS2_PLACEMENT_3D('',#8451,#8452,#8453);
#4392=SURFACE_SIDE_STYLE('',(#8454));
#4393=EDGE_LOOP('',(#8455,#8456,#8457,#8458));
#4394=AXIS2_PLACEMENT_3D('',#8459,#8460,#8461);
#4395=SURFACE_SIDE_STYLE('',(#8462));
#4396=EDGE_LOOP('',(#8463,#8464,#8465,#8466,#8467,#8468,#8469,#8470,#8471,#8472,#8473,#8474));
#4397=AXIS2_PLACEMENT_3D('',#8475,#8476,#8477);
#4398=SURFACE_SIDE_STYLE('',(#8478));
#4399=EDGE_LOOP('',(#8479,#8480,#8481,#8482));
#4400=AXIS2_PLACEMENT_3D('',#8483,#8484,#8485);
#4401=SURFACE_SIDE_STYLE('',(#8486));
#4402=EDGE_LOOP('',(#8487,#8488,#8489,#8490));
#4403=AXIS2_PLACEMENT_3D('',#8491,#8492,#8493);
#4404=SURFACE_SIDE_STYLE('',(#8494));
#4405=EDGE_LOOP('',(#8495,#8496,#8497,#8498));
#4406=AXIS2_PLACEMENT_3D('',#8499,#8500,#8501);
#4407=SURFACE_SIDE_STYLE('',(#8502));
#4408=EDGE_LOOP('',(#8503,#8504,#8505,#8506));
#4409=AXIS2_PLACEMENT_3D('',#8507,#8508,#8509);
#4410=SURFACE_SIDE_STYLE('',(#8510));
#4411=EDGE_LOOP('',(#8511,#8512,#8513,#8514));
#4412=AXIS2_PLACEMENT_3D('',#8515,#8516,#8517);
#4413=SURFACE_SIDE_STYLE('',(#8518));
#4414=EDGE_LOOP('',(#8519,#8520,#8521,#8522));
#4415=AXIS2_PLACEMENT_3D('',#8523,#8524,#8525);
#4416=SURFACE_SIDE_STYLE('',(#8526));
#4417=EDGE_LOOP('',(#8527,#8528,#8529,#8530));
#4418=AXIS2_PLACEMENT_3D('',#8531,#8532,#8533);
#4419=SURFACE_SIDE_STYLE('',(#8534));
#4420=EDGE_LOOP('',(#8535,#8536,#8537,#8538));
#4421=AXIS2_PLACEMENT_3D('',#8539,#8540,#8541);
#4422=SURFACE_SIDE_STYLE('',(#8542));
#4423=EDGE_LOOP('',(#8543,#8544,#8545,#8546));
#4424=AXIS2_PLACEMENT_3D('',#8547,#8548,#8549);
#4425=SURFACE_SIDE_STYLE('',(#8550));
#4426=EDGE_LOOP('',(#8551,#8552,#8553,#8554));
#4427=AXIS2_PLACEMENT_3D('',#8555,#8556,#8557);
#4428=SURFACE_SIDE_STYLE('',(#8558));
#4429=EDGE_LOOP('',(#8559,#8560,#8561,#8562));
#4430=AXIS2_PLACEMENT_3D('',#8563,#8564,#8565);
#4431=SURFACE_SIDE_STYLE('',(#8566));
#4432=EDGE_LOOP('',(#8567,#8568,#8569,#8570));
#4433=AXIS2_PLACEMENT_3D('',#8571,#8572,#8573);
#4434=SURFACE_SIDE_STYLE('',(#8574));
#4435=EDGE_LOOP('',(#8575,#8576,#8577,#8578));
#4436=AXIS2_PLACEMENT_3D('',#8579,#8580,#8581);
#4437=SURFACE_SIDE_STYLE('',(#8582));
#4438=EDGE_LOOP('',(#8583,#8584,#8585,#8586));
#4439=AXIS2_PLACEMENT_3D('',#8587,#8588,#8589);
#4440=SURFACE_SIDE_STYLE('',(#8590));
#4441=EDGE_LOOP('',(#8591,#8592,#8593,#8594,#8595,#8596,#8597,#8598));
#4442=AXIS2_PLACEMENT_3D('',#8599,#8600,#8601);
#4443=SURFACE_SIDE_STYLE('',(#8602));
#4444=EDGE_LOOP('',(#8603,#8604,#8605,#8606));
#4445=AXIS2_PLACEMENT_3D('',#8607,#8608,#8609);
#4446=SURFACE_SIDE_STYLE('',(#8610));
#4447=EDGE_LOOP('',(#8611,#8612,#8613,#8614));
#4448=AXIS2_PLACEMENT_3D('',#8615,#8616,#8617);
#4449=SURFACE_SIDE_STYLE('',(#8618));
#4450=EDGE_LOOP('',(#8619,#8620,#8621,#8622));
#4451=AXIS2_PLACEMENT_3D('',#8623,#8624,#8625);
#4452=SURFACE_SIDE_STYLE('',(#8626));
#4453=EDGE_LOOP('',(#8627,#8628,#8629,#8630));
#4454=AXIS2_PLACEMENT_3D('',#8631,#8632,#8633);
#4455=SURFACE_SIDE_STYLE('',(#8634));
#4456=EDGE_LOOP('',(#8635,#8636,#8637,#8638));
#4457=AXIS2_PLACEMENT_3D('',#8639,#8640,#8641);
#4458=SURFACE_SIDE_STYLE('',(#8642));
#4459=EDGE_LOOP('',(#8643,#8644,#8645,#8646));
#4460=AXIS2_PLACEMENT_3D('',#8647,#8648,#8649);
#4461=SURFACE_SIDE_STYLE('',(#8650));
#4462=EDGE_LOOP('',(#8651,#8652,#8653,#8654));
#4463=AXIS2_PLACEMENT_3D('',#8655,#8656,#8657);
#4464=SURFACE_SIDE_STYLE('',(#8658));
#4465=EDGE_LOOP('',(#8659,#8660,#8661,#8662));
#4466=AXIS2_PLACEMENT_3D('',#8663,#8664,#8665);
#4467=SURFACE_SIDE_STYLE('',(#8666));
#4468=EDGE_LOOP('',(#8667,#8668,#8669,#8670));
#4469=AXIS2_PLACEMENT_3D('',#8671,#8672,#8673);
#4470=SURFACE_SIDE_STYLE('',(#8674));
#4471=EDGE_LOOP('',(#8675,#8676,#8677,#8678));
#4472=AXIS2_PLACEMENT_3D('',#8679,#8680,#8681);
#4473=SURFACE_SIDE_STYLE('',(#8682));
#4474=EDGE_LOOP('',(#8683,#8684,#8685,#8686));
#4475=AXIS2_PLACEMENT_3D('',#8687,#8688,#8689);
#4476=SURFACE_SIDE_STYLE('',(#8690));
#4477=EDGE_LOOP('',(#8691,#8692,#8693,#8694));
#4478=AXIS2_PLACEMENT_3D('',#8695,#8696,#8697);
#4479=SURFACE_SIDE_STYLE('',(#8698));
#4480=EDGE_LOOP('',(#8699,#8700,#8701,#8702));
#4481=AXIS2_PLACEMENT_3D('',#8703,#8704,#8705);
#4482=SURFACE_SIDE_STYLE('',(#8706));
#4483=EDGE_LOOP('',(#8707,#8708,#8709,#8710));
#4484=AXIS2_PLACEMENT_3D('',#8711,#8712,#8713);
#4485=SURFACE_SIDE_STYLE('',(#8714));
#4486=EDGE_LOOP('',(#8715,#8716,#8717,#8718,#8719,#8720,#8721,#8722,#8723,#8724,#8725,#8726,#8727,#8728,#8729,#8730,#8731,#8732,#8733,#8734,#8735,#8736,#8737,#8738,#8739,#8740));
#4487=AXIS2_PLACEMENT_3D('',#8741,#8742,#8743);
#4488=SURFACE_SIDE_STYLE('',(#8744));
#4489=EDGE_LOOP('',(#8745,#8746,#8747,#8748,#8749,#8750,#8751,#8752));
#4490=AXIS2_PLACEMENT_3D('',#8753,#8754,#8755);
#4491=SURFACE_SIDE_STYLE('',(#8756));
#4492=EDGE_LOOP('',(#8757,#8758,#8759,#8760,#8761,#8762,#8763,#8764,#8765,#8766,#8767,#8768,#8769,#8770,#8771,#8772,#8773,#8774,#8775,#8776,#8777,#8778,#8779,#8780,#8781,#8782));
#4493=AXIS2_PLACEMENT_3D('',#8783,#8784,#8785);
#4494=SURFACE_SIDE_STYLE('',(#8786));
#4495=SURFACE_SIDE_STYLE('',(#8787));
#4496=EDGE_LOOP('',(#8788,#8789,#8790,#8791,#8792,#8793,#8794,#8795,#8796));
#4497=AXIS2_PLACEMENT_3D('',#8797,#8798,#8799);
#4498=SURFACE_SIDE_STYLE('',(#8800));
#4499=EDGE_LOOP('',(#8801,#8802,#8803,#8804,#8805,#8806,#8807));
#4500=AXIS2_PLACEMENT_3D('',#8808,#8809,#8810);
#4501=SURFACE_SIDE_STYLE('',(#8811));
#4502=EDGE_LOOP('',(#8812,#8813,#8814,#8815));
#4503=AXIS2_PLACEMENT_3D('',#8816,#8817,#8818);
#4504=SURFACE_SIDE_STYLE('',(#8819));
#4505=EDGE_LOOP('',(#8820,#8821,#8822,#8823));
#4506=AXIS2_PLACEMENT_3D('',#8824,#8825,#8826);
#4507=SURFACE_SIDE_STYLE('',(#8827));
#4508=EDGE_LOOP('',(#8828,#8829,#8830,#8831));
#4509=AXIS2_PLACEMENT_3D('',#8832,#8833,#8834);
#4510=SURFACE_SIDE_STYLE('',(#8835));
#4511=EDGE_LOOP('',(#8836,#8837,#8838,#8839));
#4512=AXIS2_PLACEMENT_3D('',#8840,#8841,#8842);
#4513=SURFACE_SIDE_STYLE('',(#8843));
#4514=EDGE_LOOP('',(#8844,#8845,#8846,#8847));
#4515=AXIS2_PLACEMENT_3D('',#8848,#8849,#8850);
#4516=SURFACE_SIDE_STYLE('',(#8851));
#4517=EDGE_LOOP('',(#8852,#8853,#8854,#8855));
#4518=AXIS2_PLACEMENT_3D('',#8856,#8857,#8858);
#4519=SURFACE_SIDE_STYLE('',(#8859));
#4520=EDGE_LOOP('',(#8860,#8861,#8862,#8863));
#4521=AXIS2_PLACEMENT_3D('',#8864,#8865,#8866);
#4522=SURFACE_SIDE_STYLE('',(#8867));
#4523=EDGE_LOOP('',(#8868,#8869,#8870,#8871));
#4524=AXIS2_PLACEMENT_3D('',#8872,#8873,#8874);
#4525=SURFACE_SIDE_STYLE('',(#8875));
#4526=EDGE_LOOP('',(#8876,#8877,#8878,#8879));
#4527=AXIS2_PLACEMENT_3D('',#8880,#8881,#8882);
#4528=SURFACE_SIDE_STYLE('',(#8883));
#4529=EDGE_LOOP('',(#8884,#8885,#8886,#8887));
#4530=AXIS2_PLACEMENT_3D('',#8888,#8889,#8890);
#4531=SURFACE_SIDE_STYLE('',(#8891));
#4532=EDGE_LOOP('',(#8892,#8893,#8894,#8895,#8896,#8897,#8898,#8899,#8900));
#4533=AXIS2_PLACEMENT_3D('',#8901,#8902,#8903);
#4534=SURFACE_SIDE_STYLE('',(#8904));
#4535=EDGE_LOOP('',(#8905,#8906,#8907,#8908,#8909,#8910,#8911));
#4536=AXIS2_PLACEMENT_3D('',#8912,#8913,#8914);
#4537=SURFACE_SIDE_STYLE('',(#8915));
#4538=EDGE_LOOP('',(#8916,#8917,#8918,#8919,#8920,#8921));
#4539=AXIS2_PLACEMENT_3D('',#8922,#8923,#8924);
#4540=SURFACE_SIDE_STYLE('',(#8925));
#4541=EDGE_LOOP('',(#8926,#8927,#8928,#8929));
#4542=AXIS2_PLACEMENT_3D('',#8930,#8931,#8932);
#4543=SURFACE_SIDE_STYLE('',(#8933));
#4544=EDGE_LOOP('',(#8934,#8935,#8936,#8937));
#4545=AXIS2_PLACEMENT_3D('',#8938,#8939,#8940);
#4546=SURFACE_SIDE_STYLE('',(#8941));
#4547=EDGE_LOOP('',(#8942,#8943,#8944,#8945));
#4548=AXIS2_PLACEMENT_3D('',#8946,#8947,#8948);
#4549=SURFACE_SIDE_STYLE('',(#8949));
#4550=EDGE_LOOP('',(#8950,#8951,#8952,#8953,#8954,#8955,#8956,#8957,#8958,#8959,#8960,#8961,#8962,#8963));
#4551=AXIS2_PLACEMENT_3D('',#8964,#8965,#8966);
#4552=SURFACE_SIDE_STYLE('',(#8967));
#4553=EDGE_LOOP('',(#8968,#8969,#8970,#8971,#8972,#8973,#8974,#8975,#8976,#8977));
#4554=AXIS2_PLACEMENT_3D('',#8978,#8979,#8980);
#4555=SURFACE_SIDE_STYLE('',(#8981));
#4556=EDGE_LOOP('',(#8982,#8983,#8984,#8985,#8986,#8987));
#4557=AXIS2_PLACEMENT_3D('',#8988,#8989,#8990);
#4558=SURFACE_SIDE_STYLE('',(#8991));
#4559=EDGE_LOOP('',(#8992,#8993,#8994,#8995));
#4560=AXIS2_PLACEMENT_3D('',#8996,#8997,#8998);
#4561=SURFACE_SIDE_STYLE('',(#8999));
#4562=EDGE_LOOP('',(#9000,#9001,#9002,#9003));
#4563=AXIS2_PLACEMENT_3D('',#9004,#9005,#9006);
#4564=SURFACE_SIDE_STYLE('',(#9007));
#4565=EDGE_LOOP('',(#9008,#9009,#9010,#9011));
#4566=AXIS2_PLACEMENT_3D('',#9012,#9013,#9014);
#4567=SURFACE_SIDE_STYLE('',(#9015));
#4568=SURFACE_SIDE_STYLE('',(#9016));
#4569=EDGE_LOOP('',(#9017,#9018,#9019,#9020));
#4570=AXIS2_PLACEMENT_3D('',#9021,#9022,#9023);
#4571=SURFACE_SIDE_STYLE('',(#9024));
#4572=EDGE_LOOP('',(#9025,#9026,#9027,#9028));
#4573=AXIS2_PLACEMENT_3D('',#9029,#9030,#9031);
#4574=SURFACE_SIDE_STYLE('',(#9032));
#4575=EDGE_LOOP('',(#9033,#9034,#9035,#9036,#9037,#9038,#9039,#9040));
#4576=AXIS2_PLACEMENT_3D('',#9041,#9042,#9043);
#4577=SURFACE_SIDE_STYLE('',(#9044));
#4578=EDGE_LOOP('',(#9045,#9046,#9047,#9048,#9049,#9050,#9051,#9052,#9053,#9054,#9055,#9056));
#4579=AXIS2_PLACEMENT_3D('',#9057,#9058,#9059);
#4580=SURFACE_SIDE_STYLE('',(#9060));
#4581=EDGE_LOOP('',(#9061,#9062,#9063,#9064,#9065,#9066));
#4582=AXIS2_PLACEMENT_3D('',#9067,#9068,#9069);
#4583=SURFACE_SIDE_STYLE('',(#9070));
#4584=EDGE_LOOP('',(#9071,#9072,#9073,#9074));
#4585=AXIS2_PLACEMENT_3D('',#9075,#9076,#9077);
#4586=SURFACE_SIDE_STYLE('',(#9078));
#4587=EDGE_LOOP('',(#9079,#9080,#9081,#9082));
#4588=AXIS2_PLACEMENT_3D('',#9083,#9084,#9085);
#4589=SURFACE_SIDE_STYLE('',(#9086));
#4590=EDGE_LOOP('',(#9087,#9088,#9089,#9090));
#4591=AXIS2_PLACEMENT_3D('',#9091,#9092,#9093);
#4592=SURFACE_SIDE_STYLE('',(#9094));
#4593=EDGE_LOOP('',(#9095,#9096,#9097,#9098,#9099,#9100,#9101,#9102));
#4594=AXIS2_PLACEMENT_3D('',#9103,#9104,#9105);
#4595=SURFACE_SIDE_STYLE('',(#9106));
#4596=EDGE_LOOP('',(#9107,#9108,#9109,#9110));
#4597=AXIS2_PLACEMENT_3D('',#9111,#9112,#9113);
#4598=SURFACE_SIDE_STYLE('',(#9114));
#4599=EDGE_LOOP('',(#9115,#9116,#9117,#9118));
#4600=AXIS2_PLACEMENT_3D('',#9119,#9120,#9121);
#4601=SURFACE_SIDE_STYLE('',(#9122));
#4602=EDGE_LOOP('',(#9123,#9124,#9125,#9126));
#4603=AXIS2_PLACEMENT_3D('',#9127,#9128,#9129);
#4604=SURFACE_SIDE_STYLE('',(#9130));
#4605=EDGE_LOOP('',(#9131,#9132,#9133,#9134,#9135,#9136,#9137,#9138,#9139,#9140,#9141,#9142));
#4606=AXIS2_PLACEMENT_3D('',#9143,#9144,#9145);
#4607=SURFACE_SIDE_STYLE('',(#9146));
#4608=EDGE_LOOP('',(#9147,#9148,#9149,#9150));
#4609=AXIS2_PLACEMENT_3D('',#9151,#9152,#9153);
#4610=SURFACE_SIDE_STYLE('',(#9154));
#4611=EDGE_LOOP('',(#9155,#9156,#9157,#9158));
#4612=AXIS2_PLACEMENT_3D('',#9159,#9160,#9161);
#4613=SURFACE_SIDE_STYLE('',(#9162));
#4614=EDGE_LOOP('',(#9163,#9164,#9165,#9166));
#4615=AXIS2_PLACEMENT_3D('',#9167,#9168,#9169);
#4616=SURFACE_SIDE_STYLE('',(#9170));
#4617=EDGE_LOOP('',(#9171,#9172,#9173,#9174));
#4618=AXIS2_PLACEMENT_3D('',#9175,#9176,#9177);
#4619=SURFACE_SIDE_STYLE('',(#9178));
#4620=EDGE_LOOP('',(#9179,#9180,#9181,#9182));
#4621=AXIS2_PLACEMENT_3D('',#9183,#9184,#9185);
#4622=SURFACE_SIDE_STYLE('',(#9186));
#4623=EDGE_LOOP('',(#9187,#9188,#9189,#9190));
#4624=AXIS2_PLACEMENT_3D('',#9191,#9192,#9193);
#4625=SURFACE_SIDE_STYLE('',(#9194));
#4626=EDGE_LOOP('',(#9195,#9196,#9197,#9198));
#4627=AXIS2_PLACEMENT_3D('',#9199,#9200,#9201);
#4628=SURFACE_SIDE_STYLE('',(#9202));
#4629=EDGE_LOOP('',(#9203,#9204,#9205,#9206,#9207,#9208,#9209,#9210,#9211,#9212,#9213,#9214,#9215,#9216,#9217,#9218,#9219,#9220,#9221,#9222,#9223,#9224,#9225,#9226,#9227,#9228));
#4630=AXIS2_PLACEMENT_3D('',#9229,#9230,#9231);
#4631=SURFACE_SIDE_STYLE('',(#9232));
#4632=EDGE_LOOP('',(#9233,#9234,#9235,#9236,#9237,#9238,#9239,#9240,#9241,#9242,#9243,#9244,#9245,#9246,#9247,#9248,#9249,#9250,#9251,#9252,#9253,#9254,#9255,#9256,#9257,#9258));
#4633=AXIS2_PLACEMENT_3D('',#9259,#9260,#9261);
#4634=SURFACE_SIDE_STYLE('',(#9262));
#4635=EDGE_LOOP('',(#9263,#9264,#9265,#9266));
#4636=AXIS2_PLACEMENT_3D('',#9267,#9268,#9269);
#4637=SURFACE_SIDE_STYLE('',(#9270));
#4638=EDGE_LOOP('',(#9271,#9272,#9273,#9274));
#4639=AXIS2_PLACEMENT_3D('',#9275,#9276,#9277);
#4640=SURFACE_SIDE_STYLE('',(#9278));
#4641=EDGE_LOOP('',(#9279,#9280,#9281,#9282,#9283,#9284));
#4642=AXIS2_PLACEMENT_3D('',#9285,#9286,#9287);
#4643=SURFACE_SIDE_STYLE('',(#9288));
#4644=EDGE_LOOP('',(#9289,#9290,#9291,#9292));
#4645=AXIS2_PLACEMENT_3D('',#9293,#9294,#9295);
#4646=SURFACE_SIDE_STYLE('',(#9296));
#4647=EDGE_LOOP('',(#9297,#9298,#9299,#9300));
#4648=AXIS2_PLACEMENT_3D('',#9301,#9302,#9303);
#4649=SURFACE_SIDE_STYLE('',(#9304));
#4650=EDGE_LOOP('',(#9305,#9306,#9307,#9308));
#4651=AXIS2_PLACEMENT_3D('',#9309,#9310,#9311);
#4652=SURFACE_SIDE_STYLE('',(#9312));
#4653=EDGE_LOOP('',(#9313,#9314,#9315,#9316));
#4654=AXIS2_PLACEMENT_3D('',#9317,#9318,#9319);
#4655=SURFACE_SIDE_STYLE('',(#9320));
#4656=EDGE_LOOP('',(#9321,#9322,#9323,#9324));
#4657=AXIS2_PLACEMENT_3D('',#9325,#9326,#9327);
#4658=SURFACE_SIDE_STYLE('',(#9328));
#4659=EDGE_LOOP('',(#9329,#9330,#9331,#9332));
#4660=AXIS2_PLACEMENT_3D('',#9333,#9334,#9335);
#4661=SURFACE_SIDE_STYLE('',(#9336));
#4662=EDGE_LOOP('',(#9337,#9338,#9339,#9340));
#4663=AXIS2_PLACEMENT_3D('',#9341,#9342,#9343);
#4664=SURFACE_SIDE_STYLE('',(#9344));
#4665=EDGE_LOOP('',(#9345,#9346,#9347,#9348));
#4666=AXIS2_PLACEMENT_3D('',#9349,#9350,#9351);
#4667=SURFACE_SIDE_STYLE('',(#9352));
#4668=EDGE_LOOP('',(#9353,#9354,#9355,#9356));
#4669=AXIS2_PLACEMENT_3D('',#9357,#9358,#9359);
#4670=SURFACE_SIDE_STYLE('',(#9360));
#4671=EDGE_LOOP('',(#9361,#9362,#9363,#9364));
#4672=AXIS2_PLACEMENT_3D('',#9365,#9366,#9367);
#4673=SURFACE_SIDE_STYLE('',(#9368));
#4674=EDGE_LOOP('',(#9369,#9370,#9371,#9372));
#4675=AXIS2_PLACEMENT_3D('',#9373,#9374,#9375);
#4676=SURFACE_SIDE_STYLE('',(#9376));
#4677=EDGE_LOOP('',(#9377,#9378,#9379,#9380));
#4678=AXIS2_PLACEMENT_3D('',#9381,#9382,#9383);
#4679=SURFACE_SIDE_STYLE('',(#9384));
#4680=EDGE_LOOP('',(#9385,#9386,#9387,#9388));
#4681=AXIS2_PLACEMENT_3D('',#9389,#9390,#9391);
#4682=SURFACE_SIDE_STYLE('',(#9392));
#4683=EDGE_LOOP('',(#9393,#9394,#9395,#9396));
#4684=AXIS2_PLACEMENT_3D('',#9397,#9398,#9399);
#4685=SURFACE_SIDE_STYLE('',(#9400));
#4686=EDGE_LOOP('',(#9401,#9402,#9403,#9404));
#4687=AXIS2_PLACEMENT_3D('',#9405,#9406,#9407);
#4688=SURFACE_SIDE_STYLE('',(#9408));
#4689=EDGE_LOOP('',(#9409,#9410,#9411,#9412));
#4690=AXIS2_PLACEMENT_3D('',#9413,#9414,#9415);
#4691=SURFACE_SIDE_STYLE('',(#9416));
#4692=EDGE_LOOP('',(#9417,#9418,#9419,#9420));
#4693=AXIS2_PLACEMENT_3D('',#9421,#9422,#9423);
#4694=SURFACE_SIDE_STYLE('',(#9424));
#4696=SURFACE_STYLE_FILL_AREA(#9425);
#4697=ORIENTED_EDGE('',*,*,#9426,.T.);
#4698=ORIENTED_EDGE('',*,*,#9427,.F.);
#4699=ORIENTED_EDGE('',*,*,#9428,.F.);
#4700=ORIENTED_EDGE('',*,*,#9429,.F.);
#4701=ORIENTED_EDGE('',*,*,#9430,.F.);
#4702=ORIENTED_EDGE('',*,*,#9431,.T.);
#4703=ORIENTED_EDGE('',*,*,#9432,.F.);
#4704=ORIENTED_EDGE('',*,*,#9433,.T.);
#4705=ORIENTED_EDGE('',*,*,#9434,.F.);
#4706=CARTESIAN_POINT('',(4.08661944901924,7.175,0.32499999999999));
#4707=DIRECTION('',(3.49148133884313E-15,0.0,1.0));
#4708=DIRECTION('',(-1.0,0.0,3.49148133884313E-15));
#4709=SURFACE_STYLE_FILL_AREA(#9435);
#4710=ORIENTED_EDGE('',*,*,#9436,.F.);
#4711=ORIENTED_EDGE('',*,*,#9437,.F.);
#4712=ORIENTED_EDGE('',*,*,#9438,.F.);
#4713=ORIENTED_EDGE('',*,*,#9439,.F.);
#4714=ORIENTED_EDGE('',*,*,#9440,.F.);
#4715=ORIENTED_EDGE('',*,*,#9441,.F.);
#4716=ORIENTED_EDGE('',*,*,#9442,.T.);
#4717=CARTESIAN_POINT('',(4.08661944901924,7.175,-0.0750000000000104));
#4718=DIRECTION('',(3.49148133884313E-15,0.0,1.0));
#4719=DIRECTION('',(-1.0,0.0,3.49148133884313E-15));
#4720=SURFACE_STYLE_FILL_AREA(#9443);
#4721=ORIENTED_EDGE('',*,*,#9444,.F.);
#4722=ORIENTED_EDGE('',*,*,#9445,.F.);
#4723=ORIENTED_EDGE('',*,*,#9446,.F.);
#4724=ORIENTED_EDGE('',*,*,#9447,.F.);
#4725=CARTESIAN_POINT('',(0.370619449019243,8.65,0.32500000000001));
#4726=DIRECTION('',(3.49148133884313E-15,0.0,1.0));
#4727=DIRECTION('',(-1.0,0.0,3.49148133884313E-15));
#4728=SURFACE_STYLE_FILL_AREA(#9448);
#4729=ORIENTED_EDGE('',*,*,#9449,.T.);
#4730=ORIENTED_EDGE('',*,*,#9450,.T.);
#4731=ORIENTED_EDGE('',*,*,#9451,.F.);
#4732=ORIENTED_EDGE('',*,*,#9452,.T.);
#4733=CARTESIAN_POINT('',(4.08661944901925,10.8,0.32499999999999));
#4734=DIRECTION('',(1.10745880744178E-16,1.0,-3.86667175972045E-31));
#4735=DIRECTION('',(1.0,-1.10745880744178E-16,0.0));
#4736=SURFACE_STYLE_FILL_AREA(#9453);
#4737=ORIENTED_EDGE('',*,*,#9454,.F.);
#4738=ORIENTED_EDGE('',*,*,#9455,.F.);
#4739=ORIENTED_EDGE('',*,*,#9456,.F.);
#4740=ORIENTED_EDGE('',*,*,#9457,.T.);
#4741=CARTESIAN_POINT('',(0.77000000000001,5.95,2.37038055098077));
#4742=DIRECTION('',(0.0,-2.47817639425258E-16,-1.0));
#4743=DIRECTION('',(0.0,-1.0,2.47817639425258E-16));
#4744=SURFACE_STYLE_FILL_AREA(#9458);
#4745=ORIENTED_EDGE('',*,*,#9459,.T.);
#4746=ORIENTED_EDGE('',*,*,#9434,.T.);
#4747=ORIENTED_EDGE('',*,*,#9460,.T.);
#4748=ORIENTED_EDGE('',*,*,#9437,.T.);
#4749=CARTESIAN_POINT('',(0.970619449019235,3.8,-1.72002310014175));
#4750=DIRECTION('',(-3.49148133884313E-15,0.0,-1.0));
#4751=DIRECTION('',(1.0,0.0,-3.49148133884313E-15));
#4752=SURFACE_STYLE_FILL_AREA(#9461);
#4753=ORIENTED_EDGE('',*,*,#9462,.F.);
#4754=ORIENTED_EDGE('',*,*,#9463,.F.);
#4755=ORIENTED_EDGE('',*,*,#9464,.F.);
#4756=ORIENTED_EDGE('',*,*,#9452,.F.);
#4757=CARTESIAN_POINT('',(0.370619449019243,10.6,0.32500000000001));
#4758=DIRECTION('',(-3.49148133884313E-15,0.0,-1.0));
#4759=DIRECTION('',(1.0,0.0,-3.49148133884313E-15));
#4760=SURFACE_STYLE_FILL_AREA(#9465);
#4761=ORIENTED_EDGE('',*,*,#9466,.T.);
#4762=ORIENTED_EDGE('',*,*,#9432,.T.);
#4763=ORIENTED_EDGE('',*,*,#9467,.T.);
#4764=ORIENTED_EDGE('',*,*,#9439,.T.);
#4765=CARTESIAN_POINT('',(0.370619449019243,3.8,0.32500000000001));
#4766=DIRECTION('',(-3.49148133884313E-15,0.0,-1.0));
#4767=DIRECTION('',(1.0,0.0,-3.49148133884313E-15));
#4768=SURFACE_STYLE_FILL_AREA(#9468);
#4769=ORIENTED_EDGE('',*,*,#9466,.F.);
#4770=ORIENTED_EDGE('',*,*,#9438,.T.);
#4771=ORIENTED_EDGE('',*,*,#9460,.F.);
#4772=ORIENTED_EDGE('',*,*,#9433,.F.);
#4773=CARTESIAN_POINT('',(4.08661944901925,3.6,0.32499999999999));
#4774=DIRECTION('',(-1.10745880744178E-16,1.0,3.86667175972045E-31));
#4775=DIRECTION('',(-1.0,-1.10745880744178E-16,0.0));
#4776=SURFACE_STYLE_FILL_AREA(#9469);
#4777=ORIENTED_EDGE('',*,*,#9467,.F.);
#4778=ORIENTED_EDGE('',*,*,#9431,.F.);
#4779=ORIENTED_EDGE('',*,*,#9470,.F.);
#4780=ORIENTED_EDGE('',*,*,#9440,.T.);
#4781=CARTESIAN_POINT('',(0.170619449019242,10.8,0.32500000000001));
#4782=DIRECTION('',(1.0,1.20466908053945E-16,-3.49148133884313E-15));
#4783=DIRECTION('',(-3.49148133884313E-15,0.0,-1.0));
#4784=SURFACE_STYLE_FILL_AREA(#9471);
#4785=ORIENTED_EDGE('',*,*,#9472,.T.);
#4786=ORIENTED_EDGE('',*,*,#9473,.F.);
#4787=ORIENTED_EDGE('',*,*,#9474,.T.);
#4788=ORIENTED_EDGE('',*,*,#9475,.T.);
#4789=CARTESIAN_POINT('',(0.77000000000001,3.6,3.37038055098077));
#4790=DIRECTION('',(0.0,-1.22464679914735E-16,1.0));
#4791=DIRECTION('',(0.0,1.0,1.22464679914735E-16));
#4792=SURFACE_STYLE_FILL_AREA(#9476);
#4793=ORIENTED_EDGE('',*,*,#9477,.T.);
#4794=ORIENTED_EDGE('',*,*,#9478,.F.);
#4795=ORIENTED_EDGE('',*,*,#9479,.T.);
#4796=ORIENTED_EDGE('',*,*,#9480,.F.);
#4797=CARTESIAN_POINT('',(0.77000000000001,9.25,-0.0966194490192303));
#4798=DIRECTION('',(0.0,-1.0,-3.75264668872975E-16));
#4799=DIRECTION('',(0.0,-3.75264668872975E-16,1.0));
#4800=SURFACE_STYLE_FILL_AREA(#9481);
#4801=ORIENTED_EDGE('',*,*,#9477,.F.);
#4802=ORIENTED_EDGE('',*,*,#9482,.F.);
#4803=ORIENTED_EDGE('',*,*,#9483,.T.);
#4804=ORIENTED_EDGE('',*,*,#9449,.F.);
#4805=ORIENTED_EDGE('',*,*,#9464,.T.);
#4806=ORIENTED_EDGE('',*,*,#9484,.F.);
#4807=ORIENTED_EDGE('',*,*,#9446,.T.);
#4808=ORIENTED_EDGE('',*,*,#9485,.T.);
#4809=ORIENTED_EDGE('',*,*,#9486,.T.);
#4810=CARTESIAN_POINT('',(4.08661944901924,7.2,0.32499999999999));
#4811=DIRECTION('',(-3.49148133884313E-15,0.0,-1.0));
#4812=DIRECTION('',(-1.0,0.0,3.49148133884313E-15));
#4813=SURFACE_STYLE_FILL_AREA(#9487);
#4814=ORIENTED_EDGE('',*,*,#9488,.T.);
#4815=ORIENTED_EDGE('',*,*,#9489,.F.);
#4816=ORIENTED_EDGE('',*,*,#9444,.T.);
#4817=ORIENTED_EDGE('',*,*,#9490,.T.);
#4818=ORIENTED_EDGE('',*,*,#9462,.T.);
#4819=ORIENTED_EDGE('',*,*,#9451,.T.);
#4820=ORIENTED_EDGE('',*,*,#9491,.T.);
#4821=CARTESIAN_POINT('',(4.08661944901924,7.2,-0.0750000000000104));
#4822=DIRECTION('',(-3.49148133884313E-15,0.0,-1.0));
#4823=DIRECTION('',(-1.0,0.0,3.49148133884313E-15));
#4824=SURFACE_STYLE_FILL_AREA(#9492);
#4825=ORIENTED_EDGE('',*,*,#9457,.F.);
#4826=ORIENTED_EDGE('',*,*,#9493,.F.);
#4827=ORIENTED_EDGE('',*,*,#9442,.F.);
#4828=ORIENTED_EDGE('',*,*,#9494,.F.);
#4829=ORIENTED_EDGE('',*,*,#9429,.T.);
#4830=ORIENTED_EDGE('',*,*,#9495,.T.);
#4831=CARTESIAN_POINT('',(0.77000000000001,5.95,-0.54561944901923));
#4832=DIRECTION('',(0.0,1.0,-2.97449155688753E-16));
#4833=DIRECTION('',(0.0,-2.97449155688753E-16,-1.0));
#4834=SURFACE_STYLE_FILL_AREA(#9496);
#4835=ORIENTED_EDGE('',*,*,#9491,.F.);
#4836=ORIENTED_EDGE('',*,*,#9450,.F.);
#4837=ORIENTED_EDGE('',*,*,#9483,.F.);
#4838=ORIENTED_EDGE('',*,*,#9497,.F.);
#4839=CARTESIAN_POINT('',(0.970619449019235,10.6,-1.72002310014175));
#4840=DIRECTION('',(-3.49148133884313E-15,0.0,-1.0));
#4841=DIRECTION('',(1.0,0.0,-3.49148133884313E-15));
#4842=SURFACE_STYLE_FILL_AREA(#9498);
#4843=ORIENTED_EDGE('',*,*,#9427,.T.);
#4844=ORIENTED_EDGE('',*,*,#9499,.T.);
#4845=ORIENTED_EDGE('',*,*,#9500,.F.);
#4846=ORIENTED_EDGE('',*,*,#9501,.T.);
#4847=CARTESIAN_POINT('',(0.77000000000001,5.15,-0.0966194490192303));
#4848=DIRECTION('',(0.0,-1.0,3.75264668872975E-16));
#4849=DIRECTION('',(1.0,0.0,0.0));
#4850=SURFACE_STYLE_FILL_AREA(#9502);
#4851=ORIENTED_EDGE('',*,*,#9503,.F.);
#4852=ORIENTED_EDGE('',*,*,#9475,.F.);
#4853=ORIENTED_EDGE('',*,*,#9504,.F.);
#4854=ORIENTED_EDGE('',*,*,#9479,.F.);
#4855=CARTESIAN_POINT('',(0.77000000000001,8.75,3.37038055098077));
#4856=DIRECTION('',(0.0,0.707106781186549,0.707106781186546));
#4857=DIRECTION('',(-1.0,0.0,0.0));
#4858=SURFACE_STYLE_FILL_AREA(#9505);
#4859=ORIENTED_EDGE('',*,*,#9456,.T.);
#4860=ORIENTED_EDGE('',*,*,#9506,.F.);
#4861=ORIENTED_EDGE('',*,*,#9488,.F.);
#4862=ORIENTED_EDGE('',*,*,#9497,.T.);
#4863=ORIENTED_EDGE('',*,*,#9482,.T.);
#4864=ORIENTED_EDGE('',*,*,#9480,.T.);
#4865=ORIENTED_EDGE('',*,*,#9504,.T.);
#4866=ORIENTED_EDGE('',*,*,#9474,.F.);
#4867=ORIENTED_EDGE('',*,*,#9507,.F.);
#4868=ORIENTED_EDGE('',*,*,#9499,.F.);
#4869=ORIENTED_EDGE('',*,*,#9426,.F.);
#4870=ORIENTED_EDGE('',*,*,#9459,.F.);
#4871=ORIENTED_EDGE('',*,*,#9436,.T.);
#4872=ORIENTED_EDGE('',*,*,#9493,.T.);
#4873=CARTESIAN_POINT('',(1.17000000000001,7.2,3.37038055098077));
#4874=DIRECTION('',(1.0,0.0,0.0));
#4875=DIRECTION('',(0.0,1.0,0.0));
#4876=SURFACE_STYLE_FILL_AREA(#9508);
#4877=ORIENTED_EDGE('',*,*,#9454,.T.);
#4878=ORIENTED_EDGE('',*,*,#9495,.F.);
#4879=ORIENTED_EDGE('',*,*,#9428,.T.);
#4880=ORIENTED_EDGE('',*,*,#9501,.F.);
#4881=ORIENTED_EDGE('',*,*,#9509,.F.);
#4882=ORIENTED_EDGE('',*,*,#9472,.F.);
#4883=ORIENTED_EDGE('',*,*,#9503,.T.);
#4884=ORIENTED_EDGE('',*,*,#9478,.T.);
#4885=ORIENTED_EDGE('',*,*,#9486,.F.);
#4886=ORIENTED_EDGE('',*,*,#9510,.T.);
#4887=CARTESIAN_POINT('',(0.77000000000001,7.2,3.37038055098077));
#4888=DIRECTION('',(1.0,0.0,0.0));
#4889=DIRECTION('',(0.0,1.0,0.0));
#4890=SURFACE_STYLE_FILL_AREA(#9511);
#4891=ORIENTED_EDGE('',*,*,#9510,.F.);
#4892=ORIENTED_EDGE('',*,*,#9485,.F.);
#4893=ORIENTED_EDGE('',*,*,#9445,.T.);
#4894=ORIENTED_EDGE('',*,*,#9489,.T.);
#4895=ORIENTED_EDGE('',*,*,#9506,.T.);
#4896=ORIENTED_EDGE('',*,*,#9455,.T.);
#4897=CARTESIAN_POINT('',(0.77000000000001,8.45,-0.54561944901923));
#4898=DIRECTION('',(0.0,1.0,2.97449155688753E-16));
#4899=DIRECTION('',(0.0,-2.97449155688753E-16,1.0));
#4900=SURFACE_STYLE_FILL_AREA(#9512);
#4901=ORIENTED_EDGE('',*,*,#9490,.F.);
#4902=ORIENTED_EDGE('',*,*,#9447,.T.);
#4903=ORIENTED_EDGE('',*,*,#9484,.T.);
#4904=ORIENTED_EDGE('',*,*,#9463,.T.);
#4905=CARTESIAN_POINT('',(0.170619449019242,3.6,0.32500000000001));
#4906=DIRECTION('',(-1.0,1.20466908053945E-16,3.49148133884313E-15));
#4907=DIRECTION('',(-1.20466908053945E-16,-1.0,0.0));
#4908=SURFACE_STYLE_FILL_AREA(#9513);
#4909=ORIENTED_EDGE('',*,*,#9500,.T.);
#4910=ORIENTED_EDGE('',*,*,#9507,.T.);
#4911=ORIENTED_EDGE('',*,*,#9473,.T.);
#4912=ORIENTED_EDGE('',*,*,#9509,.T.);
#4913=CARTESIAN_POINT('',(0.77000000000001,5.65,3.37038055098077));
#4914=DIRECTION('',(0.0,0.707106781186549,-0.707106781186546));
#4915=DIRECTION('',(-1.0,0.0,0.0));
#4916=SURFACE_STYLE_FILL_AREA(#9514);
#4917=ORIENTED_EDGE('',*,*,#9470,.T.);
#4918=ORIENTED_EDGE('',*,*,#9430,.T.);
#4919=ORIENTED_EDGE('',*,*,#9494,.T.);
#4920=ORIENTED_EDGE('',*,*,#9441,.T.);
#4921=CARTESIAN_POINT('',(0.370619449019243,5.75,0.32500000000001));
#4922=DIRECTION('',(3.49148133884313E-15,0.0,1.0));
#4923=DIRECTION('',(-1.0,0.0,3.49148133884313E-15));
#4924=SURFACE_STYLE_FILL_AREA(#9515);
#4925=SURFACE_STYLE_FILL_AREA(#9516);
#4926=ORIENTED_EDGE('',*,*,#9517,.F.);
#4927=ORIENTED_EDGE('',*,*,#9518,.F.);
#4928=ORIENTED_EDGE('',*,*,#9519,.F.);
#4929=ORIENTED_EDGE('',*,*,#9520,.T.);
#4930=CARTESIAN_POINT('',(5.72,1.06408530805543,0.575025979995966));
#4931=DIRECTION('',(1.0,3.13688606629153E-32,7.84179531399106E-32));
#4932=DIRECTION('',(7.84179531399106E-32,6.10622663543836E-16,-1.0));
#4933=SURFACE_STYLE_FILL_AREA(#9521);
#4934=ORIENTED_EDGE('',*,*,#9522,.F.);
#4935=ORIENTED_EDGE('',*,*,#9523,.T.);
#4936=ORIENTED_EDGE('',*,*,#9524,.T.);
#4937=ORIENTED_EDGE('',*,*,#9525,.F.);
#4938=CARTESIAN_POINT('',(5.72,1.03379293323653,2.19901530779579));
#4939=DIRECTION('',(1.0,1.07020666685099E-15,-6.81403296200264E-15));
#4940=DIRECTION('',(-6.81403296200264E-15,6.10622663543836E-16,-1.0));
#4941=SURFACE_STYLE_FILL_AREA(#9526);
#4942=ORIENTED_EDGE('',*,*,#9527,.T.);
#4943=ORIENTED_EDGE('',*,*,#9528,.T.);
#4944=ORIENTED_EDGE('',*,*,#9529,.T.);
#4945=ORIENTED_EDGE('',*,*,#9530,.T.);
#4946=ORIENTED_EDGE('',*,*,#9531,.F.);
#4947=ORIENTED_EDGE('',*,*,#9532,.T.);
#4948=ORIENTED_EDGE('',*,*,#9533,.T.);
#4949=ORIENTED_EDGE('',*,*,#9534,.T.);
#4950=CARTESIAN_POINT('',(5.72,8.35,1.14));
#4951=DIRECTION('',(5.54667823983524E-32,-6.10622663543836E-16,1.0));
#4952=DIRECTION('',(-1.0,3.08148791101957E-32,5.54667823983524E-32));
#4953=SURFACE_STYLE_FILL_AREA(#9535);
#4954=ORIENTED_EDGE('',*,*,#9536,.F.);
#4955=ORIENTED_EDGE('',*,*,#9537,.F.);
#4956=ORIENTED_EDGE('',*,*,#9538,.F.);
#4957=ORIENTED_EDGE('',*,*,#9539,.F.);
#4958=ORIENTED_EDGE('',*,*,#9528,.F.);
#4959=ORIENTED_EDGE('',*,*,#9540,.T.);
#4960=ORIENTED_EDGE('',*,*,#9541,.F.);
#4961=ORIENTED_EDGE('',*,*,#9542,.T.);
#4962=ORIENTED_EDGE('',*,*,#9543,.F.);
#4963=ORIENTED_EDGE('',*,*,#9544,.T.);
#4964=ORIENTED_EDGE('',*,*,#9545,.F.);
#4965=ORIENTED_EDGE('',*,*,#9546,.F.);
#4966=CARTESIAN_POINT('',(5.42,8.35026,-0.85432535090748));
#4967=DIRECTION('',(-1.0,-1.24335111523567E-16,-2.0455054572188E-32));
#4968=DIRECTION('',(1.24335111523567E-16,-1.0,-6.10622663543836E-16));
#4969=SURFACE_STYLE_FILL_AREA(#9547);
#4970=ORIENTED_EDGE('',*,*,#9548,.T.);
#4971=ORIENTED_EDGE('',*,*,#9549,.T.);
#4972=ORIENTED_EDGE('',*,*,#9550,.T.);
#4973=ORIENTED_EDGE('',*,*,#9551,.T.);
#4974=ORIENTED_EDGE('',*,*,#9543,.T.);
#4975=ORIENTED_EDGE('',*,*,#9552,.T.);
#4976=CARTESIAN_POINT('',(5.72,7.65600045379809,0.0749999999999897));
#4977=DIRECTION('',(5.54667823983524E-32,-6.10622663543836E-16,1.0));
#4978=DIRECTION('',(-1.0,3.08148791101957E-32,5.54667823983524E-32));
#4979=SURFACE_STYLE_FILL_AREA(#9553);
#4980=ORIENTED_EDGE('',*,*,#9554,.F.);
#4981=ORIENTED_EDGE('',*,*,#9546,.T.);
#4982=ORIENTED_EDGE('',*,*,#9555,.T.);
#4983=ORIENTED_EDGE('',*,*,#9556,.F.);
#4984=CARTESIAN_POINT('',(5.72,9.04162148191745,0.174999999999989));
#4985=DIRECTION('',(-1.0,3.08148791101957E-32,5.54667823983524E-32));
#4986=DIRECTION('',(-3.08148791101957E-32,-1.0,-6.10622663543836E-16));
#4987=SURFACE_STYLE_FILL_AREA(#9557);
#4988=ORIENTED_EDGE('',*,*,#9558,.F.);
#4989=ORIENTED_EDGE('',*,*,#9559,.T.);
#4990=ORIENTED_EDGE('',*,*,#9550,.F.);
#4991=ORIENTED_EDGE('',*,*,#9560,.T.);
#4992=CARTESIAN_POINT('',(6.02,9.4000004537981,-1.91959628764808));
#4993=DIRECTION('',(3.08148791101957E-32,1.0,6.10622663543836E-16));
#4994=DIRECTION('',(-5.54667823983524E-32,6.10622663543836E-16,-1.0));
#4995=SURFACE_STYLE_FILL_AREA(#9561);
#4996=ORIENTED_EDGE('',*,*,#9554,.T.);
#4997=ORIENTED_EDGE('',*,*,#9562,.T.);
#4998=ORIENTED_EDGE('',*,*,#9563,.T.);
#4999=ORIENTED_EDGE('',*,*,#9536,.T.);
#5000=CARTESIAN_POINT('',(5.72,8.41665325689535,1.22215114562161));
#5001=DIRECTION('',(4.71942585826456E-32,0.945518575599318,0.325568154457155));
#5002=DIRECTION('',(1.0,-3.08148791101957E-32,-5.54667823983524E-32));
#5003=SURFACE_STYLE_FILL_AREA(#9564);
#5004=ORIENTED_EDGE('',*,*,#9565,.F.);
#5005=ORIENTED_EDGE('',*,*,#9566,.T.);
#5006=ORIENTED_EDGE('',*,*,#9567,.F.);
#5007=ORIENTED_EDGE('',*,*,#9568,.F.);
#5008=ORIENTED_EDGE('',*,*,#9569,.F.);
#5009=ORIENTED_EDGE('',*,*,#9570,.F.);
#5010=ORIENTED_EDGE('',*,*,#9571,.F.);
#5011=ORIENTED_EDGE('',*,*,#9538,.T.);
#5012=CARTESIAN_POINT('',(5.72,8.35,0.99));
#5013=DIRECTION('',(5.54667823983524E-32,-6.10622663543836E-16,1.0));
#5014=DIRECTION('',(-1.0,3.08148791101957E-32,5.54667823983524E-32));
#5015=SURFACE_STYLE_FILL_AREA(#9572);
#5016=ORIENTED_EDGE('',*,*,#9565,.T.);
#5017=ORIENTED_EDGE('',*,*,#9537,.T.);
#5018=ORIENTED_EDGE('',*,*,#9563,.F.);
#5019=ORIENTED_EDGE('',*,*,#9573,.F.);
#5020=CARTESIAN_POINT('',(5.72,8.38959534660515,0.84));
#5021=DIRECTION('',(1.0,-3.08148791101957E-32,-5.54667823983524E-32));
#5022=DIRECTION('',(3.08148791101957E-32,1.0,6.10622663543836E-16));
#5023=SURFACE_STYLE_FILL_AREA(#9574);
#5024=ORIENTED_EDGE('',*,*,#9575,.F.);
#5025=ORIENTED_EDGE('',*,*,#9544,.F.);
#5026=ORIENTED_EDGE('',*,*,#9551,.F.);
#5027=ORIENTED_EDGE('',*,*,#9559,.F.);
#5028=CARTESIAN_POINT('',(5.57,9.2500004537981,-1.91959628764808));
#5029=DIRECTION('',(-5.54667823983524E-32,6.10622663543836E-16,-1.0));
#5030=DIRECTION('',(-1.0,3.08148791101957E-32,5.54667823983524E-32));
#5031=SURFACE_STYLE_FILL_AREA(#9576);
#5032=ORIENTED_EDGE('',*,*,#9524,.F.);
#5033=ORIENTED_EDGE('',*,*,#9577,.T.);
#5034=ORIENTED_EDGE('',*,*,#9578,.F.);
#5035=ORIENTED_EDGE('',*,*,#9579,.T.);
#5036=CARTESIAN_POINT('',(4.47022128562175,7.02500935512758,-2.70269219016111));
#5037=DIRECTION('',(-5.04243082496639E-15,-0.560638994563242,-0.828060334622494));
#5038=DIRECTION('',(1.0,3.68754042947999E-30,-6.08944857534469E-15));
#5039=SURFACE_STYLE_FILL_AREA(#9580);
#5040=ORIENTED_EDGE('',*,*,#9581,.F.);
#5041=ORIENTED_EDGE('',*,*,#9582,.T.);
#5042=ORIENTED_EDGE('',*,*,#9548,.F.);
#5043=ORIENTED_EDGE('',*,*,#9583,.F.);
#5044=ORIENTED_EDGE('',*,*,#9584,.F.);
#5045=ORIENTED_EDGE('',*,*,#9585,.F.);
#5046=ORIENTED_EDGE('',*,*,#9534,.F.);
#5047=ORIENTED_EDGE('',*,*,#9586,.F.);
#5048=ORIENTED_EDGE('',*,*,#9566,.F.);
#5049=ORIENTED_EDGE('',*,*,#9573,.T.);
#5050=ORIENTED_EDGE('',*,*,#9562,.F.);
#5051=ORIENTED_EDGE('',*,*,#9556,.T.);
#5052=CARTESIAN_POINT('',(6.02,8.35026,-0.85432535090748));
#5053=DIRECTION('',(1.0,1.24335111523567E-16,2.0455054572188E-32));
#5054=DIRECTION('',(1.24335111523567E-16,-1.0,-6.10622663543836E-16));
#5055=SURFACE_STYLE_FILL_AREA(#9587);
#5056=ORIENTED_EDGE('',*,*,#9588,.F.);
#5057=ORIENTED_EDGE('',*,*,#9589,.T.);
#5058=ORIENTED_EDGE('',*,*,#9590,.T.);
#5059=ORIENTED_EDGE('',*,*,#9591,.F.);
#5060=CARTESIAN_POINT('',(5.72,0.673345809589779,2.74954832463333));
#5061=DIRECTION('',(-1.0,-4.42385946237387E-14,-2.6957621698185E-29));
#5062=DIRECTION('',(4.42385946237387E-14,-1.0,-6.10622663543836E-16));
#5063=SURFACE_STYLE_FILL_AREA(#9592);
#5064=ORIENTED_EDGE('',*,*,#9593,.T.);
#5065=ORIENTED_EDGE('',*,*,#9594,.F.);
#5066=ORIENTED_EDGE('',*,*,#9590,.F.);
#5067=ORIENTED_EDGE('',*,*,#9595,.F.);
#5068=CARTESIAN_POINT('',(4.47022128562178,8.23956748419901,2.93147809317767));
#5069=DIRECTION('',(-6.89756184086328E-15,0.155917291214356,-0.987770114095571));
#5070=DIRECTION('',(3.90862471184465E-32,0.987770114095571,0.155917291214356));
#5071=SURFACE_STYLE_FILL_AREA(#9596);
#5072=ORIENTED_EDGE('',*,*,#9597,.F.);
#5073=ORIENTED_EDGE('',*,*,#9541,.T.);
#5074=ORIENTED_EDGE('',*,*,#9598,.F.);
#5075=ORIENTED_EDGE('',*,*,#9584,.T.);
#5076=CARTESIAN_POINT('',(5.72,8.55848104323525,1.27098636879019));
#5077=DIRECTION('',(4.71942585826456E-32,0.945518575599318,0.325568154457155));
#5078=DIRECTION('',(1.0,-3.08148791101957E-32,-5.54667823983524E-32));
#5079=SURFACE_STYLE_FILL_AREA(#9599);
#5080=ORIENTED_EDGE('',*,*,#9597,.T.);
#5081=ORIENTED_EDGE('',*,*,#9583,.T.);
#5082=ORIENTED_EDGE('',*,*,#9552,.F.);
#5083=ORIENTED_EDGE('',*,*,#9542,.F.);
#5084=CARTESIAN_POINT('',(5.72,9.04162148191745,0.174999999999989));
#5085=DIRECTION('',(-1.0,3.08148791101957E-32,5.54667823983524E-32));
#5086=DIRECTION('',(-3.08148791101957E-32,-1.0,-6.10622663543836E-16));
#5087=SURFACE_STYLE_FILL_AREA(#9600);
#5088=ORIENTED_EDGE('',*,*,#9527,.F.);
#5089=ORIENTED_EDGE('',*,*,#9585,.T.);
#5090=ORIENTED_EDGE('',*,*,#9598,.T.);
#5091=ORIENTED_EDGE('',*,*,#9540,.F.);
#5092=CARTESIAN_POINT('',(5.72,8.38959534660515,0.84));
#5093=DIRECTION('',(1.0,-3.08148791101957E-32,-5.54667823983524E-32));
#5094=DIRECTION('',(3.08148791101957E-32,1.0,6.10622663543836E-16));
#5095=SURFACE_STYLE_FILL_AREA(#9601);
#5096=ORIENTED_EDGE('',*,*,#9602,.T.);
#5097=ORIENTED_EDGE('',*,*,#9567,.T.);
#5098=ORIENTED_EDGE('',*,*,#9586,.T.);
#5099=ORIENTED_EDGE('',*,*,#9533,.F.);
#5100=CARTESIAN_POINT('',(6.11999999999999,8.35026,1.14));
#5101=DIRECTION('',(3.08148791101957E-32,1.0,6.10622663543836E-16));
#5102=DIRECTION('',(-5.54667823983524E-32,6.10622663543836E-16,-1.0));
#5103=SURFACE_STYLE_FILL_AREA(#9603);
#5104=ORIENTED_EDGE('',*,*,#9593,.F.);
#5105=ORIENTED_EDGE('',*,*,#9604,.T.);
#5106=ORIENTED_EDGE('',*,*,#9605,.T.);
#5107=ORIENTED_EDGE('',*,*,#9606,.F.);
#5108=CARTESIAN_POINT('',(5.72,2.03376761512772,-3.11));
#5109=DIRECTION('',(1.0,3.99597711865262E-30,-6.98296267768627E-15));
#5110=DIRECTION('',(-6.98296267768627E-15,6.10622663543836E-16,-1.0));
#5111=SURFACE_STYLE_FILL_AREA(#9607);
#5112=ORIENTED_EDGE('',*,*,#9608,.F.);
#5113=ORIENTED_EDGE('',*,*,#9570,.T.);
#5114=ORIENTED_EDGE('',*,*,#9609,.F.);
#5115=ORIENTED_EDGE('',*,*,#9610,.T.);
#5116=ORIENTED_EDGE('',*,*,#9611,.T.);
#5117=ORIENTED_EDGE('',*,*,#9612,.T.);
#5118=ORIENTED_EDGE('',*,*,#9613,.T.);
#5119=ORIENTED_EDGE('',*,*,#9614,.F.);
#5120=ORIENTED_EDGE('',*,*,#9518,.T.);
#5121=ORIENTED_EDGE('',*,*,#9615,.T.);
#5122=ORIENTED_EDGE('',*,*,#9616,.F.);
#5123=ORIENTED_EDGE('',*,*,#9617,.F.);
#5124=ORIENTED_EDGE('',*,*,#9618,.T.);
#5125=ORIENTED_EDGE('',*,*,#9619,.F.);
#5126=ORIENTED_EDGE('',*,*,#9620,.F.);
#5127=ORIENTED_EDGE('',*,*,#9621,.T.);
#5128=ORIENTED_EDGE('',*,*,#9525,.T.);
#5129=ORIENTED_EDGE('',*,*,#9579,.F.);
#5130=ORIENTED_EDGE('',*,*,#9622,.T.);
#5131=ORIENTED_EDGE('',*,*,#9623,.T.);
#5132=ORIENTED_EDGE('',*,*,#9591,.T.);
#5133=ORIENTED_EDGE('',*,*,#9594,.T.);
#5134=ORIENTED_EDGE('',*,*,#9606,.T.);
#5135=ORIENTED_EDGE('',*,*,#9624,.T.);
#5136=ORIENTED_EDGE('',*,*,#9625,.T.);
#5137=ORIENTED_EDGE('',*,*,#9530,.F.);
#5138=CARTESIAN_POINT('',(5.29,-1.25936491931449,1.89999999999999));
#5139=DIRECTION('',(-1.0,-1.23797123060244E-16,-2.01265466237578E-32));
#5140=DIRECTION('',(1.23797123060244E-16,-1.0,-6.10622663543836E-16));
#5141=SURFACE_STYLE_FILL_AREA(#9626);
#5142=ORIENTED_EDGE('',*,*,#9568,.T.);
#5143=ORIENTED_EDGE('',*,*,#9602,.F.);
#5144=ORIENTED_EDGE('',*,*,#9532,.F.);
#5145=ORIENTED_EDGE('',*,*,#9627,.T.);
#5146=ORIENTED_EDGE('',*,*,#9628,.T.);
#5147=ORIENTED_EDGE('',*,*,#9604,.F.);
#5148=ORIENTED_EDGE('',*,*,#9595,.T.);
#5149=ORIENTED_EDGE('',*,*,#9589,.F.);
#5150=ORIENTED_EDGE('',*,*,#9629,.T.);
#5151=ORIENTED_EDGE('',*,*,#9630,.T.);
#5152=ORIENTED_EDGE('',*,*,#9577,.F.);
#5153=ORIENTED_EDGE('',*,*,#9523,.F.);
#5154=ORIENTED_EDGE('',*,*,#9631,.F.);
#5155=ORIENTED_EDGE('',*,*,#9632,.F.);
#5156=ORIENTED_EDGE('',*,*,#9633,.F.);
#5157=ORIENTED_EDGE('',*,*,#9634,.T.);
#5158=ORIENTED_EDGE('',*,*,#9635,.F.);
#5159=ORIENTED_EDGE('',*,*,#9636,.F.);
#5160=ORIENTED_EDGE('',*,*,#9637,.F.);
#5161=ORIENTED_EDGE('',*,*,#9520,.F.);
#5162=ORIENTED_EDGE('',*,*,#9638,.F.);
#5163=ORIENTED_EDGE('',*,*,#9639,.T.);
#5164=ORIENTED_EDGE('',*,*,#9640,.T.);
#5165=ORIENTED_EDGE('',*,*,#9641,.F.);
#5166=ORIENTED_EDGE('',*,*,#9642,.T.);
#5167=ORIENTED_EDGE('',*,*,#9643,.T.);
#5168=CARTESIAN_POINT('',(6.15,-1.25936491931449,1.89999999999999));
#5169=DIRECTION('',(1.0,1.23797123060244E-16,2.01265466237578E-32));
#5170=DIRECTION('',(1.23797123060244E-16,-1.0,-6.10622663543836E-16));
#5171=SURFACE_STYLE_FILL_AREA(#9644);
#5172=ORIENTED_EDGE('',*,*,#9539,.T.);
#5173=ORIENTED_EDGE('',*,*,#9571,.T.);
#5174=ORIENTED_EDGE('',*,*,#9608,.T.);
#5175=ORIENTED_EDGE('',*,*,#9529,.F.);
#5176=CARTESIAN_POINT('',(6.11999999999999,8.35026,1.14));
#5177=DIRECTION('',(3.08148791101957E-32,1.0,6.10622663543836E-16));
#5178=DIRECTION('',(-5.54667823983524E-32,6.10622663543836E-16,-1.0));
#5179=SURFACE_STYLE_FILL_AREA(#9645);
#5180=ORIENTED_EDGE('',*,*,#9646,.F.);
#5181=ORIENTED_EDGE('',*,*,#9560,.F.);
#5182=ORIENTED_EDGE('',*,*,#9549,.F.);
#5183=ORIENTED_EDGE('',*,*,#9582,.F.);
#5184=CARTESIAN_POINT('',(5.87,9.2500004537981,-1.91959628764808));
#5185=DIRECTION('',(-5.54667823983524E-32,6.10622663543836E-16,-1.0));
#5186=DIRECTION('',(-1.0,3.08148791101957E-32,5.54667823983524E-32));
#5187=SURFACE_STYLE_FILL_AREA(#9647);
#5188=ORIENTED_EDGE('',*,*,#9545,.T.);
#5189=ORIENTED_EDGE('',*,*,#9575,.T.);
#5190=ORIENTED_EDGE('',*,*,#9558,.T.);
#5191=ORIENTED_EDGE('',*,*,#9646,.T.);
#5192=ORIENTED_EDGE('',*,*,#9581,.T.);
#5193=ORIENTED_EDGE('',*,*,#9555,.F.);
#5194=CARTESIAN_POINT('',(5.72,7.65600045379809,-0.0750000000000104));
#5195=DIRECTION('',(5.54667823983524E-32,-6.10622663543836E-16,1.0));
#5196=DIRECTION('',(-1.0,3.08148791101957E-32,5.54667823983524E-32));
#5197=SURFACE_STYLE_FILL_AREA(#9648);
#5198=ORIENTED_EDGE('',*,*,#9649,.F.);
#5199=ORIENTED_EDGE('',*,*,#9624,.F.);
#5200=ORIENTED_EDGE('',*,*,#9605,.F.);
#5201=ORIENTED_EDGE('',*,*,#9628,.F.);
#5202=CARTESIAN_POINT('',(4.47022128562178,8.35,1.89000000000001));
#5203=DIRECTION('',(-6.98296267768627E-15,7.40156973279261E-16,-1.0));
#5204=DIRECTION('',(3.08148791101957E-32,1.0,7.40156973279261E-16));
#5205=SURFACE_STYLE_FILL_AREA(#9650);
#5206=ORIENTED_EDGE('',*,*,#9651,.T.);
#5207=ORIENTED_EDGE('',*,*,#9620,.T.);
#5208=ORIENTED_EDGE('',*,*,#9652,.T.);
#5209=ORIENTED_EDGE('',*,*,#9632,.T.);
#5210=CARTESIAN_POINT('',(4.47022128562178,8.28634267156332,2.635147058949));
#5211=DIRECTION('',(-6.89756184086328E-15,0.155917291214356,-0.987770114095571));
#5212=DIRECTION('',(3.90862471184465E-32,0.987770114095571,0.155917291214356));
#5213=SURFACE_STYLE_FILL_AREA(#9653);
#5214=ORIENTED_EDGE('',*,*,#9522,.T.);
#5215=ORIENTED_EDGE('',*,*,#9621,.F.);
#5216=ORIENTED_EDGE('',*,*,#9651,.F.);
#5217=ORIENTED_EDGE('',*,*,#9631,.T.);
#5218=CARTESIAN_POINT('',(5.72,1.03379293323653,2.19901530779579));
#5219=DIRECTION('',(1.0,1.07020666685099E-15,-6.81403296200264E-15));
#5220=DIRECTION('',(-6.81403296200264E-15,6.10622663543836E-16,-1.0));
#5221=SURFACE_STYLE_FILL_AREA(#9654);
#5222=ORIENTED_EDGE('',*,*,#9588,.T.);
#5223=ORIENTED_EDGE('',*,*,#9623,.F.);
#5224=ORIENTED_EDGE('',*,*,#9655,.F.);
#5225=ORIENTED_EDGE('',*,*,#9629,.F.);
#5226=CARTESIAN_POINT('',(6.15,0.596776977453159,1.74954832463333));
#5227=DIRECTION('',(-5.54667823983524E-32,6.10622663543836E-16,-1.0));
#5228=DIRECTION('',(3.08148791101957E-32,1.0,6.10622663543836E-16));
#5229=SURFACE_STYLE_FILL_AREA(#9656);
#5230=ORIENTED_EDGE('',*,*,#9652,.F.);
#5231=ORIENTED_EDGE('',*,*,#9619,.T.);
#5232=ORIENTED_EDGE('',*,*,#9657,.T.);
#5233=ORIENTED_EDGE('',*,*,#9633,.T.);
#5234=CARTESIAN_POINT('',(4.47022128562178,8.35,1.54000000000001));
#5235=DIRECTION('',(-6.98296267768627E-15,7.40156973279261E-16,-1.0));
#5236=DIRECTION('',(3.08148791101957E-32,1.0,7.40156973279261E-16));
#5237=SURFACE_STYLE_FILL_AREA(#9658);
#5238=ORIENTED_EDGE('',*,*,#9634,.F.);
#5239=ORIENTED_EDGE('',*,*,#9657,.F.);
#5240=ORIENTED_EDGE('',*,*,#9618,.F.);
#5241=ORIENTED_EDGE('',*,*,#9659,.T.);
#5242=CARTESIAN_POINT('',(4.36242980701149,2.835,0.989999999999996));
#5243=DIRECTION('',(3.08148791101957E-32,1.0,6.10622663543836E-16));
#5244=DIRECTION('',(-5.54667823983524E-32,6.10622663543836E-16,-1.0));
#5245=SURFACE_STYLE_FILL_AREA(#9660);
#5246=ORIENTED_EDGE('',*,*,#9661,.T.);
#5247=ORIENTED_EDGE('',*,*,#9635,.T.);
#5248=ORIENTED_EDGE('',*,*,#9659,.F.);
#5249=ORIENTED_EDGE('',*,*,#9617,.T.);
#5250=CARTESIAN_POINT('',(5.72,8.07,1.34));
#5251=DIRECTION('',(5.54667823983524E-32,-6.10622663543836E-16,1.0));
#5252=DIRECTION('',(-1.0,3.08148791101957E-32,5.54667823983524E-32));
#5253=SURFACE_STYLE_FILL_AREA(#9662);
#5254=ORIENTED_EDGE('',*,*,#9661,.F.);
#5255=ORIENTED_EDGE('',*,*,#9616,.T.);
#5256=ORIENTED_EDGE('',*,*,#9663,.F.);
#5257=ORIENTED_EDGE('',*,*,#9636,.T.);
#5258=CARTESIAN_POINT('',(5.72,8.29324775713451,0.243823990645957));
#5259=DIRECTION('',(-8.23498583031927E-32,0.155917291214354,0.987770114095571));
#5260=DIRECTION('',(1.0,8.79557919543316E-31,-5.54667823983518E-32));
#5261=SURFACE_STYLE_FILL_AREA(#9664);
#5262=ORIENTED_EDGE('',*,*,#9519,.T.);
#5263=ORIENTED_EDGE('',*,*,#9614,.T.);
#5264=ORIENTED_EDGE('',*,*,#9665,.T.);
#5265=ORIENTED_EDGE('',*,*,#9638,.T.);
#5266=CARTESIAN_POINT('',(5.72,7.03191444069877,5.58166323975607));
#5267=DIRECTION('',(-4.73481900147941E-32,-0.560638994563243,0.828060334622493));
#5268=DIRECTION('',(-1.0,1.66378067370561E-31,5.54667823983525E-32));
#5269=SURFACE_STYLE_FILL_AREA(#9666);
#5270=ORIENTED_EDGE('',*,*,#9665,.F.);
#5271=ORIENTED_EDGE('',*,*,#9613,.F.);
#5272=ORIENTED_EDGE('',*,*,#9667,.F.);
#5273=ORIENTED_EDGE('',*,*,#9639,.F.);
#5274=CARTESIAN_POINT('',(6.15,0.596776977453159,1.07474763056312));
#5275=DIRECTION('',(-1.23797123060244E-16,1.0,6.10622663543836E-16));
#5276=DIRECTION('',(-5.54667823983524E-32,6.10622663543836E-16,-1.0));
#5277=SURFACE_STYLE_FILL_AREA(#9668);
#5278=ORIENTED_EDGE('',*,*,#9669,.T.);
#5279=ORIENTED_EDGE('',*,*,#9640,.F.);
#5280=ORIENTED_EDGE('',*,*,#9667,.T.);
#5281=ORIENTED_EDGE('',*,*,#9612,.F.);
#5282=CARTESIAN_POINT('',(6.15,1.78677697745316,1.12474763056312));
#5283=DIRECTION('',(5.54667823983524E-32,-6.10622663543836E-16,1.0));
#5284=DIRECTION('',(-1.0,3.08148791101957E-32,5.54667823983524E-32));
#5285=SURFACE_STYLE_FILL_AREA(#9670);
#5286=ORIENTED_EDGE('',*,*,#9671,.F.);
#5287=ORIENTED_EDGE('',*,*,#9610,.F.);
#5288=ORIENTED_EDGE('',*,*,#9672,.T.);
#5289=ORIENTED_EDGE('',*,*,#9642,.F.);
#5290=CARTESIAN_POINT('',(5.72,8.25426843433092,-0.00311853787794014));
#5291=DIRECTION('',(-8.23498583031927E-32,0.155917291214354,0.987770114095571));
#5292=DIRECTION('',(1.0,8.79557919543316E-31,-5.54667823983518E-32));
#5293=SURFACE_STYLE_FILL_AREA(#9673);
#5294=ORIENTED_EDGE('',*,*,#9672,.F.);
#5295=ORIENTED_EDGE('',*,*,#9609,.T.);
#5296=ORIENTED_EDGE('',*,*,#9569,.T.);
#5297=ORIENTED_EDGE('',*,*,#9643,.F.);
#5298=CARTESIAN_POINT('',(5.72,2.35483691660787,5.99));
#5299=DIRECTION('',(-1.0,-8.79557919543317E-31,5.54667823983518E-32));
#5300=DIRECTION('',(8.79557919543317E-31,-1.0,-6.10622663543836E-16));
#5301=SURFACE_STYLE_FILL_AREA(#9674);
#5302=ORIENTED_EDGE('',*,*,#9655,.T.);
#5303=ORIENTED_EDGE('',*,*,#9622,.F.);
#5304=ORIENTED_EDGE('',*,*,#9578,.T.);
#5305=ORIENTED_EDGE('',*,*,#9630,.F.);
#5306=CARTESIAN_POINT('',(6.15,0.596776977453159,1.64954832463333));
#5307=DIRECTION('',(-1.23797123060244E-16,1.0,6.10622663543836E-16));
#5308=DIRECTION('',(-5.54667823983524E-32,6.10622663543836E-16,-1.0));
#5309=SURFACE_STYLE_FILL_AREA(#9675);
#5310=ORIENTED_EDGE('',*,*,#9671,.T.);
#5311=ORIENTED_EDGE('',*,*,#9641,.T.);
#5312=ORIENTED_EDGE('',*,*,#9669,.F.);
#5313=ORIENTED_EDGE('',*,*,#9611,.F.);
#5314=CARTESIAN_POINT('',(5.72,0.873674898898251,-1.87525236943688));
#5315=DIRECTION('',(-1.0,-8.79557919543317E-31,5.54667823983518E-32));
#5316=DIRECTION('',(8.79557919543317E-31,-1.0,-6.10622663543836E-16));
#5317=SURFACE_STYLE_FILL_AREA(#9676);
#5318=ORIENTED_EDGE('',*,*,#9517,.T.);
#5319=ORIENTED_EDGE('',*,*,#9637,.T.);
#5320=ORIENTED_EDGE('',*,*,#9663,.T.);
#5321=ORIENTED_EDGE('',*,*,#9615,.F.);
#5322=CARTESIAN_POINT('',(5.72,1.06408530805543,0.575025979995966));
#5323=DIRECTION('',(1.0,3.13688606629153E-32,7.84179531399106E-32));
#5324=DIRECTION('',(7.84179531399106E-32,6.10622663543836E-16,-1.0));
#5325=SURFACE_STYLE_FILL_AREA(#9677);
#5326=ORIENTED_EDGE('',*,*,#9649,.T.);
#5327=ORIENTED_EDGE('',*,*,#9627,.F.);
#5328=ORIENTED_EDGE('',*,*,#9531,.T.);
#5329=ORIENTED_EDGE('',*,*,#9625,.F.);
#5330=CARTESIAN_POINT('',(6.15,8.15026,-2.19581945965665));
#5331=DIRECTION('',(-1.23797123060244E-16,1.0,6.10622663543836E-16));
#5332=DIRECTION('',(-5.54667823983524E-32,6.10622663543836E-16,-1.0));
#5333=SURFACE_STYLE_FILL_AREA(#9678);
#5334=SURFACE_STYLE_FILL_AREA(#9679);
#5335=ORIENTED_EDGE('',*,*,#9680,.F.);
#5336=ORIENTED_EDGE('',*,*,#9681,.F.);
#5337=ORIENTED_EDGE('',*,*,#9682,.F.);
#5338=ORIENTED_EDGE('',*,*,#9683,.T.);
#5339=CARTESIAN_POINT('',(3.18,1.06408530805543,0.575025979995966));
#5340=DIRECTION('',(1.0,3.13688606629153E-32,7.84179531399106E-32));
#5341=DIRECTION('',(7.84179531399106E-32,6.10622663543836E-16,-1.0));
#5342=SURFACE_STYLE_FILL_AREA(#9684);
#5343=ORIENTED_EDGE('',*,*,#9685,.F.);
#5344=ORIENTED_EDGE('',*,*,#9686,.T.);
#5345=ORIENTED_EDGE('',*,*,#9687,.T.);
#5346=ORIENTED_EDGE('',*,*,#9688,.F.);
#5347=CARTESIAN_POINT('',(3.18,1.03379293323653,2.19901530779579));
#5348=DIRECTION('',(1.0,1.07020666685099E-15,-6.81403296200264E-15));
#5349=DIRECTION('',(-6.81403296200264E-15,6.10622663543836E-16,-1.0));
#5350=SURFACE_STYLE_FILL_AREA(#9689);
#5351=ORIENTED_EDGE('',*,*,#9690,.T.);
#5352=ORIENTED_EDGE('',*,*,#9691,.T.);
#5353=ORIENTED_EDGE('',*,*,#9692,.T.);
#5354=ORIENTED_EDGE('',*,*,#9693,.T.);
#5355=ORIENTED_EDGE('',*,*,#9694,.F.);
#5356=ORIENTED_EDGE('',*,*,#9695,.T.);
#5357=ORIENTED_EDGE('',*,*,#9696,.T.);
#5358=ORIENTED_EDGE('',*,*,#9697,.T.);
#5359=CARTESIAN_POINT('',(3.18,8.35,1.14));
#5360=DIRECTION('',(5.54667823983524E-32,-6.10622663543836E-16,1.0));
#5361=DIRECTION('',(-1.0,3.08148791101957E-32,5.54667823983524E-32));
#5362=SURFACE_STYLE_FILL_AREA(#9698);
#5363=ORIENTED_EDGE('',*,*,#9699,.F.);
#5364=ORIENTED_EDGE('',*,*,#9700,.F.);
#5365=ORIENTED_EDGE('',*,*,#9701,.F.);
#5366=ORIENTED_EDGE('',*,*,#9702,.F.);
#5367=ORIENTED_EDGE('',*,*,#9691,.F.);
#5368=ORIENTED_EDGE('',*,*,#9703,.T.);
#5369=ORIENTED_EDGE('',*,*,#9704,.F.);
#5370=ORIENTED_EDGE('',*,*,#9705,.T.);
#5371=ORIENTED_EDGE('',*,*,#9706,.F.);
#5372=ORIENTED_EDGE('',*,*,#9707,.T.);
#5373=ORIENTED_EDGE('',*,*,#9708,.F.);
#5374=ORIENTED_EDGE('',*,*,#9709,.F.);
#5375=CARTESIAN_POINT('',(2.88,8.35026,-0.85432535090748));
#5376=DIRECTION('',(-1.0,-1.24335111523567E-16,-2.0455054572188E-32));
#5377=DIRECTION('',(1.24335111523567E-16,-1.0,-6.10622663543836E-16));
#5378=SURFACE_STYLE_FILL_AREA(#9710);
#5379=ORIENTED_EDGE('',*,*,#9711,.T.);
#5380=ORIENTED_EDGE('',*,*,#9712,.T.);
#5381=ORIENTED_EDGE('',*,*,#9713,.T.);
#5382=ORIENTED_EDGE('',*,*,#9714,.T.);
#5383=ORIENTED_EDGE('',*,*,#9706,.T.);
#5384=ORIENTED_EDGE('',*,*,#9715,.T.);
#5385=CARTESIAN_POINT('',(3.18,7.65600045379809,0.0749999999999897));
#5386=DIRECTION('',(5.54667823983524E-32,-6.10622663543836E-16,1.0));
#5387=DIRECTION('',(-1.0,3.08148791101957E-32,5.54667823983524E-32));
#5388=SURFACE_STYLE_FILL_AREA(#9716);
#5389=ORIENTED_EDGE('',*,*,#9717,.F.);
#5390=ORIENTED_EDGE('',*,*,#9709,.T.);
#5391=ORIENTED_EDGE('',*,*,#9718,.T.);
#5392=ORIENTED_EDGE('',*,*,#9719,.F.);
#5393=CARTESIAN_POINT('',(3.18,9.04162148191745,0.174999999999989));
#5394=DIRECTION('',(-1.0,3.08148791101957E-32,5.54667823983524E-32));
#5395=DIRECTION('',(-3.08148791101957E-32,-1.0,-6.10622663543836E-16));
#5396=SURFACE_STYLE_FILL_AREA(#9720);
#5397=ORIENTED_EDGE('',*,*,#9721,.F.);
#5398=ORIENTED_EDGE('',*,*,#9722,.T.);
#5399=ORIENTED_EDGE('',*,*,#9713,.F.);
#5400=ORIENTED_EDGE('',*,*,#9723,.T.);
#5401=CARTESIAN_POINT('',(3.48,9.4000004537981,-1.91959628764808));
#5402=DIRECTION('',(3.08148791101957E-32,1.0,6.10622663543836E-16));
#5403=DIRECTION('',(-5.54667823983524E-32,6.10622663543836E-16,-1.0));
#5404=SURFACE_STYLE_FILL_AREA(#9724);
#5405=ORIENTED_EDGE('',*,*,#9717,.T.);
#5406=ORIENTED_EDGE('',*,*,#9725,.T.);
#5407=ORIENTED_EDGE('',*,*,#9726,.T.);
#5408=ORIENTED_EDGE('',*,*,#9699,.T.);
#5409=CARTESIAN_POINT('',(3.18,8.41665325689535,1.22215114562161));
#5410=DIRECTION('',(4.71942585826456E-32,0.945518575599318,0.325568154457155));
#5411=DIRECTION('',(1.0,-3.08148791101957E-32,-5.54667823983524E-32));
#5412=SURFACE_STYLE_FILL_AREA(#9727);
#5413=ORIENTED_EDGE('',*,*,#9728,.F.);
#5414=ORIENTED_EDGE('',*,*,#9729,.T.);
#5415=ORIENTED_EDGE('',*,*,#9730,.F.);
#5416=ORIENTED_EDGE('',*,*,#9731,.F.);
#5417=ORIENTED_EDGE('',*,*,#9732,.F.);
#5418=ORIENTED_EDGE('',*,*,#9733,.F.);
#5419=ORIENTED_EDGE('',*,*,#9734,.F.);
#5420=ORIENTED_EDGE('',*,*,#9701,.T.);
#5421=CARTESIAN_POINT('',(3.18,8.35,0.99));
#5422=DIRECTION('',(5.54667823983524E-32,-6.10622663543836E-16,1.0));
#5423=DIRECTION('',(-1.0,3.08148791101957E-32,5.54667823983524E-32));
#5424=SURFACE_STYLE_FILL_AREA(#9735);
#5425=ORIENTED_EDGE('',*,*,#9728,.T.);
#5426=ORIENTED_EDGE('',*,*,#9700,.T.);
#5427=ORIENTED_EDGE('',*,*,#9726,.F.);
#5428=ORIENTED_EDGE('',*,*,#9736,.F.);
#5429=CARTESIAN_POINT('',(3.18,8.38959534660515,0.84));
#5430=DIRECTION('',(1.0,-3.08148791101957E-32,-5.54667823983524E-32));
#5431=DIRECTION('',(3.08148791101957E-32,1.0,6.10622663543836E-16));
#5432=SURFACE_STYLE_FILL_AREA(#9737);
#5433=ORIENTED_EDGE('',*,*,#9738,.F.);
#5434=ORIENTED_EDGE('',*,*,#9707,.F.);
#5435=ORIENTED_EDGE('',*,*,#9714,.F.);
#5436=ORIENTED_EDGE('',*,*,#9722,.F.);
#5437=CARTESIAN_POINT('',(3.03,9.2500004537981,-1.91959628764808));
#5438=DIRECTION('',(-5.54667823983524E-32,6.10622663543836E-16,-1.0));
#5439=DIRECTION('',(-1.0,3.08148791101957E-32,5.54667823983524E-32));
#5440=SURFACE_STYLE_FILL_AREA(#9739);
#5441=ORIENTED_EDGE('',*,*,#9687,.F.);
#5442=ORIENTED_EDGE('',*,*,#9740,.T.);
#5443=ORIENTED_EDGE('',*,*,#9741,.F.);
#5444=ORIENTED_EDGE('',*,*,#9742,.T.);
#5445=CARTESIAN_POINT('',(1.93022128562175,7.02500935512758,-2.70269219016111));
#5446=DIRECTION('',(-5.04243082496639E-15,-0.560638994563242,-0.828060334622494));
#5447=DIRECTION('',(1.0,3.68754042947999E-30,-6.08944857534469E-15));
#5448=SURFACE_STYLE_FILL_AREA(#9743);
#5449=ORIENTED_EDGE('',*,*,#9744,.F.);
#5450=ORIENTED_EDGE('',*,*,#9745,.T.);
#5451=ORIENTED_EDGE('',*,*,#9711,.F.);
#5452=ORIENTED_EDGE('',*,*,#9746,.F.);
#5453=ORIENTED_EDGE('',*,*,#9747,.F.);
#5454=ORIENTED_EDGE('',*,*,#9748,.F.);
#5455=ORIENTED_EDGE('',*,*,#9697,.F.);
#5456=ORIENTED_EDGE('',*,*,#9749,.F.);
#5457=ORIENTED_EDGE('',*,*,#9729,.F.);
#5458=ORIENTED_EDGE('',*,*,#9736,.T.);
#5459=ORIENTED_EDGE('',*,*,#9725,.F.);
#5460=ORIENTED_EDGE('',*,*,#9719,.T.);
#5461=CARTESIAN_POINT('',(3.48,8.35026,-0.85432535090748));
#5462=DIRECTION('',(1.0,1.24335111523567E-16,2.0455054572188E-32));
#5463=DIRECTION('',(1.24335111523567E-16,-1.0,-6.10622663543836E-16));
#5464=SURFACE_STYLE_FILL_AREA(#9750);
#5465=ORIENTED_EDGE('',*,*,#9751,.F.);
#5466=ORIENTED_EDGE('',*,*,#9752,.T.);
#5467=ORIENTED_EDGE('',*,*,#9753,.T.);
#5468=ORIENTED_EDGE('',*,*,#9754,.F.);
#5469=CARTESIAN_POINT('',(3.18,0.673345809589779,2.74954832463333));
#5470=DIRECTION('',(-1.0,-4.42385946237387E-14,-2.6957621698185E-29));
#5471=DIRECTION('',(4.42385946237387E-14,-1.0,-6.10622663543836E-16));
#5472=SURFACE_STYLE_FILL_AREA(#9755);
#5473=ORIENTED_EDGE('',*,*,#9756,.T.);
#5474=ORIENTED_EDGE('',*,*,#9757,.F.);
#5475=ORIENTED_EDGE('',*,*,#9753,.F.);
#5476=ORIENTED_EDGE('',*,*,#9758,.F.);
#5477=CARTESIAN_POINT('',(1.93022128562178,8.23956748419901,2.93147809317767));
#5478=DIRECTION('',(-6.89756184086328E-15,0.155917291214356,-0.987770114095571));
#5479=DIRECTION('',(3.90862471184465E-32,0.987770114095571,0.155917291214356));
#5480=SURFACE_STYLE_FILL_AREA(#9759);
#5481=ORIENTED_EDGE('',*,*,#9760,.F.);
#5482=ORIENTED_EDGE('',*,*,#9704,.T.);
#5483=ORIENTED_EDGE('',*,*,#9761,.F.);
#5484=ORIENTED_EDGE('',*,*,#9747,.T.);
#5485=CARTESIAN_POINT('',(3.18,8.55848104323525,1.27098636879019));
#5486=DIRECTION('',(4.71942585826456E-32,0.945518575599318,0.325568154457155));
#5487=DIRECTION('',(1.0,-3.08148791101957E-32,-5.54667823983524E-32));
#5488=SURFACE_STYLE_FILL_AREA(#9762);
#5489=ORIENTED_EDGE('',*,*,#9760,.T.);
#5490=ORIENTED_EDGE('',*,*,#9746,.T.);
#5491=ORIENTED_EDGE('',*,*,#9715,.F.);
#5492=ORIENTED_EDGE('',*,*,#9705,.F.);
#5493=CARTESIAN_POINT('',(3.18,9.04162148191745,0.174999999999989));
#5494=DIRECTION('',(-1.0,3.08148791101957E-32,5.54667823983524E-32));
#5495=DIRECTION('',(-3.08148791101957E-32,-1.0,-6.10622663543836E-16));
#5496=SURFACE_STYLE_FILL_AREA(#9763);
#5497=ORIENTED_EDGE('',*,*,#9690,.F.);
#5498=ORIENTED_EDGE('',*,*,#9748,.T.);
#5499=ORIENTED_EDGE('',*,*,#9761,.T.);
#5500=ORIENTED_EDGE('',*,*,#9703,.F.);
#5501=CARTESIAN_POINT('',(3.18,8.38959534660515,0.84));
#5502=DIRECTION('',(1.0,-3.08148791101957E-32,-5.54667823983524E-32));
#5503=DIRECTION('',(3.08148791101957E-32,1.0,6.10622663543836E-16));
#5504=SURFACE_STYLE_FILL_AREA(#9764);
#5505=ORIENTED_EDGE('',*,*,#9765,.T.);
#5506=ORIENTED_EDGE('',*,*,#9730,.T.);
#5507=ORIENTED_EDGE('',*,*,#9749,.T.);
#5508=ORIENTED_EDGE('',*,*,#9696,.F.);
#5509=CARTESIAN_POINT('',(3.57999999999999,8.35026,1.14));
#5510=DIRECTION('',(3.08148791101957E-32,1.0,6.10622663543836E-16));
#5511=DIRECTION('',(-5.54667823983524E-32,6.10622663543836E-16,-1.0));
#5512=SURFACE_STYLE_FILL_AREA(#9766);
#5513=ORIENTED_EDGE('',*,*,#9756,.F.);
#5514=ORIENTED_EDGE('',*,*,#9767,.T.);
#5515=ORIENTED_EDGE('',*,*,#9768,.T.);
#5516=ORIENTED_EDGE('',*,*,#9769,.F.);
#5517=CARTESIAN_POINT('',(3.18,2.03376761512772,-3.11));
#5518=DIRECTION('',(1.0,3.99597711865262E-30,-6.98296267768627E-15));
#5519=DIRECTION('',(-6.98296267768627E-15,6.10622663543836E-16,-1.0));
#5520=SURFACE_STYLE_FILL_AREA(#9770);
#5521=ORIENTED_EDGE('',*,*,#9771,.F.);
#5522=ORIENTED_EDGE('',*,*,#9733,.T.);
#5523=ORIENTED_EDGE('',*,*,#9772,.F.);
#5524=ORIENTED_EDGE('',*,*,#9773,.T.);
#5525=ORIENTED_EDGE('',*,*,#9774,.T.);
#5526=ORIENTED_EDGE('',*,*,#9775,.T.);
#5527=ORIENTED_EDGE('',*,*,#9776,.T.);
#5528=ORIENTED_EDGE('',*,*,#9777,.F.);
#5529=ORIENTED_EDGE('',*,*,#9681,.T.);
#5530=ORIENTED_EDGE('',*,*,#9778,.T.);
#5531=ORIENTED_EDGE('',*,*,#9779,.F.);
#5532=ORIENTED_EDGE('',*,*,#9780,.F.);
#5533=ORIENTED_EDGE('',*,*,#9781,.T.);
#5534=ORIENTED_EDGE('',*,*,#9782,.F.);
#5535=ORIENTED_EDGE('',*,*,#9783,.F.);
#5536=ORIENTED_EDGE('',*,*,#9784,.T.);
#5537=ORIENTED_EDGE('',*,*,#9688,.T.);
#5538=ORIENTED_EDGE('',*,*,#9742,.F.);
#5539=ORIENTED_EDGE('',*,*,#9785,.T.);
#5540=ORIENTED_EDGE('',*,*,#9786,.T.);
#5541=ORIENTED_EDGE('',*,*,#9754,.T.);
#5542=ORIENTED_EDGE('',*,*,#9757,.T.);
#5543=ORIENTED_EDGE('',*,*,#9769,.T.);
#5544=ORIENTED_EDGE('',*,*,#9787,.T.);
#5545=ORIENTED_EDGE('',*,*,#9788,.T.);
#5546=ORIENTED_EDGE('',*,*,#9693,.F.);
#5547=CARTESIAN_POINT('',(2.75,-1.25936491931449,1.89999999999999));
#5548=DIRECTION('',(-1.0,-1.23797123060244E-16,-2.01265466237578E-32));
#5549=DIRECTION('',(1.23797123060244E-16,-1.0,-6.10622663543836E-16));
#5550=SURFACE_STYLE_FILL_AREA(#9789);
#5551=ORIENTED_EDGE('',*,*,#9731,.T.);
#5552=ORIENTED_EDGE('',*,*,#9765,.F.);
#5553=ORIENTED_EDGE('',*,*,#9695,.F.);
#5554=ORIENTED_EDGE('',*,*,#9790,.T.);
#5555=ORIENTED_EDGE('',*,*,#9791,.T.);
#5556=ORIENTED_EDGE('',*,*,#9767,.F.);
#5557=ORIENTED_EDGE('',*,*,#9758,.T.);
#5558=ORIENTED_EDGE('',*,*,#9752,.F.);
#5559=ORIENTED_EDGE('',*,*,#9792,.T.);
#5560=ORIENTED_EDGE('',*,*,#9793,.T.);
#5561=ORIENTED_EDGE('',*,*,#9740,.F.);
#5562=ORIENTED_EDGE('',*,*,#9686,.F.);
#5563=ORIENTED_EDGE('',*,*,#9794,.F.);
#5564=ORIENTED_EDGE('',*,*,#9795,.F.);
#5565=ORIENTED_EDGE('',*,*,#9796,.F.);
#5566=ORIENTED_EDGE('',*,*,#9797,.T.);
#5567=ORIENTED_EDGE('',*,*,#9798,.F.);
#5568=ORIENTED_EDGE('',*,*,#9799,.F.);
#5569=ORIENTED_EDGE('',*,*,#9800,.F.);
#5570=ORIENTED_EDGE('',*,*,#9683,.F.);
#5571=ORIENTED_EDGE('',*,*,#9801,.F.);
#5572=ORIENTED_EDGE('',*,*,#9802,.T.);
#5573=ORIENTED_EDGE('',*,*,#9803,.T.);
#5574=ORIENTED_EDGE('',*,*,#9804,.F.);
#5575=ORIENTED_EDGE('',*,*,#9805,.T.);
#5576=ORIENTED_EDGE('',*,*,#9806,.T.);
#5577=CARTESIAN_POINT('',(3.61,-1.25936491931449,1.89999999999999));
#5578=DIRECTION('',(1.0,1.23797123060244E-16,2.01265466237578E-32));
#5579=DIRECTION('',(1.23797123060244E-16,-1.0,-6.10622663543836E-16));
#5580=SURFACE_STYLE_FILL_AREA(#9807);
#5581=ORIENTED_EDGE('',*,*,#9702,.T.);
#5582=ORIENTED_EDGE('',*,*,#9734,.T.);
#5583=ORIENTED_EDGE('',*,*,#9771,.T.);
#5584=ORIENTED_EDGE('',*,*,#9692,.F.);
#5585=CARTESIAN_POINT('',(3.57999999999999,8.35026,1.14));
#5586=DIRECTION('',(3.08148791101957E-32,1.0,6.10622663543836E-16));
#5587=DIRECTION('',(-5.54667823983524E-32,6.10622663543836E-16,-1.0));
#5588=SURFACE_STYLE_FILL_AREA(#9808);
#5589=ORIENTED_EDGE('',*,*,#9809,.F.);
#5590=ORIENTED_EDGE('',*,*,#9723,.F.);
#5591=ORIENTED_EDGE('',*,*,#9712,.F.);
#5592=ORIENTED_EDGE('',*,*,#9745,.F.);
#5593=CARTESIAN_POINT('',(3.33,9.2500004537981,-1.91959628764808));
#5594=DIRECTION('',(-5.54667823983524E-32,6.10622663543836E-16,-1.0));
#5595=DIRECTION('',(-1.0,3.08148791101957E-32,5.54667823983524E-32));
#5596=SURFACE_STYLE_FILL_AREA(#9810);
#5597=ORIENTED_EDGE('',*,*,#9708,.T.);
#5598=ORIENTED_EDGE('',*,*,#9738,.T.);
#5599=ORIENTED_EDGE('',*,*,#9721,.T.);
#5600=ORIENTED_EDGE('',*,*,#9809,.T.);
#5601=ORIENTED_EDGE('',*,*,#9744,.T.);
#5602=ORIENTED_EDGE('',*,*,#9718,.F.);
#5603=CARTESIAN_POINT('',(3.18,7.65600045379809,-0.0750000000000104));
#5604=DIRECTION('',(5.54667823983524E-32,-6.10622663543836E-16,1.0));
#5605=DIRECTION('',(-1.0,3.08148791101957E-32,5.54667823983524E-32));
#5606=SURFACE_STYLE_FILL_AREA(#9811);
#5607=ORIENTED_EDGE('',*,*,#9812,.F.);
#5608=ORIENTED_EDGE('',*,*,#9787,.F.);
#5609=ORIENTED_EDGE('',*,*,#9768,.F.);
#5610=ORIENTED_EDGE('',*,*,#9791,.F.);
#5611=CARTESIAN_POINT('',(1.93022128562178,8.35,1.89000000000001));
#5612=DIRECTION('',(-6.98296267768627E-15,7.40156973279261E-16,-1.0));
#5613=DIRECTION('',(3.08148791101957E-32,1.0,7.40156973279261E-16));
#5614=SURFACE_STYLE_FILL_AREA(#9813);
#5615=ORIENTED_EDGE('',*,*,#9814,.T.);
#5616=ORIENTED_EDGE('',*,*,#9783,.T.);
#5617=ORIENTED_EDGE('',*,*,#9815,.T.);
#5618=ORIENTED_EDGE('',*,*,#9795,.T.);
#5619=CARTESIAN_POINT('',(1.93022128562178,8.28634267156332,2.635147058949));
#5620=DIRECTION('',(-6.89756184086328E-15,0.155917291214356,-0.987770114095571));
#5621=DIRECTION('',(3.90862471184465E-32,0.987770114095571,0.155917291214356));
#5622=SURFACE_STYLE_FILL_AREA(#9816);
#5623=ORIENTED_EDGE('',*,*,#9685,.T.);
#5624=ORIENTED_EDGE('',*,*,#9784,.F.);
#5625=ORIENTED_EDGE('',*,*,#9814,.F.);
#5626=ORIENTED_EDGE('',*,*,#9794,.T.);
#5627=CARTESIAN_POINT('',(3.18,1.03379293323653,2.19901530779579));
#5628=DIRECTION('',(1.0,1.07020666685099E-15,-6.81403296200264E-15));
#5629=DIRECTION('',(-6.81403296200264E-15,6.10622663543836E-16,-1.0));
#5630=SURFACE_STYLE_FILL_AREA(#9817);
#5631=ORIENTED_EDGE('',*,*,#9751,.T.);
#5632=ORIENTED_EDGE('',*,*,#9786,.F.);
#5633=ORIENTED_EDGE('',*,*,#9818,.F.);
#5634=ORIENTED_EDGE('',*,*,#9792,.F.);
#5635=CARTESIAN_POINT('',(3.61,0.596776977453159,1.74954832463333));
#5636=DIRECTION('',(-5.54667823983524E-32,6.10622663543836E-16,-1.0));
#5637=DIRECTION('',(3.08148791101957E-32,1.0,6.10622663543836E-16));
#5638=SURFACE_STYLE_FILL_AREA(#9819);
#5639=ORIENTED_EDGE('',*,*,#9815,.F.);
#5640=ORIENTED_EDGE('',*,*,#9782,.T.);
#5641=ORIENTED_EDGE('',*,*,#9820,.T.);
#5642=ORIENTED_EDGE('',*,*,#9796,.T.);
#5643=CARTESIAN_POINT('',(1.93022128562178,8.35,1.54000000000001));
#5644=DIRECTION('',(-6.98296267768627E-15,7.40156973279261E-16,-1.0));
#5645=DIRECTION('',(3.08148791101957E-32,1.0,7.40156973279261E-16));
#5646=SURFACE_STYLE_FILL_AREA(#9821);
#5647=ORIENTED_EDGE('',*,*,#9797,.F.);
#5648=ORIENTED_EDGE('',*,*,#9820,.F.);
#5649=ORIENTED_EDGE('',*,*,#9781,.F.);
#5650=ORIENTED_EDGE('',*,*,#9822,.T.);
#5651=CARTESIAN_POINT('',(1.82242980701149,2.835,0.989999999999996));
#5652=DIRECTION('',(3.08148791101957E-32,1.0,6.10622663543836E-16));
#5653=DIRECTION('',(-5.54667823983524E-32,6.10622663543836E-16,-1.0));
#5654=SURFACE_STYLE_FILL_AREA(#9823);
#5655=ORIENTED_EDGE('',*,*,#9824,.T.);
#5656=ORIENTED_EDGE('',*,*,#9798,.T.);
#5657=ORIENTED_EDGE('',*,*,#9822,.F.);
#5658=ORIENTED_EDGE('',*,*,#9780,.T.);
#5659=CARTESIAN_POINT('',(3.18,8.07,1.34));
#5660=DIRECTION('',(5.54667823983524E-32,-6.10622663543836E-16,1.0));
#5661=DIRECTION('',(-1.0,3.08148791101957E-32,5.54667823983524E-32));
#5662=SURFACE_STYLE_FILL_AREA(#9825);
#5663=ORIENTED_EDGE('',*,*,#9824,.F.);
#5664=ORIENTED_EDGE('',*,*,#9779,.T.);
#5665=ORIENTED_EDGE('',*,*,#9826,.F.);
#5666=ORIENTED_EDGE('',*,*,#9799,.T.);
#5667=CARTESIAN_POINT('',(3.18,8.29324775713451,0.243823990645957));
#5668=DIRECTION('',(-8.23498583031927E-32,0.155917291214354,0.987770114095571));
#5669=DIRECTION('',(1.0,8.79557919543316E-31,-5.54667823983518E-32));
#5670=SURFACE_STYLE_FILL_AREA(#9827);
#5671=ORIENTED_EDGE('',*,*,#9682,.T.);
#5672=ORIENTED_EDGE('',*,*,#9777,.T.);
#5673=ORIENTED_EDGE('',*,*,#9828,.T.);
#5674=ORIENTED_EDGE('',*,*,#9801,.T.);
#5675=CARTESIAN_POINT('',(3.18,7.03191444069877,5.58166323975607));
#5676=DIRECTION('',(-4.73481900147941E-32,-0.560638994563243,0.828060334622493));
#5677=DIRECTION('',(-1.0,1.66378067370561E-31,5.54667823983525E-32));
#5678=SURFACE_STYLE_FILL_AREA(#9829);
#5679=ORIENTED_EDGE('',*,*,#9828,.F.);
#5680=ORIENTED_EDGE('',*,*,#9776,.F.);
#5681=ORIENTED_EDGE('',*,*,#9830,.F.);
#5682=ORIENTED_EDGE('',*,*,#9802,.F.);
#5683=CARTESIAN_POINT('',(3.61,0.596776977453159,1.07474763056312));
#5684=DIRECTION('',(-1.23797123060244E-16,1.0,6.10622663543836E-16));
#5685=DIRECTION('',(-5.54667823983524E-32,6.10622663543836E-16,-1.0));
#5686=SURFACE_STYLE_FILL_AREA(#9831);
#5687=ORIENTED_EDGE('',*,*,#9832,.T.);
#5688=ORIENTED_EDGE('',*,*,#9803,.F.);
#5689=ORIENTED_EDGE('',*,*,#9830,.T.);
#5690=ORIENTED_EDGE('',*,*,#9775,.F.);
#5691=CARTESIAN_POINT('',(3.61,1.78677697745316,1.12474763056312));
#5692=DIRECTION('',(5.54667823983524E-32,-6.10622663543836E-16,1.0));
#5693=DIRECTION('',(-1.0,3.08148791101957E-32,5.54667823983524E-32));
#5694=SURFACE_STYLE_FILL_AREA(#9833);
#5695=ORIENTED_EDGE('',*,*,#9834,.F.);
#5696=ORIENTED_EDGE('',*,*,#9773,.F.);
#5697=ORIENTED_EDGE('',*,*,#9835,.T.);
#5698=ORIENTED_EDGE('',*,*,#9805,.F.);
#5699=CARTESIAN_POINT('',(3.18,8.25426843433092,-0.00311853787794014));
#5700=DIRECTION('',(-8.23498583031927E-32,0.155917291214354,0.987770114095571));
#5701=DIRECTION('',(1.0,8.79557919543316E-31,-5.54667823983518E-32));
#5702=SURFACE_STYLE_FILL_AREA(#9836);
#5703=ORIENTED_EDGE('',*,*,#9835,.F.);
#5704=ORIENTED_EDGE('',*,*,#9772,.T.);
#5705=ORIENTED_EDGE('',*,*,#9732,.T.);
#5706=ORIENTED_EDGE('',*,*,#9806,.F.);
#5707=CARTESIAN_POINT('',(3.18,2.35483691660787,5.99));
#5708=DIRECTION('',(-1.0,-8.79557919543317E-31,5.54667823983518E-32));
#5709=DIRECTION('',(8.79557919543317E-31,-1.0,-6.10622663543836E-16));
#5710=SURFACE_STYLE_FILL_AREA(#9837);
#5711=ORIENTED_EDGE('',*,*,#9818,.T.);
#5712=ORIENTED_EDGE('',*,*,#9785,.F.);
#5713=ORIENTED_EDGE('',*,*,#9741,.T.);
#5714=ORIENTED_EDGE('',*,*,#9793,.F.);
#5715=CARTESIAN_POINT('',(3.61,0.596776977453159,1.64954832463333));
#5716=DIRECTION('',(-1.23797123060244E-16,1.0,6.10622663543836E-16));
#5717=DIRECTION('',(-5.54667823983524E-32,6.10622663543836E-16,-1.0));
#5718=SURFACE_STYLE_FILL_AREA(#9838);
#5719=ORIENTED_EDGE('',*,*,#9834,.T.);
#5720=ORIENTED_EDGE('',*,*,#9804,.T.);
#5721=ORIENTED_EDGE('',*,*,#9832,.F.);
#5722=ORIENTED_EDGE('',*,*,#9774,.F.);
#5723=CARTESIAN_POINT('',(3.18,0.873674898898251,-1.87525236943688));
#5724=DIRECTION('',(-1.0,-8.79557919543317E-31,5.54667823983518E-32));
#5725=DIRECTION('',(8.79557919543317E-31,-1.0,-6.10622663543836E-16));
#5726=SURFACE_STYLE_FILL_AREA(#9839);
#5727=ORIENTED_EDGE('',*,*,#9680,.T.);
#5728=ORIENTED_EDGE('',*,*,#9800,.T.);
#5729=ORIENTED_EDGE('',*,*,#9826,.T.);
#5730=ORIENTED_EDGE('',*,*,#9778,.F.);
#5731=CARTESIAN_POINT('',(3.18,1.06408530805543,0.575025979995966));
#5732=DIRECTION('',(1.0,3.13688606629153E-32,7.84179531399106E-32));
#5733=DIRECTION('',(7.84179531399106E-32,6.10622663543836E-16,-1.0));
#5734=SURFACE_STYLE_FILL_AREA(#9840);
#5735=ORIENTED_EDGE('',*,*,#9812,.T.);
#5736=ORIENTED_EDGE('',*,*,#9790,.F.);
#5737=ORIENTED_EDGE('',*,*,#9694,.T.);
#5738=ORIENTED_EDGE('',*,*,#9788,.F.);
#5739=CARTESIAN_POINT('',(3.61,8.15026,-2.19581945965665));
#5740=DIRECTION('',(-1.23797123060244E-16,1.0,6.10622663543836E-16));
#5741=DIRECTION('',(-5.54667823983524E-32,6.10622663543836E-16,-1.0));
#5742=SURFACE_STYLE_FILL_AREA(#9841);
#5743=SURFACE_STYLE_FILL_AREA(#9842);
#5744=ORIENTED_EDGE('',*,*,#9843,.F.);
#5745=ORIENTED_EDGE('',*,*,#9844,.T.);
#5746=ORIENTED_EDGE('',*,*,#9845,.T.);
#5747=ORIENTED_EDGE('',*,*,#9846,.T.);
#5748=CARTESIAN_POINT('',(0.970000000000002,6.95,-0.825));
#5749=DIRECTION('',(0.0,0.0,-1.0));
#5750=DIRECTION('',(0.0,-1.0,0.0));
#5751=SURFACE_STYLE_FILL_AREA(#9847);
#5752=ORIENTED_EDGE('',*,*,#9848,.F.);
#5753=ORIENTED_EDGE('',*,*,#9849,.T.);
#5754=ORIENTED_EDGE('',*,*,#9850,.F.);
#5755=ORIENTED_EDGE('',*,*,#9851,.T.);
#5756=CARTESIAN_POINT('',(0.970000000000002,7.45,-0.825));
#5757=DIRECTION('',(0.0,0.0,-1.0));
#5758=DIRECTION('',(0.0,-1.0,0.0));
#5759=SURFACE_STYLE_FILL_AREA(#9852);
#5760=ORIENTED_EDGE('',*,*,#9853,.F.);
#5761=ORIENTED_EDGE('',*,*,#9854,.T.);
#5762=ORIENTED_EDGE('',*,*,#9855,.T.);
#5763=ORIENTED_EDGE('',*,*,#9856,.F.);
#5764=CARTESIAN_POINT('',(0.770000000000003,5.95,2.37038055098077));
#5765=DIRECTION('',(-0.0,-2.47817639425258E-16,-1.0));
#5766=DIRECTION('',(-1.0,0.0,0.0));
#5767=SURFACE_STYLE_FILL_AREA(#9857);
#5768=ORIENTED_EDGE('',*,*,#9858,.F.);
#5769=ORIENTED_EDGE('',*,*,#9859,.F.);
#5770=ORIENTED_EDGE('',*,*,#9860,.T.);
#5771=ORIENTED_EDGE('',*,*,#9861,.F.);
#5772=CARTESIAN_POINT('',(1.92,0.15,2.825));
#5773=DIRECTION('',(-0.707106781186548,-0.707106781186548,0.0));
#5774=DIRECTION('',(0.0,0.0,1.0));
#5775=SURFACE_STYLE_FILL_AREA(#9862);
#5776=ORIENTED_EDGE('',*,*,#9853,.T.);
#5777=ORIENTED_EDGE('',*,*,#9863,.F.);
#5778=ORIENTED_EDGE('',*,*,#9864,.F.);
#5779=ORIENTED_EDGE('',*,*,#9865,.F.);
#5780=CARTESIAN_POINT('',(0.770000000000003,7.2,3.37038055098077));
#5781=DIRECTION('',(1.0,0.0,-0.0));
#5782=DIRECTION('',(0.0,0.0,1.0));
#5783=SURFACE_STYLE_FILL_AREA(#9866);
#5784=ORIENTED_EDGE('',*,*,#9867,.F.);
#5785=ORIENTED_EDGE('',*,*,#9868,.T.);
#5786=ORIENTED_EDGE('',*,*,#9869,.T.);
#5787=ORIENTED_EDGE('',*,*,#9870,.T.);
#5788=CARTESIAN_POINT('',(2.755,0.175000000000001,2.71));
#5789=DIRECTION('',(-0.813733471206735,0.581238193719097,0.0));
#5790=DIRECTION('',(-0.581238193719097,-0.813733471206735,0.0));
#5791=SURFACE_STYLE_FILL_AREA(#9871);
#5792=ORIENTED_EDGE('',*,*,#9872,.T.);
#5793=ORIENTED_EDGE('',*,*,#9873,.T.);
#5794=ORIENTED_EDGE('',*,*,#9874,.T.);
#5795=ORIENTED_EDGE('',*,*,#9875,.F.);
#5796=CARTESIAN_POINT('',(2.88,9.4,2.51));
#5797=DIRECTION('',(0.0,0.0,-1.0));
#5798=DIRECTION('',(0.0,1.0,0.0));
#5799=SURFACE_STYLE_FILL_AREA(#9876);
#5800=ORIENTED_EDGE('',*,*,#9877,.T.);
#5801=ORIENTED_EDGE('',*,*,#9878,.T.);
#5802=ORIENTED_EDGE('',*,*,#9879,.F.);
#5803=ORIENTED_EDGE('',*,*,#9854,.F.);
#5804=ORIENTED_EDGE('',*,*,#9865,.T.);
#5805=ORIENTED_EDGE('',*,*,#9880,.T.);
#5806=ORIENTED_EDGE('',*,*,#9881,.F.);
#5807=ORIENTED_EDGE('',*,*,#9882,.F.);
#5808=CARTESIAN_POINT('',(0.0,6.005,-0.825));
#5809=DIRECTION('',(0.0,1.0,0.0));
#5810=DIRECTION('',(0.0,0.0,-1.0));
#5811=SURFACE_STYLE_FILL_AREA(#9883);
#5812=ORIENTED_EDGE('',*,*,#9884,.T.);
#5813=ORIENTED_EDGE('',*,*,#9885,.T.);
#5814=ORIENTED_EDGE('',*,*,#9886,.T.);
#5815=ORIENTED_EDGE('',*,*,#9887,.T.);
#5816=CARTESIAN_POINT('',(3.61,-1.2593649193145,3.17));
#5817=DIRECTION('',(1.0,1.23797123060244E-16,0.0));
#5818=DIRECTION('',(-1.23797123060244E-16,1.0,0.0));
#5819=SURFACE_STYLE_FILL_AREA(#9888);
#5820=ORIENTED_EDGE('',*,*,#9889,.F.);
#5821=ORIENTED_EDGE('',*,*,#9890,.F.);
#5822=ORIENTED_EDGE('',*,*,#9891,.T.);
#5823=ORIENTED_EDGE('',*,*,#9892,.T.);
#5824=CARTESIAN_POINT('',(1.4988636363636,5.25,0.7));
#5825=DIRECTION('',(0.0,0.0,1.0));
#5826=DIRECTION('',(1.0,0.0,0.0));
#5827=SURFACE_STYLE_FILL_AREA(#9893);
#5828=ORIENTED_EDGE('',*,*,#9894,.F.);
#5829=ORIENTED_EDGE('',*,*,#9892,.F.);
#5830=ORIENTED_EDGE('',*,*,#9895,.T.);
#5831=ORIENTED_EDGE('',*,*,#9896,.T.);
#5832=CARTESIAN_POINT('',(1.4038961038961,5.25,0.7));
#5833=DIRECTION('',(0.854249900429869,0.0,-0.519862585319966));
#5834=DIRECTION('',(0.0,1.0,0.0));
#5835=SURFACE_STYLE_FILL_AREA(#9897);
#5836=ORIENTED_EDGE('',*,*,#9898,.F.);
#5837=ORIENTED_EDGE('',*,*,#9896,.F.);
#5838=ORIENTED_EDGE('',*,*,#9899,.T.);
#5839=ORIENTED_EDGE('',*,*,#9900,.T.);
#5840=CARTESIAN_POINT('',(1.6577922077922,5.25,1.11720779220779));
#5841=DIRECTION('',(0.854086626025639,-0.0,0.520130786672103));
#5842=DIRECTION('',(0.0,1.0,0.0));
#5843=SURFACE_STYLE_FILL_AREA(#9901);
#5844=ORIENTED_EDGE('',*,*,#9902,.F.);
#5845=ORIENTED_EDGE('',*,*,#9900,.F.);
#5846=ORIENTED_EDGE('',*,*,#9903,.T.);
#5847=ORIENTED_EDGE('',*,*,#9904,.T.);
#5848=CARTESIAN_POINT('',(1.4246753246753,5.25,1.5));
#5849=DIRECTION('',(0.0,0.0,-1.0));
#5850=DIRECTION('',(0.0,1.0,0.0));
#5851=SURFACE_STYLE_FILL_AREA(#9905);
#5852=ORIENTED_EDGE('',*,*,#9906,.F.);
#5853=ORIENTED_EDGE('',*,*,#9904,.F.);
#5854=ORIENTED_EDGE('',*,*,#9907,.T.);
#5855=ORIENTED_EDGE('',*,*,#9908,.T.);
#5856=CARTESIAN_POINT('',(1.5196428571429,5.25,1.5));
#5857=DIRECTION('',(-0.853978085486794,0.0,-0.520308975041091));
#5858=DIRECTION('',(-0.520308975041091,0.0,0.853978085486794));
#5859=SURFACE_STYLE_FILL_AREA(#9909);
#5860=ORIENTED_EDGE('',*,*,#9910,.F.);
#5861=ORIENTED_EDGE('',*,*,#9908,.F.);
#5862=ORIENTED_EDGE('',*,*,#9911,.T.);
#5863=ORIENTED_EDGE('',*,*,#9912,.T.);
#5864=SURFACE_STYLE_FILL_AREA(#9913);
#5865=ORIENTED_EDGE('',*,*,#9914,.F.);
#5866=ORIENTED_EDGE('',*,*,#9912,.F.);
#5867=ORIENTED_EDGE('',*,*,#9915,.T.);
#5868=ORIENTED_EDGE('',*,*,#9916,.T.);
#5869=SURFACE_STYLE_FILL_AREA(#9917);
#5870=ORIENTED_EDGE('',*,*,#9918,.F.);
#5871=ORIENTED_EDGE('',*,*,#9916,.F.);
#5872=ORIENTED_EDGE('',*,*,#9919,.T.);
#5873=ORIENTED_EDGE('',*,*,#9920,.T.);
#5874=CARTESIAN_POINT('',(1.7612012987013,5.25,1.28701298701299));
#5875=DIRECTION('',(0.854374555234265,0.0,-0.519657694418404));
#5876=DIRECTION('',(0.0,1.0,0.0));
#5877=SURFACE_STYLE_FILL_AREA(#9921);
#5878=ORIENTED_EDGE('',*,*,#9922,.F.);
#5879=ORIENTED_EDGE('',*,*,#9920,.F.);
#5880=ORIENTED_EDGE('',*,*,#9923,.T.);
#5881=ORIENTED_EDGE('',*,*,#9924,.T.);
#5882=CARTESIAN_POINT('',(1.8907467532468,5.25,1.5));
#5883=DIRECTION('',(0.0,0.0,-1.0));
#5884=DIRECTION('',(0.0,1.0,0.0));
#5885=SURFACE_STYLE_FILL_AREA(#9925);
#5886=ORIENTED_EDGE('',*,*,#9926,.F.);
#5887=ORIENTED_EDGE('',*,*,#9924,.F.);
#5888=ORIENTED_EDGE('',*,*,#9927,.T.);
#5889=ORIENTED_EDGE('',*,*,#9928,.T.);
#5890=CARTESIAN_POINT('',(1.9857142857143,5.25,1.5));
#5891=DIRECTION('',(-0.854282424947359,0.0,0.519809136535767));
#5892=DIRECTION('',(0.0,-1.0,0.0));
#5893=SURFACE_STYLE_FILL_AREA(#9929);
#5894=ORIENTED_EDGE('',*,*,#9930,.F.);
#5895=ORIENTED_EDGE('',*,*,#9928,.F.);
#5896=ORIENTED_EDGE('',*,*,#9931,.T.);
#5897=ORIENTED_EDGE('',*,*,#9932,.T.);
#5898=CARTESIAN_POINT('',(1.7525974025974,5.25,1.11688311688312));
#5899=DIRECTION('',(-0.854070084161934,0.0,-0.520157948453763));
#5900=DIRECTION('',(-0.520157948453763,0.0,0.854070084161934));
#5901=SURFACE_STYLE_FILL_AREA(#9933);
#5902=ORIENTED_EDGE('',*,*,#9934,.F.);
#5903=ORIENTED_EDGE('',*,*,#9932,.F.);
#5904=ORIENTED_EDGE('',*,*,#9935,.T.);
#5905=ORIENTED_EDGE('',*,*,#9936,.T.);
#5906=CARTESIAN_POINT('',(2.0064935064935,5.25,0.7));
#5907=DIRECTION('',(0.0,0.0,1.0));
#5908=DIRECTION('',(1.0,0.0,0.0));
#5909=SURFACE_STYLE_FILL_AREA(#9937);
#5910=ORIENTED_EDGE('',*,*,#9938,.F.);
#5911=ORIENTED_EDGE('',*,*,#9936,.F.);
#5912=ORIENTED_EDGE('',*,*,#9939,.T.);
#5913=ORIENTED_EDGE('',*,*,#9940,.T.);
#5914=CARTESIAN_POINT('',(1.911525974026,5.25,0.7));
#5915=DIRECTION('',(0.853977251752881,-0.0,0.520310343438026));
#5916=DIRECTION('',(0.0,1.0,0.0));
#5917=SURFACE_STYLE_FILL_AREA(#9941);
#5918=ORIENTED_EDGE('',*,*,#9942,.F.);
#5919=ORIENTED_EDGE('',*,*,#9940,.F.);
#5920=ORIENTED_EDGE('',*,*,#9943,.T.);
#5921=ORIENTED_EDGE('',*,*,#9944,.T.);
#5922=SURFACE_STYLE_FILL_AREA(#9945);
#5923=ORIENTED_EDGE('',*,*,#9946,.F.);
#5924=ORIENTED_EDGE('',*,*,#9944,.F.);
#5925=ORIENTED_EDGE('',*,*,#9947,.T.);
#5926=ORIENTED_EDGE('',*,*,#9948,.T.);
#5927=SURFACE_STYLE_FILL_AREA(#9949);
#5928=ORIENTED_EDGE('',*,*,#9950,.F.);
#5929=ORIENTED_EDGE('',*,*,#9948,.F.);
#5930=ORIENTED_EDGE('',*,*,#9951,.T.);
#5931=ORIENTED_EDGE('',*,*,#9890,.T.);
#5932=CARTESIAN_POINT('',(1.6689935064935,5.25,0.97938311688312));
#5933=DIRECTION('',(-0.854102707184105,0.0,0.520104379505483));
#5934=DIRECTION('',(0.0,-1.0,0.0));
#5935=SURFACE_STYLE_FILL_AREA(#9952);
#5936=ORIENTED_EDGE('',*,*,#9891,.F.);
#5937=ORIENTED_EDGE('',*,*,#9951,.F.);
#5938=ORIENTED_EDGE('',*,*,#9947,.F.);
#5939=ORIENTED_EDGE('',*,*,#9943,.F.);
#5940=ORIENTED_EDGE('',*,*,#9939,.F.);
#5941=ORIENTED_EDGE('',*,*,#9935,.F.);
#5942=ORIENTED_EDGE('',*,*,#9931,.F.);
#5943=ORIENTED_EDGE('',*,*,#9927,.F.);
#5944=ORIENTED_EDGE('',*,*,#9923,.F.);
#5945=ORIENTED_EDGE('',*,*,#9919,.F.);
#5946=ORIENTED_EDGE('',*,*,#9915,.F.);
#5947=ORIENTED_EDGE('',*,*,#9911,.F.);
#5948=ORIENTED_EDGE('',*,*,#9907,.F.);
#5949=ORIENTED_EDGE('',*,*,#9903,.F.);
#5950=ORIENTED_EDGE('',*,*,#9899,.F.);
#5951=ORIENTED_EDGE('',*,*,#9895,.F.);
#5952=CARTESIAN_POINT('',(1.6749454410458,5.25,1.24485314402365));
#5953=DIRECTION('',(0.0,-1.0,0.0));
#5954=DIRECTION('',(1.0,0.0,0.0));
#5955=SURFACE_STYLE_FILL_AREA(#9953);
#5956=ORIENTED_EDGE('',*,*,#9954,.T.);
#5957=ORIENTED_EDGE('',*,*,#9955,.F.);
#5958=ORIENTED_EDGE('',*,*,#9956,.T.);
#5959=ORIENTED_EDGE('',*,*,#9957,.T.);
#5960=CARTESIAN_POINT('',(2.88,9.4,1.24));
#5961=DIRECTION('',(0.0,0.0,-1.0));
#5962=DIRECTION('',(0.0,1.0,0.0));
#5963=SURFACE_STYLE_FILL_AREA(#9958);
#5964=ORIENTED_EDGE('',*,*,#9959,.T.);
#5965=ORIENTED_EDGE('',*,*,#9960,.T.);
#5966=ORIENTED_EDGE('',*,*,#9961,.T.);
#5967=ORIENTED_EDGE('',*,*,#9962,.T.);
#5968=ORIENTED_EDGE('',*,*,#9963,.F.);
#5969=ORIENTED_EDGE('',*,*,#9964,.F.);
#5970=ORIENTED_EDGE('',*,*,#9965,.F.);
#5971=ORIENTED_EDGE('',*,*,#9966,.F.);
#5972=CARTESIAN_POINT('',(18.42,0.449999999999999,2.075));
#5973=DIRECTION('',(0.0,-1.0,0.0));
#5974=DIRECTION('',(1.0,0.0,0.0));
#5975=SURFACE_STYLE_FILL_AREA(#9967);
#5976=ORIENTED_EDGE('',*,*,#9968,.T.);
#5977=ORIENTED_EDGE('',*,*,#9969,.F.);
#5978=ORIENTED_EDGE('',*,*,#9970,.T.);
#5979=ORIENTED_EDGE('',*,*,#9971,.T.);
#5980=CARTESIAN_POINT('',(1.53,6.3,0.5));
#5981=DIRECTION('',(1.0,0.0,-0.0));
#5982=DIRECTION('',(0.0,0.0,1.0));
#5983=SURFACE_STYLE_FILL_AREA(#9972);
#5984=ORIENTED_EDGE('',*,*,#9973,.T.);
#5985=ORIENTED_EDGE('',*,*,#9974,.F.);
#5986=ORIENTED_EDGE('',*,*,#9975,.F.);
#5987=ORIENTED_EDGE('',*,*,#9976,.T.);
#5988=CARTESIAN_POINT('',(6.02,9.4,2.91));
#5989=DIRECTION('',(1.0,0.0,-0.0));
#5990=DIRECTION('',(0.0,0.0,1.0));
#5991=SURFACE_STYLE_FILL_AREA(#9977);
#5992=ORIENTED_EDGE('',*,*,#9978,.T.);
#5993=ORIENTED_EDGE('',*,*,#9979,.T.);
#5994=ORIENTED_EDGE('',*,*,#9980,.T.);
#5995=ORIENTED_EDGE('',*,*,#9981,.T.);
#5996=ORIENTED_EDGE('',*,*,#9982,.T.);
#5997=ORIENTED_EDGE('',*,*,#9983,.F.);
#5998=ORIENTED_EDGE('',*,*,#9984,.T.);
#5999=CARTESIAN_POINT('',(2.17,5.2,2.05));
#6000=DIRECTION('',(-1.0,0.0,0.0));
#6001=DIRECTION('',(0.0,-1.0,0.0));
#6002=SURFACE_STYLE_FILL_AREA(#9985);
#6003=ORIENTED_EDGE('',*,*,#9986,.T.);
#6004=ORIENTED_EDGE('',*,*,#9987,.T.);
#6005=ORIENTED_EDGE('',*,*,#9988,.F.);
#6006=CARTESIAN_POINT('',(2.22,0.73301247729699,1.3));
#6007=DIRECTION('',(-1.0,0.0,0.0));
#6008=DIRECTION('',(0.0,-1.0,0.0));
#6009=SURFACE_STYLE_FILL_AREA(#9989);
#6010=ORIENTED_EDGE('',*,*,#9990,.T.);
#6011=ORIENTED_EDGE('',*,*,#9991,.F.);
#6012=ORIENTED_EDGE('',*,*,#9992,.F.);
#6013=ORIENTED_EDGE('',*,*,#9982,.F.);
#6014=ORIENTED_EDGE('',*,*,#9993,.T.);
#6015=ORIENTED_EDGE('',*,*,#9988,.T.);
#6016=ORIENTED_EDGE('',*,*,#9994,.T.);
#6017=ORIENTED_EDGE('',*,*,#9979,.F.);
#6018=CARTESIAN_POINT('',(2.47,0.0,2.075));
#6019=DIRECTION('',(0.707106781186548,0.707106781186548,0.0));
#6020=DIRECTION('',(0.0,0.0,-1.0));
#6021=SURFACE_STYLE_FILL_AREA(#9995);
#6022=ORIENTED_EDGE('',*,*,#9996,.F.);
#6023=ORIENTED_EDGE('',*,*,#9997,.F.);
#6024=ORIENTED_EDGE('',*,*,#9998,.F.);
#6025=ORIENTED_EDGE('',*,*,#9999,.F.);
#6026=CARTESIAN_POINT('',(6.15,-1.2593649193145,2.25));
#6027=DIRECTION('',(0.0,0.0,-1.0));
#6028=DIRECTION('',(0.0,1.0,0.0));
#6029=SURFACE_STYLE_FILL_AREA(#10000);
#6030=ORIENTED_EDGE('',*,*,#10001,.T.);
#6031=ORIENTED_EDGE('',*,*,#10002,.T.);
#6032=ORIENTED_EDGE('',*,*,#10003,.F.);
#6033=ORIENTED_EDGE('',*,*,#10004,.F.);
#6034=CARTESIAN_POINT('',(6.15,-1.2593649193145,0.98));
#6035=DIRECTION('',(0.0,0.0,-1.0));
#6036=DIRECTION('',(0.0,1.0,0.0));
#6037=SURFACE_STYLE_FILL_AREA(#10005);
#6038=ORIENTED_EDGE('',*,*,#10006,.F.);
#6039=ORIENTED_EDGE('',*,*,#10007,.F.);
#6040=ORIENTED_EDGE('',*,*,#10008,.T.);
#6041=ORIENTED_EDGE('',*,*,#9868,.F.);
#6042=CARTESIAN_POINT('',(3.18,0.175000000000001,3.06));
#6043=DIRECTION('',(0.0,0.650791373455969,0.759256602365296));
#6044=DIRECTION('',(-1.0,0.0,0.0));
#6045=SURFACE_STYLE_FILL_AREA(#10009);
#6046=ORIENTED_EDGE('',*,*,#10010,.T.);
#6047=ORIENTED_EDGE('',*,*,#10011,.T.);
#6048=ORIENTED_EDGE('',*,*,#10012,.F.);
#6049=ORIENTED_EDGE('',*,*,#10013,.T.);
#6050=ORIENTED_EDGE('',*,*,#9886,.F.);
#6051=ORIENTED_EDGE('',*,*,#9885,.F.);
#6052=ORIENTED_EDGE('',*,*,#9884,.F.);
#6053=ORIENTED_EDGE('',*,*,#10014,.T.);
#6054=CARTESIAN_POINT('',(3.61,-1.2593649193145,3.17));
#6055=DIRECTION('',(1.0,1.23797123060244E-16,0.0));
#6056=DIRECTION('',(-1.23797123060244E-16,1.0,0.0));
#6057=SURFACE_STYLE_FILL_AREA(#10015);
#6058=ORIENTED_EDGE('',*,*,#10016,.T.);
#6059=ORIENTED_EDGE('',*,*,#9970,.F.);
#6060=ORIENTED_EDGE('',*,*,#10017,.F.);
#6061=ORIENTED_EDGE('',*,*,#10018,.T.);
#6062=CARTESIAN_POINT('',(0.0,6.3,0.5));
#6063=DIRECTION('',(0.0,1.0,0.0));
#6064=DIRECTION('',(0.0,0.0,-1.0));
#6065=SURFACE_STYLE_FILL_AREA(#10019);
#6066=ORIENTED_EDGE('',*,*,#10020,.T.);
#6067=ORIENTED_EDGE('',*,*,#10021,.F.);
#6068=ORIENTED_EDGE('',*,*,#10022,.F.);
#6069=ORIENTED_EDGE('',*,*,#10023,.T.);
#6070=CARTESIAN_POINT('',(2.75,-1.2593649193145,1.9));
#6071=DIRECTION('',(-1.0,-1.23797123060244E-16,0.0));
#6072=DIRECTION('',(0.0,0.0,1.0));
#6073=SURFACE_STYLE_FILL_AREA(#10024);
#6074=ORIENTED_EDGE('',*,*,#9874,.F.);
#6075=ORIENTED_EDGE('',*,*,#9870,.F.);
#6076=ORIENTED_EDGE('',*,*,#10025,.T.);
#6077=ORIENTED_EDGE('',*,*,#10026,.F.);
#6078=CARTESIAN_POINT('',(3.18,0.175000000000001,2.36));
#6079=DIRECTION('',(0.0,0.650791373455969,-0.759256602365296));
#6080=DIRECTION('',(0.0,0.759256602365296,0.650791373455969));
#6081=SURFACE_STYLE_FILL_AREA(#10027);
#6082=ORIENTED_EDGE('',*,*,#10028,.F.);
#6083=ORIENTED_EDGE('',*,*,#10029,.F.);
#6084=ORIENTED_EDGE('',*,*,#10030,.T.);
#6085=ORIENTED_EDGE('',*,*,#10031,.F.);
#6086=CARTESIAN_POINT('',(3.18,0.175000000000001,1.79));
#6087=DIRECTION('',(0.0,0.650791373455969,0.759256602365296));
#6088=DIRECTION('',(-1.0,0.0,0.0));
#6089=SURFACE_STYLE_FILL_AREA(#10032);
#6090=ORIENTED_EDGE('',*,*,#10006,.T.);
#6091=ORIENTED_EDGE('',*,*,#10033,.T.);
#6092=ORIENTED_EDGE('',*,*,#10034,.T.);
#6093=ORIENTED_EDGE('',*,*,#10035,.T.);
#6094=CARTESIAN_POINT('',(2.88,9.4,2.91));
#6095=DIRECTION('',(0.0,0.0,1.0));
#6096=DIRECTION('',(1.0,0.0,0.0));
#6097=SURFACE_STYLE_FILL_AREA(#10036);
#6098=ORIENTED_EDGE('',*,*,#10037,.T.);
#6099=ORIENTED_EDGE('',*,*,#10038,.T.);
#6100=ORIENTED_EDGE('',*,*,#10039,.F.);
#6101=ORIENTED_EDGE('',*,*,#10040,.T.);
#6102=ORIENTED_EDGE('',*,*,#10041,.F.);
#6103=ORIENTED_EDGE('',*,*,#10042,.T.);
#6104=ORIENTED_EDGE('',*,*,#9877,.F.);
#6105=ORIENTED_EDGE('',*,*,#10043,.T.);
#6106=CARTESIAN_POINT('',(1.23,9.4,-0.825));
#6107=DIRECTION('',(1.0,0.0,-0.0));
#6108=DIRECTION('',(0.0,0.0,1.0));
#6109=SURFACE_STYLE_FILL_AREA(#10044);
#6110=ORIENTED_EDGE('',*,*,#10045,.T.);
#6111=ORIENTED_EDGE('',*,*,#10046,.T.);
#6112=ORIENTED_EDGE('',*,*,#10047,.T.);
#6113=ORIENTED_EDGE('',*,*,#10012,.T.);
#6114=ORIENTED_EDGE('',*,*,#9872,.F.);
#6115=ORIENTED_EDGE('',*,*,#10048,.F.);
#6116=ORIENTED_EDGE('',*,*,#10034,.F.);
#6117=ORIENTED_EDGE('',*,*,#10049,.F.);
#6118=CARTESIAN_POINT('',(18.42,0.449999999999999,2.075));
#6119=DIRECTION('',(0.0,-1.0,0.0));
#6120=DIRECTION('',(1.0,0.0,0.0));
#6121=SURFACE_STYLE_FILL_AREA(#10050);
#6122=ORIENTED_EDGE('',*,*,#10051,.T.);
#6123=ORIENTED_EDGE('',*,*,#10052,.F.);
#6124=ORIENTED_EDGE('',*,*,#10053,.T.);
#6125=ORIENTED_EDGE('',*,*,#9955,.T.);
#6126=CARTESIAN_POINT('',(2.88,9.4,1.24));
#6127=DIRECTION('',(-1.0,0.0,0.0));
#6128=DIRECTION('',(0.0,-1.0,0.0));
#6129=SURFACE_STYLE_FILL_AREA(#10054);
#6130=ORIENTED_EDGE('',*,*,#9859,.T.);
#6131=ORIENTED_EDGE('',*,*,#10055,.F.);
#6132=ORIENTED_EDGE('',*,*,#9992,.T.);
#6133=ORIENTED_EDGE('',*,*,#10056,.F.);
#6134=CARTESIAN_POINT('',(18.42,0.0,2.35));
#6135=DIRECTION('',(0.0,0.707106781186548,0.707106781186548));
#6136=DIRECTION('',(-1.0,0.0,0.0));
#6137=SURFACE_STYLE_FILL_AREA(#10057);
#6138=ORIENTED_EDGE('',*,*,#9858,.T.);
#6139=ORIENTED_EDGE('',*,*,#10058,.F.);
#6140=ORIENTED_EDGE('',*,*,#10059,.T.);
#6141=ORIENTED_EDGE('',*,*,#10060,.T.);
#6142=CARTESIAN_POINT('',(1.77,5.2,3.6));
#6143=DIRECTION('',(-1.0,0.0,0.0));
#6144=DIRECTION('',(0.0,-1.0,0.0));
#6145=SURFACE_STYLE_FILL_AREA(#10061);
#6146=ORIENTED_EDGE('',*,*,#10062,.F.);
#6147=ORIENTED_EDGE('',*,*,#10063,.F.);
#6148=ORIENTED_EDGE('',*,*,#10064,.F.);
#6149=ORIENTED_EDGE('',*,*,#10065,.F.);
#6150=CARTESIAN_POINT('',(3.679,5.2,0.44999980660225));
#6151=DIRECTION('',(-0.866025403784429,-0.500000000000017,0.0));
#6152=DIRECTION('',(0.0,0.0,1.0));
#6153=SURFACE_STYLE_FILL_AREA(#10066);
#6154=ORIENTED_EDGE('',*,*,#10067,.T.);
#6155=ORIENTED_EDGE('',*,*,#10068,.F.);
#6156=ORIENTED_EDGE('',*,*,#10014,.F.);
#6157=ORIENTED_EDGE('',*,*,#10069,.F.);
#6158=CARTESIAN_POINT('',(3.61,-1.2593649193145,3.17));
#6159=DIRECTION('',(0.0,0.0,1.0));
#6160=DIRECTION('',(1.0,0.0,0.0));
#6161=SURFACE_STYLE_FILL_AREA(#10070);
#6162=ORIENTED_EDGE('',*,*,#10071,.T.);
#6163=ORIENTED_EDGE('',*,*,#10072,.T.);
#6164=ORIENTED_EDGE('',*,*,#10073,.F.);
#6165=ORIENTED_EDGE('',*,*,#10074,.T.);
#6166=CARTESIAN_POINT('',(4.02,-1.2593649193145,3.17));
#6167=DIRECTION('',(-1.0,-1.23797123060244E-16,0.0));
#6168=DIRECTION('',(0.0,0.0,1.0));
#6169=SURFACE_STYLE_FILL_AREA(#10075);
#6170=ORIENTED_EDGE('',*,*,#10076,.F.);
#6171=ORIENTED_EDGE('',*,*,#10067,.F.);
#6172=ORIENTED_EDGE('',*,*,#10077,.F.);
#6173=ORIENTED_EDGE('',*,*,#10078,.F.);
#6174=ORIENTED_EDGE('',*,*,#10079,.F.);
#6175=ORIENTED_EDGE('',*,*,#10080,.F.);
#6176=ORIENTED_EDGE('',*,*,#10046,.F.);
#6177=ORIENTED_EDGE('',*,*,#10081,.T.);
#6178=CARTESIAN_POINT('',(2.75,-1.2593649193145,3.17));
#6179=DIRECTION('',(-1.0,-1.23797123060244E-16,0.0));
#6180=DIRECTION('',(0.0,0.0,1.0));
#6181=SURFACE_STYLE_FILL_AREA(#10082);
#6182=ORIENTED_EDGE('',*,*,#10083,.T.);
#6183=ORIENTED_EDGE('',*,*,#10084,.F.);
#6184=ORIENTED_EDGE('',*,*,#10085,.T.);
#6185=ORIENTED_EDGE('',*,*,#10086,.T.);
#6186=CARTESIAN_POINT('',(7.13,5.2,2.05));
#6187=DIRECTION('',(1.0,0.0,-0.0));
#6188=DIRECTION('',(0.0,0.0,1.0));
#6189=SURFACE_STYLE_FILL_AREA(#10087);
#6190=ORIENTED_EDGE('',*,*,#10088,.F.);
#6191=ORIENTED_EDGE('',*,*,#10081,.F.);
#6192=ORIENTED_EDGE('',*,*,#10045,.F.);
#6193=ORIENTED_EDGE('',*,*,#10011,.F.);
#6194=CARTESIAN_POINT('',(3.61,-1.2593649193145,2.25));
#6195=DIRECTION('',(0.0,0.0,-1.0));
#6196=DIRECTION('',(0.0,1.0,0.0));
#6197=SURFACE_STYLE_FILL_AREA(#10089);
#6198=ORIENTED_EDGE('',*,*,#10090,.F.);
#6199=ORIENTED_EDGE('',*,*,#10091,.F.);
#6200=ORIENTED_EDGE('',*,*,#10092,.F.);
#6201=ORIENTED_EDGE('',*,*,#10038,.F.);
#6202=CARTESIAN_POINT('',(1.43,9.4,3.5));
#6203=DIRECTION('',(0.0,-1.0,0.0));
#6204=DIRECTION('',(-1.0,0.0,0.0));
#6205=SURFACE_STYLE_FILL_AREA(#10093);
#6206=ORIENTED_EDGE('',*,*,#10094,.F.);
#6207=ORIENTED_EDGE('',*,*,#10095,.F.);
#6208=ORIENTED_EDGE('',*,*,#10096,.F.);
#6209=ORIENTED_EDGE('',*,*,#10097,.T.);
#6210=ORIENTED_EDGE('',*,*,#10098,.F.);
#6211=ORIENTED_EDGE('',*,*,#10099,.T.);
#6212=CARTESIAN_POINT('',(1.83,9.4,-0.825));
#6213=DIRECTION('',(-1.0,5.78241158658936E-15,0.0));
#6214=DIRECTION('',(-5.78241158658936E-15,-1.0,0.0));
#6215=SURFACE_STYLE_FILL_AREA(#10100);
#6216=ORIENTED_EDGE('',*,*,#10028,.T.);
#6217=ORIENTED_EDGE('',*,*,#10052,.T.);
#6218=ORIENTED_EDGE('',*,*,#10101,.T.);
#6219=ORIENTED_EDGE('',*,*,#10102,.T.);
#6220=CARTESIAN_POINT('',(2.88,9.4,1.64));
#6221=DIRECTION('',(0.0,0.0,1.0));
#6222=DIRECTION('',(1.0,0.0,0.0));
#6223=SURFACE_STYLE_FILL_AREA(#10103);
#6224=ORIENTED_EDGE('',*,*,#10104,.F.);
#6225=ORIENTED_EDGE('',*,*,#10105,.T.);
#6226=ORIENTED_EDGE('',*,*,#10106,.F.);
#6227=ORIENTED_EDGE('',*,*,#10018,.F.);
#6228=ORIENTED_EDGE('',*,*,#10107,.F.);
#6229=ORIENTED_EDGE('',*,*,#9881,.T.);
#6230=ORIENTED_EDGE('',*,*,#10108,.T.);
#6231=ORIENTED_EDGE('',*,*,#10109,.T.);
#6232=CARTESIAN_POINT('',(0.0,0.0,3.7));
#6233=DIRECTION('',(1.0,0.0,9.37688365392869E-16));
#6234=DIRECTION('',(-9.37688365392869E-16,0.0,1.0));
#6235=SURFACE_STYLE_FILL_AREA(#10110);
#6236=ORIENTED_EDGE('',*,*,#10106,.T.);
#6237=ORIENTED_EDGE('',*,*,#10111,.F.);
#6238=ORIENTED_EDGE('',*,*,#10112,.F.);
#6239=ORIENTED_EDGE('',*,*,#10113,.T.);
#6240=ORIENTED_EDGE('',*,*,#10095,.T.);
#6241=ORIENTED_EDGE('',*,*,#10114,.F.);
#6242=ORIENTED_EDGE('',*,*,#10115,.F.);
#6243=ORIENTED_EDGE('',*,*,#10116,.F.);
#6244=ORIENTED_EDGE('',*,*,#9971,.F.);
#6245=ORIENTED_EDGE('',*,*,#10016,.F.);
#6246=ORIENTED_EDGE('',*,*,#9846,.F.);
#6247=ORIENTED_EDGE('',*,*,#10117,.F.);
#6248=ORIENTED_EDGE('',*,*,#9849,.F.);
#6249=ORIENTED_EDGE('',*,*,#10118,.F.);
#6250=ORIENTED_EDGE('',*,*,#10119,.F.);
#6251=ORIENTED_EDGE('',*,*,#10120,.F.);
#6252=CARTESIAN_POINT('',(0.0,0.0,0.0));
#6253=DIRECTION('',(0.0,0.0,1.0));
#6254=DIRECTION('',(1.0,0.0,0.0));
#6255=SURFACE_STYLE_FILL_AREA(#10121);
#6256=ORIENTED_EDGE('',*,*,#10122,.F.);
#6257=ORIENTED_EDGE('',*,*,#10123,.T.);
#6258=ORIENTED_EDGE('',*,*,#9844,.F.);
#6259=ORIENTED_EDGE('',*,*,#10124,.F.);
#6260=ORIENTED_EDGE('',*,*,#10125,.F.);
#6261=CARTESIAN_POINT('',(0.970000000000002,6.95,-0.825));
#6262=DIRECTION('',(-0.0,-0.0,1.0));
#6263=DIRECTION('',(1.0,0.0,0.0));
#6264=SURFACE_STYLE_FILL_AREA(#10126);
#6265=ORIENTED_EDGE('',*,*,#10125,.T.);
#6266=ORIENTED_EDGE('',*,*,#10127,.F.);
#6267=ORIENTED_EDGE('',*,*,#10128,.T.);
#6268=ORIENTED_EDGE('',*,*,#10129,.F.);
#6269=CARTESIAN_POINT('',(0.595000000000002,6.95,-0.825));
#6270=DIRECTION('',(-0.707106781186548,0.0,-0.707106781186548));
#6271=DIRECTION('',(-0.707106781186548,0.0,0.707106781186548));
#6272=SURFACE_STYLE_FILL_AREA(#10130);
#6273=ORIENTED_EDGE('',*,*,#9845,.F.);
#6274=ORIENTED_EDGE('',*,*,#10131,.T.);
#6275=ORIENTED_EDGE('',*,*,#9850,.T.);
#6276=ORIENTED_EDGE('',*,*,#10117,.T.);
#6277=CARTESIAN_POINT('',(1.445,6.95,-0.825));
#6278=DIRECTION('',(-1.0,0.0,0.0));
#6279=DIRECTION('',(0.0,-1.0,0.0));
#6280=SURFACE_STYLE_FILL_AREA(#10132);
#6281=ORIENTED_EDGE('',*,*,#9848,.T.);
#6282=ORIENTED_EDGE('',*,*,#10133,.T.);
#6283=ORIENTED_EDGE('',*,*,#10134,.T.);
#6284=ORIENTED_EDGE('',*,*,#10118,.T.);
#6285=CARTESIAN_POINT('',(0.970000000000002,7.45,-0.825));
#6286=DIRECTION('',(0.0,0.0,-1.0));
#6287=DIRECTION('',(0.0,-1.0,0.0));
#6288=SURFACE_STYLE_FILL_AREA(#10135);
#6289=ORIENTED_EDGE('',*,*,#10136,.T.);
#6290=ORIENTED_EDGE('',*,*,#10137,.F.);
#6291=ORIENTED_EDGE('',*,*,#10128,.F.);
#6292=ORIENTED_EDGE('',*,*,#10133,.F.);
#6293=ORIENTED_EDGE('',*,*,#9851,.F.);
#6294=CARTESIAN_POINT('',(0.970000000000002,7.45,-0.825));
#6295=DIRECTION('',(-0.0,-0.0,1.0));
#6296=DIRECTION('',(1.0,0.0,0.0));
#6297=SURFACE_STYLE_FILL_AREA(#10138);
#6298=ORIENTED_EDGE('',*,*,#10136,.F.);
#6299=ORIENTED_EDGE('',*,*,#10131,.F.);
#6300=ORIENTED_EDGE('',*,*,#10123,.F.);
#6301=ORIENTED_EDGE('',*,*,#10139,.F.);
#6302=CARTESIAN_POINT('',(1.345,6.95,-0.825));
#6303=DIRECTION('',(0.707106781186548,0.0,-0.707106781186548));
#6304=DIRECTION('',(0.0,1.0,0.0));
#6305=SURFACE_STYLE_FILL_AREA(#10140);
#6306=ORIENTED_EDGE('',*,*,#9843,.T.);
#6307=ORIENTED_EDGE('',*,*,#10120,.T.);
#6308=ORIENTED_EDGE('',*,*,#10141,.F.);
#6309=ORIENTED_EDGE('',*,*,#10124,.T.);
#6310=CARTESIAN_POINT('',(0.970000000000002,6.95,-0.825));
#6311=DIRECTION('',(0.0,0.0,-1.0));
#6312=DIRECTION('',(0.0,-1.0,0.0));
#6313=SURFACE_STYLE_FILL_AREA(#10142);
#6314=ORIENTED_EDGE('',*,*,#10134,.F.);
#6315=ORIENTED_EDGE('',*,*,#10127,.T.);
#6316=ORIENTED_EDGE('',*,*,#10141,.T.);
#6317=ORIENTED_EDGE('',*,*,#10119,.T.);
#6318=CARTESIAN_POINT('',(0.495000000000001,6.95,-0.825));
#6319=DIRECTION('',(1.0,0.0,-0.0));
#6320=DIRECTION('',(0.0,0.0,1.0));
#6321=SURFACE_STYLE_FILL_AREA(#10143);
#6322=ORIENTED_EDGE('',*,*,#10122,.T.);
#6323=ORIENTED_EDGE('',*,*,#10129,.T.);
#6324=ORIENTED_EDGE('',*,*,#10137,.T.);
#6325=ORIENTED_EDGE('',*,*,#10139,.T.);
#6326=CARTESIAN_POINT('',(0.970000000000002,6.95,-0.825));
#6327=DIRECTION('',(0.0,0.0,-1.0));
#6328=DIRECTION('',(0.0,1.0,0.0));
#6329=SURFACE_STYLE_FILL_AREA(#10144);
#6330=ORIENTED_EDGE('',*,*,#10115,.T.);
#6331=ORIENTED_EDGE('',*,*,#10145,.T.);
#6332=ORIENTED_EDGE('',*,*,#10146,.T.);
#6333=ORIENTED_EDGE('',*,*,#10147,.T.);
#6334=CARTESIAN_POINT('',(2.17,5.2,33.2487767355294));
#6335=DIRECTION('',(-1.0,0.0,0.0));
#6336=DIRECTION('',(0.0,-1.0,0.0));
#6337=SURFACE_STYLE_FILL_AREA(#10148);
#6338=ORIENTED_EDGE('',*,*,#9956,.F.);
#6339=ORIENTED_EDGE('',*,*,#10149,.F.);
#6340=ORIENTED_EDGE('',*,*,#10150,.T.);
#6341=ORIENTED_EDGE('',*,*,#10151,.F.);
#6342=CARTESIAN_POINT('',(3.18,0.175000000000001,1.09));
#6343=DIRECTION('',(0.0,0.650791373455969,-0.759256602365296));
#6344=DIRECTION('',(0.0,0.759256602365296,0.650791373455969));
#6345=SURFACE_STYLE_FILL_AREA(#10152);
#6346=ORIENTED_EDGE('',*,*,#9980,.F.);
#6347=ORIENTED_EDGE('',*,*,#9994,.F.);
#6348=ORIENTED_EDGE('',*,*,#9987,.F.);
#6349=ORIENTED_EDGE('',*,*,#10153,.F.);
#6350=CARTESIAN_POINT('',(2.17,0.30000000000001,0.8));
#6351=DIRECTION('',(0.0,-0.500000000000017,0.866025403784429));
#6352=DIRECTION('',(1.0,0.0,0.0));
#6353=SURFACE_STYLE_FILL_AREA(#10154);
#6354=ORIENTED_EDGE('',*,*,#9965,.T.);
#6355=ORIENTED_EDGE('',*,*,#10155,.T.);
#6356=ORIENTED_EDGE('',*,*,#10156,.T.);
#6357=ORIENTED_EDGE('',*,*,#10157,.T.);
#6358=CARTESIAN_POINT('',(4.15,9.4,1.64));
#6359=DIRECTION('',(0.0,0.0,1.0));
#6360=DIRECTION('',(1.0,0.0,0.0));
#6361=SURFACE_STYLE_FILL_AREA(#10158);
#6362=ORIENTED_EDGE('',*,*,#9981,.F.);
#6363=ORIENTED_EDGE('',*,*,#10153,.T.);
#6364=ORIENTED_EDGE('',*,*,#9986,.F.);
#6365=ORIENTED_EDGE('',*,*,#9993,.F.);
#6366=CARTESIAN_POINT('',(2.17,1.16602495459398,1.3));
#6367=DIRECTION('',(-0.0,-0.500000000000017,-0.866025403784429));
#6368=DIRECTION('',(-1.0,0.0,0.0));
#6369=SURFACE_STYLE_FILL_AREA(#10159);
#6370=ORIENTED_EDGE('',*,*,#10160,.T.);
#6371=ORIENTED_EDGE('',*,*,#10023,.F.);
#6372=ORIENTED_EDGE('',*,*,#10161,.F.);
#6373=ORIENTED_EDGE('',*,*,#10162,.T.);
#6374=CARTESIAN_POINT('',(3.61,-1.2593649193145,0.98));
#6375=DIRECTION('',(0.0,0.0,-1.0));
#6376=DIRECTION('',(0.0,1.0,0.0));
#6377=SURFACE_STYLE_FILL_AREA(#10163);
#6378=ORIENTED_EDGE('',*,*,#10164,.T.);
#6379=ORIENTED_EDGE('',*,*,#10165,.F.);
#6380=ORIENTED_EDGE('',*,*,#9960,.F.);
#6381=ORIENTED_EDGE('',*,*,#10166,.T.);
#6382=CARTESIAN_POINT('',(4.02,-1.2593649193145,1.9));
#6383=DIRECTION('',(-1.0,-1.23797123060244E-16,0.0));
#6384=DIRECTION('',(0.0,0.0,1.0));
#6385=SURFACE_STYLE_FILL_AREA(#10167);
#6386=ORIENTED_EDGE('',*,*,#10168,.F.);
#6387=ORIENTED_EDGE('',*,*,#10169,.F.);
#6388=ORIENTED_EDGE('',*,*,#10170,.F.);
#6389=ORIENTED_EDGE('',*,*,#10171,.F.);
#6390=ORIENTED_EDGE('',*,*,#10172,.F.);
#6391=ORIENTED_EDGE('',*,*,#10173,.T.);
#6392=ORIENTED_EDGE('',*,*,#10174,.F.);
#6393=ORIENTED_EDGE('',*,*,#10175,.F.);
#6394=ORIENTED_EDGE('',*,*,#9961,.F.);
#6395=ORIENTED_EDGE('',*,*,#10165,.T.);
#6396=ORIENTED_EDGE('',*,*,#10176,.F.);
#6397=ORIENTED_EDGE('',*,*,#10177,.F.);
#6398=ORIENTED_EDGE('',*,*,#10178,.F.);
#6399=ORIENTED_EDGE('',*,*,#10021,.T.);
#6400=ORIENTED_EDGE('',*,*,#10179,.F.);
#6401=ORIENTED_EDGE('',*,*,#10099,.F.);
#6402=CARTESIAN_POINT('',(0.0,0.0,1.9));
#6403=DIRECTION('',(0.0,0.0,-1.0));
#6404=DIRECTION('',(0.0,1.0,0.0));
#6405=SURFACE_STYLE_FILL_AREA(#10180);
#6406=ORIENTED_EDGE('',*,*,#10039,.T.);
#6407=ORIENTED_EDGE('',*,*,#10092,.T.);
#6408=ORIENTED_EDGE('',*,*,#10181,.F.);
#6409=ORIENTED_EDGE('',*,*,#10096,.T.);
#6410=ORIENTED_EDGE('',*,*,#10113,.F.);
#6411=ORIENTED_EDGE('',*,*,#10182,.T.);
#6412=ORIENTED_EDGE('',*,*,#10183,.T.);
#6413=CARTESIAN_POINT('',(18.42,9.4,2.075));
#6414=DIRECTION('',(0.0,-1.0,0.0));
#6415=DIRECTION('',(1.0,0.0,0.0));
#6416=SURFACE_STYLE_FILL_AREA(#10184);
#6417=ORIENTED_EDGE('',*,*,#10185,.T.);
#6418=ORIENTED_EDGE('',*,*,#10007,.T.);
#6419=ORIENTED_EDGE('',*,*,#10186,.F.);
#6420=ORIENTED_EDGE('',*,*,#10026,.T.);
#6421=CARTESIAN_POINT('',(3.605,0.175000000000001,2.71));
#6422=DIRECTION('',(0.813733471206735,0.581238193719097,0.0));
#6423=DIRECTION('',(0.0,0.0,-1.0));
#6424=SURFACE_STYLE_FILL_AREA(#10187);
#6425=ORIENTED_EDGE('',*,*,#10188,.F.);
#6426=ORIENTED_EDGE('',*,*,#10189,.T.);
#6427=ORIENTED_EDGE('',*,*,#10190,.T.);
#6428=ORIENTED_EDGE('',*,*,#10191,.T.);
#6429=CARTESIAN_POINT('',(5.295,0.175000000000001,2.71));
#6430=DIRECTION('',(-0.813733471206735,0.581238193719097,0.0));
#6431=DIRECTION('',(-0.581238193719097,-0.813733471206735,0.0));
#6432=SURFACE_STYLE_FILL_AREA(#10192);
#6433=ORIENTED_EDGE('',*,*,#10193,.F.);
#6434=ORIENTED_EDGE('',*,*,#10194,.T.);
#6435=ORIENTED_EDGE('',*,*,#10195,.T.);
#6436=ORIENTED_EDGE('',*,*,#10196,.F.);
#6437=ORIENTED_EDGE('',*,*,#10197,.F.);
#6438=ORIENTED_EDGE('',*,*,#10097,.F.);
#6439=ORIENTED_EDGE('',*,*,#10181,.T.);
#6440=ORIENTED_EDGE('',*,*,#10091,.T.);
#6441=CARTESIAN_POINT('',(0.0,0.0,3.7));
#6442=DIRECTION('',(0.0,0.0,-1.0));
#6443=DIRECTION('',(0.0,1.0,0.0));
#6444=SURFACE_STYLE_FILL_AREA(#10198);
#6445=ORIENTED_EDGE('',*,*,#10199,.F.);
#6446=ORIENTED_EDGE('',*,*,#10200,.T.);
#6447=ORIENTED_EDGE('',*,*,#10041,.T.);
#6448=ORIENTED_EDGE('',*,*,#10201,.F.);
#6449=ORIENTED_EDGE('',*,*,#10109,.F.);
#6450=ORIENTED_EDGE('',*,*,#10202,.T.);
#6451=ORIENTED_EDGE('',*,*,#9863,.T.);
#6452=ORIENTED_EDGE('',*,*,#9856,.T.);
#6453=CARTESIAN_POINT('',(1.23,8.395,-0.825));
#6454=DIRECTION('',(3.5258607235301E-16,-1.0,0.0));
#6455=DIRECTION('',(1.0,3.5258607235301E-16,0.0));
#6456=SURFACE_STYLE_FILL_AREA(#10203);
#6457=ORIENTED_EDGE('',*,*,#10200,.F.);
#6458=ORIENTED_EDGE('',*,*,#10204,.F.);
#6459=ORIENTED_EDGE('',*,*,#9878,.F.);
#6460=ORIENTED_EDGE('',*,*,#10042,.F.);
#6461=CARTESIAN_POINT('',(0.0,0.0,3.0));
#6462=DIRECTION('',(0.0,0.0,1.0));
#6463=DIRECTION('',(1.0,0.0,0.0));
#6464=SURFACE_STYLE_FILL_AREA(#10205);
#6465=ORIENTED_EDGE('',*,*,#9879,.T.);
#6466=ORIENTED_EDGE('',*,*,#10204,.T.);
#6467=ORIENTED_EDGE('',*,*,#10199,.T.);
#6468=ORIENTED_EDGE('',*,*,#9855,.F.);
#6469=CARTESIAN_POINT('',(1.17,7.2,3.37038055098077));
#6470=DIRECTION('',(1.0,0.0,-0.0));
#6471=DIRECTION('',(0.0,0.0,1.0));
#6472=SURFACE_STYLE_FILL_AREA(#10206);
#6473=ORIENTED_EDGE('',*,*,#10207,.T.);
#6474=ORIENTED_EDGE('',*,*,#10064,.T.);
#6475=ORIENTED_EDGE('',*,*,#10208,.F.);
#6476=CARTESIAN_POINT('',(3.179,5.63301247729699,0.49999980660225));
#6477=DIRECTION('',(0.0,0.0,-1.0));
#6478=DIRECTION('',(0.0,1.0,0.0));
#6479=SURFACE_STYLE_FILL_AREA(#10209);
#6480=ORIENTED_EDGE('',*,*,#10048,.T.);
#6481=ORIENTED_EDGE('',*,*,#9875,.T.);
#6482=ORIENTED_EDGE('',*,*,#10186,.T.);
#6483=ORIENTED_EDGE('',*,*,#10035,.F.);
#6484=CARTESIAN_POINT('',(3.48,9.4,2.91));
#6485=DIRECTION('',(1.0,0.0,-0.0));
#6486=DIRECTION('',(0.0,0.0,1.0));
#6487=SURFACE_STYLE_FILL_AREA(#10210);
#6488=ORIENTED_EDGE('',*,*,#10107,.T.);
#6489=ORIENTED_EDGE('',*,*,#10017,.T.);
#6490=ORIENTED_EDGE('',*,*,#9969,.T.);
#6491=ORIENTED_EDGE('',*,*,#10211,.T.);
#6492=ORIENTED_EDGE('',*,*,#10043,.F.);
#6493=ORIENTED_EDGE('',*,*,#9882,.T.);
#6494=CARTESIAN_POINT('',(18.42,9.4,0.5));
#6495=DIRECTION('',(0.0,0.0,1.0));
#6496=DIRECTION('',(1.0,0.0,0.0));
#6497=SURFACE_STYLE_FILL_AREA(#10212);
#6498=ORIENTED_EDGE('',*,*,#10161,.T.);
#6499=ORIENTED_EDGE('',*,*,#10022,.T.);
#6500=ORIENTED_EDGE('',*,*,#10178,.T.);
#6501=ORIENTED_EDGE('',*,*,#10213,.T.);
#6502=ORIENTED_EDGE('',*,*,#9954,.F.);
#6503=ORIENTED_EDGE('',*,*,#10214,.F.);
#6504=ORIENTED_EDGE('',*,*,#10101,.F.);
#6505=ORIENTED_EDGE('',*,*,#10051,.F.);
#6506=CARTESIAN_POINT('',(18.42,0.449999999999999,2.075));
#6507=DIRECTION('',(0.0,-1.0,0.0));
#6508=DIRECTION('',(1.0,0.0,0.0));
#6509=SURFACE_STYLE_FILL_AREA(#10215);
#6510=ORIENTED_EDGE('',*,*,#10040,.F.);
#6511=ORIENTED_EDGE('',*,*,#10183,.F.);
#6512=ORIENTED_EDGE('',*,*,#10216,.T.);
#6513=ORIENTED_EDGE('',*,*,#10217,.T.);
#6514=ORIENTED_EDGE('',*,*,#10104,.T.);
#6515=ORIENTED_EDGE('',*,*,#10201,.T.);
#6516=CARTESIAN_POINT('',(18.42,9.4,0.5));
#6517=DIRECTION('',(0.0,0.0,1.0));
#6518=DIRECTION('',(1.0,0.0,0.0));
#6519=SURFACE_STYLE_FILL_AREA(#10218);
#6520=ORIENTED_EDGE('',*,*,#10112,.T.);
#6521=ORIENTED_EDGE('',*,*,#10219,.F.);
#6522=ORIENTED_EDGE('',*,*,#10216,.F.);
#6523=ORIENTED_EDGE('',*,*,#10182,.F.);
#6524=CARTESIAN_POINT('',(1.53,8.1,0.5));
#6525=DIRECTION('',(1.0,0.0,-0.0));
#6526=DIRECTION('',(0.0,0.0,1.0));
#6527=SURFACE_STYLE_FILL_AREA(#10220);
#6528=ORIENTED_EDGE('',*,*,#10111,.T.);
#6529=ORIENTED_EDGE('',*,*,#10105,.F.);
#6530=ORIENTED_EDGE('',*,*,#10217,.F.);
#6531=ORIENTED_EDGE('',*,*,#10219,.T.);
#6532=CARTESIAN_POINT('',(0.0,8.1,0.5));
#6533=DIRECTION('',(0.0,-1.0,0.0));
#6534=DIRECTION('',(1.0,0.0,0.0));
#6535=SURFACE_STYLE_FILL_AREA(#10221);
#6536=ORIENTED_EDGE('',*,*,#9864,.T.);
#6537=ORIENTED_EDGE('',*,*,#10202,.F.);
#6538=ORIENTED_EDGE('',*,*,#10108,.F.);
#6539=ORIENTED_EDGE('',*,*,#9880,.F.);
#6540=CARTESIAN_POINT('',(0.0,0.0,3.0));
#6541=DIRECTION('',(0.0,0.0,1.0));
#6542=DIRECTION('',(1.0,0.0,0.0));
#6543=SURFACE_STYLE_FILL_AREA(#10222);
#6544=ORIENTED_EDGE('',*,*,#10223,.T.);
#6545=ORIENTED_EDGE('',*,*,#10149,.T.);
#6546=ORIENTED_EDGE('',*,*,#10053,.F.);
#6547=ORIENTED_EDGE('',*,*,#10031,.T.);
#6548=CARTESIAN_POINT('',(2.755,0.175000000000001,1.44));
#6549=DIRECTION('',(-0.813733471206735,0.581238193719097,0.0));
#6550=DIRECTION('',(-0.581238193719097,-0.813733471206735,0.0));
#6551=SURFACE_STYLE_FILL_AREA(#10224);
#6552=ORIENTED_EDGE('',*,*,#10049,.T.);
#6553=ORIENTED_EDGE('',*,*,#10033,.F.);
#6554=ORIENTED_EDGE('',*,*,#9867,.T.);
#6555=ORIENTED_EDGE('',*,*,#9873,.F.);
#6556=CARTESIAN_POINT('',(2.88,9.4,2.91));
#6557=DIRECTION('',(-1.0,0.0,0.0));
#6558=DIRECTION('',(0.0,-1.0,0.0));
#6559=SURFACE_STYLE_FILL_AREA(#10225);
#6560=ORIENTED_EDGE('',*,*,#9983,.T.);
#6561=ORIENTED_EDGE('',*,*,#10055,.T.);
#6562=ORIENTED_EDGE('',*,*,#10060,.F.);
#6563=ORIENTED_EDGE('',*,*,#10226,.T.);
#6564=CARTESIAN_POINT('',(1.67,5.2,2.05));
#6565=DIRECTION('',(0.0,0.0,-1.0));
#6566=DIRECTION('',(0.0,1.0,0.0));
#6567=SURFACE_STYLE_FILL_AREA(#10227);
#6568=ORIENTED_EDGE('',*,*,#10228,.F.);
#6569=ORIENTED_EDGE('',*,*,#10065,.T.);
#6570=ORIENTED_EDGE('',*,*,#10207,.F.);
#6571=ORIENTED_EDGE('',*,*,#10229,.F.);
#6572=CARTESIAN_POINT('',(3.179,6.06602495459398,0.44999980660225));
#6573=DIRECTION('',(0.866025403784429,-0.500000000000017,0.0));
#6574=DIRECTION('',(0.0,0.0,-1.0));
#6575=SURFACE_STYLE_FILL_AREA(#10230);
#6576=ORIENTED_EDGE('',*,*,#9959,.F.);
#6577=ORIENTED_EDGE('',*,*,#10231,.F.);
#6578=ORIENTED_EDGE('',*,*,#10232,.T.);
#6579=ORIENTED_EDGE('',*,*,#10166,.F.);
#6580=CARTESIAN_POINT('',(4.88,-1.2593649193145,0.98));
#6581=DIRECTION('',(0.0,0.0,-1.0));
#6582=DIRECTION('',(0.0,1.0,0.0));
#6583=SURFACE_STYLE_FILL_AREA(#10233);
#6584=ORIENTED_EDGE('',*,*,#10083,.F.);
#6585=ORIENTED_EDGE('',*,*,#10234,.F.);
#6586=ORIENTED_EDGE('',*,*,#10235,.T.);
#6587=ORIENTED_EDGE('',*,*,#10236,.F.);
#6588=CARTESIAN_POINT('',(6.98,0.15,2.825));
#6589=DIRECTION('',(0.707106781186548,-0.707106781186548,0.0));
#6590=DIRECTION('',(0.0,0.0,-1.0));
#6591=SURFACE_STYLE_FILL_AREA(#10237);
#6592=ORIENTED_EDGE('',*,*,#10238,.T.);
#6593=ORIENTED_EDGE('',*,*,#10162,.F.);
#6594=ORIENTED_EDGE('',*,*,#10213,.F.);
#6595=ORIENTED_EDGE('',*,*,#10177,.T.);
#6596=CARTESIAN_POINT('',(3.61,-1.2593649193145,1.9));
#6597=DIRECTION('',(1.0,1.23797123060244E-16,0.0));
#6598=DIRECTION('',(-1.23797123060244E-16,1.0,0.0));
#6599=SURFACE_STYLE_FILL_AREA(#10239);
#6600=ORIENTED_EDGE('',*,*,#10214,.T.);
#6601=ORIENTED_EDGE('',*,*,#9957,.F.);
#6602=ORIENTED_EDGE('',*,*,#10240,.T.);
#6603=ORIENTED_EDGE('',*,*,#10102,.F.);
#6604=CARTESIAN_POINT('',(3.48,9.4,1.24));
#6605=DIRECTION('',(1.0,0.0,-0.0));
#6606=DIRECTION('',(0.0,0.0,1.0));
#6607=SURFACE_STYLE_FILL_AREA(#10241);
#6608=ORIENTED_EDGE('',*,*,#10242,.T.);
#6609=ORIENTED_EDGE('',*,*,#10029,.T.);
#6610=ORIENTED_EDGE('',*,*,#10240,.F.);
#6611=ORIENTED_EDGE('',*,*,#10151,.T.);
#6612=CARTESIAN_POINT('',(3.605,0.175000000000001,1.44));
#6613=DIRECTION('',(0.813733471206735,0.581238193719097,0.0));
#6614=DIRECTION('',(0.0,0.0,-1.0));
#6615=SURFACE_STYLE_FILL_AREA(#10243);
#6616=ORIENTED_EDGE('',*,*,#10244,.F.);
#6617=ORIENTED_EDGE('',*,*,#10245,.F.);
#6618=ORIENTED_EDGE('',*,*,#10246,.F.);
#6619=ORIENTED_EDGE('',*,*,#10247,.F.);
#6620=CARTESIAN_POINT('',(6.43,0.0,2.075));
#6621=DIRECTION('',(-0.707106781186548,0.707106781186548,0.0));
#6622=DIRECTION('',(-0.707106781186548,-0.707106781186548,0.0));
#6623=SURFACE_STYLE_FILL_AREA(#10248);
#6624=ORIENTED_EDGE('',*,*,#10249,.F.);
#6625=ORIENTED_EDGE('',*,*,#10250,.T.);
#6626=ORIENTED_EDGE('',*,*,#10251,.F.);
#6627=ORIENTED_EDGE('',*,*,#10252,.T.);
#6628=CARTESIAN_POINT('',(6.145,0.175000000000001,1.44));
#6629=DIRECTION('',(0.813733471206735,0.581238193719097,0.0));
#6630=DIRECTION('',(0.0,0.0,-1.0));
#6631=SURFACE_STYLE_FILL_AREA(#10253);
#6632=ORIENTED_EDGE('',*,*,#10069,.T.);
#6633=ORIENTED_EDGE('',*,*,#9887,.F.);
#6634=ORIENTED_EDGE('',*,*,#10254,.T.);
#6635=ORIENTED_EDGE('',*,*,#10255,.T.);
#6636=CARTESIAN_POINT('',(3.61,-1.2593649193145,3.17));
#6637=DIRECTION('',(0.0,0.0,1.0));
#6638=DIRECTION('',(1.0,0.0,0.0));
#6639=SURFACE_STYLE_FILL_AREA(#10256);
#6640=ORIENTED_EDGE('',*,*,#10156,.F.);
#6641=ORIENTED_EDGE('',*,*,#10257,.F.);
#6642=ORIENTED_EDGE('',*,*,#10258,.T.);
#6643=ORIENTED_EDGE('',*,*,#10259,.F.);
#6644=CARTESIAN_POINT('',(4.45,0.175000000000001,1.79));
#6645=DIRECTION('',(0.0,0.650791373455969,0.759256602365296));
#6646=DIRECTION('',(-1.0,0.0,0.0));
#6647=SURFACE_STYLE_FILL_AREA(#10260);
#6648=ORIENTED_EDGE('',*,*,#10254,.F.);
#6649=ORIENTED_EDGE('',*,*,#10013,.F.);
#6650=ORIENTED_EDGE('',*,*,#10047,.F.);
#6651=ORIENTED_EDGE('',*,*,#10080,.T.);
#6652=CARTESIAN_POINT('',(3.61,-1.2593649193145,3.17));
#6653=DIRECTION('',(0.0,0.0,1.0));
#6654=DIRECTION('',(1.0,0.0,0.0));
#6655=SURFACE_STYLE_FILL_AREA(#10261);
#6656=ORIENTED_EDGE('',*,*,#10262,.T.);
#6657=ORIENTED_EDGE('',*,*,#10073,.T.);
#6658=ORIENTED_EDGE('',*,*,#10263,.T.);
#6659=ORIENTED_EDGE('',*,*,#10264,.F.);
#6660=CARTESIAN_POINT('',(4.88,-1.2593649193145,3.17));
#6661=DIRECTION('',(0.0,0.0,1.0));
#6662=DIRECTION('',(1.0,0.0,0.0));
#6663=SURFACE_STYLE_FILL_AREA(#10265);
#6664=ORIENTED_EDGE('',*,*,#10266,.F.);
#6665=ORIENTED_EDGE('',*,*,#10267,.F.);
#6666=ORIENTED_EDGE('',*,*,#10268,.T.);
#6667=ORIENTED_EDGE('',*,*,#10189,.F.);
#6668=CARTESIAN_POINT('',(5.72,0.175000000000001,3.06));
#6669=DIRECTION('',(0.0,0.650791373455969,0.759256602365296));
#6670=DIRECTION('',(-1.0,0.0,0.0));
#6671=SURFACE_STYLE_FILL_AREA(#10269);
#6672=ORIENTED_EDGE('',*,*,#9966,.T.);
#6673=ORIENTED_EDGE('',*,*,#10157,.F.);
#6674=ORIENTED_EDGE('',*,*,#10270,.T.);
#6675=ORIENTED_EDGE('',*,*,#10271,.T.);
#6676=CARTESIAN_POINT('',(4.15,9.4,1.24));
#6677=DIRECTION('',(-1.0,0.0,0.0));
#6678=DIRECTION('',(0.0,-1.0,0.0));
#6679=SURFACE_STYLE_FILL_AREA(#10272);
#6680=ORIENTED_EDGE('',*,*,#10273,.T.);
#6681=ORIENTED_EDGE('',*,*,#10274,.T.);
#6682=ORIENTED_EDGE('',*,*,#10270,.F.);
#6683=ORIENTED_EDGE('',*,*,#10259,.T.);
#6684=CARTESIAN_POINT('',(4.025,0.175000000000001,1.44));
#6685=DIRECTION('',(-0.813733471206735,0.581238193719097,0.0));
#6686=DIRECTION('',(-0.581238193719097,-0.813733471206735,0.0));
#6687=SURFACE_STYLE_FILL_AREA(#10275);
#6688=ORIENTED_EDGE('',*,*,#10276,.T.);
#6689=ORIENTED_EDGE('',*,*,#10245,.T.);
#6690=ORIENTED_EDGE('',*,*,#10277,.F.);
#6691=ORIENTED_EDGE('',*,*,#10278,.T.);
#6692=CARTESIAN_POINT('',(6.73,5.2,0.55));
#6693=DIRECTION('',(1.0,0.0,-0.0));
#6694=DIRECTION('',(0.0,0.0,1.0));
#6695=SURFACE_STYLE_FILL_AREA(#10279);
#6696=ORIENTED_EDGE('',*,*,#9964,.T.);
#6697=ORIENTED_EDGE('',*,*,#10280,.F.);
#6698=ORIENTED_EDGE('',*,*,#10281,.T.);
#6699=ORIENTED_EDGE('',*,*,#10155,.F.);
#6700=CARTESIAN_POINT('',(4.75,9.4,1.24));
#6701=DIRECTION('',(1.0,0.0,-0.0));
#6702=DIRECTION('',(0.0,0.0,1.0));
#6703=SURFACE_STYLE_FILL_AREA(#10282);
#6704=ORIENTED_EDGE('',*,*,#10234,.T.);
#6705=ORIENTED_EDGE('',*,*,#10283,.F.);
#6706=ORIENTED_EDGE('',*,*,#9861,.T.);
#6707=ORIENTED_EDGE('',*,*,#10284,.F.);
#6708=CARTESIAN_POINT('',(-9.52,0.0,3.29999999999999));
#6709=DIRECTION('',(-0.0,0.707106781186548,-0.707106781186548));
#6710=DIRECTION('',(0.0,-0.707106781186548,-0.707106781186548));
#6711=SURFACE_STYLE_FILL_AREA(#10285);
#6712=ORIENTED_EDGE('',*,*,#10286,.T.);
#6713=ORIENTED_EDGE('',*,*,#10287,.F.);
#6714=ORIENTED_EDGE('',*,*,#10288,.T.);
#6715=ORIENTED_EDGE('',*,*,#10289,.F.);
#6716=CARTESIAN_POINT('',(4.15,9.4,2.91));
#6717=DIRECTION('',(-1.0,0.0,0.0));
#6718=DIRECTION('',(0.0,-1.0,0.0));
#6719=SURFACE_STYLE_FILL_AREA(#10290);
#6720=ORIENTED_EDGE('',*,*,#10288,.F.);
#6721=ORIENTED_EDGE('',*,*,#10291,.T.);
#6722=ORIENTED_EDGE('',*,*,#10292,.T.);
#6723=ORIENTED_EDGE('',*,*,#10293,.T.);
#6724=CARTESIAN_POINT('',(4.025,0.175000000000001,2.71));
#6725=DIRECTION('',(-0.813733471206735,0.581238193719097,0.0));
#6726=DIRECTION('',(-0.581238193719097,-0.813733471206735,0.0));
#6727=SURFACE_STYLE_FILL_AREA(#10294);
#6728=ORIENTED_EDGE('',*,*,#10244,.T.);
#6729=ORIENTED_EDGE('',*,*,#10295,.F.);
#6730=ORIENTED_EDGE('',*,*,#9990,.F.);
#6731=ORIENTED_EDGE('',*,*,#10296,.F.);
#6732=CARTESIAN_POINT('',(-9.52,0.0,0.85000000000001));
#6733=DIRECTION('',(0.0,0.707106781186548,0.707106781186548));
#6734=DIRECTION('',(-1.0,0.0,0.0));
#6735=SURFACE_STYLE_FILL_AREA(#10297);
#6736=ORIENTED_EDGE('',*,*,#10298,.F.);
#6737=ORIENTED_EDGE('',*,*,#10299,.F.);
#6738=ORIENTED_EDGE('',*,*,#10072,.F.);
#6739=ORIENTED_EDGE('',*,*,#10071,.F.);
#6740=ORIENTED_EDGE('',*,*,#10074,.F.);
#6741=ORIENTED_EDGE('',*,*,#10300,.F.);
#6742=ORIENTED_EDGE('',*,*,#10301,.F.);
#6743=ORIENTED_EDGE('',*,*,#10302,.T.);
#6744=CARTESIAN_POINT('',(4.02,-1.2593649193145,3.17));
#6745=DIRECTION('',(-1.0,-1.23797123060244E-16,0.0));
#6746=DIRECTION('',(0.0,0.0,1.0));
#6747=SURFACE_STYLE_FILL_AREA(#10303);
#6748=ORIENTED_EDGE('',*,*,#10283,.T.);
#6749=ORIENTED_EDGE('',*,*,#10086,.F.);
#6750=ORIENTED_EDGE('',*,*,#10304,.T.);
#6751=ORIENTED_EDGE('',*,*,#10058,.T.);
#6752=ORIENTED_EDGE('',*,*,#10305,.F.);
#6753=ORIENTED_EDGE('',*,*,#10306,.F.);
#6754=ORIENTED_EDGE('',*,*,#10307,.F.);
#6755=ORIENTED_EDGE('',*,*,#10308,.F.);
#6756=CARTESIAN_POINT('',(7.23,5.2,3.6));
#6757=DIRECTION('',(0.0,0.0,1.0));
#6758=DIRECTION('',(1.0,0.0,0.0));
#6759=SURFACE_STYLE_FILL_AREA(#10309);
#6760=ORIENTED_EDGE('',*,*,#10084,.T.);
#6761=ORIENTED_EDGE('',*,*,#10310,.T.);
#6762=ORIENTED_EDGE('',*,*,#10276,.F.);
#6763=ORIENTED_EDGE('',*,*,#10311,.T.);
#6764=CARTESIAN_POINT('',(6.73,5.2,2.05));
#6765=DIRECTION('',(0.0,0.0,-1.0));
#6766=DIRECTION('',(0.0,1.0,0.0));
#6767=SURFACE_STYLE_FILL_AREA(#10312);
#6768=ORIENTED_EDGE('',*,*,#10313,.F.);
#6769=ORIENTED_EDGE('',*,*,#10314,.T.);
#6770=ORIENTED_EDGE('',*,*,#10315,.F.);
#6771=ORIENTED_EDGE('',*,*,#10251,.T.);
#6772=CARTESIAN_POINT('',(6.02,9.4,1.24));
#6773=DIRECTION('',(1.0,0.0,-0.0));
#6774=DIRECTION('',(0.0,0.0,1.0));
#6775=SURFACE_STYLE_FILL_AREA(#10316);
#6776=ORIENTED_EDGE('',*,*,#10317,.F.);
#6777=ORIENTED_EDGE('',*,*,#10246,.T.);
#6778=ORIENTED_EDGE('',*,*,#10310,.F.);
#6779=ORIENTED_EDGE('',*,*,#10236,.T.);
#6780=CARTESIAN_POINT('',(-9.52,0.0,2.35));
#6781=DIRECTION('',(0.0,0.707106781186548,0.707106781186548));
#6782=DIRECTION('',(-1.0,0.0,0.0));
#6783=SURFACE_STYLE_FILL_AREA(#10318);
#6784=ORIENTED_EDGE('',*,*,#10078,.T.);
#6785=ORIENTED_EDGE('',*,*,#10077,.T.);
#6786=ORIENTED_EDGE('',*,*,#10255,.F.);
#6787=ORIENTED_EDGE('',*,*,#10079,.T.);
#6788=CARTESIAN_POINT('',(2.75,-1.2593649193145,3.17));
#6789=DIRECTION('',(-1.0,-1.23797123060244E-16,0.0));
#6790=DIRECTION('',(0.0,0.0,1.0));
#6791=SURFACE_STYLE_FILL_AREA(#10319);
#6792=ORIENTED_EDGE('',*,*,#10168,.T.);
#6793=ORIENTED_EDGE('',*,*,#10098,.T.);
#6794=ORIENTED_EDGE('',*,*,#10197,.T.);
#6795=ORIENTED_EDGE('',*,*,#10320,.F.);
#6796=ORIENTED_EDGE('',*,*,#10068,.T.);
#6797=ORIENTED_EDGE('',*,*,#10076,.T.);
#6798=ORIENTED_EDGE('',*,*,#10088,.T.);
#6799=ORIENTED_EDGE('',*,*,#10010,.F.);
#6800=ORIENTED_EDGE('',*,*,#10321,.T.);
#6801=ORIENTED_EDGE('',*,*,#10322,.T.);
#6802=ORIENTED_EDGE('',*,*,#9996,.T.);
#6803=ORIENTED_EDGE('',*,*,#10323,.F.);
#6804=ORIENTED_EDGE('',*,*,#10324,.T.);
#6805=ORIENTED_EDGE('',*,*,#10325,.F.);
#6806=ORIENTED_EDGE('',*,*,#10326,.T.);
#6807=ORIENTED_EDGE('',*,*,#10298,.T.);
#6808=CARTESIAN_POINT('',(-15.95,8.8,-0.825));
#6809=DIRECTION('',(1.20902593074032E-16,-1.0,0.0));
#6810=DIRECTION('',(1.0,1.20902593074032E-16,0.0));
#6811=SURFACE_STYLE_FILL_AREA(#10327);
#6812=ORIENTED_EDGE('',*,*,#10328,.T.);
#6813=ORIENTED_EDGE('',*,*,#10329,.F.);
#6814=ORIENTED_EDGE('',*,*,#10188,.T.);
#6815=ORIENTED_EDGE('',*,*,#10330,.F.);
#6816=CARTESIAN_POINT('',(5.42,9.4,2.91));
#6817=DIRECTION('',(-1.0,0.0,0.0));
#6818=DIRECTION('',(0.0,-1.0,0.0));
#6819=SURFACE_STYLE_FILL_AREA(#10331);
#6820=ORIENTED_EDGE('',*,*,#10277,.T.);
#6821=ORIENTED_EDGE('',*,*,#10296,.T.);
#6822=ORIENTED_EDGE('',*,*,#9978,.F.);
#6823=ORIENTED_EDGE('',*,*,#10332,.T.);
#6824=CARTESIAN_POINT('',(-25.77,5.2,0.55));
#6825=DIRECTION('',(0.0,0.0,-1.0));
#6826=DIRECTION('',(0.0,1.0,0.0));
#6827=SURFACE_STYLE_FILL_AREA(#10333);
#6828=ORIENTED_EDGE('',*,*,#10334,.T.);
#6829=ORIENTED_EDGE('',*,*,#10335,.T.);
#6830=ORIENTED_EDGE('',*,*,#10336,.T.);
#6831=ORIENTED_EDGE('',*,*,#10337,.F.);
#6832=ORIENTED_EDGE('',*,*,#10338,.F.);
#6833=ORIENTED_EDGE('',*,*,#10339,.F.);
#6834=ORIENTED_EDGE('',*,*,#10340,.T.);
#6835=ORIENTED_EDGE('',*,*,#10193,.T.);
#6836=ORIENTED_EDGE('',*,*,#10090,.T.);
#6837=ORIENTED_EDGE('',*,*,#10037,.F.);
#6838=ORIENTED_EDGE('',*,*,#10211,.F.);
#6839=ORIENTED_EDGE('',*,*,#9968,.F.);
#6840=ORIENTED_EDGE('',*,*,#10116,.T.);
#6841=ORIENTED_EDGE('',*,*,#10147,.F.);
#6842=ORIENTED_EDGE('',*,*,#10341,.T.);
#6843=ORIENTED_EDGE('',*,*,#10229,.T.);
#6844=ORIENTED_EDGE('',*,*,#10208,.T.);
#6845=ORIENTED_EDGE('',*,*,#10063,.T.);
#6846=ORIENTED_EDGE('',*,*,#9950,.T.);
#6847=ORIENTED_EDGE('',*,*,#9889,.T.);
#6848=ORIENTED_EDGE('',*,*,#9894,.T.);
#6849=ORIENTED_EDGE('',*,*,#9898,.T.);
#6850=ORIENTED_EDGE('',*,*,#9902,.T.);
#6851=ORIENTED_EDGE('',*,*,#9906,.T.);
#6852=ORIENTED_EDGE('',*,*,#9910,.T.);
#6853=ORIENTED_EDGE('',*,*,#9914,.T.);
#6854=ORIENTED_EDGE('',*,*,#9918,.T.);
#6855=ORIENTED_EDGE('',*,*,#9922,.T.);
#6856=ORIENTED_EDGE('',*,*,#9926,.T.);
#6857=ORIENTED_EDGE('',*,*,#9930,.T.);
#6858=ORIENTED_EDGE('',*,*,#9934,.T.);
#6859=ORIENTED_EDGE('',*,*,#9938,.T.);
#6860=ORIENTED_EDGE('',*,*,#9942,.T.);
#6861=ORIENTED_EDGE('',*,*,#9946,.T.);
#6862=ORIENTED_EDGE('',*,*,#10332,.F.);
#6863=ORIENTED_EDGE('',*,*,#9984,.F.);
#6864=ORIENTED_EDGE('',*,*,#10226,.F.);
#6865=ORIENTED_EDGE('',*,*,#10059,.F.);
#6866=ORIENTED_EDGE('',*,*,#10304,.F.);
#6867=ORIENTED_EDGE('',*,*,#10085,.F.);
#6868=ORIENTED_EDGE('',*,*,#10311,.F.);
#6869=ORIENTED_EDGE('',*,*,#10278,.F.);
#6870=CARTESIAN_POINT('',(-5.71,5.2,2.075));
#6871=DIRECTION('',(0.0,-1.0,0.0));
#6872=DIRECTION('',(1.0,0.0,0.0));
#6873=SURFACE_STYLE_FILL_AREA(#10342);
#6874=ORIENTED_EDGE('',*,*,#10343,.T.);
#6875=ORIENTED_EDGE('',*,*,#10231,.T.);
#6876=ORIENTED_EDGE('',*,*,#9962,.F.);
#6877=ORIENTED_EDGE('',*,*,#10175,.T.);
#6878=CARTESIAN_POINT('',(4.88,-1.2593649193145,1.9));
#6879=DIRECTION('',(1.0,1.23797123060244E-16,0.0));
#6880=DIRECTION('',(-1.23797123060244E-16,1.0,0.0));
#6881=SURFACE_STYLE_FILL_AREA(#10344);
#6882=ORIENTED_EDGE('',*,*,#10323,.T.);
#6883=ORIENTED_EDGE('',*,*,#9999,.T.);
#6884=ORIENTED_EDGE('',*,*,#10345,.F.);
#6885=ORIENTED_EDGE('',*,*,#10346,.T.);
#6886=ORIENTED_EDGE('',*,*,#10347,.F.);
#6887=ORIENTED_EDGE('',*,*,#10348,.F.);
#6888=ORIENTED_EDGE('',*,*,#10349,.F.);
#6889=ORIENTED_EDGE('',*,*,#10350,.T.);
#6890=CARTESIAN_POINT('',(6.15,-1.2593649193145,3.17));
#6891=DIRECTION('',(1.0,1.23797123060244E-16,0.0));
#6892=DIRECTION('',(-1.23797123060244E-16,1.0,0.0));
#6893=SURFACE_STYLE_FILL_AREA(#10351);
#6894=ORIENTED_EDGE('',*,*,#10322,.F.);
#6895=ORIENTED_EDGE('',*,*,#10352,.F.);
#6896=ORIENTED_EDGE('',*,*,#10353,.F.);
#6897=ORIENTED_EDGE('',*,*,#10354,.F.);
#6898=ORIENTED_EDGE('',*,*,#10355,.F.);
#6899=ORIENTED_EDGE('',*,*,#10356,.F.);
#6900=ORIENTED_EDGE('',*,*,#10357,.F.);
#6901=ORIENTED_EDGE('',*,*,#9997,.T.);
#6902=CARTESIAN_POINT('',(5.29,-1.2593649193145,3.17));
#6903=DIRECTION('',(-1.0,-1.23797123060244E-16,0.0));
#6904=DIRECTION('',(0.0,0.0,1.0));
#6905=SURFACE_STYLE_FILL_AREA(#10358);
#6906=ORIENTED_EDGE('',*,*,#10321,.F.);
#6907=ORIENTED_EDGE('',*,*,#10350,.F.);
#6908=ORIENTED_EDGE('',*,*,#10359,.F.);
#6909=ORIENTED_EDGE('',*,*,#10352,.T.);
#6910=CARTESIAN_POINT('',(6.15,-1.2593649193145,3.17));
#6911=DIRECTION('',(0.0,0.0,1.0));
#6912=DIRECTION('',(1.0,0.0,0.0));
#6913=SURFACE_STYLE_FILL_AREA(#10360);
#6914=ORIENTED_EDGE('',*,*,#10361,.T.);
#6915=ORIENTED_EDGE('',*,*,#10345,.T.);
#6916=ORIENTED_EDGE('',*,*,#9998,.T.);
#6917=ORIENTED_EDGE('',*,*,#10357,.T.);
#6918=ORIENTED_EDGE('',*,*,#10362,.F.);
#6919=ORIENTED_EDGE('',*,*,#10328,.F.);
#6920=ORIENTED_EDGE('',*,*,#10363,.F.);
#6921=ORIENTED_EDGE('',*,*,#9976,.F.);
#6922=CARTESIAN_POINT('',(20.96,0.449999999999999,2.075));
#6923=DIRECTION('',(0.0,-1.0,0.0));
#6924=DIRECTION('',(1.0,0.0,0.0));
#6925=SURFACE_STYLE_FILL_AREA(#10364);
#6926=ORIENTED_EDGE('',*,*,#10266,.T.);
#6927=ORIENTED_EDGE('',*,*,#10329,.T.);
#6928=ORIENTED_EDGE('',*,*,#10362,.T.);
#6929=ORIENTED_EDGE('',*,*,#9975,.T.);
#6930=CARTESIAN_POINT('',(5.42,9.4,2.91));
#6931=DIRECTION('',(0.0,0.0,1.0));
#6932=DIRECTION('',(1.0,0.0,0.0));
#6933=SURFACE_STYLE_FILL_AREA(#10365);
#6934=ORIENTED_EDGE('',*,*,#10366,.T.);
#6935=ORIENTED_EDGE('',*,*,#10267,.T.);
#6936=ORIENTED_EDGE('',*,*,#9974,.T.);
#6937=ORIENTED_EDGE('',*,*,#10367,.F.);
#6938=CARTESIAN_POINT('',(6.145,0.175000000000001,2.71));
#6939=DIRECTION('',(0.813733471206735,0.581238193719097,0.0));
#6940=DIRECTION('',(0.0,0.0,-1.0));
#6941=SURFACE_STYLE_FILL_AREA(#10368);
#6942=ORIENTED_EDGE('',*,*,#10369,.F.);
#6943=ORIENTED_EDGE('',*,*,#10191,.F.);
#6944=ORIENTED_EDGE('',*,*,#10370,.T.);
#6945=ORIENTED_EDGE('',*,*,#10367,.T.);
#6946=CARTESIAN_POINT('',(5.72,0.175000000000001,2.36));
#6947=DIRECTION('',(0.0,0.650791373455969,-0.759256602365296));
#6948=DIRECTION('',(0.0,0.759256602365296,0.650791373455969));
#6949=SURFACE_STYLE_FILL_AREA(#10371);
#6950=ORIENTED_EDGE('',*,*,#10363,.T.);
#6951=ORIENTED_EDGE('',*,*,#10330,.T.);
#6952=ORIENTED_EDGE('',*,*,#10369,.T.);
#6953=ORIENTED_EDGE('',*,*,#9973,.F.);
#6954=CARTESIAN_POINT('',(5.42,9.4,2.51));
#6955=DIRECTION('',(0.0,0.0,-1.0));
#6956=DIRECTION('',(0.0,1.0,0.0));
#6957=SURFACE_STYLE_FILL_AREA(#10372);
#6958=ORIENTED_EDGE('',*,*,#10284,.T.);
#6959=ORIENTED_EDGE('',*,*,#9860,.F.);
#6960=ORIENTED_EDGE('',*,*,#10056,.T.);
#6961=ORIENTED_EDGE('',*,*,#9991,.T.);
#6962=ORIENTED_EDGE('',*,*,#10295,.T.);
#6963=ORIENTED_EDGE('',*,*,#10247,.T.);
#6964=ORIENTED_EDGE('',*,*,#10317,.T.);
#6965=ORIENTED_EDGE('',*,*,#10235,.F.);
#6966=ORIENTED_EDGE('',*,*,#10373,.F.);
#6967=ORIENTED_EDGE('',*,*,#10249,.T.);
#6968=ORIENTED_EDGE('',*,*,#10374,.F.);
#6969=ORIENTED_EDGE('',*,*,#10375,.F.);
#6970=ORIENTED_EDGE('',*,*,#10370,.F.);
#6971=ORIENTED_EDGE('',*,*,#10190,.F.);
#6972=ORIENTED_EDGE('',*,*,#10268,.F.);
#6973=ORIENTED_EDGE('',*,*,#10366,.F.);
#6974=ORIENTED_EDGE('',*,*,#10258,.F.);
#6975=ORIENTED_EDGE('',*,*,#10376,.F.);
#6976=ORIENTED_EDGE('',*,*,#10377,.F.);
#6977=ORIENTED_EDGE('',*,*,#10273,.F.);
#6978=ORIENTED_EDGE('',*,*,#10030,.F.);
#6979=ORIENTED_EDGE('',*,*,#10242,.F.);
#6980=ORIENTED_EDGE('',*,*,#10150,.F.);
#6981=ORIENTED_EDGE('',*,*,#10223,.F.);
#6982=ORIENTED_EDGE('',*,*,#10008,.F.);
#6983=ORIENTED_EDGE('',*,*,#10185,.F.);
#6984=ORIENTED_EDGE('',*,*,#10025,.F.);
#6985=ORIENTED_EDGE('',*,*,#9869,.F.);
#6986=ORIENTED_EDGE('',*,*,#10378,.F.);
#6987=ORIENTED_EDGE('',*,*,#10379,.F.);
#6988=ORIENTED_EDGE('',*,*,#10380,.F.);
#6989=ORIENTED_EDGE('',*,*,#10292,.F.);
#6990=CARTESIAN_POINT('',(-4.44,0.0,2.075));
#6991=DIRECTION('',(0.0,-1.0,0.0));
#6992=DIRECTION('',(1.0,0.0,0.0));
#6993=SURFACE_STYLE_FILL_AREA(#10381);
#6994=ORIENTED_EDGE('',*,*,#10382,.T.);
#6995=ORIENTED_EDGE('',*,*,#10383,.T.);
#6996=ORIENTED_EDGE('',*,*,#10384,.T.);
#6997=ORIENTED_EDGE('',*,*,#10313,.T.);
#6998=CARTESIAN_POINT('',(5.42,9.4,1.64));
#6999=DIRECTION('',(0.0,0.0,1.0));
#7000=DIRECTION('',(1.0,0.0,0.0));
#7001=SURFACE_STYLE_FILL_AREA(#10385);
#7002=ORIENTED_EDGE('',*,*,#10375,.T.);
#7003=ORIENTED_EDGE('',*,*,#10386,.T.);
#7004=ORIENTED_EDGE('',*,*,#10387,.F.);
#7005=ORIENTED_EDGE('',*,*,#10388,.T.);
#7006=CARTESIAN_POINT('',(5.295,0.175000000000001,1.44));
#7007=DIRECTION('',(-0.813733471206735,0.581238193719097,0.0));
#7008=DIRECTION('',(-0.581238193719097,-0.813733471206735,0.0));
#7009=SURFACE_STYLE_FILL_AREA(#10389);
#7010=ORIENTED_EDGE('',*,*,#10390,.T.);
#7011=ORIENTED_EDGE('',*,*,#10383,.F.);
#7012=ORIENTED_EDGE('',*,*,#10387,.T.);
#7013=ORIENTED_EDGE('',*,*,#10391,.T.);
#7014=CARTESIAN_POINT('',(5.42,9.4,1.24));
#7015=DIRECTION('',(-1.0,0.0,0.0));
#7016=DIRECTION('',(0.0,-1.0,0.0));
#7017=SURFACE_STYLE_FILL_AREA(#10392);
#7018=ORIENTED_EDGE('',*,*,#10382,.F.);
#7019=ORIENTED_EDGE('',*,*,#10250,.F.);
#7020=ORIENTED_EDGE('',*,*,#10373,.T.);
#7021=ORIENTED_EDGE('',*,*,#10388,.F.);
#7022=CARTESIAN_POINT('',(5.72,0.175000000000001,1.79));
#7023=DIRECTION('',(0.0,0.650791373455969,0.759256602365296));
#7024=DIRECTION('',(-1.0,0.0,0.0));
#7025=SURFACE_STYLE_FILL_AREA(#10393);
#7026=ORIENTED_EDGE('',*,*,#10394,.F.);
#7027=ORIENTED_EDGE('',*,*,#10386,.F.);
#7028=ORIENTED_EDGE('',*,*,#10374,.T.);
#7029=ORIENTED_EDGE('',*,*,#10252,.F.);
#7030=CARTESIAN_POINT('',(5.72,0.175000000000001,1.09));
#7031=DIRECTION('',(0.0,0.650791373455969,-0.759256602365296));
#7032=DIRECTION('',(0.0,0.759256602365296,0.650791373455969));
#7033=SURFACE_STYLE_FILL_AREA(#10395);
#7034=ORIENTED_EDGE('',*,*,#10396,.T.);
#7035=ORIENTED_EDGE('',*,*,#10391,.F.);
#7036=ORIENTED_EDGE('',*,*,#10394,.T.);
#7037=ORIENTED_EDGE('',*,*,#10315,.T.);
#7038=CARTESIAN_POINT('',(5.42,9.4,1.24));
#7039=DIRECTION('',(0.0,0.0,-1.0));
#7040=DIRECTION('',(0.0,1.0,0.0));
#7041=SURFACE_STYLE_FILL_AREA(#10397);
#7042=ORIENTED_EDGE('',*,*,#10004,.T.);
#7043=ORIENTED_EDGE('',*,*,#10398,.T.);
#7044=ORIENTED_EDGE('',*,*,#10172,.T.);
#7045=ORIENTED_EDGE('',*,*,#10399,.T.);
#7046=ORIENTED_EDGE('',*,*,#10396,.F.);
#7047=ORIENTED_EDGE('',*,*,#10314,.F.);
#7048=ORIENTED_EDGE('',*,*,#10384,.F.);
#7049=ORIENTED_EDGE('',*,*,#10390,.F.);
#7050=CARTESIAN_POINT('',(20.96,0.449999999999999,2.075));
#7051=DIRECTION('',(0.0,-1.0,0.0));
#7052=DIRECTION('',(1.0,0.0,0.0));
#7053=SURFACE_STYLE_FILL_AREA(#10400);
#7054=ORIENTED_EDGE('',*,*,#10401,.T.);
#7055=ORIENTED_EDGE('',*,*,#10173,.F.);
#7056=ORIENTED_EDGE('',*,*,#10398,.F.);
#7057=ORIENTED_EDGE('',*,*,#10003,.T.);
#7058=CARTESIAN_POINT('',(5.29,-1.2593649193145,1.9));
#7059=DIRECTION('',(-1.0,-1.23797123060244E-16,0.0));
#7060=DIRECTION('',(0.0,0.0,1.0));
#7061=SURFACE_STYLE_FILL_AREA(#10402);
#7062=ORIENTED_EDGE('',*,*,#10403,.F.);
#7063=ORIENTED_EDGE('',*,*,#10170,.T.);
#7064=ORIENTED_EDGE('',*,*,#10404,.T.);
#7065=ORIENTED_EDGE('',*,*,#10405,.T.);
#7066=ORIENTED_EDGE('',*,*,#10406,.F.);
#7067=ORIENTED_EDGE('',*,*,#10407,.T.);
#7068=ORIENTED_EDGE('',*,*,#10145,.F.);
#7069=ORIENTED_EDGE('',*,*,#10114,.T.);
#7070=ORIENTED_EDGE('',*,*,#10094,.T.);
#7071=ORIENTED_EDGE('',*,*,#10179,.T.);
#7072=ORIENTED_EDGE('',*,*,#10020,.F.);
#7073=ORIENTED_EDGE('',*,*,#10160,.F.);
#7074=ORIENTED_EDGE('',*,*,#10238,.F.);
#7075=ORIENTED_EDGE('',*,*,#10176,.T.);
#7076=ORIENTED_EDGE('',*,*,#10164,.F.);
#7077=ORIENTED_EDGE('',*,*,#10232,.F.);
#7078=ORIENTED_EDGE('',*,*,#10343,.F.);
#7079=ORIENTED_EDGE('',*,*,#10174,.T.);
#7080=ORIENTED_EDGE('',*,*,#10401,.F.);
#7081=ORIENTED_EDGE('',*,*,#10002,.F.);
#7082=CARTESIAN_POINT('',(-26.11,8.45,36.8818459402125));
#7083=DIRECTION('',(0.0,-1.0,0.0));
#7084=DIRECTION('',(1.0,0.0,0.0));
#7085=SURFACE_STYLE_FILL_AREA(#10408);
#7086=ORIENTED_EDGE('',*,*,#10403,.T.);
#7087=ORIENTED_EDGE('',*,*,#10001,.F.);
#7088=ORIENTED_EDGE('',*,*,#10399,.F.);
#7089=ORIENTED_EDGE('',*,*,#10171,.T.);
#7090=CARTESIAN_POINT('',(6.15,-1.2593649193145,1.9));
#7091=DIRECTION('',(1.0,1.23797123060244E-16,0.0));
#7092=DIRECTION('',(-1.23797123060244E-16,1.0,0.0));
#7093=SURFACE_STYLE_FILL_AREA(#10409);
#7094=ORIENTED_EDGE('',*,*,#10410,.F.);
#7095=ORIENTED_EDGE('',*,*,#10411,.F.);
#7096=ORIENTED_EDGE('',*,*,#10412,.F.);
#7097=ORIENTED_EDGE('',*,*,#10336,.F.);
#7098=ORIENTED_EDGE('',*,*,#10413,.F.);
#7099=ORIENTED_EDGE('',*,*,#10405,.F.);
#7100=ORIENTED_EDGE('',*,*,#10414,.T.);
#7101=ORIENTED_EDGE('',*,*,#10415,.T.);
#7102=ORIENTED_EDGE('',*,*,#10416,.F.);
#7103=ORIENTED_EDGE('',*,*,#10417,.F.);
#7104=ORIENTED_EDGE('',*,*,#10418,.F.);
#7105=ORIENTED_EDGE('',*,*,#10419,.F.);
#7106=CARTESIAN_POINT('',(-27.94,0.0,0.0));
#7107=DIRECTION('',(0.0,0.0,1.0));
#7108=DIRECTION('',(1.0,0.0,0.0));
#7109=SURFACE_STYLE_FILL_AREA(#10420);
#7110=ORIENTED_EDGE('',*,*,#10418,.T.);
#7111=ORIENTED_EDGE('',*,*,#10421,.F.);
#7112=ORIENTED_EDGE('',*,*,#10422,.T.);
#7113=ORIENTED_EDGE('',*,*,#10423,.T.);
#7114=ORIENTED_EDGE('',*,*,#10424,.T.);
#7115=CARTESIAN_POINT('',(7.93,7.2,-0.825));
#7116=DIRECTION('',(0.0,0.0,-1.0));
#7117=DIRECTION('',(0.0,-1.0,0.0));
#7118=SURFACE_STYLE_FILL_AREA(#10425);
#7119=ORIENTED_EDGE('',*,*,#10426,.F.);
#7120=ORIENTED_EDGE('',*,*,#10427,.F.);
#7121=ORIENTED_EDGE('',*,*,#10428,.F.);
#7122=ORIENTED_EDGE('',*,*,#10429,.T.);
#7123=ORIENTED_EDGE('',*,*,#10422,.F.);
#7124=CARTESIAN_POINT('',(7.93,7.2,-0.825));
#7125=DIRECTION('',(-0.0,-0.0,1.0));
#7126=DIRECTION('',(1.0,0.0,0.0));
#7127=SURFACE_STYLE_FILL_AREA(#10430);
#7128=ORIENTED_EDGE('',*,*,#10428,.T.);
#7129=ORIENTED_EDGE('',*,*,#10431,.T.);
#7130=CARTESIAN_POINT('',(7.93,7.2,-0.825));
#7131=DIRECTION('',(0.0,0.0,-1.0));
#7132=DIRECTION('',(0.0,1.0,0.0));
#7133=SURFACE_STYLE_FILL_AREA(#10432);
#7134=ORIENTED_EDGE('',*,*,#10404,.F.);
#7135=ORIENTED_EDGE('',*,*,#10169,.T.);
#7136=ORIENTED_EDGE('',*,*,#10320,.T.);
#7137=ORIENTED_EDGE('',*,*,#10196,.T.);
#7138=ORIENTED_EDGE('',*,*,#10433,.F.);
#7139=ORIENTED_EDGE('',*,*,#10414,.F.);
#7140=CARTESIAN_POINT('',(7.07,9.4,-0.825));
#7141=DIRECTION('',(1.0,5.78241158658936E-15,0.0));
#7142=DIRECTION('',(-5.78241158658936E-15,1.0,0.0));
#7143=SURFACE_STYLE_FILL_AREA(#10434);
#7144=ORIENTED_EDGE('',*,*,#10195,.F.);
#7145=ORIENTED_EDGE('',*,*,#10435,.T.);
#7146=ORIENTED_EDGE('',*,*,#10436,.T.);
#7147=ORIENTED_EDGE('',*,*,#10437,.T.);
#7148=ORIENTED_EDGE('',*,*,#10438,.T.);
#7149=ORIENTED_EDGE('',*,*,#10415,.F.);
#7150=ORIENTED_EDGE('',*,*,#10433,.T.);
#7151=CARTESIAN_POINT('',(-9.52,9.4,2.075));
#7152=DIRECTION('',(0.0,-1.0,0.0));
#7153=DIRECTION('',(1.0,0.0,0.0));
#7154=SURFACE_STYLE_FILL_AREA(#10439);
#7155=ORIENTED_EDGE('',*,*,#10436,.F.);
#7156=ORIENTED_EDGE('',*,*,#10440,.T.);
#7157=ORIENTED_EDGE('',*,*,#10339,.T.);
#7158=ORIENTED_EDGE('',*,*,#10441,.T.);
#7159=ORIENTED_EDGE('',*,*,#10442,.T.);
#7160=ORIENTED_EDGE('',*,*,#10443,.T.);
#7161=ORIENTED_EDGE('',*,*,#10444,.F.);
#7162=ORIENTED_EDGE('',*,*,#10445,.T.);
#7163=CARTESIAN_POINT('',(7.67,5.2,-0.825));
#7164=DIRECTION('',(-1.0,0.0,0.0));
#7165=DIRECTION('',(0.0,-1.0,0.0));
#7166=SURFACE_STYLE_FILL_AREA(#10446);
#7167=ORIENTED_EDGE('',*,*,#10435,.F.);
#7168=ORIENTED_EDGE('',*,*,#10194,.F.);
#7169=ORIENTED_EDGE('',*,*,#10340,.F.);
#7170=ORIENTED_EDGE('',*,*,#10440,.F.);
#7171=CARTESIAN_POINT('',(7.47,5.2,3.5));
#7172=DIRECTION('',(-0.0,1.0,0.0));
#7173=DIRECTION('',(1.0,0.0,0.0));
#7174=SURFACE_STYLE_FILL_AREA(#10447);
#7175=ORIENTED_EDGE('',*,*,#10441,.F.);
#7176=ORIENTED_EDGE('',*,*,#10338,.T.);
#7177=ORIENTED_EDGE('',*,*,#10448,.T.);
#7178=ORIENTED_EDGE('',*,*,#10449,.T.);
#7179=ORIENTED_EDGE('',*,*,#10450,.T.);
#7180=ORIENTED_EDGE('',*,*,#10451,.F.);
#7181=CARTESIAN_POINT('',(-9.52,9.4,0.5));
#7182=DIRECTION('',(0.0,0.0,1.0));
#7183=DIRECTION('',(1.0,0.0,0.0));
#7184=SURFACE_STYLE_FILL_AREA(#10452);
#7185=ORIENTED_EDGE('',*,*,#10411,.T.);
#7186=ORIENTED_EDGE('',*,*,#10453,.F.);
#7187=ORIENTED_EDGE('',*,*,#10449,.F.);
#7188=ORIENTED_EDGE('',*,*,#10454,.T.);
#7189=CARTESIAN_POINT('',(8.90000000000001,6.3,0.5));
#7190=DIRECTION('',(0.0,1.0,0.0));
#7191=DIRECTION('',(0.0,0.0,-1.0));
#7192=SURFACE_STYLE_FILL_AREA(#10455);
#7193=ORIENTED_EDGE('',*,*,#10337,.T.);
#7194=ORIENTED_EDGE('',*,*,#10412,.T.);
#7195=ORIENTED_EDGE('',*,*,#10454,.F.);
#7196=ORIENTED_EDGE('',*,*,#10448,.F.);
#7197=CARTESIAN_POINT('',(7.37,6.3,0.5));
#7198=DIRECTION('',(-1.0,0.0,0.0));
#7199=DIRECTION('',(0.0,-1.0,0.0));
#7200=SURFACE_STYLE_FILL_AREA(#10456);
#7201=ORIENTED_EDGE('',*,*,#10457,.T.);
#7202=ORIENTED_EDGE('',*,*,#10458,.F.);
#7203=ORIENTED_EDGE('',*,*,#10442,.F.);
#7204=ORIENTED_EDGE('',*,*,#10451,.T.);
#7205=ORIENTED_EDGE('',*,*,#10459,.T.);
#7206=ORIENTED_EDGE('',*,*,#10460,.T.);
#7207=ORIENTED_EDGE('',*,*,#10461,.F.);
#7208=ORIENTED_EDGE('',*,*,#10462,.F.);
#7209=CARTESIAN_POINT('',(8.90000000000001,6.005,-0.825));
#7210=DIRECTION('',(6.69913537470719E-15,1.0,0.0));
#7211=DIRECTION('',(0.0,0.0,-1.0));
#7212=SURFACE_STYLE_FILL_AREA(#10463);
#7213=ORIENTED_EDGE('',*,*,#10464,.T.);
#7214=ORIENTED_EDGE('',*,*,#10465,.T.);
#7215=ORIENTED_EDGE('',*,*,#10466,.T.);
#7216=ORIENTED_EDGE('',*,*,#10461,.T.);
#7217=CARTESIAN_POINT('',(8.13,7.20000065681814,3.37038055098076));
#7218=DIRECTION('',(-1.0,0.0,0.0));
#7219=DIRECTION('',(0.0,-1.0,0.0));
#7220=SURFACE_STYLE_FILL_AREA(#10467);
#7221=ORIENTED_EDGE('',*,*,#10466,.F.);
#7222=ORIENTED_EDGE('',*,*,#10468,.F.);
#7223=ORIENTED_EDGE('',*,*,#10469,.F.);
#7224=ORIENTED_EDGE('',*,*,#10462,.T.);
#7225=CARTESIAN_POINT('',(8.13,8.45000065681814,2.37038055098076));
#7226=DIRECTION('',(0.0,2.47817639425258E-16,-1.0));
#7227=DIRECTION('',(0.0,1.0,2.47817639425258E-16));
#7228=SURFACE_STYLE_FILL_AREA(#10470);
#7229=ORIENTED_EDGE('',*,*,#10444,.T.);
#7230=ORIENTED_EDGE('',*,*,#10471,.F.);
#7231=ORIENTED_EDGE('',*,*,#10472,.T.);
#7232=ORIENTED_EDGE('',*,*,#10468,.T.);
#7233=ORIENTED_EDGE('',*,*,#10465,.F.);
#7234=ORIENTED_EDGE('',*,*,#10473,.T.);
#7235=ORIENTED_EDGE('',*,*,#10474,.F.);
#7236=ORIENTED_EDGE('',*,*,#10475,.T.);
#7237=CARTESIAN_POINT('',(7.67,8.395,-0.825));
#7238=DIRECTION('',(-3.5258607235301E-16,-1.0,0.0));
#7239=DIRECTION('',(1.0,-3.5258607235301E-16,0.0));
#7240=SURFACE_STYLE_FILL_AREA(#10476);
#7241=ORIENTED_EDGE('',*,*,#10464,.F.);
#7242=ORIENTED_EDGE('',*,*,#10460,.F.);
#7243=ORIENTED_EDGE('',*,*,#10477,.F.);
#7244=ORIENTED_EDGE('',*,*,#10473,.F.);
#7245=CARTESIAN_POINT('',(-27.94,0.0,3.0));
#7246=DIRECTION('',(0.0,0.0,1.0));
#7247=DIRECTION('',(1.0,0.0,0.0));
#7248=SURFACE_STYLE_FILL_AREA(#10478);
#7249=ORIENTED_EDGE('',*,*,#10479,.T.);
#7250=ORIENTED_EDGE('',*,*,#10480,.T.);
#7251=ORIENTED_EDGE('',*,*,#10481,.T.);
#7252=ORIENTED_EDGE('',*,*,#10437,.F.);
#7253=ORIENTED_EDGE('',*,*,#10445,.F.);
#7254=ORIENTED_EDGE('',*,*,#10475,.F.);
#7255=CARTESIAN_POINT('',(-9.52,9.4,0.5));
#7256=DIRECTION('',(0.0,0.0,1.0));
#7257=DIRECTION('',(1.0,0.0,0.0));
#7258=SURFACE_STYLE_FILL_AREA(#10482);
#7259=ORIENTED_EDGE('',*,*,#10481,.F.);
#7260=ORIENTED_EDGE('',*,*,#10483,.T.);
#7261=ORIENTED_EDGE('',*,*,#10416,.T.);
#7262=ORIENTED_EDGE('',*,*,#10438,.F.);
#7263=CARTESIAN_POINT('',(7.37,8.1,0.5));
#7264=DIRECTION('',(-1.0,0.0,0.0));
#7265=DIRECTION('',(0.0,-1.0,0.0));
#7266=SURFACE_STYLE_FILL_AREA(#10484);
#7267=ORIENTED_EDGE('',*,*,#10417,.T.);
#7268=ORIENTED_EDGE('',*,*,#10483,.F.);
#7269=ORIENTED_EDGE('',*,*,#10480,.F.);
#7270=ORIENTED_EDGE('',*,*,#10485,.T.);
#7271=CARTESIAN_POINT('',(8.90000000000001,8.1,0.5));
#7272=DIRECTION('',(0.0,-1.0,0.0));
#7273=DIRECTION('',(1.0,0.0,0.0));
#7274=SURFACE_STYLE_FILL_AREA(#10486);
#7275=ORIENTED_EDGE('',*,*,#10458,.T.);
#7276=ORIENTED_EDGE('',*,*,#10487,.F.);
#7277=ORIENTED_EDGE('',*,*,#10471,.T.);
#7278=ORIENTED_EDGE('',*,*,#10443,.F.);
#7279=CARTESIAN_POINT('',(-27.94,0.0,3.0));
#7280=DIRECTION('',(0.0,0.0,1.0));
#7281=DIRECTION('',(1.0,0.0,0.0));
#7282=SURFACE_STYLE_FILL_AREA(#10488);
#7283=ORIENTED_EDGE('',*,*,#10472,.F.);
#7284=ORIENTED_EDGE('',*,*,#10487,.T.);
#7285=ORIENTED_EDGE('',*,*,#10457,.F.);
#7286=ORIENTED_EDGE('',*,*,#10469,.T.);
#7287=CARTESIAN_POINT('',(7.73,7.20000065681814,3.37038055098076));
#7288=DIRECTION('',(-1.0,0.0,0.0));
#7289=DIRECTION('',(0.0,-1.0,0.0));
#7290=SURFACE_STYLE_FILL_AREA(#10489);
#7291=ORIENTED_EDGE('',*,*,#10450,.F.);
#7292=ORIENTED_EDGE('',*,*,#10453,.T.);
#7293=ORIENTED_EDGE('',*,*,#10410,.T.);
#7294=ORIENTED_EDGE('',*,*,#10485,.F.);
#7295=ORIENTED_EDGE('',*,*,#10479,.F.);
#7296=ORIENTED_EDGE('',*,*,#10474,.T.);
#7297=ORIENTED_EDGE('',*,*,#10477,.T.);
#7298=ORIENTED_EDGE('',*,*,#10459,.F.);
#7299=CARTESIAN_POINT('',(8.90000000000001,0.0,3.7));
#7300=DIRECTION('',(-1.0,0.0,9.37688365392869E-16));
#7301=DIRECTION('',(0.0,-1.0,0.0));
#7302=SURFACE_STYLE_FILL_AREA(#10490);
#7303=ORIENTED_EDGE('',*,*,#10491,.T.);
#7304=ORIENTED_EDGE('',*,*,#10406,.T.);
#7305=ORIENTED_EDGE('',*,*,#10413,.T.);
#7306=ORIENTED_EDGE('',*,*,#10335,.F.);
#7307=CARTESIAN_POINT('',(6.73,5.2,33.2487767355294));
#7308=DIRECTION('',(1.0,0.0,-0.0));
#7309=DIRECTION('',(0.0,0.0,1.0));
#7310=SURFACE_STYLE_FILL_AREA(#10492);
#7311=ORIENTED_EDGE('',*,*,#10491,.F.);
#7312=ORIENTED_EDGE('',*,*,#10334,.F.);
#7313=ORIENTED_EDGE('',*,*,#10062,.T.);
#7314=ORIENTED_EDGE('',*,*,#10228,.T.);
#7315=ORIENTED_EDGE('',*,*,#10341,.F.);
#7316=ORIENTED_EDGE('',*,*,#10146,.F.);
#7317=ORIENTED_EDGE('',*,*,#10407,.F.);
#7318=CARTESIAN_POINT('',(-25.77,5.2,0.45));
#7319=DIRECTION('',(0.0,0.0,-1.0));
#7320=DIRECTION('',(0.0,1.0,0.0));
#7321=SURFACE_STYLE_FILL_AREA(#10493);
#7322=ORIENTED_EDGE('',*,*,#10325,.T.);
#7323=ORIENTED_EDGE('',*,*,#10494,.F.);
#7324=ORIENTED_EDGE('',*,*,#10495,.F.);
#7325=ORIENTED_EDGE('',*,*,#10496,.T.);
#7326=ORIENTED_EDGE('',*,*,#10497,.F.);
#7327=ORIENTED_EDGE('',*,*,#10498,.F.);
#7328=ORIENTED_EDGE('',*,*,#10499,.F.);
#7329=ORIENTED_EDGE('',*,*,#10500,.T.);
#7330=CARTESIAN_POINT('',(4.88,-1.2593649193145,3.17));
#7331=DIRECTION('',(1.0,1.23797123060244E-16,0.0));
#7332=DIRECTION('',(-1.23797123060244E-16,1.0,0.0));
#7333=SURFACE_STYLE_FILL_AREA(#10501);
#7334=ORIENTED_EDGE('',*,*,#10502,.F.);
#7335=ORIENTED_EDGE('',*,*,#10503,.F.);
#7336=ORIENTED_EDGE('',*,*,#10496,.F.);
#7337=ORIENTED_EDGE('',*,*,#10504,.F.);
#7338=ORIENTED_EDGE('',*,*,#10300,.T.);
#7339=ORIENTED_EDGE('',*,*,#10262,.F.);
#7340=CARTESIAN_POINT('',(4.88,-1.2593649193145,3.17));
#7341=DIRECTION('',(0.0,0.0,1.0));
#7342=DIRECTION('',(1.0,0.0,0.0));
#7343=SURFACE_STYLE_FILL_AREA(#10505);
#7344=ORIENTED_EDGE('',*,*,#10506,.T.);
#7345=ORIENTED_EDGE('',*,*,#10507,.T.);
#7346=ORIENTED_EDGE('',*,*,#10502,.T.);
#7347=ORIENTED_EDGE('',*,*,#10264,.T.);
#7348=CARTESIAN_POINT('',(4.88,-1.2593649193145,3.17));
#7349=DIRECTION('',(0.0,0.0,1.0));
#7350=DIRECTION('',(1.0,0.0,0.0));
#7351=SURFACE_STYLE_FILL_AREA(#10508);
#7352=ORIENTED_EDGE('',*,*,#10509,.T.);
#7353=ORIENTED_EDGE('',*,*,#10301,.T.);
#7354=ORIENTED_EDGE('',*,*,#10504,.T.);
#7355=ORIENTED_EDGE('',*,*,#10495,.T.);
#7356=ORIENTED_EDGE('',*,*,#10510,.F.);
#7357=ORIENTED_EDGE('',*,*,#10511,.F.);
#7358=ORIENTED_EDGE('',*,*,#10512,.F.);
#7359=ORIENTED_EDGE('',*,*,#10286,.F.);
#7360=CARTESIAN_POINT('',(18.42,0.449999999999999,2.075));
#7361=DIRECTION('',(0.0,-1.0,0.0));
#7362=DIRECTION('',(1.0,0.0,0.0));
#7363=SURFACE_STYLE_FILL_AREA(#10513);
#7364=ORIENTED_EDGE('',*,*,#10511,.T.);
#7365=ORIENTED_EDGE('',*,*,#10514,.T.);
#7366=ORIENTED_EDGE('',*,*,#10515,.T.);
#7367=ORIENTED_EDGE('',*,*,#10516,.F.);
#7368=CARTESIAN_POINT('',(4.75,9.4,2.91));
#7369=DIRECTION('',(1.0,0.0,-0.0));
#7370=DIRECTION('',(0.0,0.0,1.0));
#7371=SURFACE_STYLE_FILL_AREA(#10517);
#7372=ORIENTED_EDGE('',*,*,#10379,.T.);
#7373=ORIENTED_EDGE('',*,*,#10518,.T.);
#7374=ORIENTED_EDGE('',*,*,#10515,.F.);
#7375=ORIENTED_EDGE('',*,*,#10519,.T.);
#7376=CARTESIAN_POINT('',(4.875,0.175000000000001,2.71));
#7377=DIRECTION('',(0.813733471206735,0.581238193719097,0.0));
#7378=DIRECTION('',(0.0,0.0,-1.0));
#7379=SURFACE_STYLE_FILL_AREA(#10520);
#7380=ORIENTED_EDGE('',*,*,#10512,.T.);
#7381=ORIENTED_EDGE('',*,*,#10516,.T.);
#7382=ORIENTED_EDGE('',*,*,#10521,.T.);
#7383=ORIENTED_EDGE('',*,*,#10287,.T.);
#7384=CARTESIAN_POINT('',(4.15,9.4,2.91));
#7385=DIRECTION('',(0.0,0.0,1.0));
#7386=DIRECTION('',(1.0,0.0,0.0));
#7387=SURFACE_STYLE_FILL_AREA(#10522);
#7388=ORIENTED_EDGE('',*,*,#10521,.F.);
#7389=ORIENTED_EDGE('',*,*,#10518,.F.);
#7390=ORIENTED_EDGE('',*,*,#10378,.T.);
#7391=ORIENTED_EDGE('',*,*,#10291,.F.);
#7392=CARTESIAN_POINT('',(4.45,0.175000000000001,3.06));
#7393=DIRECTION('',(0.0,0.650791373455969,0.759256602365296));
#7394=DIRECTION('',(-1.0,0.0,0.0));
#7395=SURFACE_STYLE_FILL_AREA(#10523);
#7396=ORIENTED_EDGE('',*,*,#10524,.F.);
#7397=ORIENTED_EDGE('',*,*,#10293,.F.);
#7398=ORIENTED_EDGE('',*,*,#10380,.T.);
#7399=ORIENTED_EDGE('',*,*,#10519,.F.);
#7400=CARTESIAN_POINT('',(4.45,0.175000000000001,2.36));
#7401=DIRECTION('',(0.0,0.650791373455969,-0.759256602365296));
#7402=DIRECTION('',(0.0,0.759256602365296,0.650791373455969));
#7403=SURFACE_STYLE_FILL_AREA(#10525);
#7404=ORIENTED_EDGE('',*,*,#10524,.T.);
#7405=ORIENTED_EDGE('',*,*,#10514,.F.);
#7406=ORIENTED_EDGE('',*,*,#10510,.T.);
#7407=ORIENTED_EDGE('',*,*,#10289,.T.);
#7408=CARTESIAN_POINT('',(4.15,9.4,2.51));
#7409=DIRECTION('',(0.0,0.0,-1.0));
#7410=DIRECTION('',(0.0,1.0,0.0));
#7411=SURFACE_STYLE_FILL_AREA(#10526);
#7412=ORIENTED_EDGE('',*,*,#10324,.F.);
#7413=ORIENTED_EDGE('',*,*,#10302,.F.);
#7414=ORIENTED_EDGE('',*,*,#10509,.F.);
#7415=ORIENTED_EDGE('',*,*,#10494,.T.);
#7416=CARTESIAN_POINT('',(4.88,-1.2593649193145,2.25));
#7417=DIRECTION('',(0.0,0.0,-1.0));
#7418=DIRECTION('',(0.0,1.0,0.0));
#7419=SURFACE_STYLE_FILL_AREA(#10527);
#7420=ORIENTED_EDGE('',*,*,#10376,.T.);
#7421=ORIENTED_EDGE('',*,*,#10257,.T.);
#7422=ORIENTED_EDGE('',*,*,#10281,.F.);
#7423=ORIENTED_EDGE('',*,*,#10528,.T.);
#7424=CARTESIAN_POINT('',(4.875,0.175000000000001,1.44));
#7425=DIRECTION('',(0.813733471206735,0.581238193719097,0.0));
#7426=DIRECTION('',(0.0,0.0,-1.0));
#7427=SURFACE_STYLE_FILL_AREA(#10529);
#7428=ORIENTED_EDGE('',*,*,#10530,.F.);
#7429=ORIENTED_EDGE('',*,*,#10274,.F.);
#7430=ORIENTED_EDGE('',*,*,#10377,.T.);
#7431=ORIENTED_EDGE('',*,*,#10528,.F.);
#7432=CARTESIAN_POINT('',(4.45,0.175000000000001,1.09));
#7433=DIRECTION('',(0.0,0.650791373455969,-0.759256602365296));
#7434=DIRECTION('',(0.0,0.759256602365296,0.650791373455969));
#7435=SURFACE_STYLE_FILL_AREA(#10531);
#7436=ORIENTED_EDGE('',*,*,#10530,.T.);
#7437=ORIENTED_EDGE('',*,*,#10280,.T.);
#7438=ORIENTED_EDGE('',*,*,#9963,.T.);
#7439=ORIENTED_EDGE('',*,*,#10271,.F.);
#7440=CARTESIAN_POINT('',(4.15,9.4,1.24));
#7441=DIRECTION('',(0.0,0.0,-1.0));
#7442=DIRECTION('',(0.0,1.0,0.0));
#7443=SURFACE_STYLE_FILL_AREA(#10532);
#7444=ORIENTED_EDGE('',*,*,#10348,.T.);
#7445=ORIENTED_EDGE('',*,*,#10347,.T.);
#7446=ORIENTED_EDGE('',*,*,#10533,.T.);
#7447=ORIENTED_EDGE('',*,*,#10349,.T.);
#7448=CARTESIAN_POINT('',(6.15,-1.2593649193145,3.17));
#7449=DIRECTION('',(1.0,1.23797123060244E-16,0.0));
#7450=DIRECTION('',(-1.23797123060244E-16,1.0,0.0));
#7451=SURFACE_STYLE_FILL_AREA(#10534);
#7452=ORIENTED_EDGE('',*,*,#10354,.T.);
#7453=ORIENTED_EDGE('',*,*,#10353,.T.);
#7454=ORIENTED_EDGE('',*,*,#10535,.F.);
#7455=ORIENTED_EDGE('',*,*,#10355,.T.);
#7456=CARTESIAN_POINT('',(5.29,-1.2593649193145,3.17));
#7457=DIRECTION('',(-1.0,-1.23797123060244E-16,0.0));
#7458=DIRECTION('',(0.0,0.0,1.0));
#7459=SURFACE_STYLE_FILL_AREA(#10536);
#7460=ORIENTED_EDGE('',*,*,#10503,.T.);
#7461=ORIENTED_EDGE('',*,*,#10507,.F.);
#7462=ORIENTED_EDGE('',*,*,#10537,.T.);
#7463=ORIENTED_EDGE('',*,*,#10538,.F.);
#7464=CARTESIAN_POINT('',(4.88,-1.2593649193145,3.17));
#7465=DIRECTION('',(0.0,0.0,1.0));
#7466=DIRECTION('',(1.0,0.0,0.0));
#7467=SURFACE_STYLE_FILL_AREA(#10539);
#7468=ORIENTED_EDGE('',*,*,#10537,.F.);
#7469=ORIENTED_EDGE('',*,*,#10506,.F.);
#7470=ORIENTED_EDGE('',*,*,#10263,.F.);
#7471=ORIENTED_EDGE('',*,*,#10299,.T.);
#7472=ORIENTED_EDGE('',*,*,#10326,.F.);
#7473=ORIENTED_EDGE('',*,*,#10500,.F.);
#7474=CARTESIAN_POINT('',(4.88,-1.2593649193145,3.17));
#7475=DIRECTION('',(0.0,0.0,1.0));
#7476=DIRECTION('',(1.0,0.0,0.0));
#7477=SURFACE_STYLE_FILL_AREA(#10540);
#7478=ORIENTED_EDGE('',*,*,#10541,.T.);
#7479=ORIENTED_EDGE('',*,*,#10535,.T.);
#7480=ORIENTED_EDGE('',*,*,#10359,.T.);
#7481=ORIENTED_EDGE('',*,*,#10533,.F.);
#7482=CARTESIAN_POINT('',(6.15,-1.2593649193145,3.17));
#7483=DIRECTION('',(0.0,0.0,1.0));
#7484=DIRECTION('',(1.0,0.0,0.0));
#7485=SURFACE_STYLE_FILL_AREA(#10542);
#7486=ORIENTED_EDGE('',*,*,#10541,.F.);
#7487=ORIENTED_EDGE('',*,*,#10346,.F.);
#7488=ORIENTED_EDGE('',*,*,#10361,.F.);
#7489=ORIENTED_EDGE('',*,*,#10356,.T.);
#7490=CARTESIAN_POINT('',(6.15,-1.2593649193145,3.17));
#7491=DIRECTION('',(0.0,0.0,1.0));
#7492=DIRECTION('',(1.0,0.0,0.0));
#7493=SURFACE_STYLE_FILL_AREA(#10543);
#7494=ORIENTED_EDGE('',*,*,#10498,.T.);
#7495=ORIENTED_EDGE('',*,*,#10497,.T.);
#7496=ORIENTED_EDGE('',*,*,#10538,.T.);
#7497=ORIENTED_EDGE('',*,*,#10499,.T.);
#7498=CARTESIAN_POINT('',(4.88,-1.2593649193145,3.17));
#7499=DIRECTION('',(1.0,1.23797123060244E-16,0.0));
#7500=DIRECTION('',(-1.23797123060244E-16,1.0,0.0));
#7501=SURFACE_STYLE_FILL_AREA(#10544);
#7502=ORIENTED_EDGE('',*,*,#10545,.F.);
#7503=ORIENTED_EDGE('',*,*,#10546,.F.);
#7504=ORIENTED_EDGE('',*,*,#10547,.F.);
#7505=ORIENTED_EDGE('',*,*,#10548,.F.);
#7506=CARTESIAN_POINT('',(3.95,4.225,3.61));
#7507=DIRECTION('',(0.0,0.0,1.0));
#7508=DIRECTION('',(1.0,0.0,0.0));
#7509=SURFACE_STYLE_FILL_AREA(#10549);
#7510=ORIENTED_EDGE('',*,*,#10308,.T.);
#7511=ORIENTED_EDGE('',*,*,#10550,.T.);
#7512=ORIENTED_EDGE('',*,*,#10546,.T.);
#7513=ORIENTED_EDGE('',*,*,#10551,.F.);
#7514=CARTESIAN_POINT('',(5.95,2.25,3.6));
#7515=DIRECTION('',(0.0,-1.0,0.0));
#7516=DIRECTION('',(1.0,0.0,0.0));
#7517=SURFACE_STYLE_FILL_AREA(#10552);
#7518=ORIENTED_EDGE('',*,*,#10307,.T.);
#7519=ORIENTED_EDGE('',*,*,#10553,.T.);
#7520=ORIENTED_EDGE('',*,*,#10547,.T.);
#7521=ORIENTED_EDGE('',*,*,#10550,.F.);
#7522=CARTESIAN_POINT('',(5.95,3.25,3.6));
#7523=DIRECTION('',(1.0,0.0,-0.0));
#7524=DIRECTION('',(0.0,0.0,1.0));
#7525=SURFACE_STYLE_FILL_AREA(#10554);
#7526=ORIENTED_EDGE('',*,*,#10306,.T.);
#7527=ORIENTED_EDGE('',*,*,#10555,.T.);
#7528=ORIENTED_EDGE('',*,*,#10548,.T.);
#7529=ORIENTED_EDGE('',*,*,#10553,.F.);
#7530=CARTESIAN_POINT('',(2.95,3.25,3.6));
#7531=DIRECTION('',(0.0,1.0,0.0));
#7532=DIRECTION('',(0.0,0.0,-1.0));
#7533=SURFACE_STYLE_FILL_AREA(#10556);
#7534=ORIENTED_EDGE('',*,*,#10305,.T.);
#7535=ORIENTED_EDGE('',*,*,#10551,.T.);
#7536=ORIENTED_EDGE('',*,*,#10545,.T.);
#7537=ORIENTED_EDGE('',*,*,#10555,.F.);
#7538=CARTESIAN_POINT('',(2.95,2.25,3.6));
#7539=DIRECTION('',(-1.0,0.0,0.0));
#7540=DIRECTION('',(0.0,-1.0,0.0));
#7541=SURFACE_STYLE_FILL_AREA(#10557);
#7542=ORIENTED_EDGE('',*,*,#10426,.T.);
#7543=ORIENTED_EDGE('',*,*,#10421,.T.);
#7544=ORIENTED_EDGE('',*,*,#10419,.T.);
#7545=ORIENTED_EDGE('',*,*,#10424,.F.);
#7546=ORIENTED_EDGE('',*,*,#10558,.T.);
#7547=CARTESIAN_POINT('',(7.93,7.2,-0.825));
#7548=DIRECTION('',(0.0,0.0,-1.0));
#7549=DIRECTION('',(0.0,-1.0,0.0));
#7550=SURFACE_STYLE_FILL_AREA(#10559);
#7551=ORIENTED_EDGE('',*,*,#10429,.F.);
#7552=ORIENTED_EDGE('',*,*,#10431,.F.);
#7553=ORIENTED_EDGE('',*,*,#10427,.T.);
#7554=ORIENTED_EDGE('',*,*,#10558,.F.);
#7555=ORIENTED_EDGE('',*,*,#10423,.F.);
#7556=CARTESIAN_POINT('',(7.93,7.2,-0.825));
#7557=DIRECTION('',(-0.0,-0.0,1.0));
#7558=DIRECTION('',(1.0,0.0,0.0));
#7559=SURFACE_STYLE_FILL_AREA(#10560);
#7560=SURFACE_STYLE_FILL_AREA(#10561);
#7561=ORIENTED_EDGE('',*,*,#10562,.F.);
#7562=ORIENTED_EDGE('',*,*,#10563,.F.);
#7563=ORIENTED_EDGE('',*,*,#10564,.F.);
#7564=ORIENTED_EDGE('',*,*,#10565,.T.);
#7565=CARTESIAN_POINT('',(5.72,1.06408530805543,1.84502597999597));
#7566=DIRECTION('',(1.0,6.21837397731111E-32,1.33884735538263E-31));
#7567=DIRECTION('',(1.33884735538263E-31,-0.0,-1.0));
#7568=SURFACE_STYLE_FILL_AREA(#10566);
#7569=ORIENTED_EDGE('',*,*,#10567,.F.);
#7570=ORIENTED_EDGE('',*,*,#10568,.T.);
#7571=ORIENTED_EDGE('',*,*,#10569,.T.);
#7572=ORIENTED_EDGE('',*,*,#10570,.F.);
#7573=CARTESIAN_POINT('',(5.72,1.03379293323653,3.4690153077958));
#7574=DIRECTION('',(1.0,1.07020666685099E-15,-6.81403296200264E-15));
#7575=DIRECTION('',(-6.81403296200264E-15,0.0,-1.0));
#7576=SURFACE_STYLE_FILL_AREA(#10571);
#7577=ORIENTED_EDGE('',*,*,#10572,.T.);
#7578=ORIENTED_EDGE('',*,*,#10573,.T.);
#7579=ORIENTED_EDGE('',*,*,#10574,.T.);
#7580=ORIENTED_EDGE('',*,*,#10575,.T.);
#7581=ORIENTED_EDGE('',*,*,#10576,.T.);
#7582=ORIENTED_EDGE('',*,*,#10577,.T.);
#7583=CARTESIAN_POINT('',(5.72,6.75300050719346,0.07499999999999));
#7584=DIRECTION('',(0.0,0.0,1.0));
#7585=DIRECTION('',(-1.0,0.0,0.0));
#7586=SURFACE_STYLE_FILL_AREA(#10578);
#7587=ORIENTED_EDGE('',*,*,#10579,.F.);
#7588=ORIENTED_EDGE('',*,*,#10580,.F.);
#7589=ORIENTED_EDGE('',*,*,#10573,.F.);
#7590=ORIENTED_EDGE('',*,*,#10581,.F.);
#7591=CARTESIAN_POINT('',(5.87,10.5200005071935,-4.03735356990859));
#7592=DIRECTION('',(6.16297582203915E-33,0.0,-1.0));
#7593=DIRECTION('',(-1.0,0.0,-6.16297582203915E-33));
#7594=SURFACE_STYLE_FILL_AREA(#10582);
#7595=ORIENTED_EDGE('',*,*,#10583,.F.);
#7596=ORIENTED_EDGE('',*,*,#10584,.T.);
#7597=ORIENTED_EDGE('',*,*,#10585,.F.);
#7598=ORIENTED_EDGE('',*,*,#10586,.T.);
#7599=CARTESIAN_POINT('',(5.72,8.29324775713451,1.51382399064596));
#7600=DIRECTION('',(-1.41942860761287E-31,0.155917291214355,0.987770114095571));
#7601=DIRECTION('',(1.0,9.10372798653512E-31,0.0));
#7602=SURFACE_STYLE_FILL_AREA(#10587);
#7603=ORIENTED_EDGE('',*,*,#10588,.F.);
#7604=ORIENTED_EDGE('',*,*,#10589,.T.);
#7605=ORIENTED_EDGE('',*,*,#10574,.F.);
#7606=ORIENTED_EDGE('',*,*,#10580,.T.);
#7607=CARTESIAN_POINT('',(6.02,10.6700005071935,-4.03735356990859));
#7608=DIRECTION('',(0.0,1.0,0.0));
#7609=DIRECTION('',(-0.0,0.0,-1.0));
#7610=SURFACE_STYLE_FILL_AREA(#10590);
#7611=ORIENTED_EDGE('',*,*,#10591,.T.);
#7612=ORIENTED_EDGE('',*,*,#10592,.T.);
#7613=ORIENTED_EDGE('',*,*,#10588,.T.);
#7614=ORIENTED_EDGE('',*,*,#10579,.T.);
#7615=ORIENTED_EDGE('',*,*,#10593,.T.);
#7616=ORIENTED_EDGE('',*,*,#10594,.F.);
#7617=CARTESIAN_POINT('',(5.72,6.75300050719346,-0.0750000000000099));
#7618=DIRECTION('',(0.0,0.0,1.0));
#7619=DIRECTION('',(-1.0,0.0,0.0));
#7620=SURFACE_STYLE_FILL_AREA(#10595);
#7621=ORIENTED_EDGE('',*,*,#10593,.F.);
#7622=ORIENTED_EDGE('',*,*,#10581,.T.);
#7623=ORIENTED_EDGE('',*,*,#10572,.F.);
#7624=ORIENTED_EDGE('',*,*,#10596,.F.);
#7625=ORIENTED_EDGE('',*,*,#10597,.F.);
#7626=ORIENTED_EDGE('',*,*,#10598,.F.);
#7627=ORIENTED_EDGE('',*,*,#10599,.F.);
#7628=ORIENTED_EDGE('',*,*,#10600,.F.);
#7629=ORIENTED_EDGE('',*,*,#10601,.F.);
#7630=ORIENTED_EDGE('',*,*,#10602,.T.);
#7631=ORIENTED_EDGE('',*,*,#10603,.F.);
#7632=ORIENTED_EDGE('',*,*,#10604,.T.);
#7633=CARTESIAN_POINT('',(6.02,8.069583,-1.7026870933749));
#7634=DIRECTION('',(1.0,1.10717607606383E-16,0.0));
#7635=DIRECTION('',(1.10717607606383E-16,-1.0,0.0));
#7636=SURFACE_STYLE_FILL_AREA(#10605);
#7637=ORIENTED_EDGE('',*,*,#10606,.F.);
#7638=ORIENTED_EDGE('',*,*,#10607,.F.);
#7639=ORIENTED_EDGE('',*,*,#10608,.T.);
#7640=ORIENTED_EDGE('',*,*,#10609,.F.);
#7641=CARTESIAN_POINT('',(5.72,8.25426843433092,1.26688146212207));
#7642=DIRECTION('',(-1.41942860761287E-31,0.155917291214355,0.987770114095571));
#7643=DIRECTION('',(1.0,9.10372798653512E-31,0.0));
#7644=SURFACE_STYLE_FILL_AREA(#10610);
#7645=ORIENTED_EDGE('',*,*,#10611,.F.);
#7646=ORIENTED_EDGE('',*,*,#10612,.F.);
#7647=ORIENTED_EDGE('',*,*,#10613,.F.);
#7648=ORIENTED_EDGE('',*,*,#10614,.F.);
#7649=ORIENTED_EDGE('',*,*,#10615,.F.);
#7650=ORIENTED_EDGE('',*,*,#10616,.T.);
#7651=ORIENTED_EDGE('',*,*,#10617,.F.);
#7652=ORIENTED_EDGE('',*,*,#10618,.T.);
#7653=ORIENTED_EDGE('',*,*,#10576,.F.);
#7654=ORIENTED_EDGE('',*,*,#10619,.T.);
#7655=ORIENTED_EDGE('',*,*,#10591,.F.);
#7656=ORIENTED_EDGE('',*,*,#10620,.F.);
#7657=CARTESIAN_POINT('',(5.42,8.069583,-1.7026870933749));
#7658=DIRECTION('',(-1.0,-1.38397009507979E-16,0.0));
#7659=DIRECTION('',(1.38397009507979E-16,-1.0,0.0));
#7660=SURFACE_STYLE_FILL_AREA(#10621);
#7661=ORIENTED_EDGE('',*,*,#10592,.F.);
#7662=ORIENTED_EDGE('',*,*,#10619,.F.);
#7663=ORIENTED_EDGE('',*,*,#10575,.F.);
#7664=ORIENTED_EDGE('',*,*,#10589,.F.);
#7665=CARTESIAN_POINT('',(5.57,10.5200005071935,-4.03735356990859));
#7666=DIRECTION('',(0.0,0.0,-1.0));
#7667=DIRECTION('',(-1.0,0.0,0.0));
#7668=SURFACE_STYLE_FILL_AREA(#10622);
#7669=ORIENTED_EDGE('',*,*,#10606,.T.);
#7670=ORIENTED_EDGE('',*,*,#10623,.T.);
#7671=ORIENTED_EDGE('',*,*,#10624,.F.);
#7672=ORIENTED_EDGE('',*,*,#10625,.F.);
#7673=CARTESIAN_POINT('',(5.72,0.87367489889825,-0.60525236943688));
#7674=DIRECTION('',(-1.0,-9.10372798653513E-31,0.0));
#7675=DIRECTION('',(9.10372798653513E-31,-1.0,0.0));
#7676=SURFACE_STYLE_FILL_AREA(#10626);
#7677=ORIENTED_EDGE('',*,*,#10627,.F.);
#7678=ORIENTED_EDGE('',*,*,#10617,.T.);
#7679=ORIENTED_EDGE('',*,*,#10628,.F.);
#7680=ORIENTED_EDGE('',*,*,#10597,.T.);
#7681=CARTESIAN_POINT('',(5.72,8.52307933035889,3.07760794377524));
#7682=DIRECTION('',(-0.0,0.868198814489143,0.496216503675206));
#7683=DIRECTION('',(1.0,0.0,0.0));
#7684=SURFACE_STYLE_FILL_AREA(#10629);
#7685=ORIENTED_EDGE('',*,*,#10567,.T.);
#7686=ORIENTED_EDGE('',*,*,#10630,.F.);
#7687=ORIENTED_EDGE('',*,*,#10631,.F.);
#7688=ORIENTED_EDGE('',*,*,#10632,.T.);
#7689=CARTESIAN_POINT('',(5.72,1.03379293323653,3.4690153077958));
#7690=DIRECTION('',(1.0,1.07020666685099E-15,-6.81403296200264E-15));
#7691=DIRECTION('',(-6.81403296200264E-15,0.0,-1.0));
#7692=SURFACE_STYLE_FILL_AREA(#10633);
#7693=ORIENTED_EDGE('',*,*,#10569,.F.);
#7694=ORIENTED_EDGE('',*,*,#10634,.T.);
#7695=ORIENTED_EDGE('',*,*,#10635,.F.);
#7696=ORIENTED_EDGE('',*,*,#10636,.T.);
#7697=CARTESIAN_POINT('',(4.47022128562175,7.02500935512758,-1.43269219016111));
#7698=DIRECTION('',(-5.04243082496639E-15,-0.560638994563243,-0.828060334622494));
#7699=DIRECTION('',(1.0,0.0,-6.08944857534469E-15));
#7700=SURFACE_STYLE_FILL_AREA(#10637);
#7701=ORIENTED_EDGE('',*,*,#10562,.T.);
#7702=ORIENTED_EDGE('',*,*,#10638,.T.);
#7703=ORIENTED_EDGE('',*,*,#10585,.T.);
#7704=ORIENTED_EDGE('',*,*,#10639,.F.);
#7705=CARTESIAN_POINT('',(5.72,1.06408530805543,1.84502597999597));
#7706=DIRECTION('',(1.0,6.21837397731111E-32,1.33884735538263E-31));
#7707=DIRECTION('',(1.33884735538263E-31,-0.0,-1.0));
#7708=SURFACE_STYLE_FILL_AREA(#10640);
#7709=ORIENTED_EDGE('',*,*,#10641,.F.);
#7710=ORIENTED_EDGE('',*,*,#10642,.T.);
#7711=ORIENTED_EDGE('',*,*,#10643,.T.);
#7712=ORIENTED_EDGE('',*,*,#10644,.F.);
#7713=CARTESIAN_POINT('',(5.72,2.03376761512772,-1.84));
#7714=DIRECTION('',(1.0,-2.3716327191317E-31,-6.98296267768627E-15));
#7715=DIRECTION('',(-6.98296267768627E-15,0.0,-1.0));
#7716=SURFACE_STYLE_FILL_AREA(#10645);
#7717=ORIENTED_EDGE('',*,*,#10631,.T.);
#7718=ORIENTED_EDGE('',*,*,#10646,.T.);
#7719=ORIENTED_EDGE('',*,*,#10647,.T.);
#7720=ORIENTED_EDGE('',*,*,#10648,.T.);
#7721=CARTESIAN_POINT('',(4.47022128562178,8.28634267156332,3.905147058949));
#7722=DIRECTION('',(-6.89756184086328E-15,0.155917291214355,-0.987770114095571));
#7723=DIRECTION('',(0.0,0.987770114095571,0.155917291214355));
#7724=SURFACE_STYLE_FILL_AREA(#10649);
#7725=ORIENTED_EDGE('',*,*,#10650,.F.);
#7726=ORIENTED_EDGE('',*,*,#10651,.F.);
#7727=ORIENTED_EDGE('',*,*,#10652,.T.);
#7728=ORIENTED_EDGE('',*,*,#10653,.F.);
#7729=CARTESIAN_POINT('',(5.31999999999999,8.499583,2.16011064281089));
#7730=DIRECTION('',(0.0,-1.0,0.0));
#7731=DIRECTION('',(-1.0,0.0,0.0));
#7732=SURFACE_STYLE_FILL_AREA(#10654);
#7733=ORIENTED_EDGE('',*,*,#10655,.F.);
#7734=ORIENTED_EDGE('',*,*,#10598,.T.);
#7735=ORIENTED_EDGE('',*,*,#10628,.T.);
#7736=ORIENTED_EDGE('',*,*,#10616,.F.);
#7737=CARTESIAN_POINT('',(5.72,8.7305698587749,2.11));
#7738=DIRECTION('',(1.0,0.0,-0.0));
#7739=DIRECTION('',(0.0,1.0,0.0));
#7740=SURFACE_STYLE_FILL_AREA(#10656);
#7741=ORIENTED_EDGE('',*,*,#10657,.F.);
#7742=ORIENTED_EDGE('',*,*,#10643,.F.);
#7743=ORIENTED_EDGE('',*,*,#10658,.F.);
#7744=ORIENTED_EDGE('',*,*,#10650,.T.);
#7745=CARTESIAN_POINT('',(4.47022128562178,8.35,3.16000000000001));
#7746=DIRECTION('',(-6.98296267768627E-15,1.29534309735425E-16,-1.0));
#7747=DIRECTION('',(0.0,1.0,1.29534309735425E-16));
#7748=SURFACE_STYLE_FILL_AREA(#10659);
#7749=ORIENTED_EDGE('',*,*,#10647,.F.);
#7750=ORIENTED_EDGE('',*,*,#10660,.T.);
#7751=ORIENTED_EDGE('',*,*,#10661,.T.);
#7752=ORIENTED_EDGE('',*,*,#10662,.T.);
#7753=CARTESIAN_POINT('',(4.47022128562178,8.35,2.81000000000001));
#7754=DIRECTION('',(-6.98296267768627E-15,1.29534309735425E-16,-1.0));
#7755=DIRECTION('',(0.0,1.0,1.29534309735425E-16));
#7756=SURFACE_STYLE_FILL_AREA(#10663);
#7757=ORIENTED_EDGE('',*,*,#10664,.T.);
#7758=ORIENTED_EDGE('',*,*,#10665,.F.);
#7759=ORIENTED_EDGE('',*,*,#10614,.T.);
#7760=ORIENTED_EDGE('',*,*,#10666,.F.);
#7761=CARTESIAN_POINT('',(5.72,8.699583,2.335));
#7762=DIRECTION('',(0.0,1.0,0.0));
#7763=DIRECTION('',(-0.0,0.0,-1.0));
#7764=SURFACE_STYLE_FILL_AREA(#10667);
#7765=ORIENTED_EDGE('',*,*,#10668,.T.);
#7766=ORIENTED_EDGE('',*,*,#10669,.F.);
#7767=ORIENTED_EDGE('',*,*,#10600,.T.);
#7768=ORIENTED_EDGE('',*,*,#10670,.F.);
#7769=CARTESIAN_POINT('',(5.72,8.699583,2.335));
#7770=DIRECTION('',(0.0,1.0,0.0));
#7771=DIRECTION('',(-0.0,0.0,-1.0));
#7772=SURFACE_STYLE_FILL_AREA(#10671);
#7773=ORIENTED_EDGE('',*,*,#10672,.T.);
#7774=ORIENTED_EDGE('',*,*,#10670,.T.);
#7775=ORIENTED_EDGE('',*,*,#10599,.T.);
#7776=ORIENTED_EDGE('',*,*,#10655,.T.);
#7777=ORIENTED_EDGE('',*,*,#10615,.T.);
#7778=ORIENTED_EDGE('',*,*,#10665,.T.);
#7779=ORIENTED_EDGE('',*,*,#10673,.T.);
#7780=ORIENTED_EDGE('',*,*,#10652,.F.);
#7781=CARTESIAN_POINT('',(5.72,8.07,2.41));
#7782=DIRECTION('',(0.0,0.0,1.0));
#7783=DIRECTION('',(-1.0,0.0,0.0));
#7784=SURFACE_STYLE_FILL_AREA(#10674);
#7785=ORIENTED_EDGE('',*,*,#10583,.T.);
#7786=ORIENTED_EDGE('',*,*,#10675,.T.);
#7787=ORIENTED_EDGE('',*,*,#10676,.F.);
#7788=ORIENTED_EDGE('',*,*,#10677,.T.);
#7789=CARTESIAN_POINT('',(5.72,8.07,2.61));
#7790=DIRECTION('',(0.0,0.0,1.0));
#7791=DIRECTION('',(-1.0,0.0,0.0));
#7792=SURFACE_STYLE_FILL_AREA(#10678);
#7793=ORIENTED_EDGE('',*,*,#10679,.F.);
#7794=ORIENTED_EDGE('',*,*,#10680,.F.);
#7795=ORIENTED_EDGE('',*,*,#10681,.F.);
#7796=ORIENTED_EDGE('',*,*,#10682,.F.);
#7797=CARTESIAN_POINT('',(6.15,0.596776977453159,2.34474763056312));
#7798=DIRECTION('',(-1.23797123060244E-16,1.0,0.0));
#7799=DIRECTION('',(0.0,0.0,-1.0));
#7800=SURFACE_STYLE_FILL_AREA(#10683);
#7801=ORIENTED_EDGE('',*,*,#10684,.T.);
#7802=ORIENTED_EDGE('',*,*,#10685,.F.);
#7803=ORIENTED_EDGE('',*,*,#10635,.T.);
#7804=ORIENTED_EDGE('',*,*,#10686,.F.);
#7805=CARTESIAN_POINT('',(6.15,0.596776977453159,2.91954832463333));
#7806=DIRECTION('',(-1.23797123060244E-16,1.0,0.0));
#7807=DIRECTION('',(0.0,0.0,-1.0));
#7808=SURFACE_STYLE_FILL_AREA(#10687);
#7809=ORIENTED_EDGE('',*,*,#10688,.F.);
#7810=ORIENTED_EDGE('',*,*,#10689,.T.);
#7811=ORIENTED_EDGE('',*,*,#10690,.T.);
#7812=ORIENTED_EDGE('',*,*,#10691,.F.);
#7813=CARTESIAN_POINT('',(5.72,0.67334580958978,4.01954832463333));
#7814=DIRECTION('',(-1.0,-4.42385946237387E-14,0.0));
#7815=DIRECTION('',(4.42385946237387E-14,-1.0,0.0));
#7816=SURFACE_STYLE_FILL_AREA(#10692);
#7817=ORIENTED_EDGE('',*,*,#10608,.F.);
#7818=ORIENTED_EDGE('',*,*,#10693,.T.);
#7819=ORIENTED_EDGE('',*,*,#10694,.T.);
#7820=ORIENTED_EDGE('',*,*,#10695,.F.);
#7821=CARTESIAN_POINT('',(5.72,2.35483691660787,7.26));
#7822=DIRECTION('',(-1.0,-9.10372798653513E-31,0.0));
#7823=DIRECTION('',(9.10372798653513E-31,-1.0,0.0));
#7824=SURFACE_STYLE_FILL_AREA(#10696);
#7825=ORIENTED_EDGE('',*,*,#10624,.T.);
#7826=ORIENTED_EDGE('',*,*,#10697,.F.);
#7827=ORIENTED_EDGE('',*,*,#10681,.T.);
#7828=ORIENTED_EDGE('',*,*,#10698,.F.);
#7829=CARTESIAN_POINT('',(6.15,1.78677697745316,2.39474763056312));
#7830=DIRECTION('',(0.0,0.0,1.0));
#7831=DIRECTION('',(-1.0,0.0,0.0));
#7832=SURFACE_STYLE_FILL_AREA(#10699);
#7833=ORIENTED_EDGE('',*,*,#10700,.T.);
#7834=ORIENTED_EDGE('',*,*,#10603,.T.);
#7835=ORIENTED_EDGE('',*,*,#10701,.T.);
#7836=ORIENTED_EDGE('',*,*,#10611,.T.);
#7837=CARTESIAN_POINT('',(5.72,8.39284950818552,3.00317546822396));
#7838=DIRECTION('',(-0.0,0.868198814489143,0.496216503675206));
#7839=DIRECTION('',(1.0,0.0,0.0));
#7840=SURFACE_STYLE_FILL_AREA(#10702);
#7841=ORIENTED_EDGE('',*,*,#10700,.F.);
#7842=ORIENTED_EDGE('',*,*,#10620,.T.);
#7843=ORIENTED_EDGE('',*,*,#10594,.T.);
#7844=ORIENTED_EDGE('',*,*,#10604,.F.);
#7845=CARTESIAN_POINT('',(5.72,10.2972374375735,0.17499999999999));
#7846=DIRECTION('',(-1.0,0.0,0.0));
#7847=DIRECTION('',(0.0,-1.0,0.0));
#7848=SURFACE_STYLE_FILL_AREA(#10703);
#7849=ORIENTED_EDGE('',*,*,#10641,.T.);
#7850=ORIENTED_EDGE('',*,*,#10704,.F.);
#7851=ORIENTED_EDGE('',*,*,#10690,.F.);
#7852=ORIENTED_EDGE('',*,*,#10705,.F.);
#7853=CARTESIAN_POINT('',(4.47022128562178,8.23956748419901,4.20147809317767));
#7854=DIRECTION('',(-6.89756184086328E-15,0.155917291214355,-0.987770114095571));
#7855=DIRECTION('',(0.0,0.987770114095571,0.155917291214355));
#7856=SURFACE_STYLE_FILL_AREA(#10706);
#7857=ORIENTED_EDGE('',*,*,#10707,.T.);
#7858=ORIENTED_EDGE('',*,*,#10612,.T.);
#7859=ORIENTED_EDGE('',*,*,#10701,.F.);
#7860=ORIENTED_EDGE('',*,*,#10602,.F.);
#7861=CARTESIAN_POINT('',(5.72,8.7305698587749,2.11));
#7862=DIRECTION('',(1.0,0.0,-0.0));
#7863=DIRECTION('',(0.0,1.0,0.0));
#7864=SURFACE_STYLE_FILL_AREA(#10708);
#7865=ORIENTED_EDGE('',*,*,#10627,.T.);
#7866=ORIENTED_EDGE('',*,*,#10596,.T.);
#7867=ORIENTED_EDGE('',*,*,#10577,.F.);
#7868=ORIENTED_EDGE('',*,*,#10618,.F.);
#7869=CARTESIAN_POINT('',(5.72,10.2972374375735,0.17499999999999));
#7870=DIRECTION('',(-1.0,0.0,0.0));
#7871=DIRECTION('',(0.0,-1.0,0.0));
#7872=SURFACE_STYLE_FILL_AREA(#10709);
#7873=ORIENTED_EDGE('',*,*,#10688,.T.);
#7874=ORIENTED_EDGE('',*,*,#10710,.F.);
#7875=ORIENTED_EDGE('',*,*,#10684,.F.);
#7876=ORIENTED_EDGE('',*,*,#10711,.F.);
#7877=CARTESIAN_POINT('',(6.15,0.596776977453159,3.01954832463333));
#7878=DIRECTION('',(0.0,0.0,-1.0));
#7879=DIRECTION('',(-0.0,1.0,0.0));
#7880=SURFACE_STYLE_FILL_AREA(#10712);
#7881=ORIENTED_EDGE('',*,*,#10713,.F.);
#7882=ORIENTED_EDGE('',*,*,#10661,.F.);
#7883=ORIENTED_EDGE('',*,*,#10714,.F.);
#7884=ORIENTED_EDGE('',*,*,#10676,.T.);
#7885=CARTESIAN_POINT('',(4.36242980701149,2.835,2.26));
#7886=DIRECTION('',(0.0,1.0,0.0));
#7887=DIRECTION('',(-0.0,0.0,-1.0));
#7888=SURFACE_STYLE_FILL_AREA(#10715);
#7889=ORIENTED_EDGE('',*,*,#10564,.T.);
#7890=ORIENTED_EDGE('',*,*,#10716,.T.);
#7891=ORIENTED_EDGE('',*,*,#10679,.T.);
#7892=ORIENTED_EDGE('',*,*,#10717,.T.);
#7893=CARTESIAN_POINT('',(5.72,7.03191444069877,6.85166323975607));
#7894=DIRECTION('',(-7.60020095660788E-32,-0.560638994563243,0.828060334622494));
#7895=DIRECTION('',(-1.0,1.35563188260365E-31,0.0));
#7896=SURFACE_STYLE_FILL_AREA(#10718);
#7897=ORIENTED_EDGE('',*,*,#10586,.F.);
#7898=ORIENTED_EDGE('',*,*,#10638,.F.);
#7899=ORIENTED_EDGE('',*,*,#10565,.F.);
#7900=ORIENTED_EDGE('',*,*,#10717,.F.);
#7901=ORIENTED_EDGE('',*,*,#10682,.T.);
#7902=ORIENTED_EDGE('',*,*,#10697,.T.);
#7903=ORIENTED_EDGE('',*,*,#10623,.F.);
#7904=ORIENTED_EDGE('',*,*,#10609,.T.);
#7905=ORIENTED_EDGE('',*,*,#10695,.T.);
#7906=ORIENTED_EDGE('',*,*,#10719,.T.);
#7907=ORIENTED_EDGE('',*,*,#10668,.F.);
#7908=ORIENTED_EDGE('',*,*,#10672,.F.);
#7909=ORIENTED_EDGE('',*,*,#10651,.T.);
#7910=ORIENTED_EDGE('',*,*,#10658,.T.);
#7911=ORIENTED_EDGE('',*,*,#10642,.F.);
#7912=ORIENTED_EDGE('',*,*,#10705,.T.);
#7913=ORIENTED_EDGE('',*,*,#10689,.F.);
#7914=ORIENTED_EDGE('',*,*,#10711,.T.);
#7915=ORIENTED_EDGE('',*,*,#10686,.T.);
#7916=ORIENTED_EDGE('',*,*,#10634,.F.);
#7917=ORIENTED_EDGE('',*,*,#10568,.F.);
#7918=ORIENTED_EDGE('',*,*,#10632,.F.);
#7919=ORIENTED_EDGE('',*,*,#10648,.F.);
#7920=ORIENTED_EDGE('',*,*,#10662,.F.);
#7921=ORIENTED_EDGE('',*,*,#10713,.T.);
#7922=ORIENTED_EDGE('',*,*,#10675,.F.);
#7923=CARTESIAN_POINT('',(6.15,-1.25936491931449,3.17));
#7924=DIRECTION('',(1.0,1.23797123060244E-16,0.0));
#7925=DIRECTION('',(1.23797123060244E-16,-1.0,0.0));
#7926=SURFACE_STYLE_FILL_AREA(#10720);
#7927=ORIENTED_EDGE('',*,*,#10719,.F.);
#7928=ORIENTED_EDGE('',*,*,#10694,.F.);
#7929=ORIENTED_EDGE('',*,*,#10721,.F.);
#7930=ORIENTED_EDGE('',*,*,#10666,.T.);
#7931=ORIENTED_EDGE('',*,*,#10613,.T.);
#7932=ORIENTED_EDGE('',*,*,#10707,.F.);
#7933=ORIENTED_EDGE('',*,*,#10601,.T.);
#7934=ORIENTED_EDGE('',*,*,#10669,.T.);
#7935=CARTESIAN_POINT('',(5.72,8.07,2.26));
#7936=DIRECTION('',(0.0,0.0,1.0));
#7937=DIRECTION('',(-1.0,0.0,0.0));
#7938=SURFACE_STYLE_FILL_AREA(#10722);
#7939=ORIENTED_EDGE('',*,*,#10677,.F.);
#7940=ORIENTED_EDGE('',*,*,#10714,.T.);
#7941=ORIENTED_EDGE('',*,*,#10660,.F.);
#7942=ORIENTED_EDGE('',*,*,#10646,.F.);
#7943=ORIENTED_EDGE('',*,*,#10630,.T.);
#7944=ORIENTED_EDGE('',*,*,#10570,.T.);
#7945=ORIENTED_EDGE('',*,*,#10636,.F.);
#7946=ORIENTED_EDGE('',*,*,#10685,.T.);
#7947=ORIENTED_EDGE('',*,*,#10710,.T.);
#7948=ORIENTED_EDGE('',*,*,#10691,.T.);
#7949=ORIENTED_EDGE('',*,*,#10704,.T.);
#7950=ORIENTED_EDGE('',*,*,#10644,.T.);
#7951=ORIENTED_EDGE('',*,*,#10657,.T.);
#7952=ORIENTED_EDGE('',*,*,#10653,.T.);
#7953=ORIENTED_EDGE('',*,*,#10673,.F.);
#7954=ORIENTED_EDGE('',*,*,#10664,.F.);
#7955=ORIENTED_EDGE('',*,*,#10721,.T.);
#7956=ORIENTED_EDGE('',*,*,#10693,.F.);
#7957=ORIENTED_EDGE('',*,*,#10607,.T.);
#7958=ORIENTED_EDGE('',*,*,#10625,.T.);
#7959=ORIENTED_EDGE('',*,*,#10698,.T.);
#7960=ORIENTED_EDGE('',*,*,#10680,.T.);
#7961=ORIENTED_EDGE('',*,*,#10716,.F.);
#7962=ORIENTED_EDGE('',*,*,#10563,.T.);
#7963=ORIENTED_EDGE('',*,*,#10639,.T.);
#7964=ORIENTED_EDGE('',*,*,#10584,.F.);
#7965=CARTESIAN_POINT('',(5.29,-1.25936491931449,3.17));
#7966=DIRECTION('',(-1.0,-1.23797123060244E-16,0.0));
#7967=DIRECTION('',(1.23797123060244E-16,-1.0,0.0));
#7968=SURFACE_STYLE_FILL_AREA(#10723);
#7969=SURFACE_STYLE_FILL_AREA(#10724);
#7970=ORIENTED_EDGE('',*,*,#10725,.F.);
#7971=ORIENTED_EDGE('',*,*,#10726,.F.);
#7972=ORIENTED_EDGE('',*,*,#10727,.F.);
#7973=ORIENTED_EDGE('',*,*,#10728,.T.);
#7974=CARTESIAN_POINT('',(3.18,1.06408530805543,1.84502597999597));
#7975=DIRECTION('',(1.0,6.21837397731111E-32,1.33884735538263E-31));
#7976=DIRECTION('',(1.33884735538263E-31,-0.0,-1.0));
#7977=SURFACE_STYLE_FILL_AREA(#10729);
#7978=ORIENTED_EDGE('',*,*,#10730,.F.);
#7979=ORIENTED_EDGE('',*,*,#10731,.T.);
#7980=ORIENTED_EDGE('',*,*,#10732,.T.);
#7981=ORIENTED_EDGE('',*,*,#10733,.F.);
#7982=CARTESIAN_POINT('',(3.18,1.03379293323653,3.4690153077958));
#7983=DIRECTION('',(1.0,1.07020666685099E-15,-6.81403296200264E-15));
#7984=DIRECTION('',(-6.81403296200264E-15,0.0,-1.0));
#7985=SURFACE_STYLE_FILL_AREA(#10734);
#7986=ORIENTED_EDGE('',*,*,#10735,.T.);
#7987=ORIENTED_EDGE('',*,*,#10736,.T.);
#7988=ORIENTED_EDGE('',*,*,#10737,.T.);
#7989=ORIENTED_EDGE('',*,*,#10738,.T.);
#7990=ORIENTED_EDGE('',*,*,#10739,.T.);
#7991=ORIENTED_EDGE('',*,*,#10740,.T.);
#7992=CARTESIAN_POINT('',(3.18,6.75300050719346,0.07499999999999));
#7993=DIRECTION('',(0.0,0.0,1.0));
#7994=DIRECTION('',(-1.0,0.0,0.0));
#7995=SURFACE_STYLE_FILL_AREA(#10741);
#7996=ORIENTED_EDGE('',*,*,#10742,.F.);
#7997=ORIENTED_EDGE('',*,*,#10743,.F.);
#7998=ORIENTED_EDGE('',*,*,#10736,.F.);
#7999=ORIENTED_EDGE('',*,*,#10744,.F.);
#8000=CARTESIAN_POINT('',(3.33,10.5200005071935,-4.03735356990859));
#8001=DIRECTION('',(6.16297582203915E-33,0.0,-1.0));
#8002=DIRECTION('',(-1.0,0.0,-6.16297582203915E-33));
#8003=SURFACE_STYLE_FILL_AREA(#10745);
#8004=ORIENTED_EDGE('',*,*,#10746,.F.);
#8005=ORIENTED_EDGE('',*,*,#10747,.T.);
#8006=ORIENTED_EDGE('',*,*,#10748,.F.);
#8007=ORIENTED_EDGE('',*,*,#10749,.T.);
#8008=CARTESIAN_POINT('',(3.18,8.29324775713451,1.51382399064596));
#8009=DIRECTION('',(-1.41942860761287E-31,0.155917291214355,0.987770114095571));
#8010=DIRECTION('',(1.0,9.10372798653512E-31,0.0));
#8011=SURFACE_STYLE_FILL_AREA(#10750);
#8012=ORIENTED_EDGE('',*,*,#10751,.F.);
#8013=ORIENTED_EDGE('',*,*,#10752,.T.);
#8014=ORIENTED_EDGE('',*,*,#10737,.F.);
#8015=ORIENTED_EDGE('',*,*,#10743,.T.);
#8016=CARTESIAN_POINT('',(3.48,10.6700005071935,-4.03735356990859));
#8017=DIRECTION('',(0.0,1.0,0.0));
#8018=DIRECTION('',(-0.0,0.0,-1.0));
#8019=SURFACE_STYLE_FILL_AREA(#10753);
#8020=ORIENTED_EDGE('',*,*,#10754,.T.);
#8021=ORIENTED_EDGE('',*,*,#10755,.T.);
#8022=ORIENTED_EDGE('',*,*,#10751,.T.);
#8023=ORIENTED_EDGE('',*,*,#10742,.T.);
#8024=ORIENTED_EDGE('',*,*,#10756,.T.);
#8025=ORIENTED_EDGE('',*,*,#10757,.F.);
#8026=CARTESIAN_POINT('',(3.18,6.75300050719346,-0.0750000000000099));
#8027=DIRECTION('',(0.0,0.0,1.0));
#8028=DIRECTION('',(-1.0,0.0,0.0));
#8029=SURFACE_STYLE_FILL_AREA(#10758);
#8030=ORIENTED_EDGE('',*,*,#10756,.F.);
#8031=ORIENTED_EDGE('',*,*,#10744,.T.);
#8032=ORIENTED_EDGE('',*,*,#10735,.F.);
#8033=ORIENTED_EDGE('',*,*,#10759,.F.);
#8034=ORIENTED_EDGE('',*,*,#10760,.F.);
#8035=ORIENTED_EDGE('',*,*,#10761,.F.);
#8036=ORIENTED_EDGE('',*,*,#10762,.F.);
#8037=ORIENTED_EDGE('',*,*,#10763,.F.);
#8038=ORIENTED_EDGE('',*,*,#10764,.F.);
#8039=ORIENTED_EDGE('',*,*,#10765,.T.);
#8040=ORIENTED_EDGE('',*,*,#10766,.F.);
#8041=ORIENTED_EDGE('',*,*,#10767,.T.);
#8042=CARTESIAN_POINT('',(3.48,8.069583,-1.7026870933749));
#8043=DIRECTION('',(1.0,1.10717607606383E-16,0.0));
#8044=DIRECTION('',(1.10717607606383E-16,-1.0,0.0));
#8045=SURFACE_STYLE_FILL_AREA(#10768);
#8046=ORIENTED_EDGE('',*,*,#10769,.F.);
#8047=ORIENTED_EDGE('',*,*,#10770,.F.);
#8048=ORIENTED_EDGE('',*,*,#10771,.T.);
#8049=ORIENTED_EDGE('',*,*,#10772,.F.);
#8050=CARTESIAN_POINT('',(3.18,8.25426843433092,1.26688146212207));
#8051=DIRECTION('',(-1.41942860761287E-31,0.155917291214355,0.987770114095571));
#8052=DIRECTION('',(1.0,9.10372798653512E-31,0.0));
#8053=SURFACE_STYLE_FILL_AREA(#10773);
#8054=ORIENTED_EDGE('',*,*,#10774,.F.);
#8055=ORIENTED_EDGE('',*,*,#10775,.F.);
#8056=ORIENTED_EDGE('',*,*,#10776,.F.);
#8057=ORIENTED_EDGE('',*,*,#10777,.F.);
#8058=ORIENTED_EDGE('',*,*,#10778,.F.);
#8059=ORIENTED_EDGE('',*,*,#10779,.T.);
#8060=ORIENTED_EDGE('',*,*,#10780,.F.);
#8061=ORIENTED_EDGE('',*,*,#10781,.T.);
#8062=ORIENTED_EDGE('',*,*,#10739,.F.);
#8063=ORIENTED_EDGE('',*,*,#10782,.T.);
#8064=ORIENTED_EDGE('',*,*,#10754,.F.);
#8065=ORIENTED_EDGE('',*,*,#10783,.F.);
#8066=CARTESIAN_POINT('',(2.88,8.069583,-1.7026870933749));
#8067=DIRECTION('',(-1.0,-1.38397009507979E-16,0.0));
#8068=DIRECTION('',(1.38397009507979E-16,-1.0,0.0));
#8069=SURFACE_STYLE_FILL_AREA(#10784);
#8070=ORIENTED_EDGE('',*,*,#10755,.F.);
#8071=ORIENTED_EDGE('',*,*,#10782,.F.);
#8072=ORIENTED_EDGE('',*,*,#10738,.F.);
#8073=ORIENTED_EDGE('',*,*,#10752,.F.);
#8074=CARTESIAN_POINT('',(3.03,10.5200005071935,-4.03735356990859));
#8075=DIRECTION('',(0.0,0.0,-1.0));
#8076=DIRECTION('',(-1.0,0.0,0.0));
#8077=SURFACE_STYLE_FILL_AREA(#10785);
#8078=ORIENTED_EDGE('',*,*,#10769,.T.);
#8079=ORIENTED_EDGE('',*,*,#10786,.T.);
#8080=ORIENTED_EDGE('',*,*,#10787,.F.);
#8081=ORIENTED_EDGE('',*,*,#10788,.F.);
#8082=CARTESIAN_POINT('',(3.18,0.87367489889825,-0.60525236943688));
#8083=DIRECTION('',(-1.0,-9.10372798653513E-31,0.0));
#8084=DIRECTION('',(9.10372798653513E-31,-1.0,0.0));
#8085=SURFACE_STYLE_FILL_AREA(#10789);
#8086=ORIENTED_EDGE('',*,*,#10790,.F.);
#8087=ORIENTED_EDGE('',*,*,#10780,.T.);
#8088=ORIENTED_EDGE('',*,*,#10791,.F.);
#8089=ORIENTED_EDGE('',*,*,#10760,.T.);
#8090=CARTESIAN_POINT('',(3.18,8.52307933035889,3.07760794377524));
#8091=DIRECTION('',(-0.0,0.868198814489143,0.496216503675206));
#8092=DIRECTION('',(1.0,0.0,0.0));
#8093=SURFACE_STYLE_FILL_AREA(#10792);
#8094=ORIENTED_EDGE('',*,*,#10730,.T.);
#8095=ORIENTED_EDGE('',*,*,#10793,.F.);
#8096=ORIENTED_EDGE('',*,*,#10794,.F.);
#8097=ORIENTED_EDGE('',*,*,#10795,.T.);
#8098=CARTESIAN_POINT('',(3.18,1.03379293323653,3.4690153077958));
#8099=DIRECTION('',(1.0,1.07020666685099E-15,-6.81403296200264E-15));
#8100=DIRECTION('',(-6.81403296200264E-15,0.0,-1.0));
#8101=SURFACE_STYLE_FILL_AREA(#10796);
#8102=ORIENTED_EDGE('',*,*,#10732,.F.);
#8103=ORIENTED_EDGE('',*,*,#10797,.T.);
#8104=ORIENTED_EDGE('',*,*,#10798,.F.);
#8105=ORIENTED_EDGE('',*,*,#10799,.T.);
#8106=CARTESIAN_POINT('',(1.93022128562175,7.02500935512758,-1.43269219016111));
#8107=DIRECTION('',(-5.04243082496639E-15,-0.560638994563243,-0.828060334622494));
#8108=DIRECTION('',(1.0,0.0,-6.08944857534469E-15));
#8109=SURFACE_STYLE_FILL_AREA(#10800);
#8110=ORIENTED_EDGE('',*,*,#10725,.T.);
#8111=ORIENTED_EDGE('',*,*,#10801,.T.);
#8112=ORIENTED_EDGE('',*,*,#10748,.T.);
#8113=ORIENTED_EDGE('',*,*,#10802,.F.);
#8114=CARTESIAN_POINT('',(3.18,1.06408530805543,1.84502597999597));
#8115=DIRECTION('',(1.0,6.21837397731111E-32,1.33884735538263E-31));
#8116=DIRECTION('',(1.33884735538263E-31,-0.0,-1.0));
#8117=SURFACE_STYLE_FILL_AREA(#10803);
#8118=ORIENTED_EDGE('',*,*,#10804,.F.);
#8119=ORIENTED_EDGE('',*,*,#10805,.T.);
#8120=ORIENTED_EDGE('',*,*,#10806,.T.);
#8121=ORIENTED_EDGE('',*,*,#10807,.F.);
#8122=CARTESIAN_POINT('',(3.18,2.03376761512772,-1.84));
#8123=DIRECTION('',(1.0,-2.3716327191317E-31,-6.98296267768627E-15));
#8124=DIRECTION('',(-6.98296267768627E-15,0.0,-1.0));
#8125=SURFACE_STYLE_FILL_AREA(#10808);
#8126=ORIENTED_EDGE('',*,*,#10794,.T.);
#8127=ORIENTED_EDGE('',*,*,#10809,.T.);
#8128=ORIENTED_EDGE('',*,*,#10810,.T.);
#8129=ORIENTED_EDGE('',*,*,#10811,.T.);
#8130=CARTESIAN_POINT('',(1.93022128562178,8.28634267156332,3.905147058949));
#8131=DIRECTION('',(-6.89756184086328E-15,0.155917291214355,-0.987770114095571));
#8132=DIRECTION('',(0.0,0.987770114095571,0.155917291214355));
#8133=SURFACE_STYLE_FILL_AREA(#10812);
#8134=ORIENTED_EDGE('',*,*,#10813,.F.);
#8135=ORIENTED_EDGE('',*,*,#10814,.F.);
#8136=ORIENTED_EDGE('',*,*,#10815,.T.);
#8137=ORIENTED_EDGE('',*,*,#10816,.F.);
#8138=CARTESIAN_POINT('',(2.77999999999999,8.499583,2.16011064281089));
#8139=DIRECTION('',(0.0,-1.0,0.0));
#8140=DIRECTION('',(-1.0,0.0,0.0));
#8141=SURFACE_STYLE_FILL_AREA(#10817);
#8142=ORIENTED_EDGE('',*,*,#10818,.F.);
#8143=ORIENTED_EDGE('',*,*,#10761,.T.);
#8144=ORIENTED_EDGE('',*,*,#10791,.T.);
#8145=ORIENTED_EDGE('',*,*,#10779,.F.);
#8146=CARTESIAN_POINT('',(3.18,8.7305698587749,2.11));
#8147=DIRECTION('',(1.0,0.0,-0.0));
#8148=DIRECTION('',(0.0,1.0,0.0));
#8149=SURFACE_STYLE_FILL_AREA(#10819);
#8150=ORIENTED_EDGE('',*,*,#10820,.F.);
#8151=ORIENTED_EDGE('',*,*,#10806,.F.);
#8152=ORIENTED_EDGE('',*,*,#10821,.F.);
#8153=ORIENTED_EDGE('',*,*,#10813,.T.);
#8154=CARTESIAN_POINT('',(1.93022128562178,8.35,3.16000000000001));
#8155=DIRECTION('',(-6.98296267768627E-15,1.29534309735425E-16,-1.0));
#8156=DIRECTION('',(0.0,1.0,1.29534309735425E-16));
#8157=SURFACE_STYLE_FILL_AREA(#10822);
#8158=ORIENTED_EDGE('',*,*,#10810,.F.);
#8159=ORIENTED_EDGE('',*,*,#10823,.T.);
#8160=ORIENTED_EDGE('',*,*,#10824,.T.);
#8161=ORIENTED_EDGE('',*,*,#10825,.T.);
#8162=CARTESIAN_POINT('',(1.93022128562178,8.35,2.81000000000001));
#8163=DIRECTION('',(-6.98296267768627E-15,1.29534309735425E-16,-1.0));
#8164=DIRECTION('',(0.0,1.0,1.29534309735425E-16));
#8165=SURFACE_STYLE_FILL_AREA(#10826);
#8166=ORIENTED_EDGE('',*,*,#10827,.T.);
#8167=ORIENTED_EDGE('',*,*,#10828,.F.);
#8168=ORIENTED_EDGE('',*,*,#10777,.T.);
#8169=ORIENTED_EDGE('',*,*,#10829,.F.);
#8170=CARTESIAN_POINT('',(3.18,8.699583,2.335));
#8171=DIRECTION('',(0.0,1.0,0.0));
#8172=DIRECTION('',(-0.0,0.0,-1.0));
#8173=SURFACE_STYLE_FILL_AREA(#10830);
#8174=ORIENTED_EDGE('',*,*,#10831,.T.);
#8175=ORIENTED_EDGE('',*,*,#10832,.F.);
#8176=ORIENTED_EDGE('',*,*,#10763,.T.);
#8177=ORIENTED_EDGE('',*,*,#10833,.F.);
#8178=CARTESIAN_POINT('',(3.18,8.699583,2.335));
#8179=DIRECTION('',(0.0,1.0,0.0));
#8180=DIRECTION('',(-0.0,0.0,-1.0));
#8181=SURFACE_STYLE_FILL_AREA(#10834);
#8182=ORIENTED_EDGE('',*,*,#10835,.T.);
#8183=ORIENTED_EDGE('',*,*,#10833,.T.);
#8184=ORIENTED_EDGE('',*,*,#10762,.T.);
#8185=ORIENTED_EDGE('',*,*,#10818,.T.);
#8186=ORIENTED_EDGE('',*,*,#10778,.T.);
#8187=ORIENTED_EDGE('',*,*,#10828,.T.);
#8188=ORIENTED_EDGE('',*,*,#10836,.T.);
#8189=ORIENTED_EDGE('',*,*,#10815,.F.);
#8190=CARTESIAN_POINT('',(3.18,8.07,2.41));
#8191=DIRECTION('',(0.0,0.0,1.0));
#8192=DIRECTION('',(-1.0,0.0,0.0));
#8193=SURFACE_STYLE_FILL_AREA(#10837);
#8194=ORIENTED_EDGE('',*,*,#10746,.T.);
#8195=ORIENTED_EDGE('',*,*,#10838,.T.);
#8196=ORIENTED_EDGE('',*,*,#10839,.F.);
#8197=ORIENTED_EDGE('',*,*,#10840,.T.);
#8198=CARTESIAN_POINT('',(3.18,8.07,2.61));
#8199=DIRECTION('',(0.0,0.0,1.0));
#8200=DIRECTION('',(-1.0,0.0,0.0));
#8201=SURFACE_STYLE_FILL_AREA(#10841);
#8202=ORIENTED_EDGE('',*,*,#10842,.F.);
#8203=ORIENTED_EDGE('',*,*,#10843,.F.);
#8204=ORIENTED_EDGE('',*,*,#10844,.F.);
#8205=ORIENTED_EDGE('',*,*,#10845,.F.);
#8206=CARTESIAN_POINT('',(3.61,0.596776977453159,2.34474763056312));
#8207=DIRECTION('',(-1.23797123060244E-16,1.0,0.0));
#8208=DIRECTION('',(0.0,0.0,-1.0));
#8209=SURFACE_STYLE_FILL_AREA(#10846);
#8210=ORIENTED_EDGE('',*,*,#10847,.T.);
#8211=ORIENTED_EDGE('',*,*,#10848,.F.);
#8212=ORIENTED_EDGE('',*,*,#10798,.T.);
#8213=ORIENTED_EDGE('',*,*,#10849,.F.);
#8214=CARTESIAN_POINT('',(3.61,0.596776977453159,2.91954832463333));
#8215=DIRECTION('',(-1.23797123060244E-16,1.0,0.0));
#8216=DIRECTION('',(0.0,0.0,-1.0));
#8217=SURFACE_STYLE_FILL_AREA(#10850);
#8218=ORIENTED_EDGE('',*,*,#10851,.F.);
#8219=ORIENTED_EDGE('',*,*,#10852,.T.);
#8220=ORIENTED_EDGE('',*,*,#10853,.T.);
#8221=ORIENTED_EDGE('',*,*,#10854,.F.);
#8222=CARTESIAN_POINT('',(3.18,0.67334580958978,4.01954832463333));
#8223=DIRECTION('',(-1.0,-4.42385946237387E-14,0.0));
#8224=DIRECTION('',(4.42385946237387E-14,-1.0,0.0));
#8225=SURFACE_STYLE_FILL_AREA(#10855);
#8226=ORIENTED_EDGE('',*,*,#10771,.F.);
#8227=ORIENTED_EDGE('',*,*,#10856,.T.);
#8228=ORIENTED_EDGE('',*,*,#10857,.T.);
#8229=ORIENTED_EDGE('',*,*,#10858,.F.);
#8230=CARTESIAN_POINT('',(3.18,2.35483691660787,7.26));
#8231=DIRECTION('',(-1.0,-9.10372798653513E-31,0.0));
#8232=DIRECTION('',(9.10372798653513E-31,-1.0,0.0));
#8233=SURFACE_STYLE_FILL_AREA(#10859);
#8234=ORIENTED_EDGE('',*,*,#10787,.T.);
#8235=ORIENTED_EDGE('',*,*,#10860,.F.);
#8236=ORIENTED_EDGE('',*,*,#10844,.T.);
#8237=ORIENTED_EDGE('',*,*,#10861,.F.);
#8238=CARTESIAN_POINT('',(3.61,1.78677697745316,2.39474763056312));
#8239=DIRECTION('',(0.0,0.0,1.0));
#8240=DIRECTION('',(-1.0,0.0,0.0));
#8241=SURFACE_STYLE_FILL_AREA(#10862);
#8242=ORIENTED_EDGE('',*,*,#10863,.T.);
#8243=ORIENTED_EDGE('',*,*,#10766,.T.);
#8244=ORIENTED_EDGE('',*,*,#10864,.T.);
#8245=ORIENTED_EDGE('',*,*,#10774,.T.);
#8246=CARTESIAN_POINT('',(3.18,8.39284950818552,3.00317546822396));
#8247=DIRECTION('',(-0.0,0.868198814489143,0.496216503675206));
#8248=DIRECTION('',(1.0,0.0,0.0));
#8249=SURFACE_STYLE_FILL_AREA(#10865);
#8250=ORIENTED_EDGE('',*,*,#10863,.F.);
#8251=ORIENTED_EDGE('',*,*,#10783,.T.);
#8252=ORIENTED_EDGE('',*,*,#10757,.T.);
#8253=ORIENTED_EDGE('',*,*,#10767,.F.);
#8254=CARTESIAN_POINT('',(3.18,10.2972374375735,0.17499999999999));
#8255=DIRECTION('',(-1.0,0.0,0.0));
#8256=DIRECTION('',(0.0,-1.0,0.0));
#8257=SURFACE_STYLE_FILL_AREA(#10866);
#8258=ORIENTED_EDGE('',*,*,#10804,.T.);
#8259=ORIENTED_EDGE('',*,*,#10867,.F.);
#8260=ORIENTED_EDGE('',*,*,#10853,.F.);
#8261=ORIENTED_EDGE('',*,*,#10868,.F.);
#8262=CARTESIAN_POINT('',(1.93022128562178,8.23956748419901,4.20147809317767));
#8263=DIRECTION('',(-6.89756184086328E-15,0.155917291214355,-0.987770114095571));
#8264=DIRECTION('',(0.0,0.987770114095571,0.155917291214355));
#8265=SURFACE_STYLE_FILL_AREA(#10869);
#8266=ORIENTED_EDGE('',*,*,#10870,.T.);
#8267=ORIENTED_EDGE('',*,*,#10775,.T.);
#8268=ORIENTED_EDGE('',*,*,#10864,.F.);
#8269=ORIENTED_EDGE('',*,*,#10765,.F.);
#8270=CARTESIAN_POINT('',(3.18,8.7305698587749,2.11));
#8271=DIRECTION('',(1.0,0.0,-0.0));
#8272=DIRECTION('',(0.0,1.0,0.0));
#8273=SURFACE_STYLE_FILL_AREA(#10871);
#8274=ORIENTED_EDGE('',*,*,#10790,.T.);
#8275=ORIENTED_EDGE('',*,*,#10759,.T.);
#8276=ORIENTED_EDGE('',*,*,#10740,.F.);
#8277=ORIENTED_EDGE('',*,*,#10781,.F.);
#8278=CARTESIAN_POINT('',(3.18,10.2972374375735,0.17499999999999));
#8279=DIRECTION('',(-1.0,0.0,0.0));
#8280=DIRECTION('',(0.0,-1.0,0.0));
#8281=SURFACE_STYLE_FILL_AREA(#10872);
#8282=ORIENTED_EDGE('',*,*,#10851,.T.);
#8283=ORIENTED_EDGE('',*,*,#10873,.F.);
#8284=ORIENTED_EDGE('',*,*,#10847,.F.);
#8285=ORIENTED_EDGE('',*,*,#10874,.F.);
#8286=CARTESIAN_POINT('',(3.61,0.596776977453159,3.01954832463333));
#8287=DIRECTION('',(0.0,0.0,-1.0));
#8288=DIRECTION('',(-0.0,1.0,0.0));
#8289=SURFACE_STYLE_FILL_AREA(#10875);
#8290=ORIENTED_EDGE('',*,*,#10876,.F.);
#8291=ORIENTED_EDGE('',*,*,#10824,.F.);
#8292=ORIENTED_EDGE('',*,*,#10877,.F.);
#8293=ORIENTED_EDGE('',*,*,#10839,.T.);
#8294=CARTESIAN_POINT('',(1.82242980701149,2.835,2.26));
#8295=DIRECTION('',(0.0,1.0,0.0));
#8296=DIRECTION('',(-0.0,0.0,-1.0));
#8297=SURFACE_STYLE_FILL_AREA(#10878);
#8298=ORIENTED_EDGE('',*,*,#10727,.T.);
#8299=ORIENTED_EDGE('',*,*,#10879,.T.);
#8300=ORIENTED_EDGE('',*,*,#10842,.T.);
#8301=ORIENTED_EDGE('',*,*,#10880,.T.);
#8302=CARTESIAN_POINT('',(3.18,7.03191444069877,6.85166323975607));
#8303=DIRECTION('',(-7.60020095660788E-32,-0.560638994563243,0.828060334622494));
#8304=DIRECTION('',(-1.0,1.35563188260365E-31,0.0));
#8305=SURFACE_STYLE_FILL_AREA(#10881);
#8306=ORIENTED_EDGE('',*,*,#10749,.F.);
#8307=ORIENTED_EDGE('',*,*,#10801,.F.);
#8308=ORIENTED_EDGE('',*,*,#10728,.F.);
#8309=ORIENTED_EDGE('',*,*,#10880,.F.);
#8310=ORIENTED_EDGE('',*,*,#10845,.T.);
#8311=ORIENTED_EDGE('',*,*,#10860,.T.);
#8312=ORIENTED_EDGE('',*,*,#10786,.F.);
#8313=ORIENTED_EDGE('',*,*,#10772,.T.);
#8314=ORIENTED_EDGE('',*,*,#10858,.T.);
#8315=ORIENTED_EDGE('',*,*,#10882,.T.);
#8316=ORIENTED_EDGE('',*,*,#10831,.F.);
#8317=ORIENTED_EDGE('',*,*,#10835,.F.);
#8318=ORIENTED_EDGE('',*,*,#10814,.T.);
#8319=ORIENTED_EDGE('',*,*,#10821,.T.);
#8320=ORIENTED_EDGE('',*,*,#10805,.F.);
#8321=ORIENTED_EDGE('',*,*,#10868,.T.);
#8322=ORIENTED_EDGE('',*,*,#10852,.F.);
#8323=ORIENTED_EDGE('',*,*,#10874,.T.);
#8324=ORIENTED_EDGE('',*,*,#10849,.T.);
#8325=ORIENTED_EDGE('',*,*,#10797,.F.);
#8326=ORIENTED_EDGE('',*,*,#10731,.F.);
#8327=ORIENTED_EDGE('',*,*,#10795,.F.);
#8328=ORIENTED_EDGE('',*,*,#10811,.F.);
#8329=ORIENTED_EDGE('',*,*,#10825,.F.);
#8330=ORIENTED_EDGE('',*,*,#10876,.T.);
#8331=ORIENTED_EDGE('',*,*,#10838,.F.);
#8332=CARTESIAN_POINT('',(3.61,-1.25936491931449,3.17));
#8333=DIRECTION('',(1.0,1.23797123060244E-16,0.0));
#8334=DIRECTION('',(1.23797123060244E-16,-1.0,0.0));
#8335=SURFACE_STYLE_FILL_AREA(#10883);
#8336=ORIENTED_EDGE('',*,*,#10882,.F.);
#8337=ORIENTED_EDGE('',*,*,#10857,.F.);
#8338=ORIENTED_EDGE('',*,*,#10884,.F.);
#8339=ORIENTED_EDGE('',*,*,#10829,.T.);
#8340=ORIENTED_EDGE('',*,*,#10776,.T.);
#8341=ORIENTED_EDGE('',*,*,#10870,.F.);
#8342=ORIENTED_EDGE('',*,*,#10764,.T.);
#8343=ORIENTED_EDGE('',*,*,#10832,.T.);
#8344=CARTESIAN_POINT('',(3.18,8.07,2.26));
#8345=DIRECTION('',(0.0,0.0,1.0));
#8346=DIRECTION('',(-1.0,0.0,0.0));
#8347=SURFACE_STYLE_FILL_AREA(#10885);
#8348=ORIENTED_EDGE('',*,*,#10840,.F.);
#8349=ORIENTED_EDGE('',*,*,#10877,.T.);
#8350=ORIENTED_EDGE('',*,*,#10823,.F.);
#8351=ORIENTED_EDGE('',*,*,#10809,.F.);
#8352=ORIENTED_EDGE('',*,*,#10793,.T.);
#8353=ORIENTED_EDGE('',*,*,#10733,.T.);
#8354=ORIENTED_EDGE('',*,*,#10799,.F.);
#8355=ORIENTED_EDGE('',*,*,#10848,.T.);
#8356=ORIENTED_EDGE('',*,*,#10873,.T.);
#8357=ORIENTED_EDGE('',*,*,#10854,.T.);
#8358=ORIENTED_EDGE('',*,*,#10867,.T.);
#8359=ORIENTED_EDGE('',*,*,#10807,.T.);
#8360=ORIENTED_EDGE('',*,*,#10820,.T.);
#8361=ORIENTED_EDGE('',*,*,#10816,.T.);
#8362=ORIENTED_EDGE('',*,*,#10836,.F.);
#8363=ORIENTED_EDGE('',*,*,#10827,.F.);
#8364=ORIENTED_EDGE('',*,*,#10884,.T.);
#8365=ORIENTED_EDGE('',*,*,#10856,.F.);
#8366=ORIENTED_EDGE('',*,*,#10770,.T.);
#8367=ORIENTED_EDGE('',*,*,#10788,.T.);
#8368=ORIENTED_EDGE('',*,*,#10861,.T.);
#8369=ORIENTED_EDGE('',*,*,#10843,.T.);
#8370=ORIENTED_EDGE('',*,*,#10879,.F.);
#8371=ORIENTED_EDGE('',*,*,#10726,.T.);
#8372=ORIENTED_EDGE('',*,*,#10802,.T.);
#8373=ORIENTED_EDGE('',*,*,#10747,.F.);
#8374=CARTESIAN_POINT('',(2.75,-1.25936491931449,3.17));
#8375=DIRECTION('',(-1.0,-1.23797123060244E-16,0.0));
#8376=DIRECTION('',(1.23797123060244E-16,-1.0,0.0));
#8377=SURFACE_STYLE_FILL_AREA(#10886);
#8378=SURFACE_STYLE_FILL_AREA(#10887);
#8379=ORIENTED_EDGE('',*,*,#10888,.F.);
#8380=ORIENTED_EDGE('',*,*,#10889,.F.);
#8381=ORIENTED_EDGE('',*,*,#10890,.F.);
#8382=ORIENTED_EDGE('',*,*,#10891,.T.);
#8383=CARTESIAN_POINT('',(4.45,1.06408530805543,1.84502597999597));
#8384=DIRECTION('',(1.0,6.21837397731111E-32,1.33884735538263E-31));
#8385=DIRECTION('',(1.33884735538263E-31,-0.0,-1.0));
#8386=SURFACE_STYLE_FILL_AREA(#10892);
#8387=ORIENTED_EDGE('',*,*,#10893,.F.);
#8388=ORIENTED_EDGE('',*,*,#10894,.T.);
#8389=ORIENTED_EDGE('',*,*,#10895,.T.);
#8390=ORIENTED_EDGE('',*,*,#10896,.F.);
#8391=CARTESIAN_POINT('',(4.45,1.03379293323653,3.4690153077958));
#8392=DIRECTION('',(1.0,1.07020666685099E-15,-6.81403296200264E-15));
#8393=DIRECTION('',(-6.81403296200264E-15,0.0,-1.0));
#8394=SURFACE_STYLE_FILL_AREA(#10897);
#8395=ORIENTED_EDGE('',*,*,#10898,.T.);
#8396=ORIENTED_EDGE('',*,*,#10899,.T.);
#8397=ORIENTED_EDGE('',*,*,#10900,.T.);
#8398=ORIENTED_EDGE('',*,*,#10901,.T.);
#8399=ORIENTED_EDGE('',*,*,#10902,.T.);
#8400=ORIENTED_EDGE('',*,*,#10903,.T.);
#8401=CARTESIAN_POINT('',(4.45,6.75300050719346,0.07499999999999));
#8402=DIRECTION('',(0.0,0.0,1.0));
#8403=DIRECTION('',(-1.0,0.0,0.0));
#8404=SURFACE_STYLE_FILL_AREA(#10904);
#8405=ORIENTED_EDGE('',*,*,#10905,.F.);
#8406=ORIENTED_EDGE('',*,*,#10906,.F.);
#8407=ORIENTED_EDGE('',*,*,#10899,.F.);
#8408=ORIENTED_EDGE('',*,*,#10907,.F.);
#8409=CARTESIAN_POINT('',(4.6,10.5200005071935,-4.03735356990859));
#8410=DIRECTION('',(6.16297582203915E-33,0.0,-1.0));
#8411=DIRECTION('',(-1.0,0.0,-6.16297582203915E-33));
#8412=SURFACE_STYLE_FILL_AREA(#10908);
#8413=ORIENTED_EDGE('',*,*,#10909,.F.);
#8414=ORIENTED_EDGE('',*,*,#10910,.T.);
#8415=ORIENTED_EDGE('',*,*,#10911,.F.);
#8416=ORIENTED_EDGE('',*,*,#10912,.T.);
#8417=CARTESIAN_POINT('',(4.45,8.29324775713451,1.51382399064596));
#8418=DIRECTION('',(-1.41942860761287E-31,0.155917291214355,0.987770114095571));
#8419=DIRECTION('',(1.0,9.10372798653512E-31,0.0));
#8420=SURFACE_STYLE_FILL_AREA(#10913);
#8421=ORIENTED_EDGE('',*,*,#10914,.F.);
#8422=ORIENTED_EDGE('',*,*,#10915,.T.);
#8423=ORIENTED_EDGE('',*,*,#10900,.F.);
#8424=ORIENTED_EDGE('',*,*,#10906,.T.);
#8425=CARTESIAN_POINT('',(4.75,10.6700005071935,-4.03735356990859));
#8426=DIRECTION('',(0.0,1.0,0.0));
#8427=DIRECTION('',(-0.0,0.0,-1.0));
#8428=SURFACE_STYLE_FILL_AREA(#10916);
#8429=ORIENTED_EDGE('',*,*,#10917,.T.);
#8430=ORIENTED_EDGE('',*,*,#10918,.T.);
#8431=ORIENTED_EDGE('',*,*,#10914,.T.);
#8432=ORIENTED_EDGE('',*,*,#10905,.T.);
#8433=ORIENTED_EDGE('',*,*,#10919,.T.);
#8434=ORIENTED_EDGE('',*,*,#10920,.F.);
#8435=CARTESIAN_POINT('',(4.45,6.75300050719346,-0.0750000000000099));
#8436=DIRECTION('',(0.0,0.0,1.0));
#8437=DIRECTION('',(-1.0,0.0,0.0));
#8438=SURFACE_STYLE_FILL_AREA(#10921);
#8439=ORIENTED_EDGE('',*,*,#10919,.F.);
#8440=ORIENTED_EDGE('',*,*,#10907,.T.);
#8441=ORIENTED_EDGE('',*,*,#10898,.F.);
#8442=ORIENTED_EDGE('',*,*,#10922,.F.);
#8443=ORIENTED_EDGE('',*,*,#10923,.F.);
#8444=ORIENTED_EDGE('',*,*,#10924,.F.);
#8445=ORIENTED_EDGE('',*,*,#10925,.F.);
#8446=ORIENTED_EDGE('',*,*,#10926,.F.);
#8447=ORIENTED_EDGE('',*,*,#10927,.F.);
#8448=ORIENTED_EDGE('',*,*,#10928,.T.);
#8449=ORIENTED_EDGE('',*,*,#10929,.F.);
#8450=ORIENTED_EDGE('',*,*,#10930,.T.);
#8451=CARTESIAN_POINT('',(4.75,8.069583,-1.7026870933749));
#8452=DIRECTION('',(1.0,1.10717607606383E-16,0.0));
#8453=DIRECTION('',(1.10717607606383E-16,-1.0,0.0));
#8454=SURFACE_STYLE_FILL_AREA(#10931);
#8455=ORIENTED_EDGE('',*,*,#10932,.F.);
#8456=ORIENTED_EDGE('',*,*,#10933,.F.);
#8457=ORIENTED_EDGE('',*,*,#10934,.T.);
#8458=ORIENTED_EDGE('',*,*,#10935,.F.);
#8459=CARTESIAN_POINT('',(4.45,8.25426843433092,1.26688146212207));
#8460=DIRECTION('',(-1.41942860761287E-31,0.155917291214355,0.987770114095571));
#8461=DIRECTION('',(1.0,9.10372798653512E-31,0.0));
#8462=SURFACE_STYLE_FILL_AREA(#10936);
#8463=ORIENTED_EDGE('',*,*,#10937,.F.);
#8464=ORIENTED_EDGE('',*,*,#10938,.F.);
#8465=ORIENTED_EDGE('',*,*,#10939,.F.);
#8466=ORIENTED_EDGE('',*,*,#10940,.F.);
#8467=ORIENTED_EDGE('',*,*,#10941,.F.);
#8468=ORIENTED_EDGE('',*,*,#10942,.T.);
#8469=ORIENTED_EDGE('',*,*,#10943,.F.);
#8470=ORIENTED_EDGE('',*,*,#10944,.T.);
#8471=ORIENTED_EDGE('',*,*,#10902,.F.);
#8472=ORIENTED_EDGE('',*,*,#10945,.T.);
#8473=ORIENTED_EDGE('',*,*,#10917,.F.);
#8474=ORIENTED_EDGE('',*,*,#10946,.F.);
#8475=CARTESIAN_POINT('',(4.15,8.069583,-1.7026870933749));
#8476=DIRECTION('',(-1.0,-1.38397009507979E-16,0.0));
#8477=DIRECTION('',(1.38397009507979E-16,-1.0,0.0));
#8478=SURFACE_STYLE_FILL_AREA(#10947);
#8479=ORIENTED_EDGE('',*,*,#10918,.F.);
#8480=ORIENTED_EDGE('',*,*,#10945,.F.);
#8481=ORIENTED_EDGE('',*,*,#10901,.F.);
#8482=ORIENTED_EDGE('',*,*,#10915,.F.);
#8483=CARTESIAN_POINT('',(4.3,10.5200005071935,-4.03735356990859));
#8484=DIRECTION('',(0.0,0.0,-1.0));
#8485=DIRECTION('',(-1.0,0.0,0.0));
#8486=SURFACE_STYLE_FILL_AREA(#10948);
#8487=ORIENTED_EDGE('',*,*,#10932,.T.);
#8488=ORIENTED_EDGE('',*,*,#10949,.T.);
#8489=ORIENTED_EDGE('',*,*,#10950,.F.);
#8490=ORIENTED_EDGE('',*,*,#10951,.F.);
#8491=CARTESIAN_POINT('',(4.45,0.87367489889825,-0.60525236943688));
#8492=DIRECTION('',(-1.0,-9.10372798653513E-31,0.0));
#8493=DIRECTION('',(9.10372798653513E-31,-1.0,0.0));
#8494=SURFACE_STYLE_FILL_AREA(#10952);
#8495=ORIENTED_EDGE('',*,*,#10953,.F.);
#8496=ORIENTED_EDGE('',*,*,#10943,.T.);
#8497=ORIENTED_EDGE('',*,*,#10954,.F.);
#8498=ORIENTED_EDGE('',*,*,#10923,.T.);
#8499=CARTESIAN_POINT('',(4.45,8.52307933035889,3.07760794377524));
#8500=DIRECTION('',(-0.0,0.868198814489143,0.496216503675206));
#8501=DIRECTION('',(1.0,0.0,0.0));
#8502=SURFACE_STYLE_FILL_AREA(#10955);
#8503=ORIENTED_EDGE('',*,*,#10893,.T.);
#8504=ORIENTED_EDGE('',*,*,#10956,.F.);
#8505=ORIENTED_EDGE('',*,*,#10957,.F.);
#8506=ORIENTED_EDGE('',*,*,#10958,.T.);
#8507=CARTESIAN_POINT('',(4.45,1.03379293323653,3.4690153077958));
#8508=DIRECTION('',(1.0,1.07020666685099E-15,-6.81403296200264E-15));
#8509=DIRECTION('',(-6.81403296200264E-15,0.0,-1.0));
#8510=SURFACE_STYLE_FILL_AREA(#10959);
#8511=ORIENTED_EDGE('',*,*,#10895,.F.);
#8512=ORIENTED_EDGE('',*,*,#10960,.T.);
#8513=ORIENTED_EDGE('',*,*,#10961,.F.);
#8514=ORIENTED_EDGE('',*,*,#10962,.T.);
#8515=CARTESIAN_POINT('',(3.20022128562175,7.02500935512758,-1.43269219016111));
#8516=DIRECTION('',(-5.04243082496639E-15,-0.560638994563243,-0.828060334622494));
#8517=DIRECTION('',(1.0,0.0,-6.08944857534469E-15));
#8518=SURFACE_STYLE_FILL_AREA(#10963);
#8519=ORIENTED_EDGE('',*,*,#10888,.T.);
#8520=ORIENTED_EDGE('',*,*,#10964,.T.);
#8521=ORIENTED_EDGE('',*,*,#10911,.T.);
#8522=ORIENTED_EDGE('',*,*,#10965,.F.);
#8523=CARTESIAN_POINT('',(4.45,1.06408530805543,1.84502597999597));
#8524=DIRECTION('',(1.0,6.21837397731111E-32,1.33884735538263E-31));
#8525=DIRECTION('',(1.33884735538263E-31,-0.0,-1.0));
#8526=SURFACE_STYLE_FILL_AREA(#10966);
#8527=ORIENTED_EDGE('',*,*,#10967,.F.);
#8528=ORIENTED_EDGE('',*,*,#10968,.T.);
#8529=ORIENTED_EDGE('',*,*,#10969,.T.);
#8530=ORIENTED_EDGE('',*,*,#10970,.F.);
#8531=CARTESIAN_POINT('',(4.45,2.03376761512772,-1.84));
#8532=DIRECTION('',(1.0,-2.3716327191317E-31,-6.98296267768627E-15));
#8533=DIRECTION('',(-6.98296267768627E-15,0.0,-1.0));
#8534=SURFACE_STYLE_FILL_AREA(#10971);
#8535=ORIENTED_EDGE('',*,*,#10957,.T.);
#8536=ORIENTED_EDGE('',*,*,#10972,.T.);
#8537=ORIENTED_EDGE('',*,*,#10973,.T.);
#8538=ORIENTED_EDGE('',*,*,#10974,.T.);
#8539=CARTESIAN_POINT('',(3.20022128562178,8.28634267156332,3.905147058949));
#8540=DIRECTION('',(-6.89756184086328E-15,0.155917291214355,-0.987770114095571));
#8541=DIRECTION('',(0.0,0.987770114095571,0.155917291214355));
#8542=SURFACE_STYLE_FILL_AREA(#10975);
#8543=ORIENTED_EDGE('',*,*,#10976,.F.);
#8544=ORIENTED_EDGE('',*,*,#10977,.F.);
#8545=ORIENTED_EDGE('',*,*,#10978,.T.);
#8546=ORIENTED_EDGE('',*,*,#10979,.F.);
#8547=CARTESIAN_POINT('',(4.04999999999999,8.499583,2.16011064281089));
#8548=DIRECTION('',(0.0,-1.0,0.0));
#8549=DIRECTION('',(-1.0,0.0,0.0));
#8550=SURFACE_STYLE_FILL_AREA(#10980);
#8551=ORIENTED_EDGE('',*,*,#10981,.F.);
#8552=ORIENTED_EDGE('',*,*,#10924,.T.);
#8553=ORIENTED_EDGE('',*,*,#10954,.T.);
#8554=ORIENTED_EDGE('',*,*,#10942,.F.);
#8555=CARTESIAN_POINT('',(4.45,8.7305698587749,2.11));
#8556=DIRECTION('',(1.0,0.0,-0.0));
#8557=DIRECTION('',(0.0,1.0,0.0));
#8558=SURFACE_STYLE_FILL_AREA(#10982);
#8559=ORIENTED_EDGE('',*,*,#10983,.F.);
#8560=ORIENTED_EDGE('',*,*,#10969,.F.);
#8561=ORIENTED_EDGE('',*,*,#10984,.F.);
#8562=ORIENTED_EDGE('',*,*,#10976,.T.);
#8563=CARTESIAN_POINT('',(3.20022128562178,8.35,3.16000000000001));
#8564=DIRECTION('',(-6.98296267768627E-15,1.29534309735425E-16,-1.0));
#8565=DIRECTION('',(0.0,1.0,1.29534309735425E-16));
#8566=SURFACE_STYLE_FILL_AREA(#10985);
#8567=ORIENTED_EDGE('',*,*,#10973,.F.);
#8568=ORIENTED_EDGE('',*,*,#10986,.T.);
#8569=ORIENTED_EDGE('',*,*,#10987,.T.);
#8570=ORIENTED_EDGE('',*,*,#10988,.T.);
#8571=CARTESIAN_POINT('',(3.20022128562178,8.35,2.81000000000001));
#8572=DIRECTION('',(-6.98296267768627E-15,1.29534309735425E-16,-1.0));
#8573=DIRECTION('',(0.0,1.0,1.29534309735425E-16));
#8574=SURFACE_STYLE_FILL_AREA(#10989);
#8575=ORIENTED_EDGE('',*,*,#10990,.T.);
#8576=ORIENTED_EDGE('',*,*,#10991,.F.);
#8577=ORIENTED_EDGE('',*,*,#10940,.T.);
#8578=ORIENTED_EDGE('',*,*,#10992,.F.);
#8579=CARTESIAN_POINT('',(4.45,8.699583,2.335));
#8580=DIRECTION('',(0.0,1.0,0.0));
#8581=DIRECTION('',(-0.0,0.0,-1.0));
#8582=SURFACE_STYLE_FILL_AREA(#10993);
#8583=ORIENTED_EDGE('',*,*,#10994,.T.);
#8584=ORIENTED_EDGE('',*,*,#10995,.F.);
#8585=ORIENTED_EDGE('',*,*,#10926,.T.);
#8586=ORIENTED_EDGE('',*,*,#10996,.F.);
#8587=CARTESIAN_POINT('',(4.45,8.699583,2.335));
#8588=DIRECTION('',(0.0,1.0,0.0));
#8589=DIRECTION('',(-0.0,0.0,-1.0));
#8590=SURFACE_STYLE_FILL_AREA(#10997);
#8591=ORIENTED_EDGE('',*,*,#10998,.T.);
#8592=ORIENTED_EDGE('',*,*,#10996,.T.);
#8593=ORIENTED_EDGE('',*,*,#10925,.T.);
#8594=ORIENTED_EDGE('',*,*,#10981,.T.);
#8595=ORIENTED_EDGE('',*,*,#10941,.T.);
#8596=ORIENTED_EDGE('',*,*,#10991,.T.);
#8597=ORIENTED_EDGE('',*,*,#10999,.T.);
#8598=ORIENTED_EDGE('',*,*,#10978,.F.);
#8599=CARTESIAN_POINT('',(4.45,8.07,2.41));
#8600=DIRECTION('',(0.0,0.0,1.0));
#8601=DIRECTION('',(-1.0,0.0,0.0));
#8602=SURFACE_STYLE_FILL_AREA(#11000);
#8603=ORIENTED_EDGE('',*,*,#10909,.T.);
#8604=ORIENTED_EDGE('',*,*,#11001,.T.);
#8605=ORIENTED_EDGE('',*,*,#11002,.F.);
#8606=ORIENTED_EDGE('',*,*,#11003,.T.);
#8607=CARTESIAN_POINT('',(4.45,8.07,2.61));
#8608=DIRECTION('',(0.0,0.0,1.0));
#8609=DIRECTION('',(-1.0,0.0,0.0));
#8610=SURFACE_STYLE_FILL_AREA(#11004);
#8611=ORIENTED_EDGE('',*,*,#11005,.F.);
#8612=ORIENTED_EDGE('',*,*,#11006,.F.);
#8613=ORIENTED_EDGE('',*,*,#11007,.F.);
#8614=ORIENTED_EDGE('',*,*,#11008,.F.);
#8615=CARTESIAN_POINT('',(4.88,0.596776977453159,2.34474763056312));
#8616=DIRECTION('',(-1.23797123060244E-16,1.0,0.0));
#8617=DIRECTION('',(0.0,0.0,-1.0));
#8618=SURFACE_STYLE_FILL_AREA(#11009);
#8619=ORIENTED_EDGE('',*,*,#11010,.T.);
#8620=ORIENTED_EDGE('',*,*,#11011,.F.);
#8621=ORIENTED_EDGE('',*,*,#10961,.T.);
#8622=ORIENTED_EDGE('',*,*,#11012,.F.);
#8623=CARTESIAN_POINT('',(4.88,0.596776977453159,2.91954832463333));
#8624=DIRECTION('',(-1.23797123060244E-16,1.0,0.0));
#8625=DIRECTION('',(0.0,0.0,-1.0));
#8626=SURFACE_STYLE_FILL_AREA(#11013);
#8627=ORIENTED_EDGE('',*,*,#11014,.F.);
#8628=ORIENTED_EDGE('',*,*,#11015,.T.);
#8629=ORIENTED_EDGE('',*,*,#11016,.T.);
#8630=ORIENTED_EDGE('',*,*,#11017,.F.);
#8631=CARTESIAN_POINT('',(4.45,0.67334580958978,4.01954832463333));
#8632=DIRECTION('',(-1.0,-4.42385946237387E-14,0.0));
#8633=DIRECTION('',(4.42385946237387E-14,-1.0,0.0));
#8634=SURFACE_STYLE_FILL_AREA(#11018);
#8635=ORIENTED_EDGE('',*,*,#10934,.F.);
#8636=ORIENTED_EDGE('',*,*,#11019,.T.);
#8637=ORIENTED_EDGE('',*,*,#11020,.T.);
#8638=ORIENTED_EDGE('',*,*,#11021,.F.);
#8639=CARTESIAN_POINT('',(4.45,2.35483691660787,7.26));
#8640=DIRECTION('',(-1.0,-9.10372798653513E-31,0.0));
#8641=DIRECTION('',(9.10372798653513E-31,-1.0,0.0));
#8642=SURFACE_STYLE_FILL_AREA(#11022);
#8643=ORIENTED_EDGE('',*,*,#10950,.T.);
#8644=ORIENTED_EDGE('',*,*,#11023,.F.);
#8645=ORIENTED_EDGE('',*,*,#11007,.T.);
#8646=ORIENTED_EDGE('',*,*,#11024,.F.);
#8647=CARTESIAN_POINT('',(4.88,1.78677697745316,2.39474763056312));
#8648=DIRECTION('',(0.0,0.0,1.0));
#8649=DIRECTION('',(-1.0,0.0,0.0));
#8650=SURFACE_STYLE_FILL_AREA(#11025);
#8651=ORIENTED_EDGE('',*,*,#11026,.T.);
#8652=ORIENTED_EDGE('',*,*,#10929,.T.);
#8653=ORIENTED_EDGE('',*,*,#11027,.T.);
#8654=ORIENTED_EDGE('',*,*,#10937,.T.);
#8655=CARTESIAN_POINT('',(4.45,8.39284950818552,3.00317546822396));
#8656=DIRECTION('',(-0.0,0.868198814489143,0.496216503675206));
#8657=DIRECTION('',(1.0,0.0,0.0));
#8658=SURFACE_STYLE_FILL_AREA(#11028);
#8659=ORIENTED_EDGE('',*,*,#11026,.F.);
#8660=ORIENTED_EDGE('',*,*,#10946,.T.);
#8661=ORIENTED_EDGE('',*,*,#10920,.T.);
#8662=ORIENTED_EDGE('',*,*,#10930,.F.);
#8663=CARTESIAN_POINT('',(4.45,10.2972374375735,0.17499999999999));
#8664=DIRECTION('',(-1.0,0.0,0.0));
#8665=DIRECTION('',(0.0,-1.0,0.0));
#8666=SURFACE_STYLE_FILL_AREA(#11029);
#8667=ORIENTED_EDGE('',*,*,#10967,.T.);
#8668=ORIENTED_EDGE('',*,*,#11030,.F.);
#8669=ORIENTED_EDGE('',*,*,#11016,.F.);
#8670=ORIENTED_EDGE('',*,*,#11031,.F.);
#8671=CARTESIAN_POINT('',(3.20022128562178,8.23956748419901,4.20147809317767));
#8672=DIRECTION('',(-6.89756184086328E-15,0.155917291214355,-0.987770114095571));
#8673=DIRECTION('',(0.0,0.987770114095571,0.155917291214355));
#8674=SURFACE_STYLE_FILL_AREA(#11032);
#8675=ORIENTED_EDGE('',*,*,#11033,.T.);
#8676=ORIENTED_EDGE('',*,*,#10938,.T.);
#8677=ORIENTED_EDGE('',*,*,#11027,.F.);
#8678=ORIENTED_EDGE('',*,*,#10928,.F.);
#8679=CARTESIAN_POINT('',(4.45,8.7305698587749,2.11));
#8680=DIRECTION('',(1.0,0.0,-0.0));
#8681=DIRECTION('',(0.0,1.0,0.0));
#8682=SURFACE_STYLE_FILL_AREA(#11034);
#8683=ORIENTED_EDGE('',*,*,#10953,.T.);
#8684=ORIENTED_EDGE('',*,*,#10922,.T.);
#8685=ORIENTED_EDGE('',*,*,#10903,.F.);
#8686=ORIENTED_EDGE('',*,*,#10944,.F.);
#8687=CARTESIAN_POINT('',(4.45,10.2972374375735,0.17499999999999));
#8688=DIRECTION('',(-1.0,0.0,0.0));
#8689=DIRECTION('',(0.0,-1.0,0.0));
#8690=SURFACE_STYLE_FILL_AREA(#11035);
#8691=ORIENTED_EDGE('',*,*,#11014,.T.);
#8692=ORIENTED_EDGE('',*,*,#11036,.F.);
#8693=ORIENTED_EDGE('',*,*,#11010,.F.);
#8694=ORIENTED_EDGE('',*,*,#11037,.F.);
#8695=CARTESIAN_POINT('',(4.88,0.596776977453159,3.01954832463333));
#8696=DIRECTION('',(0.0,0.0,-1.0));
#8697=DIRECTION('',(-0.0,1.0,0.0));
#8698=SURFACE_STYLE_FILL_AREA(#11038);
#8699=ORIENTED_EDGE('',*,*,#11039,.F.);
#8700=ORIENTED_EDGE('',*,*,#10987,.F.);
#8701=ORIENTED_EDGE('',*,*,#11040,.F.);
#8702=ORIENTED_EDGE('',*,*,#11002,.T.);
#8703=CARTESIAN_POINT('',(3.09242980701149,2.835,2.26));
#8704=DIRECTION('',(0.0,1.0,0.0));
#8705=DIRECTION('',(-0.0,0.0,-1.0));
#8706=SURFACE_STYLE_FILL_AREA(#11041);
#8707=ORIENTED_EDGE('',*,*,#10890,.T.);
#8708=ORIENTED_EDGE('',*,*,#11042,.T.);
#8709=ORIENTED_EDGE('',*,*,#11005,.T.);
#8710=ORIENTED_EDGE('',*,*,#11043,.T.);
#8711=CARTESIAN_POINT('',(4.45,7.03191444069877,6.85166323975607));
#8712=DIRECTION('',(-7.60020095660788E-32,-0.560638994563243,0.828060334622494));
#8713=DIRECTION('',(-1.0,1.35563188260365E-31,0.0));
#8714=SURFACE_STYLE_FILL_AREA(#11044);
#8715=ORIENTED_EDGE('',*,*,#10912,.F.);
#8716=ORIENTED_EDGE('',*,*,#10964,.F.);
#8717=ORIENTED_EDGE('',*,*,#10891,.F.);
#8718=ORIENTED_EDGE('',*,*,#11043,.F.);
#8719=ORIENTED_EDGE('',*,*,#11008,.T.);
#8720=ORIENTED_EDGE('',*,*,#11023,.T.);
#8721=ORIENTED_EDGE('',*,*,#10949,.F.);
#8722=ORIENTED_EDGE('',*,*,#10935,.T.);
#8723=ORIENTED_EDGE('',*,*,#11021,.T.);
#8724=ORIENTED_EDGE('',*,*,#11045,.T.);
#8725=ORIENTED_EDGE('',*,*,#10994,.F.);
#8726=ORIENTED_EDGE('',*,*,#10998,.F.);
#8727=ORIENTED_EDGE('',*,*,#10977,.T.);
#8728=ORIENTED_EDGE('',*,*,#10984,.T.);
#8729=ORIENTED_EDGE('',*,*,#10968,.F.);
#8730=ORIENTED_EDGE('',*,*,#11031,.T.);
#8731=ORIENTED_EDGE('',*,*,#11015,.F.);
#8732=ORIENTED_EDGE('',*,*,#11037,.T.);
#8733=ORIENTED_EDGE('',*,*,#11012,.T.);
#8734=ORIENTED_EDGE('',*,*,#10960,.F.);
#8735=ORIENTED_EDGE('',*,*,#10894,.F.);
#8736=ORIENTED_EDGE('',*,*,#10958,.F.);
#8737=ORIENTED_EDGE('',*,*,#10974,.F.);
#8738=ORIENTED_EDGE('',*,*,#10988,.F.);
#8739=ORIENTED_EDGE('',*,*,#11039,.T.);
#8740=ORIENTED_EDGE('',*,*,#11001,.F.);
#8741=CARTESIAN_POINT('',(4.88,-1.25936491931449,3.17));
#8742=DIRECTION('',(1.0,1.23797123060244E-16,0.0));
#8743=DIRECTION('',(1.23797123060244E-16,-1.0,0.0));
#8744=SURFACE_STYLE_FILL_AREA(#11046);
#8745=ORIENTED_EDGE('',*,*,#11045,.F.);
#8746=ORIENTED_EDGE('',*,*,#11020,.F.);
#8747=ORIENTED_EDGE('',*,*,#11047,.F.);
#8748=ORIENTED_EDGE('',*,*,#10992,.T.);
#8749=ORIENTED_EDGE('',*,*,#10939,.T.);
#8750=ORIENTED_EDGE('',*,*,#11033,.F.);
#8751=ORIENTED_EDGE('',*,*,#10927,.T.);
#8752=ORIENTED_EDGE('',*,*,#10995,.T.);
#8753=CARTESIAN_POINT('',(4.45,8.07,2.26));
#8754=DIRECTION('',(0.0,0.0,1.0));
#8755=DIRECTION('',(-1.0,0.0,0.0));
#8756=SURFACE_STYLE_FILL_AREA(#11048);
#8757=ORIENTED_EDGE('',*,*,#11003,.F.);
#8758=ORIENTED_EDGE('',*,*,#11040,.T.);
#8759=ORIENTED_EDGE('',*,*,#10986,.F.);
#8760=ORIENTED_EDGE('',*,*,#10972,.F.);
#8761=ORIENTED_EDGE('',*,*,#10956,.T.);
#8762=ORIENTED_EDGE('',*,*,#10896,.T.);
#8763=ORIENTED_EDGE('',*,*,#10962,.F.);
#8764=ORIENTED_EDGE('',*,*,#11011,.T.);
#8765=ORIENTED_EDGE('',*,*,#11036,.T.);
#8766=ORIENTED_EDGE('',*,*,#11017,.T.);
#8767=ORIENTED_EDGE('',*,*,#11030,.T.);
#8768=ORIENTED_EDGE('',*,*,#10970,.T.);
#8769=ORIENTED_EDGE('',*,*,#10983,.T.);
#8770=ORIENTED_EDGE('',*,*,#10979,.T.);
#8771=ORIENTED_EDGE('',*,*,#10999,.F.);
#8772=ORIENTED_EDGE('',*,*,#10990,.F.);
#8773=ORIENTED_EDGE('',*,*,#11047,.T.);
#8774=ORIENTED_EDGE('',*,*,#11019,.F.);
#8775=ORIENTED_EDGE('',*,*,#10933,.T.);
#8776=ORIENTED_EDGE('',*,*,#10951,.T.);
#8777=ORIENTED_EDGE('',*,*,#11024,.T.);
#8778=ORIENTED_EDGE('',*,*,#11006,.T.);
#8779=ORIENTED_EDGE('',*,*,#11042,.F.);
#8780=ORIENTED_EDGE('',*,*,#10889,.T.);
#8781=ORIENTED_EDGE('',*,*,#10965,.T.);
#8782=ORIENTED_EDGE('',*,*,#10910,.F.);
#8783=CARTESIAN_POINT('',(4.02,-1.25936491931449,3.17));
#8784=DIRECTION('',(-1.0,-1.23797123060244E-16,0.0));
#8785=DIRECTION('',(1.23797123060244E-16,-1.0,0.0));
#8786=SURFACE_STYLE_FILL_AREA(#11049);
#8787=SURFACE_STYLE_FILL_AREA(#11050);
#8788=ORIENTED_EDGE('',*,*,#11051,.T.);
#8789=ORIENTED_EDGE('',*,*,#11052,.F.);
#8790=ORIENTED_EDGE('',*,*,#11053,.F.);
#8791=ORIENTED_EDGE('',*,*,#11054,.F.);
#8792=ORIENTED_EDGE('',*,*,#11055,.F.);
#8793=ORIENTED_EDGE('',*,*,#11056,.T.);
#8794=ORIENTED_EDGE('',*,*,#11057,.F.);
#8795=ORIENTED_EDGE('',*,*,#11058,.T.);
#8796=ORIENTED_EDGE('',*,*,#11059,.F.);
#8797=CARTESIAN_POINT('',(4.81338055098077,7.22500065681814,0.32499999999998));
#8798=DIRECTION('',(-3.49148133884313E-15,0.0,1.0));
#8799=DIRECTION('',(1.0,0.0,3.49148133884313E-15));
#8800=SURFACE_STYLE_FILL_AREA(#11060);
#8801=ORIENTED_EDGE('',*,*,#11061,.F.);
#8802=ORIENTED_EDGE('',*,*,#11062,.F.);
#8803=ORIENTED_EDGE('',*,*,#11063,.F.);
#8804=ORIENTED_EDGE('',*,*,#11064,.F.);
#8805=ORIENTED_EDGE('',*,*,#11065,.F.);
#8806=ORIENTED_EDGE('',*,*,#11066,.F.);
#8807=ORIENTED_EDGE('',*,*,#11067,.T.);
#8808=CARTESIAN_POINT('',(4.81338055098077,7.22500065681814,-0.0750000000000202));
#8809=DIRECTION('',(-3.49148133884313E-15,0.0,1.0));
#8810=DIRECTION('',(1.0,0.0,3.49148133884313E-15));
#8811=SURFACE_STYLE_FILL_AREA(#11068);
#8812=ORIENTED_EDGE('',*,*,#11069,.F.);
#8813=ORIENTED_EDGE('',*,*,#11070,.F.);
#8814=ORIENTED_EDGE('',*,*,#11071,.F.);
#8815=ORIENTED_EDGE('',*,*,#11072,.F.);
#8816=CARTESIAN_POINT('',(8.52938055098077,5.75000065681814,0.325));
#8817=DIRECTION('',(-3.49148133884313E-15,0.0,1.0));
#8818=DIRECTION('',(1.0,0.0,3.49148133884313E-15));
#8819=SURFACE_STYLE_FILL_AREA(#11073);
#8820=ORIENTED_EDGE('',*,*,#11074,.T.);
#8821=ORIENTED_EDGE('',*,*,#11075,.T.);
#8822=ORIENTED_EDGE('',*,*,#11076,.F.);
#8823=ORIENTED_EDGE('',*,*,#11077,.T.);
#8824=CARTESIAN_POINT('',(4.81338055098076,3.60000065681814,0.32499999999998));
#8825=DIRECTION('',(-1.10745880744178E-16,-1.0,-3.86667175972045E-31));
#8826=DIRECTION('',(-1.0,1.10745880744178E-16,0.0));
#8827=SURFACE_STYLE_FILL_AREA(#11078);
#8828=ORIENTED_EDGE('',*,*,#11079,.F.);
#8829=ORIENTED_EDGE('',*,*,#11080,.F.);
#8830=ORIENTED_EDGE('',*,*,#11081,.F.);
#8831=ORIENTED_EDGE('',*,*,#11082,.T.);
#8832=CARTESIAN_POINT('',(8.13,8.45000065681814,2.37038055098076));
#8833=DIRECTION('',(-0.0,2.47817639425258E-16,-1.0));
#8834=DIRECTION('',(0.0,1.0,2.47817639425258E-16));
#8835=SURFACE_STYLE_FILL_AREA(#11083);
#8836=ORIENTED_EDGE('',*,*,#11084,.T.);
#8837=ORIENTED_EDGE('',*,*,#11059,.T.);
#8838=ORIENTED_EDGE('',*,*,#11085,.T.);
#8839=ORIENTED_EDGE('',*,*,#11062,.T.);
#8840=CARTESIAN_POINT('',(7.92938055098077,10.6000006568181,-1.72002310014176));
#8841=DIRECTION('',(3.49148133884313E-15,0.0,-1.0));
#8842=DIRECTION('',(-1.0,0.0,-3.49148133884313E-15));
#8843=SURFACE_STYLE_FILL_AREA(#11086);
#8844=ORIENTED_EDGE('',*,*,#11087,.F.);
#8845=ORIENTED_EDGE('',*,*,#11088,.F.);
#8846=ORIENTED_EDGE('',*,*,#11089,.F.);
#8847=ORIENTED_EDGE('',*,*,#11077,.F.);
#8848=CARTESIAN_POINT('',(8.52938055098077,3.80000065681814,0.325));
#8849=DIRECTION('',(3.49148133884313E-15,0.0,-1.0));
#8850=DIRECTION('',(-1.0,0.0,-3.49148133884313E-15));
#8851=SURFACE_STYLE_FILL_AREA(#11090);
#8852=ORIENTED_EDGE('',*,*,#11091,.T.);
#8853=ORIENTED_EDGE('',*,*,#11057,.T.);
#8854=ORIENTED_EDGE('',*,*,#11092,.T.);
#8855=ORIENTED_EDGE('',*,*,#11064,.T.);
#8856=CARTESIAN_POINT('',(8.52938055098077,10.6000006568181,0.325));
#8857=DIRECTION('',(3.49148133884313E-15,0.0,-1.0));
#8858=DIRECTION('',(-1.0,0.0,-3.49148133884313E-15));
#8859=SURFACE_STYLE_FILL_AREA(#11093);
#8860=ORIENTED_EDGE('',*,*,#11091,.F.);
#8861=ORIENTED_EDGE('',*,*,#11063,.T.);
#8862=ORIENTED_EDGE('',*,*,#11085,.F.);
#8863=ORIENTED_EDGE('',*,*,#11058,.F.);
#8864=CARTESIAN_POINT('',(4.81338055098076,10.8000006568181,0.32499999999998));
#8865=DIRECTION('',(1.10745880744178E-16,-1.0,3.86667175972045E-31));
#8866=DIRECTION('',(1.0,1.10745880744178E-16,0.0));
#8867=SURFACE_STYLE_FILL_AREA(#11094);
#8868=ORIENTED_EDGE('',*,*,#11092,.F.);
#8869=ORIENTED_EDGE('',*,*,#11056,.F.);
#8870=ORIENTED_EDGE('',*,*,#11095,.F.);
#8871=ORIENTED_EDGE('',*,*,#11065,.T.);
#8872=CARTESIAN_POINT('',(8.72938055098077,3.60000065681814,0.325));
#8873=DIRECTION('',(-1.0,-1.20466908053945E-16,-3.49148133884313E-15));
#8874=DIRECTION('',(3.49148133884313E-15,0.0,-1.0));
#8875=SURFACE_STYLE_FILL_AREA(#11096);
#8876=ORIENTED_EDGE('',*,*,#11097,.T.);
#8877=ORIENTED_EDGE('',*,*,#11098,.F.);
#8878=ORIENTED_EDGE('',*,*,#11099,.T.);
#8879=ORIENTED_EDGE('',*,*,#11100,.T.);
#8880=CARTESIAN_POINT('',(8.13,10.8000006568181,3.37038055098076));
#8881=DIRECTION('',(0.0,1.22464679914735E-16,1.0));
#8882=DIRECTION('',(0.0,-1.0,1.22464679914735E-16));
#8883=SURFACE_STYLE_FILL_AREA(#11101);
#8884=ORIENTED_EDGE('',*,*,#11102,.T.);
#8885=ORIENTED_EDGE('',*,*,#11103,.F.);
#8886=ORIENTED_EDGE('',*,*,#11104,.T.);
#8887=ORIENTED_EDGE('',*,*,#11105,.F.);
#8888=CARTESIAN_POINT('',(8.13,5.15000065681814,-0.09661944901924));
#8889=DIRECTION('',(-0.0,1.0,-3.75264668872975E-16));
#8890=DIRECTION('',(0.0,3.75264668872975E-16,1.0));
#8891=SURFACE_STYLE_FILL_AREA(#11106);
#8892=ORIENTED_EDGE('',*,*,#11102,.F.);
#8893=ORIENTED_EDGE('',*,*,#11107,.F.);
#8894=ORIENTED_EDGE('',*,*,#11108,.T.);
#8895=ORIENTED_EDGE('',*,*,#11074,.F.);
#8896=ORIENTED_EDGE('',*,*,#11089,.T.);
#8897=ORIENTED_EDGE('',*,*,#11109,.F.);
#8898=ORIENTED_EDGE('',*,*,#11071,.T.);
#8899=ORIENTED_EDGE('',*,*,#11110,.T.);
#8900=ORIENTED_EDGE('',*,*,#11111,.T.);
#8901=CARTESIAN_POINT('',(4.81338055098077,7.20000065681814,0.32499999999998));
#8902=DIRECTION('',(3.49148133884313E-15,0.0,-1.0));
#8903=DIRECTION('',(1.0,0.0,3.49148133884313E-15));
#8904=SURFACE_STYLE_FILL_AREA(#11112);
#8905=ORIENTED_EDGE('',*,*,#11113,.T.);
#8906=ORIENTED_EDGE('',*,*,#11114,.F.);
#8907=ORIENTED_EDGE('',*,*,#11069,.T.);
#8908=ORIENTED_EDGE('',*,*,#11115,.T.);
#8909=ORIENTED_EDGE('',*,*,#11087,.T.);
#8910=ORIENTED_EDGE('',*,*,#11076,.T.);
#8911=ORIENTED_EDGE('',*,*,#11116,.T.);
#8912=CARTESIAN_POINT('',(4.81338055098077,7.20000065681814,-0.0750000000000202));
#8913=DIRECTION('',(3.49148133884313E-15,0.0,-1.0));
#8914=DIRECTION('',(1.0,0.0,3.49148133884313E-15));
#8915=SURFACE_STYLE_FILL_AREA(#11117);
#8916=ORIENTED_EDGE('',*,*,#11082,.F.);
#8917=ORIENTED_EDGE('',*,*,#11118,.F.);
#8918=ORIENTED_EDGE('',*,*,#11067,.F.);
#8919=ORIENTED_EDGE('',*,*,#11119,.F.);
#8920=ORIENTED_EDGE('',*,*,#11054,.T.);
#8921=ORIENTED_EDGE('',*,*,#11120,.T.);
#8922=CARTESIAN_POINT('',(8.13,8.45000065681814,-0.54561944901924));
#8923=DIRECTION('',(0.0,-1.0,-2.97449155688753E-16));
#8924=DIRECTION('',(-0.0,2.97449155688753E-16,-1.0));
#8925=SURFACE_STYLE_FILL_AREA(#11121);
#8926=ORIENTED_EDGE('',*,*,#11116,.F.);
#8927=ORIENTED_EDGE('',*,*,#11075,.F.);
#8928=ORIENTED_EDGE('',*,*,#11108,.F.);
#8929=ORIENTED_EDGE('',*,*,#11122,.F.);
#8930=CARTESIAN_POINT('',(7.92938055098077,3.80000065681814,-1.72002310014176));
#8931=DIRECTION('',(3.49148133884313E-15,0.0,-1.0));
#8932=DIRECTION('',(-1.0,0.0,-3.49148133884313E-15));
#8933=SURFACE_STYLE_FILL_AREA(#11123);
#8934=ORIENTED_EDGE('',*,*,#11052,.T.);
#8935=ORIENTED_EDGE('',*,*,#11124,.T.);
#8936=ORIENTED_EDGE('',*,*,#11125,.F.);
#8937=ORIENTED_EDGE('',*,*,#11126,.T.);
#8938=CARTESIAN_POINT('',(8.13,9.25000065681814,-0.09661944901924));
#8939=DIRECTION('',(0.0,1.0,3.75264668872975E-16));
#8940=DIRECTION('',(-1.0,0.0,0.0));
#8941=SURFACE_STYLE_FILL_AREA(#11127);
#8942=ORIENTED_EDGE('',*,*,#11128,.F.);
#8943=ORIENTED_EDGE('',*,*,#11100,.F.);
#8944=ORIENTED_EDGE('',*,*,#11129,.F.);
#8945=ORIENTED_EDGE('',*,*,#11104,.F.);
#8946=CARTESIAN_POINT('',(8.13,5.65000065681814,3.37038055098076));
#8947=DIRECTION('',(0.0,-0.707106781186549,0.707106781186546));
#8948=DIRECTION('',(1.0,0.0,0.0));
#8949=SURFACE_STYLE_FILL_AREA(#11130);
#8950=ORIENTED_EDGE('',*,*,#11081,.T.);
#8951=ORIENTED_EDGE('',*,*,#11131,.F.);
#8952=ORIENTED_EDGE('',*,*,#11113,.F.);
#8953=ORIENTED_EDGE('',*,*,#11122,.T.);
#8954=ORIENTED_EDGE('',*,*,#11107,.T.);
#8955=ORIENTED_EDGE('',*,*,#11105,.T.);
#8956=ORIENTED_EDGE('',*,*,#11129,.T.);
#8957=ORIENTED_EDGE('',*,*,#11099,.F.);
#8958=ORIENTED_EDGE('',*,*,#11132,.F.);
#8959=ORIENTED_EDGE('',*,*,#11124,.F.);
#8960=ORIENTED_EDGE('',*,*,#11051,.F.);
#8961=ORIENTED_EDGE('',*,*,#11084,.F.);
#8962=ORIENTED_EDGE('',*,*,#11061,.T.);
#8963=ORIENTED_EDGE('',*,*,#11118,.T.);
#8964=CARTESIAN_POINT('',(7.73,7.20000065681814,3.37038055098076));
#8965=DIRECTION('',(-1.0,0.0,0.0));
#8966=DIRECTION('',(0.0,-1.0,0.0));
#8967=SURFACE_STYLE_FILL_AREA(#11133);
#8968=ORIENTED_EDGE('',*,*,#11079,.T.);
#8969=ORIENTED_EDGE('',*,*,#11120,.F.);
#8970=ORIENTED_EDGE('',*,*,#11053,.T.);
#8971=ORIENTED_EDGE('',*,*,#11126,.F.);
#8972=ORIENTED_EDGE('',*,*,#11134,.F.);
#8973=ORIENTED_EDGE('',*,*,#11097,.F.);
#8974=ORIENTED_EDGE('',*,*,#11128,.T.);
#8975=ORIENTED_EDGE('',*,*,#11103,.T.);
#8976=ORIENTED_EDGE('',*,*,#11111,.F.);
#8977=ORIENTED_EDGE('',*,*,#11135,.T.);
#8978=CARTESIAN_POINT('',(8.13,7.20000065681814,3.37038055098076));
#8979=DIRECTION('',(-1.0,0.0,0.0));
#8980=DIRECTION('',(0.0,-1.0,0.0));
#8981=SURFACE_STYLE_FILL_AREA(#11136);
#8982=ORIENTED_EDGE('',*,*,#11135,.F.);
#8983=ORIENTED_EDGE('',*,*,#11110,.F.);
#8984=ORIENTED_EDGE('',*,*,#11070,.T.);
#8985=ORIENTED_EDGE('',*,*,#11114,.T.);
#8986=ORIENTED_EDGE('',*,*,#11131,.T.);
#8987=ORIENTED_EDGE('',*,*,#11080,.T.);
#8988=CARTESIAN_POINT('',(8.13,5.95000065681814,-0.54561944901924));
#8989=DIRECTION('',(0.0,-1.0,2.97449155688753E-16));
#8990=DIRECTION('',(0.0,2.97449155688753E-16,1.0));
#8991=SURFACE_STYLE_FILL_AREA(#11137);
#8992=ORIENTED_EDGE('',*,*,#11115,.F.);
#8993=ORIENTED_EDGE('',*,*,#11072,.T.);
#8994=ORIENTED_EDGE('',*,*,#11109,.T.);
#8995=ORIENTED_EDGE('',*,*,#11088,.T.);
#8996=CARTESIAN_POINT('',(8.72938055098077,10.8000006568181,0.325));
#8997=DIRECTION('',(1.0,-1.20466908053945E-16,3.49148133884313E-15));
#8998=DIRECTION('',(1.20466908053945E-16,1.0,0.0));
#8999=SURFACE_STYLE_FILL_AREA(#11138);
#9000=ORIENTED_EDGE('',*,*,#11125,.T.);
#9001=ORIENTED_EDGE('',*,*,#11132,.T.);
#9002=ORIENTED_EDGE('',*,*,#11098,.T.);
#9003=ORIENTED_EDGE('',*,*,#11134,.T.);
#9004=CARTESIAN_POINT('',(8.13,8.75000065681814,3.37038055098076));
#9005=DIRECTION('',(0.0,-0.707106781186549,-0.707106781186546));
#9006=DIRECTION('',(1.0,0.0,0.0));
#9007=SURFACE_STYLE_FILL_AREA(#11139);
#9008=ORIENTED_EDGE('',*,*,#11095,.T.);
#9009=ORIENTED_EDGE('',*,*,#11055,.T.);
#9010=ORIENTED_EDGE('',*,*,#11119,.T.);
#9011=ORIENTED_EDGE('',*,*,#11066,.T.);
#9012=CARTESIAN_POINT('',(8.52938055098077,8.65000065681814,0.325));
#9013=DIRECTION('',(-3.49148133884313E-15,0.0,1.0));
#9014=DIRECTION('',(1.0,0.0,3.49148133884313E-15));
#9015=SURFACE_STYLE_FILL_AREA(#11140);
#9016=SURFACE_STYLE_FILL_AREA(#11141);
#9017=ORIENTED_EDGE('',*,*,#11142,.F.);
#9018=ORIENTED_EDGE('',*,*,#11143,.F.);
#9019=ORIENTED_EDGE('',*,*,#11144,.F.);
#9020=ORIENTED_EDGE('',*,*,#11145,.T.);
#9021=CARTESIAN_POINT('',(4.45,1.06408530805543,0.575025979995966));
#9022=DIRECTION('',(1.0,3.13688606629153E-32,7.84179531399106E-32));
#9023=DIRECTION('',(7.84179531399106E-32,6.10622663543836E-16,-1.0));
#9024=SURFACE_STYLE_FILL_AREA(#11146);
#9025=ORIENTED_EDGE('',*,*,#11147,.F.);
#9026=ORIENTED_EDGE('',*,*,#11148,.T.);
#9027=ORIENTED_EDGE('',*,*,#11149,.T.);
#9028=ORIENTED_EDGE('',*,*,#11150,.F.);
#9029=CARTESIAN_POINT('',(4.45,1.03379293323653,2.19901530779579));
#9030=DIRECTION('',(1.0,1.07020666685099E-15,-6.81403296200264E-15));
#9031=DIRECTION('',(-6.81403296200264E-15,6.10622663543836E-16,-1.0));
#9032=SURFACE_STYLE_FILL_AREA(#11151);
#9033=ORIENTED_EDGE('',*,*,#11152,.T.);
#9034=ORIENTED_EDGE('',*,*,#11153,.T.);
#9035=ORIENTED_EDGE('',*,*,#11154,.T.);
#9036=ORIENTED_EDGE('',*,*,#11155,.T.);
#9037=ORIENTED_EDGE('',*,*,#11156,.F.);
#9038=ORIENTED_EDGE('',*,*,#11157,.T.);
#9039=ORIENTED_EDGE('',*,*,#11158,.T.);
#9040=ORIENTED_EDGE('',*,*,#11159,.T.);
#9041=CARTESIAN_POINT('',(4.45,8.35,1.14));
#9042=DIRECTION('',(5.54667823983524E-32,-6.10622663543836E-16,1.0));
#9043=DIRECTION('',(-1.0,3.08148791101957E-32,5.54667823983524E-32));
#9044=SURFACE_STYLE_FILL_AREA(#11160);
#9045=ORIENTED_EDGE('',*,*,#11161,.F.);
#9046=ORIENTED_EDGE('',*,*,#11162,.F.);
#9047=ORIENTED_EDGE('',*,*,#11163,.F.);
#9048=ORIENTED_EDGE('',*,*,#11164,.F.);
#9049=ORIENTED_EDGE('',*,*,#11153,.F.);
#9050=ORIENTED_EDGE('',*,*,#11165,.T.);
#9051=ORIENTED_EDGE('',*,*,#11166,.F.);
#9052=ORIENTED_EDGE('',*,*,#11167,.T.);
#9053=ORIENTED_EDGE('',*,*,#11168,.F.);
#9054=ORIENTED_EDGE('',*,*,#11169,.T.);
#9055=ORIENTED_EDGE('',*,*,#11170,.F.);
#9056=ORIENTED_EDGE('',*,*,#11171,.F.);
#9057=CARTESIAN_POINT('',(4.15,8.35026,-0.85432535090748));
#9058=DIRECTION('',(-1.0,-1.24335111523567E-16,-2.0455054572188E-32));
#9059=DIRECTION('',(1.24335111523567E-16,-1.0,-6.10622663543836E-16));
#9060=SURFACE_STYLE_FILL_AREA(#11172);
#9061=ORIENTED_EDGE('',*,*,#11173,.T.);
#9062=ORIENTED_EDGE('',*,*,#11174,.T.);
#9063=ORIENTED_EDGE('',*,*,#11175,.T.);
#9064=ORIENTED_EDGE('',*,*,#11176,.T.);
#9065=ORIENTED_EDGE('',*,*,#11168,.T.);
#9066=ORIENTED_EDGE('',*,*,#11177,.T.);
#9067=CARTESIAN_POINT('',(4.45,7.65600045379809,0.0749999999999897));
#9068=DIRECTION('',(5.54667823983524E-32,-6.10622663543836E-16,1.0));
#9069=DIRECTION('',(-1.0,3.08148791101957E-32,5.54667823983524E-32));
#9070=SURFACE_STYLE_FILL_AREA(#11178);
#9071=ORIENTED_EDGE('',*,*,#11179,.F.);
#9072=ORIENTED_EDGE('',*,*,#11171,.T.);
#9073=ORIENTED_EDGE('',*,*,#11180,.T.);
#9074=ORIENTED_EDGE('',*,*,#11181,.F.);
#9075=CARTESIAN_POINT('',(4.45,9.04162148191745,0.174999999999989));
#9076=DIRECTION('',(-1.0,3.08148791101957E-32,5.54667823983524E-32));
#9077=DIRECTION('',(-3.08148791101957E-32,-1.0,-6.10622663543836E-16));
#9078=SURFACE_STYLE_FILL_AREA(#11182);
#9079=ORIENTED_EDGE('',*,*,#11183,.F.);
#9080=ORIENTED_EDGE('',*,*,#11184,.T.);
#9081=ORIENTED_EDGE('',*,*,#11175,.F.);
#9082=ORIENTED_EDGE('',*,*,#11185,.T.);
#9083=CARTESIAN_POINT('',(4.75,9.4000004537981,-1.91959628764808));
#9084=DIRECTION('',(3.08148791101957E-32,1.0,6.10622663543836E-16));
#9085=DIRECTION('',(-5.54667823983524E-32,6.10622663543836E-16,-1.0));
#9086=SURFACE_STYLE_FILL_AREA(#11186);
#9087=ORIENTED_EDGE('',*,*,#11179,.T.);
#9088=ORIENTED_EDGE('',*,*,#11187,.T.);
#9089=ORIENTED_EDGE('',*,*,#11188,.T.);
#9090=ORIENTED_EDGE('',*,*,#11161,.T.);
#9091=CARTESIAN_POINT('',(4.45,8.41665325689535,1.22215114562161));
#9092=DIRECTION('',(4.71942585826456E-32,0.945518575599318,0.325568154457155));
#9093=DIRECTION('',(1.0,-3.08148791101957E-32,-5.54667823983524E-32));
#9094=SURFACE_STYLE_FILL_AREA(#11189);
#9095=ORIENTED_EDGE('',*,*,#11190,.F.);
#9096=ORIENTED_EDGE('',*,*,#11191,.T.);
#9097=ORIENTED_EDGE('',*,*,#11192,.F.);
#9098=ORIENTED_EDGE('',*,*,#11193,.F.);
#9099=ORIENTED_EDGE('',*,*,#11194,.F.);
#9100=ORIENTED_EDGE('',*,*,#11195,.F.);
#9101=ORIENTED_EDGE('',*,*,#11196,.F.);
#9102=ORIENTED_EDGE('',*,*,#11163,.T.);
#9103=CARTESIAN_POINT('',(4.45,8.35,0.99));
#9104=DIRECTION('',(5.54667823983524E-32,-6.10622663543836E-16,1.0));
#9105=DIRECTION('',(-1.0,3.08148791101957E-32,5.54667823983524E-32));
#9106=SURFACE_STYLE_FILL_AREA(#11197);
#9107=ORIENTED_EDGE('',*,*,#11190,.T.);
#9108=ORIENTED_EDGE('',*,*,#11162,.T.);
#9109=ORIENTED_EDGE('',*,*,#11188,.F.);
#9110=ORIENTED_EDGE('',*,*,#11198,.F.);
#9111=CARTESIAN_POINT('',(4.45,8.38959534660515,0.84));
#9112=DIRECTION('',(1.0,-3.08148791101957E-32,-5.54667823983524E-32));
#9113=DIRECTION('',(3.08148791101957E-32,1.0,6.10622663543836E-16));
#9114=SURFACE_STYLE_FILL_AREA(#11199);
#9115=ORIENTED_EDGE('',*,*,#11200,.F.);
#9116=ORIENTED_EDGE('',*,*,#11169,.F.);
#9117=ORIENTED_EDGE('',*,*,#11176,.F.);
#9118=ORIENTED_EDGE('',*,*,#11184,.F.);
#9119=CARTESIAN_POINT('',(4.3,9.2500004537981,-1.91959628764808));
#9120=DIRECTION('',(-5.54667823983524E-32,6.10622663543836E-16,-1.0));
#9121=DIRECTION('',(-1.0,3.08148791101957E-32,5.54667823983524E-32));
#9122=SURFACE_STYLE_FILL_AREA(#11201);
#9123=ORIENTED_EDGE('',*,*,#11149,.F.);
#9124=ORIENTED_EDGE('',*,*,#11202,.T.);
#9125=ORIENTED_EDGE('',*,*,#11203,.F.);
#9126=ORIENTED_EDGE('',*,*,#11204,.T.);
#9127=CARTESIAN_POINT('',(3.20022128562175,7.02500935512758,-2.70269219016111));
#9128=DIRECTION('',(-5.04243082496639E-15,-0.560638994563242,-0.828060334622494));
#9129=DIRECTION('',(1.0,3.68754042947999E-30,-6.08944857534469E-15));
#9130=SURFACE_STYLE_FILL_AREA(#11205);
#9131=ORIENTED_EDGE('',*,*,#11206,.F.);
#9132=ORIENTED_EDGE('',*,*,#11207,.T.);
#9133=ORIENTED_EDGE('',*,*,#11173,.F.);
#9134=ORIENTED_EDGE('',*,*,#11208,.F.);
#9135=ORIENTED_EDGE('',*,*,#11209,.F.);
#9136=ORIENTED_EDGE('',*,*,#11210,.F.);
#9137=ORIENTED_EDGE('',*,*,#11159,.F.);
#9138=ORIENTED_EDGE('',*,*,#11211,.F.);
#9139=ORIENTED_EDGE('',*,*,#11191,.F.);
#9140=ORIENTED_EDGE('',*,*,#11198,.T.);
#9141=ORIENTED_EDGE('',*,*,#11187,.F.);
#9142=ORIENTED_EDGE('',*,*,#11181,.T.);
#9143=CARTESIAN_POINT('',(4.75,8.35026,-0.85432535090748));
#9144=DIRECTION('',(1.0,1.24335111523567E-16,2.0455054572188E-32));
#9145=DIRECTION('',(1.24335111523567E-16,-1.0,-6.10622663543836E-16));
#9146=SURFACE_STYLE_FILL_AREA(#11212);
#9147=ORIENTED_EDGE('',*,*,#11213,.F.);
#9148=ORIENTED_EDGE('',*,*,#11214,.T.);
#9149=ORIENTED_EDGE('',*,*,#11215,.T.);
#9150=ORIENTED_EDGE('',*,*,#11216,.F.);
#9151=CARTESIAN_POINT('',(4.45,0.673345809589779,2.74954832463333));
#9152=DIRECTION('',(-1.0,-4.42385946237387E-14,-2.6957621698185E-29));
#9153=DIRECTION('',(4.42385946237387E-14,-1.0,-6.10622663543836E-16));
#9154=SURFACE_STYLE_FILL_AREA(#11217);
#9155=ORIENTED_EDGE('',*,*,#11218,.T.);
#9156=ORIENTED_EDGE('',*,*,#11219,.F.);
#9157=ORIENTED_EDGE('',*,*,#11215,.F.);
#9158=ORIENTED_EDGE('',*,*,#11220,.F.);
#9159=CARTESIAN_POINT('',(3.20022128562178,8.23956748419901,2.93147809317767));
#9160=DIRECTION('',(-6.89756184086328E-15,0.155917291214356,-0.987770114095571));
#9161=DIRECTION('',(3.90862471184465E-32,0.987770114095571,0.155917291214356));
#9162=SURFACE_STYLE_FILL_AREA(#11221);
#9163=ORIENTED_EDGE('',*,*,#11222,.F.);
#9164=ORIENTED_EDGE('',*,*,#11166,.T.);
#9165=ORIENTED_EDGE('',*,*,#11223,.F.);
#9166=ORIENTED_EDGE('',*,*,#11209,.T.);
#9167=CARTESIAN_POINT('',(4.45,8.55848104323525,1.27098636879019));
#9168=DIRECTION('',(4.71942585826456E-32,0.945518575599318,0.325568154457155));
#9169=DIRECTION('',(1.0,-3.08148791101957E-32,-5.54667823983524E-32));
#9170=SURFACE_STYLE_FILL_AREA(#11224);
#9171=ORIENTED_EDGE('',*,*,#11222,.T.);
#9172=ORIENTED_EDGE('',*,*,#11208,.T.);
#9173=ORIENTED_EDGE('',*,*,#11177,.F.);
#9174=ORIENTED_EDGE('',*,*,#11167,.F.);
#9175=CARTESIAN_POINT('',(4.45,9.04162148191745,0.174999999999989));
#9176=DIRECTION('',(-1.0,3.08148791101957E-32,5.54667823983524E-32));
#9177=DIRECTION('',(-3.08148791101957E-32,-1.0,-6.10622663543836E-16));
#9178=SURFACE_STYLE_FILL_AREA(#11225);
#9179=ORIENTED_EDGE('',*,*,#11152,.F.);
#9180=ORIENTED_EDGE('',*,*,#11210,.T.);
#9181=ORIENTED_EDGE('',*,*,#11223,.T.);
#9182=ORIENTED_EDGE('',*,*,#11165,.F.);
#9183=CARTESIAN_POINT('',(4.45,8.38959534660515,0.84));
#9184=DIRECTION('',(1.0,-3.08148791101957E-32,-5.54667823983524E-32));
#9185=DIRECTION('',(3.08148791101957E-32,1.0,6.10622663543836E-16));
#9186=SURFACE_STYLE_FILL_AREA(#11226);
#9187=ORIENTED_EDGE('',*,*,#11227,.T.);
#9188=ORIENTED_EDGE('',*,*,#11192,.T.);
#9189=ORIENTED_EDGE('',*,*,#11211,.T.);
#9190=ORIENTED_EDGE('',*,*,#11158,.F.);
#9191=CARTESIAN_POINT('',(4.84999999999999,8.35026,1.14));
#9192=DIRECTION('',(3.08148791101957E-32,1.0,6.10622663543836E-16));
#9193=DIRECTION('',(-5.54667823983524E-32,6.10622663543836E-16,-1.0));
#9194=SURFACE_STYLE_FILL_AREA(#11228);
#9195=ORIENTED_EDGE('',*,*,#11218,.F.);
#9196=ORIENTED_EDGE('',*,*,#11229,.T.);
#9197=ORIENTED_EDGE('',*,*,#11230,.T.);
#9198=ORIENTED_EDGE('',*,*,#11231,.F.);
#9199=CARTESIAN_POINT('',(4.45,2.03376761512772,-3.11));
#9200=DIRECTION('',(1.0,3.99597711865262E-30,-6.98296267768627E-15));
#9201=DIRECTION('',(-6.98296267768627E-15,6.10622663543836E-16,-1.0));
#9202=SURFACE_STYLE_FILL_AREA(#11232);
#9203=ORIENTED_EDGE('',*,*,#11233,.F.);
#9204=ORIENTED_EDGE('',*,*,#11195,.T.);
#9205=ORIENTED_EDGE('',*,*,#11234,.F.);
#9206=ORIENTED_EDGE('',*,*,#11235,.T.);
#9207=ORIENTED_EDGE('',*,*,#11236,.T.);
#9208=ORIENTED_EDGE('',*,*,#11237,.T.);
#9209=ORIENTED_EDGE('',*,*,#11238,.T.);
#9210=ORIENTED_EDGE('',*,*,#11239,.F.);
#9211=ORIENTED_EDGE('',*,*,#11143,.T.);
#9212=ORIENTED_EDGE('',*,*,#11240,.T.);
#9213=ORIENTED_EDGE('',*,*,#11241,.F.);
#9214=ORIENTED_EDGE('',*,*,#11242,.F.);
#9215=ORIENTED_EDGE('',*,*,#11243,.T.);
#9216=ORIENTED_EDGE('',*,*,#11244,.F.);
#9217=ORIENTED_EDGE('',*,*,#11245,.F.);
#9218=ORIENTED_EDGE('',*,*,#11246,.T.);
#9219=ORIENTED_EDGE('',*,*,#11150,.T.);
#9220=ORIENTED_EDGE('',*,*,#11204,.F.);
#9221=ORIENTED_EDGE('',*,*,#11247,.T.);
#9222=ORIENTED_EDGE('',*,*,#11248,.T.);
#9223=ORIENTED_EDGE('',*,*,#11216,.T.);
#9224=ORIENTED_EDGE('',*,*,#11219,.T.);
#9225=ORIENTED_EDGE('',*,*,#11231,.T.);
#9226=ORIENTED_EDGE('',*,*,#11249,.T.);
#9227=ORIENTED_EDGE('',*,*,#11250,.T.);
#9228=ORIENTED_EDGE('',*,*,#11155,.F.);
#9229=CARTESIAN_POINT('',(4.02,-1.25936491931449,1.89999999999999));
#9230=DIRECTION('',(-1.0,-1.23797123060244E-16,-2.01265466237578E-32));
#9231=DIRECTION('',(1.23797123060244E-16,-1.0,-6.10622663543836E-16));
#9232=SURFACE_STYLE_FILL_AREA(#11251);
#9233=ORIENTED_EDGE('',*,*,#11193,.T.);
#9234=ORIENTED_EDGE('',*,*,#11227,.F.);
#9235=ORIENTED_EDGE('',*,*,#11157,.F.);
#9236=ORIENTED_EDGE('',*,*,#11252,.T.);
#9237=ORIENTED_EDGE('',*,*,#11253,.T.);
#9238=ORIENTED_EDGE('',*,*,#11229,.F.);
#9239=ORIENTED_EDGE('',*,*,#11220,.T.);
#9240=ORIENTED_EDGE('',*,*,#11214,.F.);
#9241=ORIENTED_EDGE('',*,*,#11254,.T.);
#9242=ORIENTED_EDGE('',*,*,#11255,.T.);
#9243=ORIENTED_EDGE('',*,*,#11202,.F.);
#9244=ORIENTED_EDGE('',*,*,#11148,.F.);
#9245=ORIENTED_EDGE('',*,*,#11256,.F.);
#9246=ORIENTED_EDGE('',*,*,#11257,.F.);
#9247=ORIENTED_EDGE('',*,*,#11258,.F.);
#9248=ORIENTED_EDGE('',*,*,#11259,.T.);
#9249=ORIENTED_EDGE('',*,*,#11260,.F.);
#9250=ORIENTED_EDGE('',*,*,#11261,.F.);
#9251=ORIENTED_EDGE('',*,*,#11262,.F.);
#9252=ORIENTED_EDGE('',*,*,#11145,.F.);
#9253=ORIENTED_EDGE('',*,*,#11263,.F.);
#9254=ORIENTED_EDGE('',*,*,#11264,.T.);
#9255=ORIENTED_EDGE('',*,*,#11265,.T.);
#9256=ORIENTED_EDGE('',*,*,#11266,.F.);
#9257=ORIENTED_EDGE('',*,*,#11267,.T.);
#9258=ORIENTED_EDGE('',*,*,#11268,.T.);
#9259=CARTESIAN_POINT('',(4.88,-1.25936491931449,1.89999999999999));
#9260=DIRECTION('',(1.0,1.23797123060244E-16,2.01265466237578E-32));
#9261=DIRECTION('',(1.23797123060244E-16,-1.0,-6.10622663543836E-16));
#9262=SURFACE_STYLE_FILL_AREA(#11269);
#9263=ORIENTED_EDGE('',*,*,#11164,.T.);
#9264=ORIENTED_EDGE('',*,*,#11196,.T.);
#9265=ORIENTED_EDGE('',*,*,#11233,.T.);
#9266=ORIENTED_EDGE('',*,*,#11154,.F.);
#9267=CARTESIAN_POINT('',(4.84999999999999,8.35026,1.14));
#9268=DIRECTION('',(3.08148791101957E-32,1.0,6.10622663543836E-16));
#9269=DIRECTION('',(-5.54667823983524E-32,6.10622663543836E-16,-1.0));
#9270=SURFACE_STYLE_FILL_AREA(#11270);
#9271=ORIENTED_EDGE('',*,*,#11271,.F.);
#9272=ORIENTED_EDGE('',*,*,#11185,.F.);
#9273=ORIENTED_EDGE('',*,*,#11174,.F.);
#9274=ORIENTED_EDGE('',*,*,#11207,.F.);
#9275=CARTESIAN_POINT('',(4.6,9.2500004537981,-1.91959628764808));
#9276=DIRECTION('',(-5.54667823983524E-32,6.10622663543836E-16,-1.0));
#9277=DIRECTION('',(-1.0,3.08148791101957E-32,5.54667823983524E-32));
#9278=SURFACE_STYLE_FILL_AREA(#11272);
#9279=ORIENTED_EDGE('',*,*,#11170,.T.);
#9280=ORIENTED_EDGE('',*,*,#11200,.T.);
#9281=ORIENTED_EDGE('',*,*,#11183,.T.);
#9282=ORIENTED_EDGE('',*,*,#11271,.T.);
#9283=ORIENTED_EDGE('',*,*,#11206,.T.);
#9284=ORIENTED_EDGE('',*,*,#11180,.F.);
#9285=CARTESIAN_POINT('',(4.45,7.65600045379809,-0.0750000000000104));
#9286=DIRECTION('',(5.54667823983524E-32,-6.10622663543836E-16,1.0));
#9287=DIRECTION('',(-1.0,3.08148791101957E-32,5.54667823983524E-32));
#9288=SURFACE_STYLE_FILL_AREA(#11273);
#9289=ORIENTED_EDGE('',*,*,#11274,.F.);
#9290=ORIENTED_EDGE('',*,*,#11249,.F.);
#9291=ORIENTED_EDGE('',*,*,#11230,.F.);
#9292=ORIENTED_EDGE('',*,*,#11253,.F.);
#9293=CARTESIAN_POINT('',(3.20022128562178,8.35,1.89000000000001));
#9294=DIRECTION('',(-6.98296267768627E-15,7.40156973279261E-16,-1.0));
#9295=DIRECTION('',(3.08148791101957E-32,1.0,7.40156973279261E-16));
#9296=SURFACE_STYLE_FILL_AREA(#11275);
#9297=ORIENTED_EDGE('',*,*,#11276,.T.);
#9298=ORIENTED_EDGE('',*,*,#11245,.T.);
#9299=ORIENTED_EDGE('',*,*,#11277,.T.);
#9300=ORIENTED_EDGE('',*,*,#11257,.T.);
#9301=CARTESIAN_POINT('',(3.20022128562178,8.28634267156332,2.635147058949));
#9302=DIRECTION('',(-6.89756184086328E-15,0.155917291214356,-0.987770114095571));
#9303=DIRECTION('',(3.90862471184465E-32,0.987770114095571,0.155917291214356));
#9304=SURFACE_STYLE_FILL_AREA(#11278);
#9305=ORIENTED_EDGE('',*,*,#11147,.T.);
#9306=ORIENTED_EDGE('',*,*,#11246,.F.);
#9307=ORIENTED_EDGE('',*,*,#11276,.F.);
#9308=ORIENTED_EDGE('',*,*,#11256,.T.);
#9309=CARTESIAN_POINT('',(4.45,1.03379293323653,2.19901530779579));
#9310=DIRECTION('',(1.0,1.07020666685099E-15,-6.81403296200264E-15));
#9311=DIRECTION('',(-6.81403296200264E-15,6.10622663543836E-16,-1.0));
#9312=SURFACE_STYLE_FILL_AREA(#11279);
#9313=ORIENTED_EDGE('',*,*,#11213,.T.);
#9314=ORIENTED_EDGE('',*,*,#11248,.F.);
#9315=ORIENTED_EDGE('',*,*,#11280,.F.);
#9316=ORIENTED_EDGE('',*,*,#11254,.F.);
#9317=CARTESIAN_POINT('',(4.88,0.596776977453159,1.74954832463333));
#9318=DIRECTION('',(-5.54667823983524E-32,6.10622663543836E-16,-1.0));
#9319=DIRECTION('',(3.08148791101957E-32,1.0,6.10622663543836E-16));
#9320=SURFACE_STYLE_FILL_AREA(#11281);
#9321=ORIENTED_EDGE('',*,*,#11277,.F.);
#9322=ORIENTED_EDGE('',*,*,#11244,.T.);
#9323=ORIENTED_EDGE('',*,*,#11282,.T.);
#9324=ORIENTED_EDGE('',*,*,#11258,.T.);
#9325=CARTESIAN_POINT('',(3.20022128562178,8.35,1.54000000000001));
#9326=DIRECTION('',(-6.98296267768627E-15,7.40156973279261E-16,-1.0));
#9327=DIRECTION('',(3.08148791101957E-32,1.0,7.40156973279261E-16));
#9328=SURFACE_STYLE_FILL_AREA(#11283);
#9329=ORIENTED_EDGE('',*,*,#11259,.F.);
#9330=ORIENTED_EDGE('',*,*,#11282,.F.);
#9331=ORIENTED_EDGE('',*,*,#11243,.F.);
#9332=ORIENTED_EDGE('',*,*,#11284,.T.);
#9333=CARTESIAN_POINT('',(3.09242980701149,2.835,0.989999999999996));
#9334=DIRECTION('',(3.08148791101957E-32,1.0,6.10622663543836E-16));
#9335=DIRECTION('',(-5.54667823983524E-32,6.10622663543836E-16,-1.0));
#9336=SURFACE_STYLE_FILL_AREA(#11285);
#9337=ORIENTED_EDGE('',*,*,#11286,.T.);
#9338=ORIENTED_EDGE('',*,*,#11260,.T.);
#9339=ORIENTED_EDGE('',*,*,#11284,.F.);
#9340=ORIENTED_EDGE('',*,*,#11242,.T.);
#9341=CARTESIAN_POINT('',(4.45,8.07,1.34));
#9342=DIRECTION('',(5.54667823983524E-32,-6.10622663543836E-16,1.0));
#9343=DIRECTION('',(-1.0,3.08148791101957E-32,5.54667823983524E-32));
#9344=SURFACE_STYLE_FILL_AREA(#11287);
#9345=ORIENTED_EDGE('',*,*,#11286,.F.);
#9346=ORIENTED_EDGE('',*,*,#11241,.T.);
#9347=ORIENTED_EDGE('',*,*,#11288,.F.);
#9348=ORIENTED_EDGE('',*,*,#11261,.T.);
#9349=CARTESIAN_POINT('',(4.45,8.29324775713451,0.243823990645957));
#9350=DIRECTION('',(-8.23498583031927E-32,0.155917291214354,0.987770114095571));
#9351=DIRECTION('',(1.0,8.79557919543316E-31,-5.54667823983518E-32));
#9352=SURFACE_STYLE_FILL_AREA(#11289);
#9353=ORIENTED_EDGE('',*,*,#11144,.T.);
#9354=ORIENTED_EDGE('',*,*,#11239,.T.);
#9355=ORIENTED_EDGE('',*,*,#11290,.T.);
#9356=ORIENTED_EDGE('',*,*,#11263,.T.);
#9357=CARTESIAN_POINT('',(4.45,7.03191444069877,5.58166323975607));
#9358=DIRECTION('',(-4.73481900147941E-32,-0.560638994563243,0.828060334622493));
#9359=DIRECTION('',(-1.0,1.66378067370561E-31,5.54667823983525E-32));
#9360=SURFACE_STYLE_FILL_AREA(#11291);
#9361=ORIENTED_EDGE('',*,*,#11290,.F.);
#9362=ORIENTED_EDGE('',*,*,#11238,.F.);
#9363=ORIENTED_EDGE('',*,*,#11292,.F.);
#9364=ORIENTED_EDGE('',*,*,#11264,.F.);
#9365=CARTESIAN_POINT('',(4.88,0.596776977453159,1.07474763056312));
#9366=DIRECTION('',(-1.23797123060244E-16,1.0,6.10622663543836E-16));
#9367=DIRECTION('',(-5.54667823983524E-32,6.10622663543836E-16,-1.0));
#9368=SURFACE_STYLE_FILL_AREA(#11293);
#9369=ORIENTED_EDGE('',*,*,#11294,.T.);
#9370=ORIENTED_EDGE('',*,*,#11265,.F.);
#9371=ORIENTED_EDGE('',*,*,#11292,.T.);
#9372=ORIENTED_EDGE('',*,*,#11237,.F.);
#9373=CARTESIAN_POINT('',(4.88,1.78677697745316,1.12474763056312));
#9374=DIRECTION('',(5.54667823983524E-32,-6.10622663543836E-16,1.0));
#9375=DIRECTION('',(-1.0,3.08148791101957E-32,5.54667823983524E-32));
#9376=SURFACE_STYLE_FILL_AREA(#11295);
#9377=ORIENTED_EDGE('',*,*,#11296,.F.);
#9378=ORIENTED_EDGE('',*,*,#11235,.F.);
#9379=ORIENTED_EDGE('',*,*,#11297,.T.);
#9380=ORIENTED_EDGE('',*,*,#11267,.F.);
#9381=CARTESIAN_POINT('',(4.45,8.25426843433092,-0.00311853787794014));
#9382=DIRECTION('',(-8.23498583031927E-32,0.155917291214354,0.987770114095571));
#9383=DIRECTION('',(1.0,8.79557919543316E-31,-5.54667823983518E-32));
#9384=SURFACE_STYLE_FILL_AREA(#11298);
#9385=ORIENTED_EDGE('',*,*,#11297,.F.);
#9386=ORIENTED_EDGE('',*,*,#11234,.T.);
#9387=ORIENTED_EDGE('',*,*,#11194,.T.);
#9388=ORIENTED_EDGE('',*,*,#11268,.F.);
#9389=CARTESIAN_POINT('',(4.45,2.35483691660787,5.99));
#9390=DIRECTION('',(-1.0,-8.79557919543317E-31,5.54667823983518E-32));
#9391=DIRECTION('',(8.79557919543317E-31,-1.0,-6.10622663543836E-16));
#9392=SURFACE_STYLE_FILL_AREA(#11299);
#9393=ORIENTED_EDGE('',*,*,#11280,.T.);
#9394=ORIENTED_EDGE('',*,*,#11247,.F.);
#9395=ORIENTED_EDGE('',*,*,#11203,.T.);
#9396=ORIENTED_EDGE('',*,*,#11255,.F.);
#9397=CARTESIAN_POINT('',(4.88,0.596776977453159,1.64954832463333));
#9398=DIRECTION('',(-1.23797123060244E-16,1.0,6.10622663543836E-16));
#9399=DIRECTION('',(-5.54667823983524E-32,6.10622663543836E-16,-1.0));
#9400=SURFACE_STYLE_FILL_AREA(#11300);
#9401=ORIENTED_EDGE('',*,*,#11296,.T.);
#9402=ORIENTED_EDGE('',*,*,#11266,.T.);
#9403=ORIENTED_EDGE('',*,*,#11294,.F.);
#9404=ORIENTED_EDGE('',*,*,#11236,.F.);
#9405=CARTESIAN_POINT('',(4.45,0.873674898898251,-1.87525236943688));
#9406=DIRECTION('',(-1.0,-8.79557919543317E-31,5.54667823983518E-32));
#9407=DIRECTION('',(8.79557919543317E-31,-1.0,-6.10622663543836E-16));
#9408=SURFACE_STYLE_FILL_AREA(#11301);
#9409=ORIENTED_EDGE('',*,*,#11142,.T.);
#9410=ORIENTED_EDGE('',*,*,#11262,.T.);
#9411=ORIENTED_EDGE('',*,*,#11288,.T.);
#9412=ORIENTED_EDGE('',*,*,#11240,.F.);
#9413=CARTESIAN_POINT('',(4.45,1.06408530805543,0.575025979995966));
#9414=DIRECTION('',(1.0,3.13688606629153E-32,7.84179531399106E-32));
#9415=DIRECTION('',(7.84179531399106E-32,6.10622663543836E-16,-1.0));
#9416=SURFACE_STYLE_FILL_AREA(#11302);
#9417=ORIENTED_EDGE('',*,*,#11274,.T.);
#9418=ORIENTED_EDGE('',*,*,#11252,.F.);
#9419=ORIENTED_EDGE('',*,*,#11156,.T.);
#9420=ORIENTED_EDGE('',*,*,#11250,.F.);
#9421=CARTESIAN_POINT('',(4.88,8.15026,-2.19581945965665));
#9422=DIRECTION('',(-1.23797123060244E-16,1.0,6.10622663543836E-16));
#9423=DIRECTION('',(-5.54667823983524E-32,6.10622663543836E-16,-1.0));
#9424=SURFACE_STYLE_FILL_AREA(#11303);
#9425=FILL_AREA_STYLE('',(#11304));
#9426=EDGE_CURVE('',#11305,#11306,#11307,.T.);
#9427=EDGE_CURVE('',#11308,#11306,#11309,.T.);
#9428=EDGE_CURVE('',#11310,#11308,#11311,.T.);
#9429=EDGE_CURVE('',#11312,#11310,#11313,.T.);
#9430=EDGE_CURVE('',#11314,#11312,#11315,.T.);
#9431=EDGE_CURVE('',#11314,#11316,#11317,.T.);
#9432=EDGE_CURVE('',#11318,#11316,#11319,.T.);
#9433=EDGE_CURVE('',#11318,#11320,#11321,.T.);
#9434=EDGE_CURVE('',#11305,#11320,#11322,.T.);
#9435=FILL_AREA_STYLE('',(#11323));
#9436=EDGE_CURVE('',#11324,#11325,#11326,.T.);
#9437=EDGE_CURVE('',#11327,#11324,#11328,.T.);
#9438=EDGE_CURVE('',#11329,#11327,#11330,.T.);
#9439=EDGE_CURVE('',#11331,#11329,#11332,.T.);
#9440=EDGE_CURVE('',#11333,#11331,#11334,.T.);
#9441=EDGE_CURVE('',#11335,#11333,#11336,.T.);
#9442=EDGE_CURVE('',#11335,#11325,#11337,.T.);
#9443=FILL_AREA_STYLE('',(#11338));
#9444=EDGE_CURVE('',#11339,#11340,#11341,.T.);
#9445=EDGE_CURVE('',#11342,#11339,#11343,.T.);
#9446=EDGE_CURVE('',#11344,#11342,#11345,.T.);
#9447=EDGE_CURVE('',#11340,#11344,#11346,.T.);
#9448=FILL_AREA_STYLE('',(#11347));
#9449=EDGE_CURVE('',#11348,#11349,#11350,.T.);
#9450=EDGE_CURVE('',#11349,#11351,#11352,.T.);
#9451=EDGE_CURVE('',#11353,#11351,#11354,.T.);
#9452=EDGE_CURVE('',#11353,#11348,#11355,.T.);
#9453=FILL_AREA_STYLE('',(#11356));
#9454=EDGE_CURVE('',#11357,#11358,#11359,.T.);
#9455=EDGE_CURVE('',#11360,#11357,#11361,.T.);
#9456=EDGE_CURVE('',#11362,#11360,#11363,.T.);
#9457=EDGE_CURVE('',#11362,#11358,#11364,.T.);
#9458=FILL_AREA_STYLE('',(#11365));
#9459=EDGE_CURVE('',#11324,#11305,#11366,.T.);
#9460=EDGE_CURVE('',#11320,#11327,#11367,.T.);
#9461=FILL_AREA_STYLE('',(#11368));
#9462=EDGE_CURVE('',#11369,#11353,#11370,.T.);
#9463=EDGE_CURVE('',#11371,#11369,#11372,.T.);
#9464=EDGE_CURVE('',#11348,#11371,#11373,.T.);
#9465=FILL_AREA_STYLE('',(#11374));
#9466=EDGE_CURVE('',#11329,#11318,#11375,.T.);
#9467=EDGE_CURVE('',#11316,#11331,#11376,.T.);
#9468=FILL_AREA_STYLE('',(#11377));
#9469=FILL_AREA_STYLE('',(#11378));
#9470=EDGE_CURVE('',#11333,#11314,#11379,.T.);
#9471=FILL_AREA_STYLE('',(#11380));
#9472=EDGE_CURVE('',#11381,#11382,#11383,.T.);
#9473=EDGE_CURVE('',#11384,#11382,#11385,.T.);
#9474=EDGE_CURVE('',#11384,#11386,#11387,.T.);
#9475=EDGE_CURVE('',#11386,#11381,#11388,.T.);
#9476=FILL_AREA_STYLE('',(#11389));
#9477=EDGE_CURVE('',#11390,#11391,#11392,.T.);
#9478=EDGE_CURVE('',#11393,#11391,#11394,.T.);
#9479=EDGE_CURVE('',#11393,#11395,#11396,.T.);
#9480=EDGE_CURVE('',#11390,#11395,#11397,.T.);
#9481=FILL_AREA_STYLE('',(#11398));
#9482=EDGE_CURVE('',#11399,#11390,#11400,.T.);
#9483=EDGE_CURVE('',#11399,#11349,#11401,.T.);
#9484=EDGE_CURVE('',#11344,#11371,#11402,.T.);
#9485=EDGE_CURVE('',#11342,#11403,#11404,.T.);
#9486=EDGE_CURVE('',#11403,#11391,#11405,.T.);
#9487=FILL_AREA_STYLE('',(#11406));
#9488=EDGE_CURVE('',#11407,#11408,#11409,.T.);
#9489=EDGE_CURVE('',#11339,#11408,#11410,.T.);
#9490=EDGE_CURVE('',#11340,#11369,#11411,.T.);
#9491=EDGE_CURVE('',#11351,#11407,#11412,.T.);
#9492=FILL_AREA_STYLE('',(#11413));
#9493=EDGE_CURVE('',#11325,#11362,#11414,.T.);
#9494=EDGE_CURVE('',#11312,#11335,#11415,.T.);
#9495=EDGE_CURVE('',#11310,#11358,#11416,.T.);
#9496=FILL_AREA_STYLE('',(#11417));
#9497=EDGE_CURVE('',#11407,#11399,#11418,.T.);
#9498=FILL_AREA_STYLE('',(#11419));
#9499=EDGE_CURVE('',#11306,#11420,#11421,.T.);
#9500=EDGE_CURVE('',#11422,#11420,#11423,.T.);
#9501=EDGE_CURVE('',#11422,#11308,#11424,.T.);
#9502=FILL_AREA_STYLE('',(#11425));
#9503=EDGE_CURVE('',#11381,#11393,#11426,.T.);
#9504=EDGE_CURVE('',#11395,#11386,#11427,.T.);
#9505=FILL_AREA_STYLE('',(#11428));
#9506=EDGE_CURVE('',#11408,#11360,#11429,.T.);
#9507=EDGE_CURVE('',#11420,#11384,#11430,.T.);
#9508=FILL_AREA_STYLE('',(#11431));
#9509=EDGE_CURVE('',#11382,#11422,#11432,.T.);
#9510=EDGE_CURVE('',#11403,#11357,#11433,.T.);
#9511=FILL_AREA_STYLE('',(#11434));
#9512=FILL_AREA_STYLE('',(#11435));
#9513=FILL_AREA_STYLE('',(#11436));
#9514=FILL_AREA_STYLE('',(#11437));
#9515=FILL_AREA_STYLE('',(#11438));
#9516=FILL_AREA_STYLE('',(#11439));
#9517=EDGE_CURVE('',#11440,#11441,#11442,.T.);
#9518=EDGE_CURVE('',#11443,#11440,#11444,.T.);
#9519=EDGE_CURVE('',#11445,#11443,#11446,.T.);
#9520=EDGE_CURVE('',#11445,#11441,#11447,.T.);
#9521=FILL_AREA_STYLE('',(#11448));
#9522=EDGE_CURVE('',#11449,#11450,#11451,.T.);
#9523=EDGE_CURVE('',#11449,#11452,#11453,.T.);
#9524=EDGE_CURVE('',#11452,#11454,#11455,.T.);
#9525=EDGE_CURVE('',#11450,#11454,#11456,.T.);
#9526=FILL_AREA_STYLE('',(#11457));
#9527=EDGE_CURVE('',#11458,#11459,#11460,.T.);
#9528=EDGE_CURVE('',#11459,#11461,#11462,.T.);
#9529=EDGE_CURVE('',#11461,#11463,#11464,.T.);
#9530=EDGE_CURVE('',#11463,#11465,#11466,.T.);
#9531=EDGE_CURVE('',#11467,#11465,#11468,.T.);
#9532=EDGE_CURVE('',#11467,#11469,#11470,.T.);
#9533=EDGE_CURVE('',#11469,#11471,#11472,.T.);
#9534=EDGE_CURVE('',#11471,#11458,#11473,.T.);
#9535=FILL_AREA_STYLE('',(#11474));
#9536=EDGE_CURVE('',#11475,#11476,#11477,.T.);
#9537=EDGE_CURVE('',#11478,#11475,#11479,.T.);
#9538=EDGE_CURVE('',#11480,#11478,#11481,.T.);
#9539=EDGE_CURVE('',#11461,#11480,#11482,.T.);
#9540=EDGE_CURVE('',#11459,#11483,#11484,.T.);
#9541=EDGE_CURVE('',#11485,#11483,#11486,.T.);
#9542=EDGE_CURVE('',#11485,#11487,#11488,.T.);
#9543=EDGE_CURVE('',#11489,#11487,#11490,.T.);
#9544=EDGE_CURVE('',#11489,#11491,#11492,.T.);
#9545=EDGE_CURVE('',#11493,#11491,#11494,.T.);
#9546=EDGE_CURVE('',#11476,#11493,#11495,.T.);
#9547=FILL_AREA_STYLE('',(#11496));
#9548=EDGE_CURVE('',#11497,#11498,#11499,.T.);
#9549=EDGE_CURVE('',#11498,#11500,#11501,.T.);
#9550=EDGE_CURVE('',#11500,#11502,#11503,.T.);
#9551=EDGE_CURVE('',#11502,#11489,#11504,.T.);
#9552=EDGE_CURVE('',#11487,#11497,#11505,.T.);
#9553=FILL_AREA_STYLE('',(#11506));
#9554=EDGE_CURVE('',#11476,#11507,#11508,.T.);
#9555=EDGE_CURVE('',#11493,#11509,#11510,.T.);
#9556=EDGE_CURVE('',#11507,#11509,#11511,.T.);
#9557=FILL_AREA_STYLE('',(#11512));
#9558=EDGE_CURVE('',#11513,#11514,#11515,.T.);
#9559=EDGE_CURVE('',#11513,#11502,#11516,.T.);
#9560=EDGE_CURVE('',#11500,#11514,#11517,.T.);
#9561=FILL_AREA_STYLE('',(#11518));
#9562=EDGE_CURVE('',#11507,#11519,#11520,.T.);
#9563=EDGE_CURVE('',#11519,#11475,#11521,.T.);
#9564=FILL_AREA_STYLE('',(#11522));
#9565=EDGE_CURVE('',#11523,#11478,#11524,.T.);
#9566=EDGE_CURVE('',#11523,#11525,#11526,.T.);
#9567=EDGE_CURVE('',#11527,#11525,#11528,.T.);
#9568=EDGE_CURVE('',#11529,#11527,#11530,.T.);
#9569=EDGE_CURVE('',#11531,#11529,#11532,.T.);
#9570=EDGE_CURVE('',#11533,#11531,#11534,.T.);
#9571=EDGE_CURVE('',#11480,#11533,#11535,.T.);
#9572=FILL_AREA_STYLE('',(#11536));
#9573=EDGE_CURVE('',#11523,#11519,#11537,.T.);
#9574=FILL_AREA_STYLE('',(#11538));
#9575=EDGE_CURVE('',#11491,#11513,#11539,.T.);
#9576=FILL_AREA_STYLE('',(#11540));
#9577=EDGE_CURVE('',#11452,#11541,#11542,.T.);
#9578=EDGE_CURVE('',#11543,#11541,#11544,.T.);
#9579=EDGE_CURVE('',#11543,#11454,#11545,.T.);
#9580=FILL_AREA_STYLE('',(#11546));
#9581=EDGE_CURVE('',#11547,#11509,#11548,.T.);
#9582=EDGE_CURVE('',#11547,#11498,#11549,.T.);
#9583=EDGE_CURVE('',#11550,#11497,#11551,.T.);
#9584=EDGE_CURVE('',#11552,#11550,#11553,.T.);
#9585=EDGE_CURVE('',#11458,#11552,#11554,.T.);
#9586=EDGE_CURVE('',#11525,#11471,#11555,.T.);
#9587=FILL_AREA_STYLE('',(#11556));
#9588=EDGE_CURVE('',#11557,#11558,#11559,.T.);
#9589=EDGE_CURVE('',#11557,#11560,#11561,.T.);
#9590=EDGE_CURVE('',#11560,#11562,#11563,.T.);
#9591=EDGE_CURVE('',#11558,#11562,#11564,.T.);
#9592=FILL_AREA_STYLE('',(#11565));
#9593=EDGE_CURVE('',#11566,#11567,#11568,.T.);
#9594=EDGE_CURVE('',#11562,#11567,#11569,.T.);
#9595=EDGE_CURVE('',#11566,#11560,#11570,.T.);
#9596=FILL_AREA_STYLE('',(#11571));
#9597=EDGE_CURVE('',#11485,#11550,#11572,.T.);
#9598=EDGE_CURVE('',#11552,#11483,#11573,.T.);
#9599=FILL_AREA_STYLE('',(#11574));
#9600=FILL_AREA_STYLE('',(#11575));
#9601=FILL_AREA_STYLE('',(#11576));
#9602=EDGE_CURVE('',#11469,#11527,#11577,.T.);
#9603=FILL_AREA_STYLE('',(#11578));
#9604=EDGE_CURVE('',#11566,#11579,#11580,.T.);
#9605=EDGE_CURVE('',#11579,#11581,#11582,.T.);
#9606=EDGE_CURVE('',#11567,#11581,#11583,.T.);
#9607=FILL_AREA_STYLE('',(#11584));
#9608=EDGE_CURVE('',#11533,#11463,#11585,.T.);
#9609=EDGE_CURVE('',#11586,#11531,#11587,.T.);
#9610=EDGE_CURVE('',#11586,#11588,#11589,.T.);
#9611=EDGE_CURVE('',#11588,#11590,#11591,.T.);
#9612=EDGE_CURVE('',#11590,#11592,#11593,.T.);
#9613=EDGE_CURVE('',#11592,#11594,#11595,.T.);
#9614=EDGE_CURVE('',#11443,#11594,#11596,.T.);
#9615=EDGE_CURVE('',#11440,#11597,#11598,.T.);
#9616=EDGE_CURVE('',#11599,#11597,#11600,.T.);
#9617=EDGE_CURVE('',#11601,#11599,#11602,.T.);
#9618=EDGE_CURVE('',#11601,#11603,#11604,.T.);
#9619=EDGE_CURVE('',#11605,#11603,#11606,.T.);
#9620=EDGE_CURVE('',#11607,#11605,#11608,.T.);
#9621=EDGE_CURVE('',#11607,#11450,#11609,.T.);
#9622=EDGE_CURVE('',#11543,#11610,#11611,.T.);
#9623=EDGE_CURVE('',#11610,#11558,#11612,.T.);
#9624=EDGE_CURVE('',#11581,#11613,#11614,.T.);
#9625=EDGE_CURVE('',#11613,#11465,#11615,.T.);
#9626=FILL_AREA_STYLE('',(#11616));
#9627=EDGE_CURVE('',#11467,#11617,#11618,.T.);
#9628=EDGE_CURVE('',#11617,#11579,#11619,.T.);
#9629=EDGE_CURVE('',#11557,#11620,#11621,.T.);
#9630=EDGE_CURVE('',#11620,#11541,#11622,.T.);
#9631=EDGE_CURVE('',#11623,#11449,#11624,.T.);
#9632=EDGE_CURVE('',#11625,#11623,#11626,.T.);
#9633=EDGE_CURVE('',#11627,#11625,#11628,.T.);
#9634=EDGE_CURVE('',#11627,#11629,#11630,.T.);
#9635=EDGE_CURVE('',#11631,#11629,#11632,.T.);
#9636=EDGE_CURVE('',#11633,#11631,#11634,.T.);
#9637=EDGE_CURVE('',#11441,#11633,#11635,.T.);
#9638=EDGE_CURVE('',#11636,#11445,#11637,.T.);
#9639=EDGE_CURVE('',#11636,#11638,#11639,.T.);
#9640=EDGE_CURVE('',#11638,#11640,#11641,.T.);
#9641=EDGE_CURVE('',#11642,#11640,#11643,.T.);
#9642=EDGE_CURVE('',#11642,#11644,#11645,.T.);
#9643=EDGE_CURVE('',#11644,#11529,#11646,.T.);
#9644=FILL_AREA_STYLE('',(#11647));
#9645=FILL_AREA_STYLE('',(#11648));
#9646=EDGE_CURVE('',#11514,#11547,#11649,.T.);
#9647=FILL_AREA_STYLE('',(#11650));
#9648=FILL_AREA_STYLE('',(#11651));
#9649=EDGE_CURVE('',#11613,#11617,#11652,.T.);
#9650=FILL_AREA_STYLE('',(#11653));
#9651=EDGE_CURVE('',#11623,#11607,#11654,.T.);
#9652=EDGE_CURVE('',#11605,#11625,#11655,.T.);
#9653=FILL_AREA_STYLE('',(#11656));
#9654=FILL_AREA_STYLE('',(#11657));
#9655=EDGE_CURVE('',#11620,#11610,#11658,.T.);
#9656=FILL_AREA_STYLE('',(#11659));
#9657=EDGE_CURVE('',#11603,#11627,#11660,.T.);
#9658=FILL_AREA_STYLE('',(#11661));
#9659=EDGE_CURVE('',#11601,#11629,#11662,.T.);
#9660=FILL_AREA_STYLE('',(#11663));
#9661=EDGE_CURVE('',#11599,#11631,#11664,.T.);
#9662=FILL_AREA_STYLE('',(#11665));
#9663=EDGE_CURVE('',#11633,#11597,#11666,.T.);
#9664=FILL_AREA_STYLE('',(#11667));
#9665=EDGE_CURVE('',#11594,#11636,#11668,.T.);
#9666=FILL_AREA_STYLE('',(#11669));
#9667=EDGE_CURVE('',#11638,#11592,#11670,.T.);
#9668=FILL_AREA_STYLE('',(#11671));
#9669=EDGE_CURVE('',#11590,#11640,#11672,.T.);
#9670=FILL_AREA_STYLE('',(#11673));
#9671=EDGE_CURVE('',#11588,#11642,#11674,.T.);
#9672=EDGE_CURVE('',#11586,#11644,#11675,.T.);
#9673=FILL_AREA_STYLE('',(#11676));
#9674=FILL_AREA_STYLE('',(#11677));
#9675=FILL_AREA_STYLE('',(#11678));
#9676=FILL_AREA_STYLE('',(#11679));
#9677=FILL_AREA_STYLE('',(#11680));
#9678=FILL_AREA_STYLE('',(#11681));
#9679=FILL_AREA_STYLE('',(#11682));
#9680=EDGE_CURVE('',#11683,#11684,#11685,.T.);
#9681=EDGE_CURVE('',#11686,#11683,#11687,.T.);
#9682=EDGE_CURVE('',#11688,#11686,#11689,.T.);
#9683=EDGE_CURVE('',#11688,#11684,#11690,.T.);
#9684=FILL_AREA_STYLE('',(#11691));
#9685=EDGE_CURVE('',#11692,#11693,#11694,.T.);
#9686=EDGE_CURVE('',#11692,#11695,#11696,.T.);
#9687=EDGE_CURVE('',#11695,#11697,#11698,.T.);
#9688=EDGE_CURVE('',#11693,#11697,#11699,.T.);
#9689=FILL_AREA_STYLE('',(#11700));
#9690=EDGE_CURVE('',#11701,#11702,#11703,.T.);
#9691=EDGE_CURVE('',#11702,#11704,#11705,.T.);
#9692=EDGE_CURVE('',#11704,#11706,#11707,.T.);
#9693=EDGE_CURVE('',#11706,#11708,#11709,.T.);
#9694=EDGE_CURVE('',#11710,#11708,#11711,.T.);
#9695=EDGE_CURVE('',#11710,#11712,#11713,.T.);
#9696=EDGE_CURVE('',#11712,#11714,#11715,.T.);
#9697=EDGE_CURVE('',#11714,#11701,#11716,.T.);
#9698=FILL_AREA_STYLE('',(#11717));
#9699=EDGE_CURVE('',#11718,#11719,#11720,.T.);
#9700=EDGE_CURVE('',#11721,#11718,#11722,.T.);
#9701=EDGE_CURVE('',#11723,#11721,#11724,.T.);
#9702=EDGE_CURVE('',#11704,#11723,#11725,.T.);
#9703=EDGE_CURVE('',#11702,#11726,#11727,.T.);
#9704=EDGE_CURVE('',#11728,#11726,#11729,.T.);
#9705=EDGE_CURVE('',#11728,#11730,#11731,.T.);
#9706=EDGE_CURVE('',#11732,#11730,#11733,.T.);
#9707=EDGE_CURVE('',#11732,#11734,#11735,.T.);
#9708=EDGE_CURVE('',#11736,#11734,#11737,.T.);
#9709=EDGE_CURVE('',#11719,#11736,#11738,.T.);
#9710=FILL_AREA_STYLE('',(#11739));
#9711=EDGE_CURVE('',#11740,#11741,#11742,.T.);
#9712=EDGE_CURVE('',#11741,#11743,#11744,.T.);
#9713=EDGE_CURVE('',#11743,#11745,#11746,.T.);
#9714=EDGE_CURVE('',#11745,#11732,#11747,.T.);
#9715=EDGE_CURVE('',#11730,#11740,#11748,.T.);
#9716=FILL_AREA_STYLE('',(#11749));
#9717=EDGE_CURVE('',#11719,#11750,#11751,.T.);
#9718=EDGE_CURVE('',#11736,#11752,#11753,.T.);
#9719=EDGE_CURVE('',#11750,#11752,#11754,.T.);
#9720=FILL_AREA_STYLE('',(#11755));
#9721=EDGE_CURVE('',#11756,#11757,#11758,.T.);
#9722=EDGE_CURVE('',#11756,#11745,#11759,.T.);
#9723=EDGE_CURVE('',#11743,#11757,#11760,.T.);
#9724=FILL_AREA_STYLE('',(#11761));
#9725=EDGE_CURVE('',#11750,#11762,#11763,.T.);
#9726=EDGE_CURVE('',#11762,#11718,#11764,.T.);
#9727=FILL_AREA_STYLE('',(#11765));
#9728=EDGE_CURVE('',#11766,#11721,#11767,.T.);
#9729=EDGE_CURVE('',#11766,#11768,#11769,.T.);
#9730=EDGE_CURVE('',#11770,#11768,#11771,.T.);
#9731=EDGE_CURVE('',#11772,#11770,#11773,.T.);
#9732=EDGE_CURVE('',#11774,#11772,#11775,.T.);
#9733=EDGE_CURVE('',#11776,#11774,#11777,.T.);
#9734=EDGE_CURVE('',#11723,#11776,#11778,.T.);
#9735=FILL_AREA_STYLE('',(#11779));
#9736=EDGE_CURVE('',#11766,#11762,#11780,.T.);
#9737=FILL_AREA_STYLE('',(#11781));
#9738=EDGE_CURVE('',#11734,#11756,#11782,.T.);
#9739=FILL_AREA_STYLE('',(#11783));
#9740=EDGE_CURVE('',#11695,#11784,#11785,.T.);
#9741=EDGE_CURVE('',#11786,#11784,#11787,.T.);
#9742=EDGE_CURVE('',#11786,#11697,#11788,.T.);
#9743=FILL_AREA_STYLE('',(#11789));
#9744=EDGE_CURVE('',#11790,#11752,#11791,.T.);
#9745=EDGE_CURVE('',#11790,#11741,#11792,.T.);
#9746=EDGE_CURVE('',#11793,#11740,#11794,.T.);
#9747=EDGE_CURVE('',#11795,#11793,#11796,.T.);
#9748=EDGE_CURVE('',#11701,#11795,#11797,.T.);
#9749=EDGE_CURVE('',#11768,#11714,#11798,.T.);
#9750=FILL_AREA_STYLE('',(#11799));
#9751=EDGE_CURVE('',#11800,#11801,#11802,.T.);
#9752=EDGE_CURVE('',#11800,#11803,#11804,.T.);
#9753=EDGE_CURVE('',#11803,#11805,#11806,.T.);
#9754=EDGE_CURVE('',#11801,#11805,#11807,.T.);
#9755=FILL_AREA_STYLE('',(#11808));
#9756=EDGE_CURVE('',#11809,#11810,#11811,.T.);
#9757=EDGE_CURVE('',#11805,#11810,#11812,.T.);
#9758=EDGE_CURVE('',#11809,#11803,#11813,.T.);
#9759=FILL_AREA_STYLE('',(#11814));
#9760=EDGE_CURVE('',#11728,#11793,#11815,.T.);
#9761=EDGE_CURVE('',#11795,#11726,#11816,.T.);
#9762=FILL_AREA_STYLE('',(#11817));
#9763=FILL_AREA_STYLE('',(#11818));
#9764=FILL_AREA_STYLE('',(#11819));
#9765=EDGE_CURVE('',#11712,#11770,#11820,.T.);
#9766=FILL_AREA_STYLE('',(#11821));
#9767=EDGE_CURVE('',#11809,#11822,#11823,.T.);
#9768=EDGE_CURVE('',#11822,#11824,#11825,.T.);
#9769=EDGE_CURVE('',#11810,#11824,#11826,.T.);
#9770=FILL_AREA_STYLE('',(#11827));
#9771=EDGE_CURVE('',#11776,#11706,#11828,.T.);
#9772=EDGE_CURVE('',#11829,#11774,#11830,.T.);
#9773=EDGE_CURVE('',#11829,#11831,#11832,.T.);
#9774=EDGE_CURVE('',#11831,#11833,#11834,.T.);
#9775=EDGE_CURVE('',#11833,#11835,#11836,.T.);
#9776=EDGE_CURVE('',#11835,#11837,#11838,.T.);
#9777=EDGE_CURVE('',#11686,#11837,#11839,.T.);
#9778=EDGE_CURVE('',#11683,#11840,#11841,.T.);
#9779=EDGE_CURVE('',#11842,#11840,#11843,.T.);
#9780=EDGE_CURVE('',#11844,#11842,#11845,.T.);
#9781=EDGE_CURVE('',#11844,#11846,#11847,.T.);
#9782=EDGE_CURVE('',#11848,#11846,#11849,.T.);
#9783=EDGE_CURVE('',#11850,#11848,#11851,.T.);
#9784=EDGE_CURVE('',#11850,#11693,#11852,.T.);
#9785=EDGE_CURVE('',#11786,#11853,#11854,.T.);
#9786=EDGE_CURVE('',#11853,#11801,#11855,.T.);
#9787=EDGE_CURVE('',#11824,#11856,#11857,.T.);
#9788=EDGE_CURVE('',#11856,#11708,#11858,.T.);
#9789=FILL_AREA_STYLE('',(#11859));
#9790=EDGE_CURVE('',#11710,#11860,#11861,.T.);
#9791=EDGE_CURVE('',#11860,#11822,#11862,.T.);
#9792=EDGE_CURVE('',#11800,#11863,#11864,.T.);
#9793=EDGE_CURVE('',#11863,#11784,#11865,.T.);
#9794=EDGE_CURVE('',#11866,#11692,#11867,.T.);
#9795=EDGE_CURVE('',#11868,#11866,#11869,.T.);
#9796=EDGE_CURVE('',#11870,#11868,#11871,.T.);
#9797=EDGE_CURVE('',#11870,#11872,#11873,.T.);
#9798=EDGE_CURVE('',#11874,#11872,#11875,.T.);
#9799=EDGE_CURVE('',#11876,#11874,#11877,.T.);
#9800=EDGE_CURVE('',#11684,#11876,#11878,.T.);
#9801=EDGE_CURVE('',#11879,#11688,#11880,.T.);
#9802=EDGE_CURVE('',#11879,#11881,#11882,.T.);
#9803=EDGE_CURVE('',#11881,#11883,#11884,.T.);
#9804=EDGE_CURVE('',#11885,#11883,#11886,.T.);
#9805=EDGE_CURVE('',#11885,#11887,#11888,.T.);
#9806=EDGE_CURVE('',#11887,#11772,#11889,.T.);
#9807=FILL_AREA_STYLE('',(#11890));
#9808=FILL_AREA_STYLE('',(#11891));
#9809=EDGE_CURVE('',#11757,#11790,#11892,.T.);
#9810=FILL_AREA_STYLE('',(#11893));
#9811=FILL_AREA_STYLE('',(#11894));
#9812=EDGE_CURVE('',#11856,#11860,#11895,.T.);
#9813=FILL_AREA_STYLE('',(#11896));
#9814=EDGE_CURVE('',#11866,#11850,#11897,.T.);
#9815=EDGE_CURVE('',#11848,#11868,#11898,.T.);
#9816=FILL_AREA_STYLE('',(#11899));
#9817=FILL_AREA_STYLE('',(#11900));
#9818=EDGE_CURVE('',#11863,#11853,#11901,.T.);
#9819=FILL_AREA_STYLE('',(#11902));
#9820=EDGE_CURVE('',#11846,#11870,#11903,.T.);
#9821=FILL_AREA_STYLE('',(#11904));
#9822=EDGE_CURVE('',#11844,#11872,#11905,.T.);
#9823=FILL_AREA_STYLE('',(#11906));
#9824=EDGE_CURVE('',#11842,#11874,#11907,.T.);
#9825=FILL_AREA_STYLE('',(#11908));
#9826=EDGE_CURVE('',#11876,#11840,#11909,.T.);
#9827=FILL_AREA_STYLE('',(#11910));
#9828=EDGE_CURVE('',#11837,#11879,#11911,.T.);
#9829=FILL_AREA_STYLE('',(#11912));
#9830=EDGE_CURVE('',#11881,#11835,#11913,.T.);
#9831=FILL_AREA_STYLE('',(#11914));
#9832=EDGE_CURVE('',#11833,#11883,#11915,.T.);
#9833=FILL_AREA_STYLE('',(#11916));
#9834=EDGE_CURVE('',#11831,#11885,#11917,.T.);
#9835=EDGE_CURVE('',#11829,#11887,#11918,.T.);
#9836=FILL_AREA_STYLE('',(#11919));
#9837=FILL_AREA_STYLE('',(#11920));
#9838=FILL_AREA_STYLE('',(#11921));
#9839=FILL_AREA_STYLE('',(#11922));
#9840=FILL_AREA_STYLE('',(#11923));
#9841=FILL_AREA_STYLE('',(#11924));
#9842=FILL_AREA_STYLE('',(#11925));
#9843=EDGE_CURVE('',#11926,#11927,#11928,.T.);
#9844=EDGE_CURVE('',#11926,#11929,#11930,.T.);
#9845=EDGE_CURVE('',#11929,#11931,#11932,.T.);
#9846=EDGE_CURVE('',#11931,#11927,#11933,.T.);
#9847=FILL_AREA_STYLE('',(#11934));
#9848=EDGE_CURVE('',#11935,#11936,#11937,.T.);
#9849=EDGE_CURVE('',#11935,#11938,#11939,.T.);
#9850=EDGE_CURVE('',#11940,#11938,#11941,.T.);
#9851=EDGE_CURVE('',#11940,#11936,#11942,.T.);
#9852=FILL_AREA_STYLE('',(#11943));
#9853=EDGE_CURVE('',#11944,#11945,#11946,.T.);
#9854=EDGE_CURVE('',#11944,#11947,#11948,.T.);
#9855=EDGE_CURVE('',#11947,#11949,#11950,.T.);
#9856=EDGE_CURVE('',#11945,#11949,#11951,.T.);
#9857=FILL_AREA_STYLE('',(#11952));
#9858=EDGE_CURVE('',#11953,#11954,#11955,.T.);
#9859=EDGE_CURVE('',#11956,#11953,#11957,.T.);
#9860=EDGE_CURVE('',#11956,#11958,#11959,.T.);
#9861=EDGE_CURVE('',#11954,#11958,#11960,.T.);
#9862=FILL_AREA_STYLE('',(#11961));
#9863=EDGE_CURVE('',#11962,#11945,#11963,.T.);
#9864=EDGE_CURVE('',#11964,#11962,#11965,.T.);
#9865=EDGE_CURVE('',#11944,#11964,#11966,.T.);
#9866=FILL_AREA_STYLE('',(#11967));
#9867=EDGE_CURVE('',#11968,#11969,#11970,.T.);
#9868=EDGE_CURVE('',#11968,#11971,#11972,.T.);
#9869=EDGE_CURVE('',#11971,#11973,#11974,.T.);
#9870=EDGE_CURVE('',#11973,#11969,#11975,.T.);
#9871=FILL_AREA_STYLE('',(#11976));
#9872=EDGE_CURVE('',#11977,#11978,#11979,.T.);
#9873=EDGE_CURVE('',#11978,#11969,#11980,.T.);
#9874=EDGE_CURVE('',#11969,#11981,#11982,.T.);
#9875=EDGE_CURVE('',#11977,#11981,#11983,.T.);
#9876=FILL_AREA_STYLE('',(#11984));
#9877=EDGE_CURVE('',#11985,#11986,#11987,.T.);
#9878=EDGE_CURVE('',#11986,#11988,#11989,.T.);
#9879=EDGE_CURVE('',#11947,#11988,#11990,.T.);
#9880=EDGE_CURVE('',#11964,#11991,#11992,.T.);
#9881=EDGE_CURVE('',#11993,#11991,#11994,.T.);
#9882=EDGE_CURVE('',#11985,#11993,#11995,.T.);
#9883=FILL_AREA_STYLE('',(#11996));
#9884=EDGE_CURVE('',#11997,#11998,#11999,.T.);
#9885=EDGE_CURVE('',#11998,#12000,#12001,.T.);
#9886=EDGE_CURVE('',#12000,#12002,#12003,.T.);
#9887=EDGE_CURVE('',#12002,#11997,#12004,.T.);
#9888=FILL_AREA_STYLE('',(#12005));
#9889=EDGE_CURVE('',#12006,#12007,#12008,.T.);
#9890=EDGE_CURVE('',#12009,#12006,#12010,.T.);
#9891=EDGE_CURVE('',#12009,#12011,#12012,.T.);
#9892=EDGE_CURVE('',#12011,#12007,#12013,.T.);
#9893=FILL_AREA_STYLE('',(#12014));
#9894=EDGE_CURVE('',#12007,#12015,#12016,.T.);
#9895=EDGE_CURVE('',#12011,#12017,#12018,.T.);
#9896=EDGE_CURVE('',#12017,#12015,#12019,.T.);
#9897=FILL_AREA_STYLE('',(#12020));
#9898=EDGE_CURVE('',#12015,#12021,#12022,.T.);
#9899=EDGE_CURVE('',#12017,#12023,#12024,.T.);
#9900=EDGE_CURVE('',#12023,#12021,#12025,.T.);
#9901=FILL_AREA_STYLE('',(#12026));
#9902=EDGE_CURVE('',#12021,#12027,#12028,.T.);
#9903=EDGE_CURVE('',#12023,#12029,#12030,.T.);
#9904=EDGE_CURVE('',#12029,#12027,#12031,.T.);
#9905=FILL_AREA_STYLE('',(#12032));
#9906=EDGE_CURVE('',#12027,#12033,#12034,.T.);
#9907=EDGE_CURVE('',#12029,#12035,#12036,.T.);
#9908=EDGE_CURVE('',#12035,#12033,#12037,.T.);
#9909=FILL_AREA_STYLE('',(#12038));
#9910=EDGE_CURVE('',#12033,#12039,#12040,.T.);
#9911=EDGE_CURVE('',#12035,#12041,#12042,.T.);
#9912=EDGE_CURVE('',#12041,#12039,#12043,.T.);
#9913=FILL_AREA_STYLE('',(#12044));
#9914=EDGE_CURVE('',#12039,#12045,#12046,.T.);
#9915=EDGE_CURVE('',#12041,#12047,#12048,.T.);
#9916=EDGE_CURVE('',#12047,#12045,#12049,.T.);
#9917=FILL_AREA_STYLE('',(#12050));
#9918=EDGE_CURVE('',#12045,#12051,#12052,.T.);
#9919=EDGE_CURVE('',#12047,#12053,#12054,.T.);
#9920=EDGE_CURVE('',#12053,#12051,#12055,.T.);
#9921=FILL_AREA_STYLE('',(#12056));
#9922=EDGE_CURVE('',#12051,#12057,#12058,.T.);
#9923=EDGE_CURVE('',#12053,#12059,#12060,.T.);
#9924=EDGE_CURVE('',#12059,#12057,#12061,.T.);
#9925=FILL_AREA_STYLE('',(#12062));
#9926=EDGE_CURVE('',#12057,#12063,#12064,.T.);
#9927=EDGE_CURVE('',#12059,#12065,#12066,.T.);
#9928=EDGE_CURVE('',#12065,#12063,#12067,.T.);
#9929=FILL_AREA_STYLE('',(#12068));
#9930=EDGE_CURVE('',#12063,#12069,#12070,.T.);
#9931=EDGE_CURVE('',#12065,#12071,#12072,.T.);
#9932=EDGE_CURVE('',#12071,#12069,#12073,.T.);
#9933=FILL_AREA_STYLE('',(#12074));
#9934=EDGE_CURVE('',#12069,#12075,#12076,.T.);
#9935=EDGE_CURVE('',#12071,#12077,#12078,.T.);
#9936=EDGE_CURVE('',#12077,#12075,#12079,.T.);
#9937=FILL_AREA_STYLE('',(#12080));
#9938=EDGE_CURVE('',#12075,#12081,#12082,.T.);
#9939=EDGE_CURVE('',#12077,#12083,#12084,.T.);
#9940=EDGE_CURVE('',#12083,#12081,#12085,.T.);
#9941=FILL_AREA_STYLE('',(#12086));
#9942=EDGE_CURVE('',#12081,#12087,#12088,.T.);
#9943=EDGE_CURVE('',#12083,#12089,#12090,.T.);
#9944=EDGE_CURVE('',#12089,#12087,#12091,.T.);
#9945=FILL_AREA_STYLE('',(#12092));
#9946=EDGE_CURVE('',#12087,#12093,#12094,.T.);
#9947=EDGE_CURVE('',#12089,#12095,#12096,.T.);
#9948=EDGE_CURVE('',#12095,#12093,#12097,.T.);
#9949=FILL_AREA_STYLE('',(#12098));
#9950=EDGE_CURVE('',#12093,#12006,#12099,.T.);
#9951=EDGE_CURVE('',#12095,#12009,#12100,.T.);
#9952=FILL_AREA_STYLE('',(#12101));
#9953=FILL_AREA_STYLE('',(#12102));
#9954=EDGE_CURVE('',#12103,#12104,#12105,.T.);
#9955=EDGE_CURVE('',#12106,#12104,#12107,.T.);
#9956=EDGE_CURVE('',#12106,#12108,#12109,.T.);
#9957=EDGE_CURVE('',#12108,#12103,#12110,.T.);
#9958=FILL_AREA_STYLE('',(#12111));
#9959=EDGE_CURVE('',#12112,#12113,#12114,.T.);
#9960=EDGE_CURVE('',#12113,#12115,#12116,.T.);
#9961=EDGE_CURVE('',#12115,#12117,#12118,.T.);
#9962=EDGE_CURVE('',#12117,#12112,#12119,.T.);
#9963=EDGE_CURVE('',#12120,#12121,#12122,.T.);
#9964=EDGE_CURVE('',#12123,#12120,#12124,.T.);
#9965=EDGE_CURVE('',#12125,#12123,#12126,.T.);
#9966=EDGE_CURVE('',#12121,#12125,#12127,.T.);
#9967=FILL_AREA_STYLE('',(#12128));
#9968=EDGE_CURVE('',#12129,#12130,#12131,.T.);
#9969=EDGE_CURVE('',#12132,#12130,#12133,.T.);
#9970=EDGE_CURVE('',#12132,#12134,#12135,.T.);
#9971=EDGE_CURVE('',#12134,#12129,#12136,.T.);
#9972=FILL_AREA_STYLE('',(#12137));
#9973=EDGE_CURVE('',#12138,#12139,#12140,.T.);
#9974=EDGE_CURVE('',#12141,#12139,#12142,.T.);
#9975=EDGE_CURVE('',#12143,#12141,#12144,.T.);
#9976=EDGE_CURVE('',#12143,#12138,#12145,.T.);
#9977=FILL_AREA_STYLE('',(#12146));
#9978=EDGE_CURVE('',#12147,#12148,#12149,.T.);
#9979=EDGE_CURVE('',#12148,#12150,#12151,.T.);
#9980=EDGE_CURVE('',#12150,#12152,#12153,.T.);
#9981=EDGE_CURVE('',#12152,#12154,#12155,.T.);
#9982=EDGE_CURVE('',#12154,#12156,#12157,.T.);
#9983=EDGE_CURVE('',#12158,#12156,#12159,.T.);
#9984=EDGE_CURVE('',#12158,#12147,#12160,.T.);
#9985=FILL_AREA_STYLE('',(#12161));
#9986=EDGE_CURVE('',#12162,#12163,#12164,.T.);
#9987=EDGE_CURVE('',#12163,#12165,#12166,.T.);
#9988=EDGE_CURVE('',#12162,#12165,#12167,.T.);
#9989=FILL_AREA_STYLE('',(#12168));
#9990=EDGE_CURVE('',#12148,#12169,#12170,.T.);
#9991=EDGE_CURVE('',#12171,#12169,#12172,.T.);
#9992=EDGE_CURVE('',#12156,#12171,#12173,.T.);
#9993=EDGE_CURVE('',#12154,#12162,#12174,.T.);
#9994=EDGE_CURVE('',#12165,#12150,#12175,.T.);
#9995=FILL_AREA_STYLE('',(#12176));
#9996=EDGE_CURVE('',#12177,#12178,#12179,.T.);
#9997=EDGE_CURVE('',#12180,#12177,#12181,.T.);
#9998=EDGE_CURVE('',#12182,#12180,#12183,.T.);
#9999=EDGE_CURVE('',#12178,#12182,#12184,.T.);
#10000=FILL_AREA_STYLE('',(#12185));
#10001=EDGE_CURVE('',#12186,#12187,#12188,.T.);
#10002=EDGE_CURVE('',#12187,#12189,#12190,.T.);
#10003=EDGE_CURVE('',#12191,#12189,#12192,.T.);
#10004=EDGE_CURVE('',#12186,#12191,#12193,.T.);
#10005=FILL_AREA_STYLE('',(#12194));
#10006=EDGE_CURVE('',#12195,#11968,#12196,.T.);
#10007=EDGE_CURVE('',#12197,#12195,#12198,.T.);
#10008=EDGE_CURVE('',#12197,#11971,#12199,.T.);
#10009=FILL_AREA_STYLE('',(#12200));
#10010=EDGE_CURVE('',#12201,#12202,#12203,.T.);
#10011=EDGE_CURVE('',#12202,#12204,#12205,.T.);
#10012=EDGE_CURVE('',#12206,#12204,#12207,.T.);
#10013=EDGE_CURVE('',#12206,#12002,#12208,.T.);
#10014=EDGE_CURVE('',#11997,#12201,#12209,.T.);
#10015=FILL_AREA_STYLE('',(#12210));
#10016=EDGE_CURVE('',#12211,#12134,#12212,.T.);
#10017=EDGE_CURVE('',#12213,#12132,#12214,.T.);
#10018=EDGE_CURVE('',#12213,#12211,#12215,.T.);
#10019=FILL_AREA_STYLE('',(#12216));
#10020=EDGE_CURVE('',#12217,#12218,#12219,.T.);
#10021=EDGE_CURVE('',#12220,#12218,#12221,.T.);
#10022=EDGE_CURVE('',#12222,#12220,#12223,.T.);
#10023=EDGE_CURVE('',#12222,#12217,#12224,.T.);
#10024=FILL_AREA_STYLE('',(#12225));
#10025=EDGE_CURVE('',#11973,#12226,#12227,.T.);
#10026=EDGE_CURVE('',#11981,#12226,#12228,.T.);
#10027=FILL_AREA_STYLE('',(#12229));
#10028=EDGE_CURVE('',#12230,#12231,#12232,.T.);
#10029=EDGE_CURVE('',#12233,#12230,#12234,.T.);
#10030=EDGE_CURVE('',#12233,#12235,#12236,.T.);
#10031=EDGE_CURVE('',#12231,#12235,#12237,.T.);
#10032=FILL_AREA_STYLE('',(#12238));
#10033=EDGE_CURVE('',#11968,#12239,#12240,.T.);
#10034=EDGE_CURVE('',#12239,#12241,#12242,.T.);
#10035=EDGE_CURVE('',#12241,#12195,#12243,.T.);
#10036=FILL_AREA_STYLE('',(#12244));
#10037=EDGE_CURVE('',#12245,#12246,#12247,.T.);
#10038=EDGE_CURVE('',#12246,#12248,#12249,.T.);
#10039=EDGE_CURVE('',#12250,#12248,#12251,.T.);
#10040=EDGE_CURVE('',#12250,#12252,#12253,.T.);
#10041=EDGE_CURVE('',#12254,#12252,#12255,.T.);
#10042=EDGE_CURVE('',#12254,#11986,#12256,.T.);
#10043=EDGE_CURVE('',#11985,#12245,#12257,.T.);
#10044=FILL_AREA_STYLE('',(#12258));
#10045=EDGE_CURVE('',#12204,#12259,#12260,.T.);
#10046=EDGE_CURVE('',#12259,#12261,#12262,.T.);
#10047=EDGE_CURVE('',#12261,#12206,#12263,.T.);
#10048=EDGE_CURVE('',#12241,#11977,#12264,.T.);
#10049=EDGE_CURVE('',#11978,#12239,#12265,.T.);
#10050=FILL_AREA_STYLE('',(#12266));
#10051=EDGE_CURVE('',#12104,#12267,#12268,.T.);
#10052=EDGE_CURVE('',#12231,#12267,#12269,.T.);
#10053=EDGE_CURVE('',#12231,#12106,#12270,.T.);
#10054=FILL_AREA_STYLE('',(#12271));
#10055=EDGE_CURVE('',#12156,#11953,#12272,.T.);
#10056=EDGE_CURVE('',#11956,#12171,#12273,.T.);
#10057=FILL_AREA_STYLE('',(#12274));
#10058=EDGE_CURVE('',#12275,#11954,#12276,.T.);
#10059=EDGE_CURVE('',#12275,#12277,#12278,.T.);
#10060=EDGE_CURVE('',#12277,#11953,#12279,.T.);
#10061=FILL_AREA_STYLE('',(#12280));
#10062=EDGE_CURVE('',#12281,#12282,#12283,.T.);
#10063=EDGE_CURVE('',#12284,#12281,#12285,.T.);
#10064=EDGE_CURVE('',#12286,#12284,#12287,.T.);
#10065=EDGE_CURVE('',#12282,#12286,#12288,.T.);
#10066=FILL_AREA_STYLE('',(#12289));
#10067=EDGE_CURVE('',#12290,#12291,#12292,.T.);
#10068=EDGE_CURVE('',#12201,#12291,#12293,.T.);
#10069=EDGE_CURVE('',#12290,#11997,#12294,.T.);
#10070=FILL_AREA_STYLE('',(#12295));
#10071=EDGE_CURVE('',#12296,#12297,#12298,.T.);
#10072=EDGE_CURVE('',#12297,#12299,#12300,.T.);
#10073=EDGE_CURVE('',#12301,#12299,#12302,.T.);
#10074=EDGE_CURVE('',#12301,#12296,#12303,.T.);
#10075=FILL_AREA_STYLE('',(#12304));
#10076=EDGE_CURVE('',#12291,#12305,#12306,.T.);
#10077=EDGE_CURVE('',#12307,#12290,#12308,.T.);
#10078=EDGE_CURVE('',#12309,#12307,#12310,.T.);
#10079=EDGE_CURVE('',#12311,#12309,#12312,.T.);
#10080=EDGE_CURVE('',#12261,#12311,#12313,.T.);
#10081=EDGE_CURVE('',#12259,#12305,#12314,.T.);
#10082=FILL_AREA_STYLE('',(#12315));
#10083=EDGE_CURVE('',#12316,#12317,#12318,.T.);
#10084=EDGE_CURVE('',#12319,#12317,#12320,.T.);
#10085=EDGE_CURVE('',#12319,#12321,#12322,.T.);
#10086=EDGE_CURVE('',#12321,#12316,#12323,.T.);
#10087=FILL_AREA_STYLE('',(#12324));
#10088=EDGE_CURVE('',#12305,#12202,#12325,.T.);
#10089=FILL_AREA_STYLE('',(#12326));
#10090=EDGE_CURVE('',#12327,#12246,#12328,.T.);
#10091=EDGE_CURVE('',#12329,#12327,#12330,.T.);
#10092=EDGE_CURVE('',#12248,#12329,#12331,.T.);
#10093=FILL_AREA_STYLE('',(#12332));
#10094=EDGE_CURVE('',#12333,#12334,#12335,.T.);
#10095=EDGE_CURVE('',#12336,#12333,#12337,.T.);
#10096=EDGE_CURVE('',#12338,#12336,#12339,.T.);
#10097=EDGE_CURVE('',#12338,#12340,#12341,.T.);
#10098=EDGE_CURVE('',#12342,#12340,#12343,.T.);
#10099=EDGE_CURVE('',#12342,#12334,#12344,.T.);
#10100=FILL_AREA_STYLE('',(#12345));
#10101=EDGE_CURVE('',#12267,#12346,#12347,.T.);
#10102=EDGE_CURVE('',#12346,#12230,#12348,.T.);
#10103=FILL_AREA_STYLE('',(#12349));
#10104=EDGE_CURVE('',#12350,#12351,#12352,.T.);
#10105=EDGE_CURVE('',#12350,#12353,#12354,.T.);
#10106=EDGE_CURVE('',#12211,#12353,#12355,.T.);
#10107=EDGE_CURVE('',#11993,#12213,#12356,.T.);
#10108=EDGE_CURVE('',#11991,#12357,#12358,.T.);
#10109=EDGE_CURVE('',#12357,#12351,#12359,.T.);
#10110=FILL_AREA_STYLE('',(#12360));
#10111=EDGE_CURVE('',#12361,#12353,#12362,.T.);
#10112=EDGE_CURVE('',#12363,#12361,#12364,.T.);
#10113=EDGE_CURVE('',#12363,#12336,#12365,.T.);
#10114=EDGE_CURVE('',#12366,#12333,#12367,.T.);
#10115=EDGE_CURVE('',#12368,#12366,#12369,.T.);
#10116=EDGE_CURVE('',#12129,#12368,#12370,.T.);
#10117=EDGE_CURVE('',#11938,#11931,#12371,.T.);
#10118=EDGE_CURVE('',#12372,#11935,#12373,.T.);
#10119=EDGE_CURVE('',#12374,#12372,#12375,.T.);
#10120=EDGE_CURVE('',#11927,#12374,#12376,.T.);
#10121=FILL_AREA_STYLE('',(#12377));
#10122=EDGE_CURVE('',#12378,#12379,#12380,.T.);
#10123=EDGE_CURVE('',#12378,#11929,#12381,.T.);
#10124=EDGE_CURVE('',#12382,#11926,#12383,.T.);
#10125=EDGE_CURVE('',#12379,#12382,#12384,.T.);
#10126=FILL_AREA_STYLE('',(#12385));
#10127=EDGE_CURVE('',#12386,#12382,#12387,.T.);
#10128=EDGE_CURVE('',#12386,#12388,#12389,.T.);
#10129=EDGE_CURVE('',#12379,#12388,#12390,.T.);
#10130=FILL_AREA_STYLE('',(#12391));
#10131=EDGE_CURVE('',#11929,#11940,#12392,.T.);
#10132=FILL_AREA_STYLE('',(#12393));
#10133=EDGE_CURVE('',#11936,#12386,#12394,.T.);
#10134=EDGE_CURVE('',#12386,#12372,#12395,.T.);
#10135=FILL_AREA_STYLE('',(#12396));
#10136=EDGE_CURVE('',#11940,#12397,#12398,.T.);
#10137=EDGE_CURVE('',#12388,#12397,#12399,.T.);
#10138=FILL_AREA_STYLE('',(#12400));
#10139=EDGE_CURVE('',#12397,#12378,#12401,.T.);
#10140=FILL_AREA_STYLE('',(#12402));
#10141=EDGE_CURVE('',#12382,#12374,#12403,.T.);
#10142=FILL_AREA_STYLE('',(#12404));
#10143=FILL_AREA_STYLE('',(#12405));
#10144=FILL_AREA_STYLE('',(#12406));
#10145=EDGE_CURVE('',#12366,#12407,#12408,.T.);
#10146=EDGE_CURVE('',#12407,#12409,#12410,.T.);
#10147=EDGE_CURVE('',#12409,#12368,#12411,.T.);
#10148=FILL_AREA_STYLE('',(#12412));
#10149=EDGE_CURVE('',#12413,#12106,#12414,.T.);
#10150=EDGE_CURVE('',#12413,#12415,#12416,.T.);
#10151=EDGE_CURVE('',#12108,#12415,#12417,.T.);
#10152=FILL_AREA_STYLE('',(#12418));
#10153=EDGE_CURVE('',#12152,#12163,#12419,.T.);
#10154=FILL_AREA_STYLE('',(#12420));
#10155=EDGE_CURVE('',#12123,#12421,#12422,.T.);
#10156=EDGE_CURVE('',#12421,#12423,#12424,.T.);
#10157=EDGE_CURVE('',#12423,#12125,#12425,.T.);
#10158=FILL_AREA_STYLE('',(#12426));
#10159=FILL_AREA_STYLE('',(#12427));
#10160=EDGE_CURVE('',#12428,#12217,#12429,.T.);
#10161=EDGE_CURVE('',#12430,#12222,#12431,.T.);
#10162=EDGE_CURVE('',#12430,#12428,#12432,.T.);
#10163=FILL_AREA_STYLE('',(#12433));
#10164=EDGE_CURVE('',#12434,#12435,#12436,.T.);
#10165=EDGE_CURVE('',#12115,#12435,#12437,.T.);
#10166=EDGE_CURVE('',#12113,#12434,#12438,.T.);
#10167=FILL_AREA_STYLE('',(#12439));
#10168=EDGE_CURVE('',#12440,#12342,#12441,.T.);
#10169=EDGE_CURVE('',#12442,#12440,#12443,.T.);
#10170=EDGE_CURVE('',#12444,#12442,#12445,.T.);
#10171=EDGE_CURVE('',#12446,#12444,#12447,.T.);
#10172=EDGE_CURVE('',#12448,#12446,#12449,.T.);
#10173=EDGE_CURVE('',#12448,#12450,#12451,.T.);
#10174=EDGE_CURVE('',#12452,#12450,#12453,.T.);
#10175=EDGE_CURVE('',#12117,#12452,#12454,.T.);
#10176=EDGE_CURVE('',#12455,#12435,#12456,.T.);
#10177=EDGE_CURVE('',#12457,#12455,#12458,.T.);
#10178=EDGE_CURVE('',#12220,#12457,#12459,.T.);
#10179=EDGE_CURVE('',#12334,#12218,#12460,.T.);
#10180=FILL_AREA_STYLE('',(#12461));
#10181=EDGE_CURVE('',#12338,#12329,#12462,.T.);
#10182=EDGE_CURVE('',#12363,#12463,#12464,.T.);
#10183=EDGE_CURVE('',#12463,#12250,#12465,.T.);
#10184=FILL_AREA_STYLE('',(#12466));
#10185=EDGE_CURVE('',#12226,#12197,#12467,.T.);
#10186=EDGE_CURVE('',#11981,#12195,#12468,.T.);
#10187=FILL_AREA_STYLE('',(#12469));
#10188=EDGE_CURVE('',#12470,#12471,#12472,.T.);
#10189=EDGE_CURVE('',#12470,#12473,#12474,.T.);
#10190=EDGE_CURVE('',#12473,#12475,#12476,.T.);
#10191=EDGE_CURVE('',#12475,#12471,#12477,.T.);
#10192=FILL_AREA_STYLE('',(#12478));
#10193=EDGE_CURVE('',#12479,#12327,#12480,.T.);
#10194=EDGE_CURVE('',#12479,#12481,#12482,.T.);
#10195=EDGE_CURVE('',#12481,#12483,#12484,.T.);
#10196=EDGE_CURVE('',#12485,#12483,#12486,.T.);
#10197=EDGE_CURVE('',#12340,#12485,#12487,.T.);
#10198=FILL_AREA_STYLE('',(#12488));
#10199=EDGE_CURVE('',#12489,#11949,#12490,.T.);
#10200=EDGE_CURVE('',#12489,#12254,#12491,.T.);
#10201=EDGE_CURVE('',#12351,#12252,#12492,.T.);
#10202=EDGE_CURVE('',#12357,#11962,#12493,.T.);
#10203=FILL_AREA_STYLE('',(#12494));
#10204=EDGE_CURVE('',#11988,#12489,#12495,.T.);
#10205=FILL_AREA_STYLE('',(#12496));
#10206=FILL_AREA_STYLE('',(#12497));
#10207=EDGE_CURVE('',#12498,#12286,#12499,.T.);
#10208=EDGE_CURVE('',#12498,#12284,#12500,.T.);
#10209=FILL_AREA_STYLE('',(#12501));
#10210=FILL_AREA_STYLE('',(#12502));
#10211=EDGE_CURVE('',#12130,#12245,#12503,.T.);
#10212=FILL_AREA_STYLE('',(#12504));
#10213=EDGE_CURVE('',#12457,#12430,#12505,.T.);
#10214=EDGE_CURVE('',#12346,#12103,#12506,.T.);
#10215=FILL_AREA_STYLE('',(#12507));
#10216=EDGE_CURVE('',#12463,#12508,#12509,.T.);
#10217=EDGE_CURVE('',#12508,#12350,#12510,.T.);
#10218=FILL_AREA_STYLE('',(#12511));
#10219=EDGE_CURVE('',#12508,#12361,#12512,.T.);
#10220=FILL_AREA_STYLE('',(#12513));
#10221=FILL_AREA_STYLE('',(#12514));
#10222=FILL_AREA_STYLE('',(#12515));
#10223=EDGE_CURVE('',#12235,#12413,#12516,.T.);
#10224=FILL_AREA_STYLE('',(#12517));
#10225=FILL_AREA_STYLE('',(#12518));
#10226=EDGE_CURVE('',#12277,#12158,#12519,.T.);
#10227=FILL_AREA_STYLE('',(#12520));
#10228=EDGE_CURVE('',#12282,#12521,#12522,.T.);
#10229=EDGE_CURVE('',#12521,#12498,#12523,.T.);
#10230=FILL_AREA_STYLE('',(#12524));
#10231=EDGE_CURVE('',#12525,#12112,#12526,.T.);
#10232=EDGE_CURVE('',#12525,#12434,#12527,.T.);
#10233=FILL_AREA_STYLE('',(#12528));
#10234=EDGE_CURVE('',#12529,#12316,#12530,.T.);
#10235=EDGE_CURVE('',#12529,#12531,#12532,.T.);
#10236=EDGE_CURVE('',#12317,#12531,#12533,.T.);
#10237=FILL_AREA_STYLE('',(#12534));
#10238=EDGE_CURVE('',#12455,#12428,#12535,.T.);
#10239=FILL_AREA_STYLE('',(#12536));
#10240=EDGE_CURVE('',#12108,#12230,#12537,.T.);
#10241=FILL_AREA_STYLE('',(#12538));
#10242=EDGE_CURVE('',#12415,#12233,#12539,.T.);
#10243=FILL_AREA_STYLE('',(#12540));
#10244=EDGE_CURVE('',#12541,#12542,#12543,.T.);
#10245=EDGE_CURVE('',#12544,#12541,#12545,.T.);
#10246=EDGE_CURVE('',#12546,#12544,#12547,.T.);
#10247=EDGE_CURVE('',#12542,#12546,#12548,.T.);
#10248=FILL_AREA_STYLE('',(#12549));
#10249=EDGE_CURVE('',#12550,#12551,#12552,.T.);
#10250=EDGE_CURVE('',#12550,#12553,#12554,.T.);
#10251=EDGE_CURVE('',#12555,#12553,#12556,.T.);
#10252=EDGE_CURVE('',#12555,#12551,#12557,.T.);
#10253=FILL_AREA_STYLE('',(#12558));
#10254=EDGE_CURVE('',#12002,#12311,#12559,.T.);
#10255=EDGE_CURVE('',#12311,#12290,#12560,.T.);
#10256=FILL_AREA_STYLE('',(#12561));
#10257=EDGE_CURVE('',#12562,#12421,#12563,.T.);
#10258=EDGE_CURVE('',#12562,#12564,#12565,.T.);
#10259=EDGE_CURVE('',#12423,#12564,#12566,.T.);
#10260=FILL_AREA_STYLE('',(#12567));
#10261=FILL_AREA_STYLE('',(#12568));
#10262=EDGE_CURVE('',#12569,#12301,#12570,.T.);
#10263=EDGE_CURVE('',#12299,#12571,#12572,.T.);
#10264=EDGE_CURVE('',#12569,#12571,#12573,.T.);
#10265=FILL_AREA_STYLE('',(#12574));
#10266=EDGE_CURVE('',#12141,#12470,#12575,.T.);
#10267=EDGE_CURVE('',#12576,#12141,#12577,.T.);
#10268=EDGE_CURVE('',#12576,#12473,#12578,.T.);
#10269=FILL_AREA_STYLE('',(#12579));
#10270=EDGE_CURVE('',#12423,#12580,#12581,.T.);
#10271=EDGE_CURVE('',#12580,#12121,#12582,.T.);
#10272=FILL_AREA_STYLE('',(#12583));
#10273=EDGE_CURVE('',#12564,#12584,#12585,.T.);
#10274=EDGE_CURVE('',#12584,#12580,#12586,.T.);
#10275=FILL_AREA_STYLE('',(#12587));
#10276=EDGE_CURVE('',#12588,#12544,#12589,.T.);
#10277=EDGE_CURVE('',#12590,#12541,#12591,.T.);
#10278=EDGE_CURVE('',#12590,#12588,#12592,.T.);
#10279=FILL_AREA_STYLE('',(#12593));
#10280=EDGE_CURVE('',#12594,#12120,#12595,.T.);
#10281=EDGE_CURVE('',#12594,#12421,#12596,.T.);
#10282=FILL_AREA_STYLE('',(#12597));
#10283=EDGE_CURVE('',#11954,#12316,#12598,.T.);
#10284=EDGE_CURVE('',#12529,#11958,#12599,.T.);
#10285=FILL_AREA_STYLE('',(#12600));
#10286=EDGE_CURVE('',#12601,#12602,#12603,.T.);
#10287=EDGE_CURVE('',#12604,#12602,#12605,.T.);
#10288=EDGE_CURVE('',#12604,#12606,#12607,.T.);
#10289=EDGE_CURVE('',#12601,#12606,#12608,.T.);
#10290=FILL_AREA_STYLE('',(#12609));
#10291=EDGE_CURVE('',#12604,#12610,#12611,.T.);
#10292=EDGE_CURVE('',#12610,#12612,#12613,.T.);
#10293=EDGE_CURVE('',#12612,#12606,#12614,.T.);
#10294=FILL_AREA_STYLE('',(#12615));
#10295=EDGE_CURVE('',#12169,#12542,#12616,.T.);
#10296=EDGE_CURVE('',#12541,#12148,#12617,.T.);
#10297=FILL_AREA_STYLE('',(#12618));
#10298=EDGE_CURVE('',#12619,#12620,#12621,.T.);
#10299=EDGE_CURVE('',#12299,#12619,#12622,.T.);
#10300=EDGE_CURVE('',#12623,#12301,#12624,.T.);
#10301=EDGE_CURVE('',#12625,#12623,#12626,.T.);
#10302=EDGE_CURVE('',#12625,#12620,#12627,.T.);
#10303=FILL_AREA_STYLE('',(#12628));
#10304=EDGE_CURVE('',#12321,#12275,#12629,.T.);
#10305=EDGE_CURVE('',#12630,#12631,#12632,.T.);
#10306=EDGE_CURVE('',#12633,#12630,#12634,.T.);
#10307=EDGE_CURVE('',#12635,#12633,#12636,.T.);
#10308=EDGE_CURVE('',#12631,#12635,#12637,.T.);
#10309=FILL_AREA_STYLE('',(#12638));
#10310=EDGE_CURVE('',#12317,#12544,#12639,.T.);
#10311=EDGE_CURVE('',#12588,#12319,#12640,.T.);
#10312=FILL_AREA_STYLE('',(#12641));
#10313=EDGE_CURVE('',#12642,#12553,#12643,.T.);
#10314=EDGE_CURVE('',#12642,#12644,#12645,.T.);
#10315=EDGE_CURVE('',#12555,#12644,#12646,.T.);
#10316=FILL_AREA_STYLE('',(#12647));
#10317=EDGE_CURVE('',#12546,#12531,#12648,.T.);
#10318=FILL_AREA_STYLE('',(#12649));
#10319=FILL_AREA_STYLE('',(#12650));
#10320=EDGE_CURVE('',#12440,#12485,#12651,.T.);
#10321=EDGE_CURVE('',#12652,#12653,#12654,.T.);
#10322=EDGE_CURVE('',#12653,#12177,#12655,.T.);
#10323=EDGE_CURVE('',#12652,#12178,#12656,.T.);
#10324=EDGE_CURVE('',#12620,#12657,#12658,.T.);
#10325=EDGE_CURVE('',#12659,#12657,#12660,.T.);
#10326=EDGE_CURVE('',#12659,#12619,#12661,.T.);
#10327=FILL_AREA_STYLE('',(#12662));
#10328=EDGE_CURVE('',#12663,#12664,#12665,.T.);
#10329=EDGE_CURVE('',#12470,#12664,#12666,.T.);
#10330=EDGE_CURVE('',#12663,#12471,#12667,.T.);
#10331=FILL_AREA_STYLE('',(#12668));
#10332=EDGE_CURVE('',#12147,#12590,#12669,.T.);
#10333=FILL_AREA_STYLE('',(#12670));
#10334=EDGE_CURVE('',#12281,#12671,#12672,.T.);
#10335=EDGE_CURVE('',#12671,#12673,#12674,.T.);
#10336=EDGE_CURVE('',#12673,#12675,#12676,.T.);
#10337=EDGE_CURVE('',#12677,#12675,#12678,.T.);
#10338=EDGE_CURVE('',#12679,#12677,#12680,.T.);
#10339=EDGE_CURVE('',#12681,#12679,#12682,.T.);
#10340=EDGE_CURVE('',#12681,#12479,#12683,.T.);
#10341=EDGE_CURVE('',#12409,#12521,#12684,.T.);
#10342=FILL_AREA_STYLE('',(#12685));
#10343=EDGE_CURVE('',#12452,#12525,#12686,.T.);
#10344=FILL_AREA_STYLE('',(#12687));
#10345=EDGE_CURVE('',#12688,#12182,#12689,.T.);
#10346=EDGE_CURVE('',#12688,#12690,#12691,.T.);
#10347=EDGE_CURVE('',#12692,#12690,#12693,.T.);
#10348=EDGE_CURVE('',#12694,#12692,#12695,.T.);
#10349=EDGE_CURVE('',#12696,#12694,#12697,.T.);
#10350=EDGE_CURVE('',#12696,#12652,#12698,.T.);
#10351=FILL_AREA_STYLE('',(#12699));
#10352=EDGE_CURVE('',#12700,#12653,#12701,.T.);
#10353=EDGE_CURVE('',#12702,#12700,#12703,.T.);
#10354=EDGE_CURVE('',#12704,#12702,#12705,.T.);
#10355=EDGE_CURVE('',#12706,#12704,#12707,.T.);
#10356=EDGE_CURVE('',#12708,#12706,#12709,.T.);
#10357=EDGE_CURVE('',#12180,#12708,#12710,.T.);
#10358=FILL_AREA_STYLE('',(#12711));
#10359=EDGE_CURVE('',#12700,#12696,#12712,.T.);
#10360=FILL_AREA_STYLE('',(#12713));
#10361=EDGE_CURVE('',#12708,#12688,#12714,.T.);
#10362=EDGE_CURVE('',#12664,#12143,#12715,.T.);
#10363=EDGE_CURVE('',#12138,#12663,#12716,.T.);
#10364=FILL_AREA_STYLE('',(#12717));
#10365=FILL_AREA_STYLE('',(#12718));
#10366=EDGE_CURVE('',#12719,#12576,#12720,.T.);
#10367=EDGE_CURVE('',#12719,#12139,#12721,.T.);
#10368=FILL_AREA_STYLE('',(#12722));
#10369=EDGE_CURVE('',#12471,#12139,#12723,.T.);
#10370=EDGE_CURVE('',#12475,#12719,#12724,.T.);
#10371=FILL_AREA_STYLE('',(#12725));
#10372=FILL_AREA_STYLE('',(#12726));
#10373=EDGE_CURVE('',#12550,#12727,#12728,.T.);
#10374=EDGE_CURVE('',#12729,#12551,#12730,.T.);
#10375=EDGE_CURVE('',#12727,#12729,#12731,.T.);
#10376=EDGE_CURVE('',#12732,#12562,#12733,.T.);
#10377=EDGE_CURVE('',#12584,#12732,#12734,.T.);
#10378=EDGE_CURVE('',#12735,#12610,#12736,.T.);
#10379=EDGE_CURVE('',#12737,#12735,#12738,.T.);
#10380=EDGE_CURVE('',#12612,#12737,#12739,.T.);
#10381=FILL_AREA_STYLE('',(#12740));
#10382=EDGE_CURVE('',#12553,#12741,#12742,.T.);
#10383=EDGE_CURVE('',#12741,#12743,#12744,.T.);
#10384=EDGE_CURVE('',#12743,#12642,#12745,.T.);
#10385=FILL_AREA_STYLE('',(#12746));
#10386=EDGE_CURVE('',#12729,#12747,#12748,.T.);
#10387=EDGE_CURVE('',#12741,#12747,#12749,.T.);
#10388=EDGE_CURVE('',#12741,#12727,#12750,.T.);
#10389=FILL_AREA_STYLE('',(#12751));
#10390=EDGE_CURVE('',#12752,#12743,#12753,.T.);
#10391=EDGE_CURVE('',#12747,#12752,#12754,.T.);
#10392=FILL_AREA_STYLE('',(#12755));
#10393=FILL_AREA_STYLE('',(#12756));
#10394=EDGE_CURVE('',#12747,#12555,#12757,.T.);
#10395=FILL_AREA_STYLE('',(#12758));
#10396=EDGE_CURVE('',#12644,#12752,#12759,.T.);
#10397=FILL_AREA_STYLE('',(#12760));
#10398=EDGE_CURVE('',#12191,#12448,#12761,.T.);
#10399=EDGE_CURVE('',#12446,#12186,#12762,.T.);
#10400=FILL_AREA_STYLE('',(#12763));
#10401=EDGE_CURVE('',#12189,#12450,#12764,.T.);
#10402=FILL_AREA_STYLE('',(#12765));
#10403=EDGE_CURVE('',#12444,#12187,#12766,.T.);
#10404=EDGE_CURVE('',#12442,#12767,#12768,.T.);
#10405=EDGE_CURVE('',#12767,#12769,#12770,.T.);
#10406=EDGE_CURVE('',#12771,#12769,#12772,.T.);
#10407=EDGE_CURVE('',#12771,#12407,#12773,.T.);
#10408=FILL_AREA_STYLE('',(#12774));
#10409=FILL_AREA_STYLE('',(#12775));
#10410=EDGE_CURVE('',#12776,#12777,#12778,.T.);
#10411=EDGE_CURVE('',#12779,#12776,#12780,.T.);
#10412=EDGE_CURVE('',#12675,#12779,#12781,.T.);
#10413=EDGE_CURVE('',#12769,#12673,#12782,.T.);
#10414=EDGE_CURVE('',#12767,#12783,#12784,.T.);
#10415=EDGE_CURVE('',#12783,#12785,#12786,.T.);
#10416=EDGE_CURVE('',#12787,#12785,#12788,.T.);
#10417=EDGE_CURVE('',#12777,#12787,#12789,.T.);
#10418=EDGE_CURVE('',#12790,#12791,#12792,.T.);
#10419=EDGE_CURVE('',#12791,#12790,#12793,.T.);
#10420=FILL_AREA_STYLE('',(#12794));
#10421=EDGE_CURVE('',#12795,#12791,#12796,.T.);
#10422=EDGE_CURVE('',#12795,#12797,#12798,.T.);
#10423=EDGE_CURVE('',#12797,#12799,#12800,.T.);
#10424=EDGE_CURVE('',#12799,#12790,#12801,.T.);
#10425=FILL_AREA_STYLE('',(#12802));
#10426=EDGE_CURVE('',#12803,#12795,#12804,.T.);
#10427=EDGE_CURVE('',#12805,#12803,#12806,.T.);
#10428=EDGE_CURVE('',#12807,#12805,#12808,.T.);
#10429=EDGE_CURVE('',#12807,#12797,#12809,.T.);
#10430=FILL_AREA_STYLE('',(#12810));
#10431=EDGE_CURVE('',#12805,#12807,#12811,.T.);
#10432=FILL_AREA_STYLE('',(#12812));
#10433=EDGE_CURVE('',#12783,#12483,#12813,.T.);
#10434=FILL_AREA_STYLE('',(#12814));
#10435=EDGE_CURVE('',#12481,#12815,#12816,.T.);
#10436=EDGE_CURVE('',#12815,#12817,#12818,.T.);
#10437=EDGE_CURVE('',#12817,#12819,#12820,.T.);
#10438=EDGE_CURVE('',#12819,#12785,#12821,.T.);
#10439=FILL_AREA_STYLE('',(#12822));
#10440=EDGE_CURVE('',#12815,#12681,#12823,.T.);
#10441=EDGE_CURVE('',#12679,#12824,#12825,.T.);
#10442=EDGE_CURVE('',#12824,#12826,#12827,.T.);
#10443=EDGE_CURVE('',#12826,#12828,#12829,.T.);
#10444=EDGE_CURVE('',#12830,#12828,#12831,.T.);
#10445=EDGE_CURVE('',#12830,#12817,#12832,.T.);
#10446=FILL_AREA_STYLE('',(#12833));
#10447=FILL_AREA_STYLE('',(#12834));
#10448=EDGE_CURVE('',#12677,#12835,#12836,.T.);
#10449=EDGE_CURVE('',#12835,#12837,#12838,.T.);
#10450=EDGE_CURVE('',#12837,#12839,#12840,.T.);
#10451=EDGE_CURVE('',#12824,#12839,#12841,.T.);
#10452=FILL_AREA_STYLE('',(#12842));
#10453=EDGE_CURVE('',#12837,#12776,#12843,.T.);
#10454=EDGE_CURVE('',#12835,#12779,#12844,.T.);
#10455=FILL_AREA_STYLE('',(#12845));
#10456=FILL_AREA_STYLE('',(#12846));
#10457=EDGE_CURVE('',#12847,#12848,#12849,.T.);
#10458=EDGE_CURVE('',#12826,#12848,#12850,.T.);
#10459=EDGE_CURVE('',#12839,#12851,#12852,.T.);
#10460=EDGE_CURVE('',#12851,#12853,#12854,.T.);
#10461=EDGE_CURVE('',#12855,#12853,#12856,.T.);
#10462=EDGE_CURVE('',#12847,#12855,#12857,.T.);
#10463=FILL_AREA_STYLE('',(#12858));
#10464=EDGE_CURVE('',#12853,#12859,#12860,.T.);
#10465=EDGE_CURVE('',#12859,#12861,#12862,.T.);
#10466=EDGE_CURVE('',#12861,#12855,#12863,.T.);
#10467=FILL_AREA_STYLE('',(#12864));
#10468=EDGE_CURVE('',#12865,#12861,#12866,.T.);
#10469=EDGE_CURVE('',#12847,#12865,#12867,.T.);
#10470=FILL_AREA_STYLE('',(#12868));
#10471=EDGE_CURVE('',#12869,#12828,#12870,.T.);
#10472=EDGE_CURVE('',#12869,#12865,#12871,.T.);
#10473=EDGE_CURVE('',#12859,#12872,#12873,.T.);
#10474=EDGE_CURVE('',#12874,#12872,#12875,.T.);
#10475=EDGE_CURVE('',#12874,#12830,#12876,.T.);
#10476=FILL_AREA_STYLE('',(#12877));
#10477=EDGE_CURVE('',#12872,#12851,#12878,.T.);
#10478=FILL_AREA_STYLE('',(#12879));
#10479=EDGE_CURVE('',#12874,#12880,#12881,.T.);
#10480=EDGE_CURVE('',#12880,#12882,#12883,.T.);
#10481=EDGE_CURVE('',#12882,#12819,#12884,.T.);
#10482=FILL_AREA_STYLE('',(#12885));
#10483=EDGE_CURVE('',#12882,#12787,#12886,.T.);
#10484=FILL_AREA_STYLE('',(#12887));
#10485=EDGE_CURVE('',#12880,#12777,#12888,.T.);
#10486=FILL_AREA_STYLE('',(#12889));
#10487=EDGE_CURVE('',#12869,#12848,#12890,.T.);
#10488=FILL_AREA_STYLE('',(#12891));
#10489=FILL_AREA_STYLE('',(#12892));
#10490=FILL_AREA_STYLE('',(#12893));
#10491=EDGE_CURVE('',#12671,#12771,#12894,.T.);
#10492=FILL_AREA_STYLE('',(#12895));
#10493=FILL_AREA_STYLE('',(#12896));
#10494=EDGE_CURVE('',#12897,#12657,#12898,.T.);
#10495=EDGE_CURVE('',#12899,#12897,#12900,.T.);
#10496=EDGE_CURVE('',#12899,#12901,#12902,.T.);
#10497=EDGE_CURVE('',#12903,#12901,#12904,.T.);
#10498=EDGE_CURVE('',#12905,#12903,#12906,.T.);
#10499=EDGE_CURVE('',#12907,#12905,#12908,.T.);
#10500=EDGE_CURVE('',#12907,#12659,#12909,.T.);
#10501=FILL_AREA_STYLE('',(#12910));
#10502=EDGE_CURVE('',#12911,#12569,#12912,.T.);
#10503=EDGE_CURVE('',#12901,#12911,#12913,.T.);
#10504=EDGE_CURVE('',#12623,#12899,#12914,.T.);
#10505=FILL_AREA_STYLE('',(#12915));
#10506=EDGE_CURVE('',#12571,#12916,#12917,.T.);
#10507=EDGE_CURVE('',#12916,#12911,#12918,.T.);
#10508=FILL_AREA_STYLE('',(#12919));
#10509=EDGE_CURVE('',#12897,#12625,#12920,.T.);
#10510=EDGE_CURVE('',#12921,#12601,#12922,.T.);
#10511=EDGE_CURVE('',#12923,#12921,#12924,.T.);
#10512=EDGE_CURVE('',#12602,#12923,#12925,.T.);
#10513=FILL_AREA_STYLE('',(#12926));
#10514=EDGE_CURVE('',#12921,#12927,#12928,.T.);
#10515=EDGE_CURVE('',#12927,#12929,#12930,.T.);
#10516=EDGE_CURVE('',#12923,#12929,#12931,.T.);
#10517=FILL_AREA_STYLE('',(#12932));
#10518=EDGE_CURVE('',#12735,#12929,#12933,.T.);
#10519=EDGE_CURVE('',#12927,#12737,#12934,.T.);
#10520=FILL_AREA_STYLE('',(#12935));
#10521=EDGE_CURVE('',#12929,#12604,#12936,.T.);
#10522=FILL_AREA_STYLE('',(#12937));
#10523=FILL_AREA_STYLE('',(#12938));
#10524=EDGE_CURVE('',#12606,#12927,#12939,.T.);
#10525=FILL_AREA_STYLE('',(#12940));
#10526=FILL_AREA_STYLE('',(#12941));
#10527=FILL_AREA_STYLE('',(#12942));
#10528=EDGE_CURVE('',#12594,#12732,#12943,.T.);
#10529=FILL_AREA_STYLE('',(#12944));
#10530=EDGE_CURVE('',#12580,#12594,#12945,.T.);
#10531=FILL_AREA_STYLE('',(#12946));
#10532=FILL_AREA_STYLE('',(#12947));
#10533=EDGE_CURVE('',#12690,#12696,#12948,.T.);
#10534=FILL_AREA_STYLE('',(#12949));
#10535=EDGE_CURVE('',#12706,#12700,#12950,.T.);
#10536=FILL_AREA_STYLE('',(#12951));
#10537=EDGE_CURVE('',#12916,#12907,#12952,.T.);
#10538=EDGE_CURVE('',#12901,#12907,#12953,.T.);
#10539=FILL_AREA_STYLE('',(#12954));
#10540=FILL_AREA_STYLE('',(#12955));
#10541=EDGE_CURVE('',#12690,#12706,#12956,.T.);
#10542=FILL_AREA_STYLE('',(#12957));
#10543=FILL_AREA_STYLE('',(#12958));
#10544=FILL_AREA_STYLE('',(#12959));
#10545=EDGE_CURVE('',#12960,#12961,#12962,.T.);
#10546=EDGE_CURVE('',#12963,#12960,#12964,.T.);
#10547=EDGE_CURVE('',#12965,#12963,#12966,.T.);
#10548=EDGE_CURVE('',#12961,#12965,#12967,.T.);
#10549=FILL_AREA_STYLE('',(#12968));
#10550=EDGE_CURVE('',#12635,#12963,#12969,.T.);
#10551=EDGE_CURVE('',#12631,#12960,#12970,.T.);
#10552=FILL_AREA_STYLE('',(#12971));
#10553=EDGE_CURVE('',#12633,#12965,#12972,.T.);
#10554=FILL_AREA_STYLE('',(#12973));
#10555=EDGE_CURVE('',#12630,#12961,#12974,.T.);
#10556=FILL_AREA_STYLE('',(#12975));
#10557=FILL_AREA_STYLE('',(#12976));
#10558=EDGE_CURVE('',#12799,#12803,#12977,.T.);
#10559=FILL_AREA_STYLE('',(#12978));
#10560=FILL_AREA_STYLE('',(#12979));
#10561=FILL_AREA_STYLE('',(#12980));
#10562=EDGE_CURVE('',#12981,#12982,#12983,.T.);
#10563=EDGE_CURVE('',#12984,#12981,#12985,.T.);
#10564=EDGE_CURVE('',#12986,#12984,#12987,.T.);
#10565=EDGE_CURVE('',#12986,#12982,#12988,.T.);
#10566=FILL_AREA_STYLE('',(#12989));
#10567=EDGE_CURVE('',#12990,#12991,#12992,.T.);
#10568=EDGE_CURVE('',#12990,#12993,#12994,.T.);
#10569=EDGE_CURVE('',#12993,#12995,#12996,.T.);
#10570=EDGE_CURVE('',#12991,#12995,#12997,.T.);
#10571=FILL_AREA_STYLE('',(#12998));
#10572=EDGE_CURVE('',#12999,#13000,#13001,.T.);
#10573=EDGE_CURVE('',#13000,#13002,#13003,.T.);
#10574=EDGE_CURVE('',#13002,#13004,#13005,.T.);
#10575=EDGE_CURVE('',#13004,#13006,#13007,.T.);
#10576=EDGE_CURVE('',#13006,#13008,#13009,.T.);
#10577=EDGE_CURVE('',#13008,#12999,#13010,.T.);
#10578=FILL_AREA_STYLE('',(#13011));
#10579=EDGE_CURVE('',#13012,#13013,#13014,.T.);
#10580=EDGE_CURVE('',#13002,#13012,#13015,.T.);
#10581=EDGE_CURVE('',#13013,#13000,#13016,.T.);
#10582=FILL_AREA_STYLE('',(#13017));
#10583=EDGE_CURVE('',#13018,#13019,#13020,.T.);
#10584=EDGE_CURVE('',#13018,#13021,#13022,.T.);
#10585=EDGE_CURVE('',#13023,#13021,#13024,.T.);
#10586=EDGE_CURVE('',#13023,#13019,#13025,.T.);
#10587=FILL_AREA_STYLE('',(#13026));
#10588=EDGE_CURVE('',#13027,#13012,#13028,.T.);
#10589=EDGE_CURVE('',#13027,#13004,#13029,.T.);
#10590=FILL_AREA_STYLE('',(#13030));
#10591=EDGE_CURVE('',#13031,#13032,#13033,.T.);
#10592=EDGE_CURVE('',#13032,#13027,#13034,.T.);
#10593=EDGE_CURVE('',#13013,#13035,#13036,.T.);
#10594=EDGE_CURVE('',#13031,#13035,#13037,.T.);
#10595=FILL_AREA_STYLE('',(#13038));
#10596=EDGE_CURVE('',#13039,#12999,#13040,.T.);
#10597=EDGE_CURVE('',#13041,#13039,#13042,.T.);
#10598=EDGE_CURVE('',#13043,#13041,#13044,.T.);
#10599=EDGE_CURVE('',#13045,#13043,#13046,.T.);
#10600=EDGE_CURVE('',#13047,#13045,#13048,.T.);
#10601=EDGE_CURVE('',#13049,#13047,#13050,.T.);
#10602=EDGE_CURVE('',#13049,#13051,#13052,.T.);
#10603=EDGE_CURVE('',#13053,#13051,#13054,.T.);
#10604=EDGE_CURVE('',#13053,#13035,#13055,.T.);
#10605=FILL_AREA_STYLE('',(#13056));
#10606=EDGE_CURVE('',#13057,#13058,#13059,.T.);
#10607=EDGE_CURVE('',#13060,#13057,#13061,.T.);
#10608=EDGE_CURVE('',#13060,#13062,#13063,.T.);
#10609=EDGE_CURVE('',#13058,#13062,#13064,.T.);
#10610=FILL_AREA_STYLE('',(#13065));
#10611=EDGE_CURVE('',#13066,#13067,#13068,.T.);
#10612=EDGE_CURVE('',#13069,#13066,#13070,.T.);
#10613=EDGE_CURVE('',#13071,#13069,#13072,.T.);
#10614=EDGE_CURVE('',#13073,#13071,#13074,.T.);
#10615=EDGE_CURVE('',#13075,#13073,#13076,.T.);
#10616=EDGE_CURVE('',#13075,#13077,#13078,.T.);
#10617=EDGE_CURVE('',#13079,#13077,#13080,.T.);
#10618=EDGE_CURVE('',#13079,#13008,#13081,.T.);
#10619=EDGE_CURVE('',#13006,#13032,#13082,.T.);
#10620=EDGE_CURVE('',#13067,#13031,#13083,.T.);
#10621=FILL_AREA_STYLE('',(#13084));
#10622=FILL_AREA_STYLE('',(#13085));
#10623=EDGE_CURVE('',#13058,#13086,#13087,.T.);
#10624=EDGE_CURVE('',#13088,#13086,#13089,.T.);
#10625=EDGE_CURVE('',#13057,#13088,#13090,.T.);
#10626=FILL_AREA_STYLE('',(#13091));
#10627=EDGE_CURVE('',#13079,#13039,#13092,.T.);
#10628=EDGE_CURVE('',#13041,#13077,#13093,.T.);
#10629=FILL_AREA_STYLE('',(#13094));
#10630=EDGE_CURVE('',#13095,#12991,#13096,.T.);
#10631=EDGE_CURVE('',#13097,#13095,#13098,.T.);
#10632=EDGE_CURVE('',#13097,#12990,#13099,.T.);
#10633=FILL_AREA_STYLE('',(#13100));
#10634=EDGE_CURVE('',#12993,#13101,#13102,.T.);
#10635=EDGE_CURVE('',#13103,#13101,#13104,.T.);
#10636=EDGE_CURVE('',#13103,#12995,#13105,.T.);
#10637=FILL_AREA_STYLE('',(#13106));
#10638=EDGE_CURVE('',#12982,#13023,#13107,.T.);
#10639=EDGE_CURVE('',#12981,#13021,#13108,.T.);
#10640=FILL_AREA_STYLE('',(#13109));
#10641=EDGE_CURVE('',#13110,#13111,#13112,.T.);
#10642=EDGE_CURVE('',#13110,#13113,#13114,.T.);
#10643=EDGE_CURVE('',#13113,#13115,#13116,.T.);
#10644=EDGE_CURVE('',#13111,#13115,#13117,.T.);
#10645=FILL_AREA_STYLE('',(#13118));
#10646=EDGE_CURVE('',#13095,#13119,#13120,.T.);
#10647=EDGE_CURVE('',#13119,#13121,#13122,.T.);
#10648=EDGE_CURVE('',#13121,#13097,#13123,.T.);
#10649=FILL_AREA_STYLE('',(#13124));
#10650=EDGE_CURVE('',#13125,#13126,#13127,.T.);
#10651=EDGE_CURVE('',#13128,#13125,#13129,.T.);
#10652=EDGE_CURVE('',#13128,#13130,#13131,.T.);
#10653=EDGE_CURVE('',#13126,#13130,#13132,.T.);
#10654=FILL_AREA_STYLE('',(#13133));
#10655=EDGE_CURVE('',#13043,#13075,#13134,.T.);
#10656=FILL_AREA_STYLE('',(#13135));
#10657=EDGE_CURVE('',#13115,#13126,#13136,.T.);
#10658=EDGE_CURVE('',#13125,#13113,#13137,.T.);
#10659=FILL_AREA_STYLE('',(#13138));
#10660=EDGE_CURVE('',#13119,#13139,#13140,.T.);
#10661=EDGE_CURVE('',#13139,#13141,#13142,.T.);
#10662=EDGE_CURVE('',#13141,#13121,#13143,.T.);
#10663=FILL_AREA_STYLE('',(#13144));
#10664=EDGE_CURVE('',#13145,#13146,#13147,.T.);
#10665=EDGE_CURVE('',#13073,#13146,#13148,.T.);
#10666=EDGE_CURVE('',#13145,#13071,#13149,.T.);
#10667=FILL_AREA_STYLE('',(#13150));
#10668=EDGE_CURVE('',#13151,#13152,#13153,.T.);
#10669=EDGE_CURVE('',#13047,#13152,#13154,.T.);
#10670=EDGE_CURVE('',#13151,#13045,#13155,.T.);
#10671=FILL_AREA_STYLE('',(#13156));
#10672=EDGE_CURVE('',#13128,#13151,#13157,.T.);
#10673=EDGE_CURVE('',#13146,#13130,#13158,.T.);
#10674=FILL_AREA_STYLE('',(#13159));
#10675=EDGE_CURVE('',#13019,#13160,#13161,.T.);
#10676=EDGE_CURVE('',#13162,#13160,#13163,.T.);
#10677=EDGE_CURVE('',#13162,#13018,#13164,.T.);
#10678=FILL_AREA_STYLE('',(#13165));
#10679=EDGE_CURVE('',#13166,#13167,#13168,.T.);
#10680=EDGE_CURVE('',#13169,#13166,#13170,.T.);
#10681=EDGE_CURVE('',#13171,#13169,#13172,.T.);
#10682=EDGE_CURVE('',#13167,#13171,#13173,.T.);
#10683=FILL_AREA_STYLE('',(#13174));
#10684=EDGE_CURVE('',#13175,#13176,#13177,.T.);
#10685=EDGE_CURVE('',#13103,#13176,#13178,.T.);
#10686=EDGE_CURVE('',#13175,#13101,#13179,.T.);
#10687=FILL_AREA_STYLE('',(#13180));
#10688=EDGE_CURVE('',#13181,#13182,#13183,.T.);
#10689=EDGE_CURVE('',#13181,#13184,#13185,.T.);
#10690=EDGE_CURVE('',#13184,#13186,#13187,.T.);
#10691=EDGE_CURVE('',#13182,#13186,#13188,.T.);
#10692=FILL_AREA_STYLE('',(#13189));
#10693=EDGE_CURVE('',#13060,#13190,#13191,.T.);
#10694=EDGE_CURVE('',#13190,#13192,#13193,.T.);
#10695=EDGE_CURVE('',#13062,#13192,#13194,.T.);
#10696=FILL_AREA_STYLE('',(#13195));
#10697=EDGE_CURVE('',#13171,#13086,#13196,.T.);
#10698=EDGE_CURVE('',#13088,#13169,#13197,.T.);
#10699=FILL_AREA_STYLE('',(#13198));
#10700=EDGE_CURVE('',#13067,#13053,#13199,.T.);
#10701=EDGE_CURVE('',#13051,#13066,#13200,.T.);
#10702=FILL_AREA_STYLE('',(#13201));
#10703=FILL_AREA_STYLE('',(#13202));
#10704=EDGE_CURVE('',#13186,#13111,#13203,.T.);
#10705=EDGE_CURVE('',#13110,#13184,#13204,.T.);
#10706=FILL_AREA_STYLE('',(#13205));
#10707=EDGE_CURVE('',#13049,#13069,#13206,.T.);
#10708=FILL_AREA_STYLE('',(#13207));
#10709=FILL_AREA_STYLE('',(#13208));
#10710=EDGE_CURVE('',#13176,#13182,#13209,.T.);
#10711=EDGE_CURVE('',#13181,#13175,#13210,.T.);
#10712=FILL_AREA_STYLE('',(#13211));
#10713=EDGE_CURVE('',#13141,#13160,#13212,.T.);
#10714=EDGE_CURVE('',#13162,#13139,#13213,.T.);
#10715=FILL_AREA_STYLE('',(#13214));
#10716=EDGE_CURVE('',#12984,#13166,#13215,.T.);
#10717=EDGE_CURVE('',#13167,#12986,#13216,.T.);
#10718=FILL_AREA_STYLE('',(#13217));
#10719=EDGE_CURVE('',#13192,#13152,#13218,.T.);
#10720=FILL_AREA_STYLE('',(#13219));
#10721=EDGE_CURVE('',#13145,#13190,#13220,.T.);
#10722=FILL_AREA_STYLE('',(#13221));
#10723=FILL_AREA_STYLE('',(#13222));
#10724=FILL_AREA_STYLE('',(#13223));
#10725=EDGE_CURVE('',#13224,#13225,#13226,.T.);
#10726=EDGE_CURVE('',#13227,#13224,#13228,.T.);
#10727=EDGE_CURVE('',#13229,#13227,#13230,.T.);
#10728=EDGE_CURVE('',#13229,#13225,#13231,.T.);
#10729=FILL_AREA_STYLE('',(#13232));
#10730=EDGE_CURVE('',#13233,#13234,#13235,.T.);
#10731=EDGE_CURVE('',#13233,#13236,#13237,.T.);
#10732=EDGE_CURVE('',#13236,#13238,#13239,.T.);
#10733=EDGE_CURVE('',#13234,#13238,#13240,.T.);
#10734=FILL_AREA_STYLE('',(#13241));
#10735=EDGE_CURVE('',#13242,#13243,#13244,.T.);
#10736=EDGE_CURVE('',#13243,#13245,#13246,.T.);
#10737=EDGE_CURVE('',#13245,#13247,#13248,.T.);
#10738=EDGE_CURVE('',#13247,#13249,#13250,.T.);
#10739=EDGE_CURVE('',#13249,#13251,#13252,.T.);
#10740=EDGE_CURVE('',#13251,#13242,#13253,.T.);
#10741=FILL_AREA_STYLE('',(#13254));
#10742=EDGE_CURVE('',#13255,#13256,#13257,.T.);
#10743=EDGE_CURVE('',#13245,#13255,#13258,.T.);
#10744=EDGE_CURVE('',#13256,#13243,#13259,.T.);
#10745=FILL_AREA_STYLE('',(#13260));
#10746=EDGE_CURVE('',#13261,#13262,#13263,.T.);
#10747=EDGE_CURVE('',#13261,#13264,#13265,.T.);
#10748=EDGE_CURVE('',#13266,#13264,#13267,.T.);
#10749=EDGE_CURVE('',#13266,#13262,#13268,.T.);
#10750=FILL_AREA_STYLE('',(#13269));
#10751=EDGE_CURVE('',#13270,#13255,#13271,.T.);
#10752=EDGE_CURVE('',#13270,#13247,#13272,.T.);
#10753=FILL_AREA_STYLE('',(#13273));
#10754=EDGE_CURVE('',#13274,#13275,#13276,.T.);
#10755=EDGE_CURVE('',#13275,#13270,#13277,.T.);
#10756=EDGE_CURVE('',#13256,#13278,#13279,.T.);
#10757=EDGE_CURVE('',#13274,#13278,#13280,.T.);
#10758=FILL_AREA_STYLE('',(#13281));
#10759=EDGE_CURVE('',#13282,#13242,#13283,.T.);
#10760=EDGE_CURVE('',#13284,#13282,#13285,.T.);
#10761=EDGE_CURVE('',#13286,#13284,#13287,.T.);
#10762=EDGE_CURVE('',#13288,#13286,#13289,.T.);
#10763=EDGE_CURVE('',#13290,#13288,#13291,.T.);
#10764=EDGE_CURVE('',#13292,#13290,#13293,.T.);
#10765=EDGE_CURVE('',#13292,#13294,#13295,.T.);
#10766=EDGE_CURVE('',#13296,#13294,#13297,.T.);
#10767=EDGE_CURVE('',#13296,#13278,#13298,.T.);
#10768=FILL_AREA_STYLE('',(#13299));
#10769=EDGE_CURVE('',#13300,#13301,#13302,.T.);
#10770=EDGE_CURVE('',#13303,#13300,#13304,.T.);
#10771=EDGE_CURVE('',#13303,#13305,#13306,.T.);
#10772=EDGE_CURVE('',#13301,#13305,#13307,.T.);
#10773=FILL_AREA_STYLE('',(#13308));
#10774=EDGE_CURVE('',#13309,#13310,#13311,.T.);
#10775=EDGE_CURVE('',#13312,#13309,#13313,.T.);
#10776=EDGE_CURVE('',#13314,#13312,#13315,.T.);
#10777=EDGE_CURVE('',#13316,#13314,#13317,.T.);
#10778=EDGE_CURVE('',#13318,#13316,#13319,.T.);
#10779=EDGE_CURVE('',#13318,#13320,#13321,.T.);
#10780=EDGE_CURVE('',#13322,#13320,#13323,.T.);
#10781=EDGE_CURVE('',#13322,#13251,#13324,.T.);
#10782=EDGE_CURVE('',#13249,#13275,#13325,.T.);
#10783=EDGE_CURVE('',#13310,#13274,#13326,.T.);
#10784=FILL_AREA_STYLE('',(#13327));
#10785=FILL_AREA_STYLE('',(#13328));
#10786=EDGE_CURVE('',#13301,#13329,#13330,.T.);
#10787=EDGE_CURVE('',#13331,#13329,#13332,.T.);
#10788=EDGE_CURVE('',#13300,#13331,#13333,.T.);
#10789=FILL_AREA_STYLE('',(#13334));
#10790=EDGE_CURVE('',#13322,#13282,#13335,.T.);
#10791=EDGE_CURVE('',#13284,#13320,#13336,.T.);
#10792=FILL_AREA_STYLE('',(#13337));
#10793=EDGE_CURVE('',#13338,#13234,#13339,.T.);
#10794=EDGE_CURVE('',#13340,#13338,#13341,.T.);
#10795=EDGE_CURVE('',#13340,#13233,#13342,.T.);
#10796=FILL_AREA_STYLE('',(#13343));
#10797=EDGE_CURVE('',#13236,#13344,#13345,.T.);
#10798=EDGE_CURVE('',#13346,#13344,#13347,.T.);
#10799=EDGE_CURVE('',#13346,#13238,#13348,.T.);
#10800=FILL_AREA_STYLE('',(#13349));
#10801=EDGE_CURVE('',#13225,#13266,#13350,.T.);
#10802=EDGE_CURVE('',#13224,#13264,#13351,.T.);
#10803=FILL_AREA_STYLE('',(#13352));
#10804=EDGE_CURVE('',#13353,#13354,#13355,.T.);
#10805=EDGE_CURVE('',#13353,#13356,#13357,.T.);
#10806=EDGE_CURVE('',#13356,#13358,#13359,.T.);
#10807=EDGE_CURVE('',#13354,#13358,#13360,.T.);
#10808=FILL_AREA_STYLE('',(#13361));
#10809=EDGE_CURVE('',#13338,#13362,#13363,.T.);
#10810=EDGE_CURVE('',#13362,#13364,#13365,.T.);
#10811=EDGE_CURVE('',#13364,#13340,#13366,.T.);
#10812=FILL_AREA_STYLE('',(#13367));
#10813=EDGE_CURVE('',#13368,#13369,#13370,.T.);
#10814=EDGE_CURVE('',#13371,#13368,#13372,.T.);
#10815=EDGE_CURVE('',#13371,#13373,#13374,.T.);
#10816=EDGE_CURVE('',#13369,#13373,#13375,.T.);
#10817=FILL_AREA_STYLE('',(#13376));
#10818=EDGE_CURVE('',#13286,#13318,#13377,.T.);
#10819=FILL_AREA_STYLE('',(#13378));
#10820=EDGE_CURVE('',#13358,#13369,#13379,.T.);
#10821=EDGE_CURVE('',#13368,#13356,#13380,.T.);
#10822=FILL_AREA_STYLE('',(#13381));
#10823=EDGE_CURVE('',#13362,#13382,#13383,.T.);
#10824=EDGE_CURVE('',#13382,#13384,#13385,.T.);
#10825=EDGE_CURVE('',#13384,#13364,#13386,.T.);
#10826=FILL_AREA_STYLE('',(#13387));
#10827=EDGE_CURVE('',#13388,#13389,#13390,.T.);
#10828=EDGE_CURVE('',#13316,#13389,#13391,.T.);
#10829=EDGE_CURVE('',#13388,#13314,#13392,.T.);
#10830=FILL_AREA_STYLE('',(#13393));
#10831=EDGE_CURVE('',#13394,#13395,#13396,.T.);
#10832=EDGE_CURVE('',#13290,#13395,#13397,.T.);
#10833=EDGE_CURVE('',#13394,#13288,#13398,.T.);
#10834=FILL_AREA_STYLE('',(#13399));
#10835=EDGE_CURVE('',#13371,#13394,#13400,.T.);
#10836=EDGE_CURVE('',#13389,#13373,#13401,.T.);
#10837=FILL_AREA_STYLE('',(#13402));
#10838=EDGE_CURVE('',#13262,#13403,#13404,.T.);
#10839=EDGE_CURVE('',#13405,#13403,#13406,.T.);
#10840=EDGE_CURVE('',#13405,#13261,#13407,.T.);
#10841=FILL_AREA_STYLE('',(#13408));
#10842=EDGE_CURVE('',#13409,#13410,#13411,.T.);
#10843=EDGE_CURVE('',#13412,#13409,#13413,.T.);
#10844=EDGE_CURVE('',#13414,#13412,#13415,.T.);
#10845=EDGE_CURVE('',#13410,#13414,#13416,.T.);
#10846=FILL_AREA_STYLE('',(#13417));
#10847=EDGE_CURVE('',#13418,#13419,#13420,.T.);
#10848=EDGE_CURVE('',#13346,#13419,#13421,.T.);
#10849=EDGE_CURVE('',#13418,#13344,#13422,.T.);
#10850=FILL_AREA_STYLE('',(#13423));
#10851=EDGE_CURVE('',#13424,#13425,#13426,.T.);
#10852=EDGE_CURVE('',#13424,#13427,#13428,.T.);
#10853=EDGE_CURVE('',#13427,#13429,#13430,.T.);
#10854=EDGE_CURVE('',#13425,#13429,#13431,.T.);
#10855=FILL_AREA_STYLE('',(#13432));
#10856=EDGE_CURVE('',#13303,#13433,#13434,.T.);
#10857=EDGE_CURVE('',#13433,#13435,#13436,.T.);
#10858=EDGE_CURVE('',#13305,#13435,#13437,.T.);
#10859=FILL_AREA_STYLE('',(#13438));
#10860=EDGE_CURVE('',#13414,#13329,#13439,.T.);
#10861=EDGE_CURVE('',#13331,#13412,#13440,.T.);
#10862=FILL_AREA_STYLE('',(#13441));
#10863=EDGE_CURVE('',#13310,#13296,#13442,.T.);
#10864=EDGE_CURVE('',#13294,#13309,#13443,.T.);
#10865=FILL_AREA_STYLE('',(#13444));
#10866=FILL_AREA_STYLE('',(#13445));
#10867=EDGE_CURVE('',#13429,#13354,#13446,.T.);
#10868=EDGE_CURVE('',#13353,#13427,#13447,.T.);
#10869=FILL_AREA_STYLE('',(#13448));
#10870=EDGE_CURVE('',#13292,#13312,#13449,.T.);
#10871=FILL_AREA_STYLE('',(#13450));
#10872=FILL_AREA_STYLE('',(#13451));
#10873=EDGE_CURVE('',#13419,#13425,#13452,.T.);
#10874=EDGE_CURVE('',#13424,#13418,#13453,.T.);
#10875=FILL_AREA_STYLE('',(#13454));
#10876=EDGE_CURVE('',#13384,#13403,#13455,.T.);
#10877=EDGE_CURVE('',#13405,#13382,#13456,.T.);
#10878=FILL_AREA_STYLE('',(#13457));
#10879=EDGE_CURVE('',#13227,#13409,#13458,.T.);
#10880=EDGE_CURVE('',#13410,#13229,#13459,.T.);
#10881=FILL_AREA_STYLE('',(#13460));
#10882=EDGE_CURVE('',#13435,#13395,#13461,.T.);
#10883=FILL_AREA_STYLE('',(#13462));
#10884=EDGE_CURVE('',#13388,#13433,#13463,.T.);
#10885=FILL_AREA_STYLE('',(#13464));
#10886=FILL_AREA_STYLE('',(#13465));
#10887=FILL_AREA_STYLE('',(#13466));
#10888=EDGE_CURVE('',#13467,#13468,#13469,.T.);
#10889=EDGE_CURVE('',#13470,#13467,#13471,.T.);
#10890=EDGE_CURVE('',#13472,#13470,#13473,.T.);
#10891=EDGE_CURVE('',#13472,#13468,#13474,.T.);
#10892=FILL_AREA_STYLE('',(#13475));
#10893=EDGE_CURVE('',#13476,#13477,#13478,.T.);
#10894=EDGE_CURVE('',#13476,#13479,#13480,.T.);
#10895=EDGE_CURVE('',#13479,#13481,#13482,.T.);
#10896=EDGE_CURVE('',#13477,#13481,#13483,.T.);
#10897=FILL_AREA_STYLE('',(#13484));
#10898=EDGE_CURVE('',#13485,#13486,#13487,.T.);
#10899=EDGE_CURVE('',#13486,#13488,#13489,.T.);
#10900=EDGE_CURVE('',#13488,#13490,#13491,.T.);
#10901=EDGE_CURVE('',#13490,#13492,#13493,.T.);
#10902=EDGE_CURVE('',#13492,#13494,#13495,.T.);
#10903=EDGE_CURVE('',#13494,#13485,#13496,.T.);
#10904=FILL_AREA_STYLE('',(#13497));
#10905=EDGE_CURVE('',#13498,#13499,#13500,.T.);
#10906=EDGE_CURVE('',#13488,#13498,#13501,.T.);
#10907=EDGE_CURVE('',#13499,#13486,#13502,.T.);
#10908=FILL_AREA_STYLE('',(#13503));
#10909=EDGE_CURVE('',#13504,#13505,#13506,.T.);
#10910=EDGE_CURVE('',#13504,#13507,#13508,.T.);
#10911=EDGE_CURVE('',#13509,#13507,#13510,.T.);
#10912=EDGE_CURVE('',#13509,#13505,#13511,.T.);
#10913=FILL_AREA_STYLE('',(#13512));
#10914=EDGE_CURVE('',#13513,#13498,#13514,.T.);
#10915=EDGE_CURVE('',#13513,#13490,#13515,.T.);
#10916=FILL_AREA_STYLE('',(#13516));
#10917=EDGE_CURVE('',#13517,#13518,#13519,.T.);
#10918=EDGE_CURVE('',#13518,#13513,#13520,.T.);
#10919=EDGE_CURVE('',#13499,#13521,#13522,.T.);
#10920=EDGE_CURVE('',#13517,#13521,#13523,.T.);
#10921=FILL_AREA_STYLE('',(#13524));
#10922=EDGE_CURVE('',#13525,#13485,#13526,.T.);
#10923=EDGE_CURVE('',#13527,#13525,#13528,.T.);
#10924=EDGE_CURVE('',#13529,#13527,#13530,.T.);
#10925=EDGE_CURVE('',#13531,#13529,#13532,.T.);
#10926=EDGE_CURVE('',#13533,#13531,#13534,.T.);
#10927=EDGE_CURVE('',#13535,#13533,#13536,.T.);
#10928=EDGE_CURVE('',#13535,#13537,#13538,.T.);
#10929=EDGE_CURVE('',#13539,#13537,#13540,.T.);
#10930=EDGE_CURVE('',#13539,#13521,#13541,.T.);
#10931=FILL_AREA_STYLE('',(#13542));
#10932=EDGE_CURVE('',#13543,#13544,#13545,.T.);
#10933=EDGE_CURVE('',#13546,#13543,#13547,.T.);
#10934=EDGE_CURVE('',#13546,#13548,#13549,.T.);
#10935=EDGE_CURVE('',#13544,#13548,#13550,.T.);
#10936=FILL_AREA_STYLE('',(#13551));
#10937=EDGE_CURVE('',#13552,#13553,#13554,.T.);
#10938=EDGE_CURVE('',#13555,#13552,#13556,.T.);
#10939=EDGE_CURVE('',#13557,#13555,#13558,.T.);
#10940=EDGE_CURVE('',#13559,#13557,#13560,.T.);
#10941=EDGE_CURVE('',#13561,#13559,#13562,.T.);
#10942=EDGE_CURVE('',#13561,#13563,#13564,.T.);
#10943=EDGE_CURVE('',#13565,#13563,#13566,.T.);
#10944=EDGE_CURVE('',#13565,#13494,#13567,.T.);
#10945=EDGE_CURVE('',#13492,#13518,#13568,.T.);
#10946=EDGE_CURVE('',#13553,#13517,#13569,.T.);
#10947=FILL_AREA_STYLE('',(#13570));
#10948=FILL_AREA_STYLE('',(#13571));
#10949=EDGE_CURVE('',#13544,#13572,#13573,.T.);
#10950=EDGE_CURVE('',#13574,#13572,#13575,.T.);
#10951=EDGE_CURVE('',#13543,#13574,#13576,.T.);
#10952=FILL_AREA_STYLE('',(#13577));
#10953=EDGE_CURVE('',#13565,#13525,#13578,.T.);
#10954=EDGE_CURVE('',#13527,#13563,#13579,.T.);
#10955=FILL_AREA_STYLE('',(#13580));
#10956=EDGE_CURVE('',#13581,#13477,#13582,.T.);
#10957=EDGE_CURVE('',#13583,#13581,#13584,.T.);
#10958=EDGE_CURVE('',#13583,#13476,#13585,.T.);
#10959=FILL_AREA_STYLE('',(#13586));
#10960=EDGE_CURVE('',#13479,#13587,#13588,.T.);
#10961=EDGE_CURVE('',#13589,#13587,#13590,.T.);
#10962=EDGE_CURVE('',#13589,#13481,#13591,.T.);
#10963=FILL_AREA_STYLE('',(#13592));
#10964=EDGE_CURVE('',#13468,#13509,#13593,.T.);
#10965=EDGE_CURVE('',#13467,#13507,#13594,.T.);
#10966=FILL_AREA_STYLE('',(#13595));
#10967=EDGE_CURVE('',#13596,#13597,#13598,.T.);
#10968=EDGE_CURVE('',#13596,#13599,#13600,.T.);
#10969=EDGE_CURVE('',#13599,#13601,#13602,.T.);
#10970=EDGE_CURVE('',#13597,#13601,#13603,.T.);
#10971=FILL_AREA_STYLE('',(#13604));
#10972=EDGE_CURVE('',#13581,#13605,#13606,.T.);
#10973=EDGE_CURVE('',#13605,#13607,#13608,.T.);
#10974=EDGE_CURVE('',#13607,#13583,#13609,.T.);
#10975=FILL_AREA_STYLE('',(#13610));
#10976=EDGE_CURVE('',#13611,#13612,#13613,.T.);
#10977=EDGE_CURVE('',#13614,#13611,#13615,.T.);
#10978=EDGE_CURVE('',#13614,#13616,#13617,.T.);
#10979=EDGE_CURVE('',#13612,#13616,#13618,.T.);
#10980=FILL_AREA_STYLE('',(#13619));
#10981=EDGE_CURVE('',#13529,#13561,#13620,.T.);
#10982=FILL_AREA_STYLE('',(#13621));
#10983=EDGE_CURVE('',#13601,#13612,#13622,.T.);
#10984=EDGE_CURVE('',#13611,#13599,#13623,.T.);
#10985=FILL_AREA_STYLE('',(#13624));
#10986=EDGE_CURVE('',#13605,#13625,#13626,.T.);
#10987=EDGE_CURVE('',#13625,#13627,#13628,.T.);
#10988=EDGE_CURVE('',#13627,#13607,#13629,.T.);
#10989=FILL_AREA_STYLE('',(#13630));
#10990=EDGE_CURVE('',#13631,#13632,#13633,.T.);
#10991=EDGE_CURVE('',#13559,#13632,#13634,.T.);
#10992=EDGE_CURVE('',#13631,#13557,#13635,.T.);
#10993=FILL_AREA_STYLE('',(#13636));
#10994=EDGE_CURVE('',#13637,#13638,#13639,.T.);
#10995=EDGE_CURVE('',#13533,#13638,#13640,.T.);
#10996=EDGE_CURVE('',#13637,#13531,#13641,.T.);
#10997=FILL_AREA_STYLE('',(#13642));
#10998=EDGE_CURVE('',#13614,#13637,#13643,.T.);
#10999=EDGE_CURVE('',#13632,#13616,#13644,.T.);
#11000=FILL_AREA_STYLE('',(#13645));
#11001=EDGE_CURVE('',#13505,#13646,#13647,.T.);
#11002=EDGE_CURVE('',#13648,#13646,#13649,.T.);
#11003=EDGE_CURVE('',#13648,#13504,#13650,.T.);
#11004=FILL_AREA_STYLE('',(#13651));
#11005=EDGE_CURVE('',#13652,#13653,#13654,.T.);
#11006=EDGE_CURVE('',#13655,#13652,#13656,.T.);
#11007=EDGE_CURVE('',#13657,#13655,#13658,.T.);
#11008=EDGE_CURVE('',#13653,#13657,#13659,.T.);
#11009=FILL_AREA_STYLE('',(#13660));
#11010=EDGE_CURVE('',#13661,#13662,#13663,.T.);
#11011=EDGE_CURVE('',#13589,#13662,#13664,.T.);
#11012=EDGE_CURVE('',#13661,#13587,#13665,.T.);
#11013=FILL_AREA_STYLE('',(#13666));
#11014=EDGE_CURVE('',#13667,#13668,#13669,.T.);
#11015=EDGE_CURVE('',#13667,#13670,#13671,.T.);
#11016=EDGE_CURVE('',#13670,#13672,#13673,.T.);
#11017=EDGE_CURVE('',#13668,#13672,#13674,.T.);
#11018=FILL_AREA_STYLE('',(#13675));
#11019=EDGE_CURVE('',#13546,#13676,#13677,.T.);
#11020=EDGE_CURVE('',#13676,#13678,#13679,.T.);
#11021=EDGE_CURVE('',#13548,#13678,#13680,.T.);
#11022=FILL_AREA_STYLE('',(#13681));
#11023=EDGE_CURVE('',#13657,#13572,#13682,.T.);
#11024=EDGE_CURVE('',#13574,#13655,#13683,.T.);
#11025=FILL_AREA_STYLE('',(#13684));
#11026=EDGE_CURVE('',#13553,#13539,#13685,.T.);
#11027=EDGE_CURVE('',#13537,#13552,#13686,.T.);
#11028=FILL_AREA_STYLE('',(#13687));
#11029=FILL_AREA_STYLE('',(#13688));
#11030=EDGE_CURVE('',#13672,#13597,#13689,.T.);
#11031=EDGE_CURVE('',#13596,#13670,#13690,.T.);
#11032=FILL_AREA_STYLE('',(#13691));
#11033=EDGE_CURVE('',#13535,#13555,#13692,.T.);
#11034=FILL_AREA_STYLE('',(#13693));
#11035=FILL_AREA_STYLE('',(#13694));
#11036=EDGE_CURVE('',#13662,#13668,#13695,.T.);
#11037=EDGE_CURVE('',#13667,#13661,#13696,.T.);
#11038=FILL_AREA_STYLE('',(#13697));
#11039=EDGE_CURVE('',#13627,#13646,#13698,.T.);
#11040=EDGE_CURVE('',#13648,#13625,#13699,.T.);
#11041=FILL_AREA_STYLE('',(#13700));
#11042=EDGE_CURVE('',#13470,#13652,#13701,.T.);
#11043=EDGE_CURVE('',#13653,#13472,#13702,.T.);
#11044=FILL_AREA_STYLE('',(#13703));
#11045=EDGE_CURVE('',#13678,#13638,#13704,.T.);
#11046=FILL_AREA_STYLE('',(#13705));
#11047=EDGE_CURVE('',#13631,#13676,#13706,.T.);
#11048=FILL_AREA_STYLE('',(#13707));
#11049=FILL_AREA_STYLE('',(#13708));
#11050=FILL_AREA_STYLE('',(#13709));
#11051=EDGE_CURVE('',#13710,#13711,#13712,.T.);
#11052=EDGE_CURVE('',#13713,#13711,#13714,.T.);
#11053=EDGE_CURVE('',#13715,#13713,#13716,.T.);
#11054=EDGE_CURVE('',#13717,#13715,#13718,.T.);
#11055=EDGE_CURVE('',#13719,#13717,#13720,.T.);
#11056=EDGE_CURVE('',#13719,#13721,#13722,.T.);
#11057=EDGE_CURVE('',#13723,#13721,#13724,.T.);
#11058=EDGE_CURVE('',#13723,#13725,#13726,.T.);
#11059=EDGE_CURVE('',#13710,#13725,#13727,.T.);
#11060=FILL_AREA_STYLE('',(#13728));
#11061=EDGE_CURVE('',#13729,#13730,#13731,.T.);
#11062=EDGE_CURVE('',#13732,#13729,#13733,.T.);
#11063=EDGE_CURVE('',#13734,#13732,#13735,.T.);
#11064=EDGE_CURVE('',#13736,#13734,#13737,.T.);
#11065=EDGE_CURVE('',#13738,#13736,#13739,.T.);
#11066=EDGE_CURVE('',#13740,#13738,#13741,.T.);
#11067=EDGE_CURVE('',#13740,#13730,#13742,.T.);
#11068=FILL_AREA_STYLE('',(#13743));
#11069=EDGE_CURVE('',#13744,#13745,#13746,.T.);
#11070=EDGE_CURVE('',#13747,#13744,#13748,.T.);
#11071=EDGE_CURVE('',#13749,#13747,#13750,.T.);
#11072=EDGE_CURVE('',#13745,#13749,#13751,.T.);
#11073=FILL_AREA_STYLE('',(#13752));
#11074=EDGE_CURVE('',#13753,#13754,#13755,.T.);
#11075=EDGE_CURVE('',#13754,#13756,#13757,.T.);
#11076=EDGE_CURVE('',#13758,#13756,#13759,.T.);
#11077=EDGE_CURVE('',#13758,#13753,#13760,.T.);
#11078=FILL_AREA_STYLE('',(#13761));
#11079=EDGE_CURVE('',#13762,#13763,#13764,.T.);
#11080=EDGE_CURVE('',#13765,#13762,#13766,.T.);
#11081=EDGE_CURVE('',#13767,#13765,#13768,.T.);
#11082=EDGE_CURVE('',#13767,#13763,#13769,.T.);
#11083=FILL_AREA_STYLE('',(#13770));
#11084=EDGE_CURVE('',#13729,#13710,#13771,.T.);
#11085=EDGE_CURVE('',#13725,#13732,#13772,.T.);
#11086=FILL_AREA_STYLE('',(#13773));
#11087=EDGE_CURVE('',#13774,#13758,#13775,.T.);
#11088=EDGE_CURVE('',#13776,#13774,#13777,.T.);
#11089=EDGE_CURVE('',#13753,#13776,#13778,.T.);
#11090=FILL_AREA_STYLE('',(#13779));
#11091=EDGE_CURVE('',#13734,#13723,#13780,.T.);
#11092=EDGE_CURVE('',#13721,#13736,#13781,.T.);
#11093=FILL_AREA_STYLE('',(#13782));
#11094=FILL_AREA_STYLE('',(#13783));
#11095=EDGE_CURVE('',#13738,#13719,#13784,.T.);
#11096=FILL_AREA_STYLE('',(#13785));
#11097=EDGE_CURVE('',#13786,#13787,#13788,.T.);
#11098=EDGE_CURVE('',#13789,#13787,#13790,.T.);
#11099=EDGE_CURVE('',#13789,#13791,#13792,.T.);
#11100=EDGE_CURVE('',#13791,#13786,#13793,.T.);
#11101=FILL_AREA_STYLE('',(#13794));
#11102=EDGE_CURVE('',#13795,#13796,#13797,.T.);
#11103=EDGE_CURVE('',#13798,#13796,#13799,.T.);
#11104=EDGE_CURVE('',#13798,#13800,#13801,.T.);
#11105=EDGE_CURVE('',#13795,#13800,#13802,.T.);
#11106=FILL_AREA_STYLE('',(#13803));
#11107=EDGE_CURVE('',#13804,#13795,#13805,.T.);
#11108=EDGE_CURVE('',#13804,#13754,#13806,.T.);
#11109=EDGE_CURVE('',#13749,#13776,#13807,.T.);
#11110=EDGE_CURVE('',#13747,#13808,#13809,.T.);
#11111=EDGE_CURVE('',#13808,#13796,#13810,.T.);
#11112=FILL_AREA_STYLE('',(#13811));
#11113=EDGE_CURVE('',#13812,#13813,#13814,.T.);
#11114=EDGE_CURVE('',#13744,#13813,#13815,.T.);
#11115=EDGE_CURVE('',#13745,#13774,#13816,.T.);
#11116=EDGE_CURVE('',#13756,#13812,#13817,.T.);
#11117=FILL_AREA_STYLE('',(#13818));
#11118=EDGE_CURVE('',#13730,#13767,#13819,.T.);
#11119=EDGE_CURVE('',#13717,#13740,#13820,.T.);
#11120=EDGE_CURVE('',#13715,#13763,#13821,.T.);
#11121=FILL_AREA_STYLE('',(#13822));
#11122=EDGE_CURVE('',#13812,#13804,#13823,.T.);
#11123=FILL_AREA_STYLE('',(#13824));
#11124=EDGE_CURVE('',#13711,#13825,#13826,.T.);
#11125=EDGE_CURVE('',#13827,#13825,#13828,.T.);
#11126=EDGE_CURVE('',#13827,#13713,#13829,.T.);
#11127=FILL_AREA_STYLE('',(#13830));
#11128=EDGE_CURVE('',#13786,#13798,#13831,.T.);
#11129=EDGE_CURVE('',#13800,#13791,#13832,.T.);
#11130=FILL_AREA_STYLE('',(#13833));
#11131=EDGE_CURVE('',#13813,#13765,#13834,.T.);
#11132=EDGE_CURVE('',#13825,#13789,#13835,.T.);
#11133=FILL_AREA_STYLE('',(#13836));
#11134=EDGE_CURVE('',#13787,#13827,#13837,.T.);
#11135=EDGE_CURVE('',#13808,#13762,#13838,.T.);
#11136=FILL_AREA_STYLE('',(#13839));
#11137=FILL_AREA_STYLE('',(#13840));
#11138=FILL_AREA_STYLE('',(#13841));
#11139=FILL_AREA_STYLE('',(#13842));
#11140=FILL_AREA_STYLE('',(#13843));
#11141=FILL_AREA_STYLE('',(#13844));
#11142=EDGE_CURVE('',#13845,#13846,#13847,.T.);
#11143=EDGE_CURVE('',#13848,#13845,#13849,.T.);
#11144=EDGE_CURVE('',#13850,#13848,#13851,.T.);
#11145=EDGE_CURVE('',#13850,#13846,#13852,.T.);
#11146=FILL_AREA_STYLE('',(#13853));
#11147=EDGE_CURVE('',#13854,#13855,#13856,.T.);
#11148=EDGE_CURVE('',#13854,#13857,#13858,.T.);
#11149=EDGE_CURVE('',#13857,#13859,#13860,.T.);
#11150=EDGE_CURVE('',#13855,#13859,#13861,.T.);
#11151=FILL_AREA_STYLE('',(#13862));
#11152=EDGE_CURVE('',#13863,#13864,#13865,.T.);
#11153=EDGE_CURVE('',#13864,#13866,#13867,.T.);
#11154=EDGE_CURVE('',#13866,#13868,#13869,.T.);
#11155=EDGE_CURVE('',#13868,#13870,#13871,.T.);
#11156=EDGE_CURVE('',#13872,#13870,#13873,.T.);
#11157=EDGE_CURVE('',#13872,#13874,#13875,.T.);
#11158=EDGE_CURVE('',#13874,#13876,#13877,.T.);
#11159=EDGE_CURVE('',#13876,#13863,#13878,.T.);
#11160=FILL_AREA_STYLE('',(#13879));
#11161=EDGE_CURVE('',#13880,#13881,#13882,.T.);
#11162=EDGE_CURVE('',#13883,#13880,#13884,.T.);
#11163=EDGE_CURVE('',#13885,#13883,#13886,.T.);
#11164=EDGE_CURVE('',#13866,#13885,#13887,.T.);
#11165=EDGE_CURVE('',#13864,#13888,#13889,.T.);
#11166=EDGE_CURVE('',#13890,#13888,#13891,.T.);
#11167=EDGE_CURVE('',#13890,#13892,#13893,.T.);
#11168=EDGE_CURVE('',#13894,#13892,#13895,.T.);
#11169=EDGE_CURVE('',#13894,#13896,#13897,.T.);
#11170=EDGE_CURVE('',#13898,#13896,#13899,.T.);
#11171=EDGE_CURVE('',#13881,#13898,#13900,.T.);
#11172=FILL_AREA_STYLE('',(#13901));
#11173=EDGE_CURVE('',#13902,#13903,#13904,.T.);
#11174=EDGE_CURVE('',#13903,#13905,#13906,.T.);
#11175=EDGE_CURVE('',#13905,#13907,#13908,.T.);
#11176=EDGE_CURVE('',#13907,#13894,#13909,.T.);
#11177=EDGE_CURVE('',#13892,#13902,#13910,.T.);
#11178=FILL_AREA_STYLE('',(#13911));
#11179=EDGE_CURVE('',#13881,#13912,#13913,.T.);
#11180=EDGE_CURVE('',#13898,#13914,#13915,.T.);
#11181=EDGE_CURVE('',#13912,#13914,#13916,.T.);
#11182=FILL_AREA_STYLE('',(#13917));
#11183=EDGE_CURVE('',#13918,#13919,#13920,.T.);
#11184=EDGE_CURVE('',#13918,#13907,#13921,.T.);
#11185=EDGE_CURVE('',#13905,#13919,#13922,.T.);
#11186=FILL_AREA_STYLE('',(#13923));
#11187=EDGE_CURVE('',#13912,#13924,#13925,.T.);
#11188=EDGE_CURVE('',#13924,#13880,#13926,.T.);
#11189=FILL_AREA_STYLE('',(#13927));
#11190=EDGE_CURVE('',#13928,#13883,#13929,.T.);
#11191=EDGE_CURVE('',#13928,#13930,#13931,.T.);
#11192=EDGE_CURVE('',#13932,#13930,#13933,.T.);
#11193=EDGE_CURVE('',#13934,#13932,#13935,.T.);
#11194=EDGE_CURVE('',#13936,#13934,#13937,.T.);
#11195=EDGE_CURVE('',#13938,#13936,#13939,.T.);
#11196=EDGE_CURVE('',#13885,#13938,#13940,.T.);
#11197=FILL_AREA_STYLE('',(#13941));
#11198=EDGE_CURVE('',#13928,#13924,#13942,.T.);
#11199=FILL_AREA_STYLE('',(#13943));
#11200=EDGE_CURVE('',#13896,#13918,#13944,.T.);
#11201=FILL_AREA_STYLE('',(#13945));
#11202=EDGE_CURVE('',#13857,#13946,#13947,.T.);
#11203=EDGE_CURVE('',#13948,#13946,#13949,.T.);
#11204=EDGE_CURVE('',#13948,#13859,#13950,.T.);
#11205=FILL_AREA_STYLE('',(#13951));
#11206=EDGE_CURVE('',#13952,#13914,#13953,.T.);
#11207=EDGE_CURVE('',#13952,#13903,#13954,.T.);
#11208=EDGE_CURVE('',#13955,#13902,#13956,.T.);
#11209=EDGE_CURVE('',#13957,#13955,#13958,.T.);
#11210=EDGE_CURVE('',#13863,#13957,#13959,.T.);
#11211=EDGE_CURVE('',#13930,#13876,#13960,.T.);
#11212=FILL_AREA_STYLE('',(#13961));
#11213=EDGE_CURVE('',#13962,#13963,#13964,.T.);
#11214=EDGE_CURVE('',#13962,#13965,#13966,.T.);
#11215=EDGE_CURVE('',#13965,#13967,#13968,.T.);
#11216=EDGE_CURVE('',#13963,#13967,#13969,.T.);
#11217=FILL_AREA_STYLE('',(#13970));
#11218=EDGE_CURVE('',#13971,#13972,#13973,.T.);
#11219=EDGE_CURVE('',#13967,#13972,#13974,.T.);
#11220=EDGE_CURVE('',#13971,#13965,#13975,.T.);
#11221=FILL_AREA_STYLE('',(#13976));
#11222=EDGE_CURVE('',#13890,#13955,#13977,.T.);
#11223=EDGE_CURVE('',#13957,#13888,#13978,.T.);
#11224=FILL_AREA_STYLE('',(#13979));
#11225=FILL_AREA_STYLE('',(#13980));
#11226=FILL_AREA_STYLE('',(#13981));
#11227=EDGE_CURVE('',#13874,#13932,#13982,.T.);
#11228=FILL_AREA_STYLE('',(#13983));
#11229=EDGE_CURVE('',#13971,#13984,#13985,.T.);
#11230=EDGE_CURVE('',#13984,#13986,#13987,.T.);
#11231=EDGE_CURVE('',#13972,#13986,#13988,.T.);
#11232=FILL_AREA_STYLE('',(#13989));
#11233=EDGE_CURVE('',#13938,#13868,#13990,.T.);
#11234=EDGE_CURVE('',#13991,#13936,#13992,.T.);
#11235=EDGE_CURVE('',#13991,#13993,#13994,.T.);
#11236=EDGE_CURVE('',#13993,#13995,#13996,.T.);
#11237=EDGE_CURVE('',#13995,#13997,#13998,.T.);
#11238=EDGE_CURVE('',#13997,#13999,#14000,.T.);
#11239=EDGE_CURVE('',#13848,#13999,#14001,.T.);
#11240=EDGE_CURVE('',#13845,#14002,#14003,.T.);
#11241=EDGE_CURVE('',#14004,#14002,#14005,.T.);
#11242=EDGE_CURVE('',#14006,#14004,#14007,.T.);
#11243=EDGE_CURVE('',#14006,#14008,#14009,.T.);
#11244=EDGE_CURVE('',#14010,#14008,#14011,.T.);
#11245=EDGE_CURVE('',#14012,#14010,#14013,.T.);
#11246=EDGE_CURVE('',#14012,#13855,#14014,.T.);
#11247=EDGE_CURVE('',#13948,#14015,#14016,.T.);
#11248=EDGE_CURVE('',#14015,#13963,#14017,.T.);
#11249=EDGE_CURVE('',#13986,#14018,#14019,.T.);
#11250=EDGE_CURVE('',#14018,#13870,#14020,.T.);
#11251=FILL_AREA_STYLE('',(#14021));
#11252=EDGE_CURVE('',#13872,#14022,#14023,.T.);
#11253=EDGE_CURVE('',#14022,#13984,#14024,.T.);
#11254=EDGE_CURVE('',#13962,#14025,#14026,.T.);
#11255=EDGE_CURVE('',#14025,#13946,#14027,.T.);
#11256=EDGE_CURVE('',#14028,#13854,#14029,.T.);
#11257=EDGE_CURVE('',#14030,#14028,#14031,.T.);
#11258=EDGE_CURVE('',#14032,#14030,#14033,.T.);
#11259=EDGE_CURVE('',#14032,#14034,#14035,.T.);
#11260=EDGE_CURVE('',#14036,#14034,#14037,.T.);
#11261=EDGE_CURVE('',#14038,#14036,#14039,.T.);
#11262=EDGE_CURVE('',#13846,#14038,#14040,.T.);
#11263=EDGE_CURVE('',#14041,#13850,#14042,.T.);
#11264=EDGE_CURVE('',#14041,#14043,#14044,.T.);
#11265=EDGE_CURVE('',#14043,#14045,#14046,.T.);
#11266=EDGE_CURVE('',#14047,#14045,#14048,.T.);
#11267=EDGE_CURVE('',#14047,#14049,#14050,.T.);
#11268=EDGE_CURVE('',#14049,#13934,#14051,.T.);
#11269=FILL_AREA_STYLE('',(#14052));
#11270=FILL_AREA_STYLE('',(#14053));
#11271=EDGE_CURVE('',#13919,#13952,#14054,.T.);
#11272=FILL_AREA_STYLE('',(#14055));
#11273=FILL_AREA_STYLE('',(#14056));
#11274=EDGE_CURVE('',#14018,#14022,#14057,.T.);
#11275=FILL_AREA_STYLE('',(#14058));
#11276=EDGE_CURVE('',#14028,#14012,#14059,.T.);
#11277=EDGE_CURVE('',#14010,#14030,#14060,.T.);
#11278=FILL_AREA_STYLE('',(#14061));
#11279=FILL_AREA_STYLE('',(#14062));
#11280=EDGE_CURVE('',#14025,#14015,#14063,.T.);
#11281=FILL_AREA_STYLE('',(#14064));
#11282=EDGE_CURVE('',#14008,#14032,#14065,.T.);
#11283=FILL_AREA_STYLE('',(#14066));
#11284=EDGE_CURVE('',#14006,#14034,#14067,.T.);
#11285=FILL_AREA_STYLE('',(#14068));
#11286=EDGE_CURVE('',#14004,#14036,#14069,.T.);
#11287=FILL_AREA_STYLE('',(#14070));
#11288=EDGE_CURVE('',#14038,#14002,#14071,.T.);
#11289=FILL_AREA_STYLE('',(#14072));
#11290=EDGE_CURVE('',#13999,#14041,#14073,.T.);
#11291=FILL_AREA_STYLE('',(#14074));
#11292=EDGE_CURVE('',#14043,#13997,#14075,.T.);
#11293=FILL_AREA_STYLE('',(#14076));
#11294=EDGE_CURVE('',#13995,#14045,#14077,.T.);
#11295=FILL_AREA_STYLE('',(#14078));
#11296=EDGE_CURVE('',#13993,#14047,#14079,.T.);
#11297=EDGE_CURVE('',#13991,#14049,#14080,.T.);
#11298=FILL_AREA_STYLE('',(#14081));
#11299=FILL_AREA_STYLE('',(#14082));
#11300=FILL_AREA_STYLE('',(#14083));
#11301=FILL_AREA_STYLE('',(#14084));
#11302=FILL_AREA_STYLE('',(#14085));
#11303=FILL_AREA_STYLE('',(#14086));
#11304=FILL_AREA_STYLE_COLOUR('',#14087);
#11305=VERTEX_POINT('',#14088);
#11306=VERTEX_POINT('',#14089);
#11307=LINE('',#14090,#14091);
#11308=VERTEX_POINT('',#14092);
#11309=LINE('',#14093,#14094);
#11310=VERTEX_POINT('',#14095);
#11311=LINE('',#14096,#14097);
#11312=VERTEX_POINT('',#14098);
#11313=LINE('',#14099,#14100);
#11314=VERTEX_POINT('',#14101);
#11315=CIRCLE('',#14102,0.2);
#11316=VERTEX_POINT('',#14103);
#11317=LINE('',#14104,#14105);
#11318=VERTEX_POINT('',#14106);
#11319=CIRCLE('',#14107,0.2);
#11320=VERTEX_POINT('',#14108);
#11321=LINE('',#14109,#14110);
#11322=CIRCLE('',#14111,0.2);
#11323=FILL_AREA_STYLE_COLOUR('',#14112);
#11324=VERTEX_POINT('',#14113);
#11325=VERTEX_POINT('',#14114);
#11326=LINE('',#14115,#14116);
#11327=VERTEX_POINT('',#14117);
#11328=CIRCLE('',#14118,0.2);
#11329=VERTEX_POINT('',#14119);
#11330=LINE('',#14120,#14121);
#11331=VERTEX_POINT('',#14122);
#11332=CIRCLE('',#14123,0.2);
#11333=VERTEX_POINT('',#14124);
#11334=LINE('',#14125,#14126);
#11335=VERTEX_POINT('',#14127);
#11336=CIRCLE('',#14128,0.2);
#11337=LINE('',#14129,#14130);
#11338=FILL_AREA_STYLE_COLOUR('',#14131);
#11339=VERTEX_POINT('',#14132);
#11340=VERTEX_POINT('',#14133);
#11341=CIRCLE('',#14134,0.2);
#11342=VERTEX_POINT('',#14135);
#11343=LINE('',#14136,#14137);
#11344=VERTEX_POINT('',#14138);
#11345=CIRCLE('',#14139,0.2);
#11346=LINE('',#14140,#14141);
#11347=FILL_AREA_STYLE_COLOUR('',#14142);
#11348=VERTEX_POINT('',#14143);
#11349=VERTEX_POINT('',#14144);
#11350=LINE('',#14145,#14146);
#11351=VERTEX_POINT('',#14147);
#11352=LINE('',#14148,#14149);
#11353=VERTEX_POINT('',#14150);
#11354=LINE('',#14151,#14152);
#11355=LINE('',#14153,#14154);
#11356=FILL_AREA_STYLE_COLOUR('',#14155);
#11357=VERTEX_POINT('',#14156);
#11358=VERTEX_POINT('',#14157);
#11359=LINE('',#14158,#14159);
#11360=VERTEX_POINT('',#14160);
#11361=LINE('',#14161,#14162);
#11362=VERTEX_POINT('',#14163);
#11363=LINE('',#14164,#14165);
#11364=LINE('',#14166,#14167);
#11365=FILL_AREA_STYLE_COLOUR('',#14168);
#11366=LINE('',#14169,#14170);
#11367=LINE('',#14171,#14172);
#11368=FILL_AREA_STYLE_COLOUR('',#14173);
#11369=VERTEX_POINT('',#14174);
#11370=CIRCLE('',#14175,0.2);
#11371=VERTEX_POINT('',#14176);
#11372=LINE('',#14177,#14178);
#11373=CIRCLE('',#14179,0.2);
#11374=FILL_AREA_STYLE_COLOUR('',#14180);
#11375=LINE('',#14181,#14182);
#11376=LINE('',#14183,#14184);
#11377=FILL_AREA_STYLE_COLOUR('',#14185);
#11378=FILL_AREA_STYLE_COLOUR('',#14186);
#11379=LINE('',#14187,#14188);
#11380=FILL_AREA_STYLE_COLOUR('',#14189);
#11381=VERTEX_POINT('',#14190);
#11382=VERTEX_POINT('',#14191);
#11383=LINE('',#14192,#14193);
#11384=VERTEX_POINT('',#14194);
#11385=LINE('',#14195,#14196);
#11386=VERTEX_POINT('',#14197);
#11387=LINE('',#14198,#14199);
#11388=LINE('',#14200,#14201);
#11389=FILL_AREA_STYLE_COLOUR('',#14202);
#11390=VERTEX_POINT('',#14203);
#11391=VERTEX_POINT('',#14204);
#11392=LINE('',#14205,#14206);
#11393=VERTEX_POINT('',#14207);
#11394=LINE('',#14208,#14209);
#11395=VERTEX_POINT('',#14210);
#11396=LINE('',#14211,#14212);
#11397=LINE('',#14213,#14214);
#11398=FILL_AREA_STYLE_COLOUR('',#14215);
#11399=VERTEX_POINT('',#14216);
#11400=LINE('',#14217,#14218);
#11401=CIRCLE('',#14219,0.2);
#11402=LINE('',#14220,#14221);
#11403=VERTEX_POINT('',#14222);
#11404=LINE('',#14223,#14224);
#11405=LINE('',#14225,#14226);
#11406=FILL_AREA_STYLE_COLOUR('',#14227);
#11407=VERTEX_POINT('',#14228);
#11408=VERTEX_POINT('',#14229);
#11409=LINE('',#14230,#14231);
#11410=LINE('',#14232,#14233);
#11411=LINE('',#14234,#14235);
#11412=CIRCLE('',#14236,0.2);
#11413=FILL_AREA_STYLE_COLOUR('',#14237);
#11414=LINE('',#14238,#14239);
#11415=LINE('',#14240,#14241);
#11416=LINE('',#14242,#14243);
#11417=FILL_AREA_STYLE_COLOUR('',#14244);
#11418=LINE('',#14245,#14246);
#11419=FILL_AREA_STYLE_COLOUR('',#14247);
#11420=VERTEX_POINT('',#14248);
#11421=LINE('',#14249,#14250);
#11422=VERTEX_POINT('',#14251);
#11423=LINE('',#14252,#14253);
#11424=LINE('',#14254,#14255);
#11425=FILL_AREA_STYLE_COLOUR('',#14256);
#11426=LINE('',#14257,#14258);
#11427=LINE('',#14259,#14260);
#11428=FILL_AREA_STYLE_COLOUR('',#14261);
#11429=LINE('',#14262,#14263);
#11430=LINE('',#14264,#14265);
#11431=FILL_AREA_STYLE_COLOUR('',#14266);
#11432=LINE('',#14267,#14268);
#11433=LINE('',#14269,#14270);
#11434=FILL_AREA_STYLE_COLOUR('',#14271);
#11435=FILL_AREA_STYLE_COLOUR('',#14272);
#11436=FILL_AREA_STYLE_COLOUR('',#14273);
#11437=FILL_AREA_STYLE_COLOUR('',#14274);
#11438=FILL_AREA_STYLE_COLOUR('',#14275);
#11439=FILL_AREA_STYLE_COLOUR('',#14276);
#11440=VERTEX_POINT('',#14277);
#11441=VERTEX_POINT('',#14278);
#11442=LINE('',#14279,#14280);
#11443=VERTEX_POINT('',#14281);
#11444=CIRCLE('',#14282,0.8);
#11445=VERTEX_POINT('',#14283);
#11446=LINE('',#14284,#14285);
#11447=CIRCLE('',#14286,0.8);
#11448=FILL_AREA_STYLE_COLOUR('',#14287);
#11449=VERTEX_POINT('',#14288);
#11450=VERTEX_POINT('',#14289);
#11451=LINE('',#14290,#14291);
#11452=VERTEX_POINT('',#14292);
#11453=CIRCLE('',#14293,0.7);
#11454=VERTEX_POINT('',#14294);
#11455=LINE('',#14295,#14296);
#11456=CIRCLE('',#14297,0.7);
#11457=FILL_AREA_STYLE_COLOUR('',#14298);
#11458=VERTEX_POINT('',#14299);
#11459=VERTEX_POINT('',#14300);
#11460=LINE('',#14301,#14302);
#11461=VERTEX_POINT('',#14303);
#11462=LINE('',#14304,#14305);
#11463=VERTEX_POINT('',#14306);
#11464=LINE('',#14307,#14308);
#11465=VERTEX_POINT('',#14309);
#11466=LINE('',#14310,#14311);
#11467=VERTEX_POINT('',#14312);
#11468=LINE('',#14313,#14314);
#11469=VERTEX_POINT('',#14315);
#11470=LINE('',#14316,#14317);
#11471=VERTEX_POINT('',#14318);
#11472=LINE('',#14319,#14320);
#11473=LINE('',#14321,#14322);
#11474=FILL_AREA_STYLE_COLOUR('',#14323);
#11475=VERTEX_POINT('',#14324);
#11476=VERTEX_POINT('',#14325);
#11477=LINE('',#14326,#14327);
#11478=VERTEX_POINT('',#14328);
#11479=CIRCLE('',#14329,0.15);
#11480=VERTEX_POINT('',#14330);
#11481=LINE('',#14331,#14332);
#11482=LINE('',#14333,#14334);
#11483=VERTEX_POINT('',#14335);
#11484=CIRCLE('',#14336,0.3);
#11485=VERTEX_POINT('',#14337);
#11486=LINE('',#14338,#14339);
#11487=VERTEX_POINT('',#14340);
#11488=CIRCLE('',#14341,0.0999999999999999);
#11489=VERTEX_POINT('',#14342);
#11490=LINE('',#14343,#14344);
#11491=VERTEX_POINT('',#14345);
#11492=LINE('',#14346,#14347);
#11493=VERTEX_POINT('',#14348);
#11494=LINE('',#14349,#14350);
#11495=CIRCLE('',#14351,0.25);
#11496=FILL_AREA_STYLE_COLOUR('',#14352);
#11497=VERTEX_POINT('',#14353);
#11498=VERTEX_POINT('',#14354);
#11499=LINE('',#14355,#14356);
#11500=VERTEX_POINT('',#14357);
#11501=CIRCLE('',#14358,0.15);
#11502=VERTEX_POINT('',#14359);
#11503=LINE('',#14360,#14361);
#11504=CIRCLE('',#14362,0.15);
#11505=LINE('',#14363,#14364);
#11506=FILL_AREA_STYLE_COLOUR('',#14365);
#11507=VERTEX_POINT('',#14366);
#11508=LINE('',#14367,#14368);
#11509=VERTEX_POINT('',#14369);
#11510=LINE('',#14370,#14371);
#11511=CIRCLE('',#14372,0.25);
#11512=FILL_AREA_STYLE_COLOUR('',#14373);
#11513=VERTEX_POINT('',#14374);
#11514=VERTEX_POINT('',#14375);
#11515=LINE('',#14376,#14377);
#11516=LINE('',#14378,#14379);
#11517=LINE('',#14380,#14381);
#11518=FILL_AREA_STYLE_COLOUR('',#14382);
#11519=VERTEX_POINT('',#14383);
#11520=LINE('',#14384,#14385);
#11521=LINE('',#14386,#14387);
#11522=FILL_AREA_STYLE_COLOUR('',#14388);
#11523=VERTEX_POINT('',#14389);
#11524=LINE('',#14390,#14391);
#11525=VERTEX_POINT('',#14392);
#11526=LINE('',#14393,#14394);
#11527=VERTEX_POINT('',#14395);
#11528=LINE('',#14396,#14397);
#11529=VERTEX_POINT('',#14398);
#11530=LINE('',#14399,#14400);
#11531=VERTEX_POINT('',#14401);
#11532=LINE('',#14402,#14403);
#11533=VERTEX_POINT('',#14404);
#11534=LINE('',#14405,#14406);
#11535=LINE('',#14407,#14408);
#11536=FILL_AREA_STYLE_COLOUR('',#14409);
#11537=CIRCLE('',#14410,0.15);
#11538=FILL_AREA_STYLE_COLOUR('',#14411);
#11539=CIRCLE('',#14412,0.15);
#11540=FILL_AREA_STYLE_COLOUR('',#14413);
#11541=VERTEX_POINT('',#14414);
#11542=LINE('',#14415,#14416);
#11543=VERTEX_POINT('',#14417);
#11544=LINE('',#14418,#14419);
#11545=LINE('',#14420,#14421);
#11546=FILL_AREA_STYLE_COLOUR('',#14422);
#11547=VERTEX_POINT('',#14423);
#11548=LINE('',#14424,#14425);
#11549=LINE('',#14426,#14427);
#11550=VERTEX_POINT('',#14428);
#11551=CIRCLE('',#14429,0.0999999999999999);
#11552=VERTEX_POINT('',#14430);
#11553=LINE('',#14431,#14432);
#11554=CIRCLE('',#14433,0.3);
#11555=LINE('',#14434,#14435);
#11556=FILL_AREA_STYLE_COLOUR('',#14436);
#11557=VERTEX_POINT('',#14437);
#11558=VERTEX_POINT('',#14438);
#11559=LINE('',#14439,#14440);
#11560=VERTEX_POINT('',#14441);
#11561=CIRCLE('',#14442,1.0);
#11562=VERTEX_POINT('',#14443);
#11563=LINE('',#14444,#14445);
#11564=CIRCLE('',#14446,1.0);
#11565=FILL_AREA_STYLE_COLOUR('',#14447);
#11566=VERTEX_POINT('',#14448);
#11567=VERTEX_POINT('',#14449);
#11568=LINE('',#14450,#14451);
#11569=LINE('',#14452,#14453);
#11570=LINE('',#14454,#14455);
#11571=FILL_AREA_STYLE_COLOUR('',#14456);
#11572=LINE('',#14457,#14458);
#11573=LINE('',#14459,#14460);
#11574=FILL_AREA_STYLE_COLOUR('',#14461);
#11575=FILL_AREA_STYLE_COLOUR('',#14462);
#11576=FILL_AREA_STYLE_COLOUR('',#14463);
#11577=LINE('',#14464,#14465);
#11578=FILL_AREA_STYLE_COLOUR('',#14466);
#11579=VERTEX_POINT('',#14467);
#11580=CIRCLE('',#14468,5.0);
#11581=VERTEX_POINT('',#14469);
#11582=LINE('',#14470,#14471);
#11583=CIRCLE('',#14472,5.0);
#11584=FILL_AREA_STYLE_COLOUR('',#14473);
#11585=LINE('',#14474,#14475);
#11586=VERTEX_POINT('',#14476);
#11587=CIRCLE('',#14477,5.0);
#11588=VERTEX_POINT('',#14478);
#11589=LINE('',#14479,#14480);
#11590=VERTEX_POINT('',#14481);
#11591=CIRCLE('',#14482,3.0);
#11592=VERTEX_POINT('',#14483);
#11593=LINE('',#14484,#14485);
#11594=VERTEX_POINT('',#14486);
#11595=LINE('',#14487,#14488);
#11596=LINE('',#14489,#14490);
#11597=VERTEX_POINT('',#14491);
#11598=CIRCLE('',#14492,0.8);
#11599=VERTEX_POINT('',#14493);
#11600=LINE('',#14494,#14495);
#11601=VERTEX_POINT('',#14496);
#11602=LINE('',#14497,#14498);
#11603=VERTEX_POINT('',#14499);
#11604=LINE('',#14500,#14501);
#11605=VERTEX_POINT('',#14502);
#11606=LINE('',#14503,#14504);
#11607=VERTEX_POINT('',#14505);
#11608=LINE('',#14506,#14507);
#11609=CIRCLE('',#14508,0.7);
#11610=VERTEX_POINT('',#14509);
#11611=LINE('',#14510,#14511);
#11612=LINE('',#14512,#14513);
#11613=VERTEX_POINT('',#14514);
#11614=LINE('',#14515,#14516);
#11615=LINE('',#14517,#14518);
#11616=FILL_AREA_STYLE_COLOUR('',#14519);
#11617=VERTEX_POINT('',#14520);
#11618=LINE('',#14521,#14522);
#11619=LINE('',#14523,#14524);
#11620=VERTEX_POINT('',#14525);
#11621=LINE('',#14526,#14527);
#11622=LINE('',#14528,#14529);
#11623=VERTEX_POINT('',#14530);
#11624=CIRCLE('',#14531,0.7);
#11625=VERTEX_POINT('',#14532);
#11626=LINE('',#14533,#14534);
#11627=VERTEX_POINT('',#14535);
#11628=LINE('',#14536,#14537);
#11629=VERTEX_POINT('',#14538);
#11630=LINE('',#14539,#14540);
#11631=VERTEX_POINT('',#14541);
#11632=LINE('',#14542,#14543);
#11633=VERTEX_POINT('',#14544);
#11634=LINE('',#14545,#14546);
#11635=CIRCLE('',#14547,0.8);
#11636=VERTEX_POINT('',#14548);
#11637=LINE('',#14549,#14550);
#11638=VERTEX_POINT('',#14551);
#11639=LINE('',#14552,#14553);
#11640=VERTEX_POINT('',#14554);
#11641=LINE('',#14555,#14556);
#11642=VERTEX_POINT('',#14557);
#11643=CIRCLE('',#14558,3.0);
#11644=VERTEX_POINT('',#14559);
#11645=LINE('',#14560,#14561);
#11646=CIRCLE('',#14562,5.0);
#11647=FILL_AREA_STYLE_COLOUR('',#14563);
#11648=FILL_AREA_STYLE_COLOUR('',#14564);
#11649=CIRCLE('',#14565,0.15);
#11650=FILL_AREA_STYLE_COLOUR('',#14566);
#11651=FILL_AREA_STYLE_COLOUR('',#14567);
#11652=LINE('',#14568,#14569);
#11653=FILL_AREA_STYLE_COLOUR('',#14570);
#11654=LINE('',#14571,#14572);
#11655=LINE('',#14573,#14574);
#11656=FILL_AREA_STYLE_COLOUR('',#14575);
#11657=FILL_AREA_STYLE_COLOUR('',#14576);
#11658=LINE('',#14577,#14578);
#11659=FILL_AREA_STYLE_COLOUR('',#14579);
#11660=LINE('',#14580,#14581);
#11661=FILL_AREA_STYLE_COLOUR('',#14582);
#11662=LINE('',#14583,#14584);
#11663=FILL_AREA_STYLE_COLOUR('',#14585);
#11664=LINE('',#14586,#14587);
#11665=FILL_AREA_STYLE_COLOUR('',#14588);
#11666=LINE('',#14589,#14590);
#11667=FILL_AREA_STYLE_COLOUR('',#14591);
#11668=LINE('',#14592,#14593);
#11669=FILL_AREA_STYLE_COLOUR('',#14594);
#11670=LINE('',#14595,#14596);
#11671=FILL_AREA_STYLE_COLOUR('',#14597);
#11672=LINE('',#14598,#14599);
#11673=FILL_AREA_STYLE_COLOUR('',#14600);
#11674=LINE('',#14601,#14602);
#11675=LINE('',#14603,#14604);
#11676=FILL_AREA_STYLE_COLOUR('',#14605);
#11677=FILL_AREA_STYLE_COLOUR('',#14606);
#11678=FILL_AREA_STYLE_COLOUR('',#14607);
#11679=FILL_AREA_STYLE_COLOUR('',#14608);
#11680=FILL_AREA_STYLE_COLOUR('',#14609);
#11681=FILL_AREA_STYLE_COLOUR('',#14610);
#11682=FILL_AREA_STYLE_COLOUR('',#14611);
#11683=VERTEX_POINT('',#14612);
#11684=VERTEX_POINT('',#14613);
#11685=LINE('',#14614,#14615);
#11686=VERTEX_POINT('',#14616);
#11687=CIRCLE('',#14617,0.8);
#11688=VERTEX_POINT('',#14618);
#11689=LINE('',#14619,#14620);
#11690=CIRCLE('',#14621,0.8);
#11691=FILL_AREA_STYLE_COLOUR('',#14622);
#11692=VERTEX_POINT('',#14623);
#11693=VERTEX_POINT('',#14624);
#11694=LINE('',#14625,#14626);
#11695=VERTEX_POINT('',#14627);
#11696=CIRCLE('',#14628,0.7);
#11697=VERTEX_POINT('',#14629);
#11698=LINE('',#14630,#14631);
#11699=CIRCLE('',#14632,0.7);
#11700=FILL_AREA_STYLE_COLOUR('',#14633);
#11701=VERTEX_POINT('',#14634);
#11702=VERTEX_POINT('',#14635);
#11703=LINE('',#14636,#14637);
#11704=VERTEX_POINT('',#14638);
#11705=LINE('',#14639,#14640);
#11706=VERTEX_POINT('',#14641);
#11707=LINE('',#14642,#14643);
#11708=VERTEX_POINT('',#14644);
#11709=LINE('',#14645,#14646);
#11710=VERTEX_POINT('',#14647);
#11711=LINE('',#14648,#14649);
#11712=VERTEX_POINT('',#14650);
#11713=LINE('',#14651,#14652);
#11714=VERTEX_POINT('',#14653);
#11715=LINE('',#14654,#14655);
#11716=LINE('',#14656,#14657);
#11717=FILL_AREA_STYLE_COLOUR('',#14658);
#11718=VERTEX_POINT('',#14659);
#11719=VERTEX_POINT('',#14660);
#11720=LINE('',#14661,#14662);
#11721=VERTEX_POINT('',#14663);
#11722=CIRCLE('',#14664,0.15);
#11723=VERTEX_POINT('',#14665);
#11724=LINE('',#14666,#14667);
#11725=LINE('',#14668,#14669);
#11726=VERTEX_POINT('',#14670);
#11727=CIRCLE('',#14671,0.3);
#11728=VERTEX_POINT('',#14672);
#11729=LINE('',#14673,#14674);
#11730=VERTEX_POINT('',#14675);
#11731=CIRCLE('',#14676,0.0999999999999999);
#11732=VERTEX_POINT('',#14677);
#11733=LINE('',#14678,#14679);
#11734=VERTEX_POINT('',#14680);
#11735=LINE('',#14681,#14682);
#11736=VERTEX_POINT('',#14683);
#11737=LINE('',#14684,#14685);
#11738=CIRCLE('',#14686,0.25);
#11739=FILL_AREA_STYLE_COLOUR('',#14687);
#11740=VERTEX_POINT('',#14688);
#11741=VERTEX_POINT('',#14689);
#11742=LINE('',#14690,#14691);
#11743=VERTEX_POINT('',#14692);
#11744=CIRCLE('',#14693,0.15);
#11745=VERTEX_POINT('',#14694);
#11746=LINE('',#14695,#14696);
#11747=CIRCLE('',#14697,0.15);
#11748=LINE('',#14698,#14699);
#11749=FILL_AREA_STYLE_COLOUR('',#14700);
#11750=VERTEX_POINT('',#14701);
#11751=LINE('',#14702,#14703);
#11752=VERTEX_POINT('',#14704);
#11753=LINE('',#14705,#14706);
#11754=CIRCLE('',#14707,0.25);
#11755=FILL_AREA_STYLE_COLOUR('',#14708);
#11756=VERTEX_POINT('',#14709);
#11757=VERTEX_POINT('',#14710);
#11758=LINE('',#14711,#14712);
#11759=LINE('',#14713,#14714);
#11760=LINE('',#14715,#14716);
#11761=FILL_AREA_STYLE_COLOUR('',#14717);
#11762=VERTEX_POINT('',#14718);
#11763=LINE('',#14719,#14720);
#11764=LINE('',#14721,#14722);
#11765=FILL_AREA_STYLE_COLOUR('',#14723);
#11766=VERTEX_POINT('',#14724);
#11767=LINE('',#14725,#14726);
#11768=VERTEX_POINT('',#14727);
#11769=LINE('',#14728,#14729);
#11770=VERTEX_POINT('',#14730);
#11771=LINE('',#14731,#14732);
#11772=VERTEX_POINT('',#14733);
#11773=LINE('',#14734,#14735);
#11774=VERTEX_POINT('',#14736);
#11775=LINE('',#14737,#14738);
#11776=VERTEX_POINT('',#14739);
#11777=LINE('',#14740,#14741);
#11778=LINE('',#14742,#14743);
#11779=FILL_AREA_STYLE_COLOUR('',#14744);
#11780=CIRCLE('',#14745,0.15);
#11781=FILL_AREA_STYLE_COLOUR('',#14746);
#11782=CIRCLE('',#14747,0.15);
#11783=FILL_AREA_STYLE_COLOUR('',#14748);
#11784=VERTEX_POINT('',#14749);
#11785=LINE('',#14750,#14751);
#11786=VERTEX_POINT('',#14752);
#11787=LINE('',#14753,#14754);
#11788=LINE('',#14755,#14756);
#11789=FILL_AREA_STYLE_COLOUR('',#14757);
#11790=VERTEX_POINT('',#14758);
#11791=LINE('',#14759,#14760);
#11792=LINE('',#14761,#14762);
#11793=VERTEX_POINT('',#14763);
#11794=CIRCLE('',#14764,0.0999999999999999);
#11795=VERTEX_POINT('',#14765);
#11796=LINE('',#14766,#14767);
#11797=CIRCLE('',#14768,0.3);
#11798=LINE('',#14769,#14770);
#11799=FILL_AREA_STYLE_COLOUR('',#14771);
#11800=VERTEX_POINT('',#14772);
#11801=VERTEX_POINT('',#14773);
#11802=LINE('',#14774,#14775);
#11803=VERTEX_POINT('',#14776);
#11804=CIRCLE('',#14777,1.0);
#11805=VERTEX_POINT('',#14778);
#11806=LINE('',#14779,#14780);
#11807=CIRCLE('',#14781,1.0);
#11808=FILL_AREA_STYLE_COLOUR('',#14782);
#11809=VERTEX_POINT('',#14783);
#11810=VERTEX_POINT('',#14784);
#11811=LINE('',#14785,#14786);
#11812=LINE('',#14787,#14788);
#11813=LINE('',#14789,#14790);
#11814=FILL_AREA_STYLE_COLOUR('',#14791);
#11815=LINE('',#14792,#14793);
#11816=LINE('',#14794,#14795);
#11817=FILL_AREA_STYLE_COLOUR('',#14796);
#11818=FILL_AREA_STYLE_COLOUR('',#14797);
#11819=FILL_AREA_STYLE_COLOUR('',#14798);
#11820=LINE('',#14799,#14800);
#11821=FILL_AREA_STYLE_COLOUR('',#14801);
#11822=VERTEX_POINT('',#14802);
#11823=CIRCLE('',#14803,5.0);
#11824=VERTEX_POINT('',#14804);
#11825=LINE('',#14805,#14806);
#11826=CIRCLE('',#14807,5.0);
#11827=FILL_AREA_STYLE_COLOUR('',#14808);
#11828=LINE('',#14809,#14810);
#11829=VERTEX_POINT('',#14811);
#11830=CIRCLE('',#14812,5.0);
#11831=VERTEX_POINT('',#14813);
#11832=LINE('',#14814,#14815);
#11833=VERTEX_POINT('',#14816);
#11834=CIRCLE('',#14817,3.0);
#11835=VERTEX_POINT('',#14818);
#11836=LINE('',#14819,#14820);
#11837=VERTEX_POINT('',#14821);
#11838=LINE('',#14822,#14823);
#11839=LINE('',#14824,#14825);
#11840=VERTEX_POINT('',#14826);
#11841=CIRCLE('',#14827,0.8);
#11842=VERTEX_POINT('',#14828);
#11843=LINE('',#14829,#14830);
#11844=VERTEX_POINT('',#14831);
#11845=LINE('',#14832,#14833);
#11846=VERTEX_POINT('',#14834);
#11847=LINE('',#14835,#14836);
#11848=VERTEX_POINT('',#14837);
#11849=LINE('',#14838,#14839);
#11850=VERTEX_POINT('',#14840);
#11851=LINE('',#14841,#14842);
#11852=CIRCLE('',#14843,0.7);
#11853=VERTEX_POINT('',#14844);
#11854=LINE('',#14845,#14846);
#11855=LINE('',#14847,#14848);
#11856=VERTEX_POINT('',#14849);
#11857=LINE('',#14850,#14851);
#11858=LINE('',#14852,#14853);
#11859=FILL_AREA_STYLE_COLOUR('',#14854);
#11860=VERTEX_POINT('',#14855);
#11861=LINE('',#14856,#14857);
#11862=LINE('',#14858,#14859);
#11863=VERTEX_POINT('',#14860);
#11864=LINE('',#14861,#14862);
#11865=LINE('',#14863,#14864);
#11866=VERTEX_POINT('',#14865);
#11867=CIRCLE('',#14866,0.7);
#11868=VERTEX_POINT('',#14867);
#11869=LINE('',#14868,#14869);
#11870=VERTEX_POINT('',#14870);
#11871=LINE('',#14871,#14872);
#11872=VERTEX_POINT('',#14873);
#11873=LINE('',#14874,#14875);
#11874=VERTEX_POINT('',#14876);
#11875=LINE('',#14877,#14878);
#11876=VERTEX_POINT('',#14879);
#11877=LINE('',#14880,#14881);
#11878=CIRCLE('',#14882,0.8);
#11879=VERTEX_POINT('',#14883);
#11880=LINE('',#14884,#14885);
#11881=VERTEX_POINT('',#14886);
#11882=LINE('',#14887,#14888);
#11883=VERTEX_POINT('',#14889);
#11884=LINE('',#14890,#14891);
#11885=VERTEX_POINT('',#14892);
#11886=CIRCLE('',#14893,3.0);
#11887=VERTEX_POINT('',#14894);
#11888=LINE('',#14895,#14896);
#11889=CIRCLE('',#14897,5.0);
#11890=FILL_AREA_STYLE_COLOUR('',#14898);
#11891=FILL_AREA_STYLE_COLOUR('',#14899);
#11892=CIRCLE('',#14900,0.15);
#11893=FILL_AREA_STYLE_COLOUR('',#14901);
#11894=FILL_AREA_STYLE_COLOUR('',#14902);
#11895=LINE('',#14903,#14904);
#11896=FILL_AREA_STYLE_COLOUR('',#14905);
#11897=LINE('',#14906,#14907);
#11898=LINE('',#14908,#14909);
#11899=FILL_AREA_STYLE_COLOUR('',#14910);
#11900=FILL_AREA_STYLE_COLOUR('',#14911);
#11901=LINE('',#14912,#14913);
#11902=FILL_AREA_STYLE_COLOUR('',#14914);
#11903=LINE('',#14915,#14916);
#11904=FILL_AREA_STYLE_COLOUR('',#14917);
#11905=LINE('',#14918,#14919);
#11906=FILL_AREA_STYLE_COLOUR('',#14920);
#11907=LINE('',#14921,#14922);
#11908=FILL_AREA_STYLE_COLOUR('',#14923);
#11909=LINE('',#14924,#14925);
#11910=FILL_AREA_STYLE_COLOUR('',#14926);
#11911=LINE('',#14927,#14928);
#11912=FILL_AREA_STYLE_COLOUR('',#14929);
#11913=LINE('',#14930,#14931);
#11914=FILL_AREA_STYLE_COLOUR('',#14932);
#11915=LINE('',#14933,#14934);
#11916=FILL_AREA_STYLE_COLOUR('',#14935);
#11917=LINE('',#14936,#14937);
#11918=LINE('',#14938,#14939);
#11919=FILL_AREA_STYLE_COLOUR('',#14940);
#11920=FILL_AREA_STYLE_COLOUR('',#14941);
#11921=FILL_AREA_STYLE_COLOUR('',#14942);
#11922=FILL_AREA_STYLE_COLOUR('',#14943);
#11923=FILL_AREA_STYLE_COLOUR('',#14944);
#11924=FILL_AREA_STYLE_COLOUR('',#14945);
#11925=FILL_AREA_STYLE_COLOUR('',#14946);
#11926=VERTEX_POINT('',#14947);
#11927=VERTEX_POINT('',#14948);
#11928=LINE('',#14949,#14950);
#11929=VERTEX_POINT('',#14951);
#11930=CIRCLE('',#14952,0.475);
#11931=VERTEX_POINT('',#14953);
#11932=LINE('',#14954,#14955);
#11933=CIRCLE('',#14956,0.475);
#11934=FILL_AREA_STYLE_COLOUR('',#14957);
#11935=VERTEX_POINT('',#14958);
#11936=VERTEX_POINT('',#14959);
#11937=LINE('',#14960,#14961);
#11938=VERTEX_POINT('',#14962);
#11939=CIRCLE('',#14963,0.475);
#11940=VERTEX_POINT('',#14964);
#11941=LINE('',#14965,#14966);
#11942=CIRCLE('',#14967,0.475);
#11943=FILL_AREA_STYLE_COLOUR('',#14968);
#11944=VERTEX_POINT('',#14969);
#11945=VERTEX_POINT('',#14970);
#11946=LINE('',#14971,#14972);
#11947=VERTEX_POINT('',#14973);
#11948=LINE('',#14974,#14975);
#11949=VERTEX_POINT('',#14976);
#11950=LINE('',#14977,#14978);
#11951=LINE('',#14979,#14980);
#11952=FILL_AREA_STYLE_COLOUR('',#14981);
#11953=VERTEX_POINT('',#14982);
#11954=VERTEX_POINT('',#14983);
#11955=LINE('',#14984,#14985);
#11956=VERTEX_POINT('',#14986);
#11957=LINE('',#14987,#14988);
#11958=VERTEX_POINT('',#14989);
#11959=LINE('',#14990,#14991);
#11960=LINE('',#14992,#14993);
#11961=FILL_AREA_STYLE_COLOUR('',#14994);
#11962=VERTEX_POINT('',#14995);
#11963=LINE('',#14996,#14997);
#11964=VERTEX_POINT('',#14998);
#11965=LINE('',#14999,#15000);
#11966=LINE('',#15001,#15002);
#11967=FILL_AREA_STYLE_COLOUR('',#15003);
#11968=VERTEX_POINT('',#15004);
#11969=VERTEX_POINT('',#15005);
#11970=LINE('',#15006,#15007);
#11971=VERTEX_POINT('',#15008);
#11972=LINE('',#15009,#15010);
#11973=VERTEX_POINT('',#15011);
#11974=LINE('',#15012,#15013);
#11975=LINE('',#15014,#15015);
#11976=FILL_AREA_STYLE_COLOUR('',#15016);
#11977=VERTEX_POINT('',#15017);
#11978=VERTEX_POINT('',#15018);
#11979=LINE('',#15019,#15020);
#11980=LINE('',#15021,#15022);
#11981=VERTEX_POINT('',#15023);
#11982=LINE('',#15024,#15025);
#11983=LINE('',#15026,#15027);
#11984=FILL_AREA_STYLE_COLOUR('',#15028);
#11985=VERTEX_POINT('',#15029);
#11986=VERTEX_POINT('',#15030);
#11987=LINE('',#15031,#15032);
#11988=VERTEX_POINT('',#15033);
#11989=LINE('',#15034,#15035);
#11990=LINE('',#15036,#15037);
#11991=VERTEX_POINT('',#15038);
#11992=LINE('',#15039,#15040);
#11993=VERTEX_POINT('',#15041);
#11994=LINE('',#15042,#15043);
#11995=LINE('',#15044,#15045);
#11996=FILL_AREA_STYLE_COLOUR('',#15046);
#11997=VERTEX_POINT('',#15047);
#11998=VERTEX_POINT('',#15048);
#11999=LINE('',#15049,#15050);
#12000=VERTEX_POINT('',#15051);
#12001=LINE('',#15052,#15053);
#12002=VERTEX_POINT('',#15054);
#12003=LINE('',#15055,#15056);
#12004=LINE('',#15057,#15058);
#12005=FILL_AREA_STYLE_COLOUR('',#15059);
#12006=VERTEX_POINT('',#15060);
#12007=VERTEX_POINT('',#15061);
#12008=LINE('',#15062,#15063);
#12009=VERTEX_POINT('',#15064);
#12010=LINE('',#15065,#15066);
#12011=VERTEX_POINT('',#15067);
#12012=LINE('',#15068,#15069);
#12013=LINE('',#15070,#15071);
#12014=FILL_AREA_STYLE_COLOUR('',#15072);
#12015=VERTEX_POINT('',#15073);
#12016=LINE('',#15074,#15075);
#12017=VERTEX_POINT('',#15076);
#12018=LINE('',#15077,#15078);
#12019=LINE('',#15079,#15080);
#12020=FILL_AREA_STYLE_COLOUR('',#15081);
#12021=VERTEX_POINT('',#15082);
#12022=LINE('',#15083,#15084);
#12023=VERTEX_POINT('',#15085);
#12024=LINE('',#15086,#15087);
#12025=LINE('',#15088,#15089);
#12026=FILL_AREA_STYLE_COLOUR('',#15090);
#12027=VERTEX_POINT('',#15091);
#12028=LINE('',#15092,#15093);
#12029=VERTEX_POINT('',#15094);
#12030=LINE('',#15095,#15096);
#12031=LINE('',#15097,#15098);
#12032=FILL_AREA_STYLE_COLOUR('',#15099);
#12033=VERTEX_POINT('',#15100);
#12034=LINE('',#15101,#15102);
#12035=VERTEX_POINT('',#15103);
#12036=LINE('',#15104,#15105);
#12037=LINE('',#15106,#15107);
#12038=FILL_AREA_STYLE_COLOUR('',#15108);
#12039=VERTEX_POINT('',#15109);
#12040=B_SPLINE_CURVE_WITH_KNOTS('',3,(#15110,#15111,#15112,#15113,#15114,#15115,#15116),.UNSPECIFIED.,.F.,.F.,(4,1,1,1,4),(2.25182173901615E-14,0.305356783347997,0.57229901018817,0.804747629655711,1.0),.UNSPECIFIED.);
#12041=VERTEX_POINT('',#15117);
#12042=B_SPLINE_CURVE_WITH_KNOTS('',3,(#15118,#15119,#15120,#15121,#15122,#15123,#15124),.UNSPECIFIED.,.F.,.F.,(4,1,1,1,4),(0.0,0.305356783347997,0.57229901018817,0.804747629655711,1.0),.UNSPECIFIED.);
#12043=LINE('',#15125,#15126);
#12044=FILL_AREA_STYLE_COLOUR('',#15127);
#12045=VERTEX_POINT('',#15128);
#12046=B_SPLINE_CURVE_WITH_KNOTS('',3,(#15129,#15130,#15131,#15132,#15133),.UNSPECIFIED.,.F.,.F.,(4,1,4),(0.0,0.481581970223942,1.00000000000002),.UNSPECIFIED.);
#12047=VERTEX_POINT('',#15134);
#12048=B_SPLINE_CURVE_WITH_KNOTS('',3,(#15135,#15136,#15137,#15138,#15139),.UNSPECIFIED.,.F.,.F.,(4,1,4),(0.0,0.481581970223942,1.0),.UNSPECIFIED.);
#12049=LINE('',#15140,#15141);
#12050=FILL_AREA_STYLE_COLOUR('',#15142);
#12051=VERTEX_POINT('',#15143);
#12052=LINE('',#15144,#15145);
#12053=VERTEX_POINT('',#15146);
#12054=LINE('',#15147,#15148);
#12055=LINE('',#15149,#15150);
#12056=FILL_AREA_STYLE_COLOUR('',#15151);
#12057=VERTEX_POINT('',#15152);
#12058=LINE('',#15153,#15154);
#12059=VERTEX_POINT('',#15155);
#12060=LINE('',#15156,#15157);
#12061=LINE('',#15158,#15159);
#12062=FILL_AREA_STYLE_COLOUR('',#15160);
#12063=VERTEX_POINT('',#15161);
#12064=LINE('',#15162,#15163);
#12065=VERTEX_POINT('',#15164);
#12066=LINE('',#15165,#15166);
#12067=LINE('',#15167,#15168);
#12068=FILL_AREA_STYLE_COLOUR('',#15169);
#12069=VERTEX_POINT('',#15170);
#12070=LINE('',#15171,#15172);
#12071=VERTEX_POINT('',#15173);
#12072=LINE('',#15174,#15175);
#12073=LINE('',#15176,#15177);
#12074=FILL_AREA_STYLE_COLOUR('',#15178);
#12075=VERTEX_POINT('',#15179);
#12076=LINE('',#15180,#15181);
#12077=VERTEX_POINT('',#15182);
#12078=LINE('',#15183,#15184);
#12079=LINE('',#15185,#15186);
#12080=FILL_AREA_STYLE_COLOUR('',#15187);
#12081=VERTEX_POINT('',#15188);
#12082=LINE('',#15189,#15190);
#12083=VERTEX_POINT('',#15191);
#12084=LINE('',#15192,#15193);
#12085=LINE('',#15194,#15195);
#12086=FILL_AREA_STYLE_COLOUR('',#15196);
#12087=VERTEX_POINT('',#15197);
#12088=B_SPLINE_CURVE_WITH_KNOTS('',3,(#15198,#15199,#15200,#15201,#15202),.UNSPECIFIED.,.F.,.F.,(4,1,4),(0.0,0.492900854438079,1.0),.UNSPECIFIED.);
#12089=VERTEX_POINT('',#15203);
#12090=B_SPLINE_CURVE_WITH_KNOTS('',3,(#15204,#15205,#15206,#15207,#15208),.UNSPECIFIED.,.F.,.F.,(4,1,4),(0.0,0.492900854438079,1.0),.UNSPECIFIED.);
#12091=LINE('',#15209,#15210);
#12092=FILL_AREA_STYLE_COLOUR('',#15211);
#12093=VERTEX_POINT('',#15212);
#12094=B_SPLINE_CURVE_WITH_KNOTS('',3,(#15213,#15214,#15215,#15216,#15217,#15218,#15219),.UNSPECIFIED.,.F.,.F.,(4,1,1,1,4),(0.0,0.334792980900174,0.614178851904792,0.835393307514522,1.0),.UNSPECIFIED.);
#12095=VERTEX_POINT('',#15220);
#12096=B_SPLINE_CURVE_WITH_KNOTS('',3,(#15221,#15222,#15223,#15224,#15225,#15226,#15227),.UNSPECIFIED.,.F.,.F.,(4,1,1,1,4),(0.0,0.334792980900174,0.614178851904792,0.835393307514522,1.0),.UNSPECIFIED.);
#12097=LINE('',#15228,#15229);
#12098=FILL_AREA_STYLE_COLOUR('',#15230);
#12099=LINE('',#15231,#15232);
#12100=LINE('',#15233,#15234);
#12101=FILL_AREA_STYLE_COLOUR('',#15235);
#12102=FILL_AREA_STYLE_COLOUR('',#15236);
#12103=VERTEX_POINT('',#15237);
#12104=VERTEX_POINT('',#15238);
#12105=LINE('',#15239,#15240);
#12106=VERTEX_POINT('',#15241);
#12107=LINE('',#15242,#15243);
#12108=VERTEX_POINT('',#15244);
#12109=LINE('',#15245,#15246);
#12110=LINE('',#15247,#15248);
#12111=FILL_AREA_STYLE_COLOUR('',#15249);
#12112=VERTEX_POINT('',#15250);
#12113=VERTEX_POINT('',#15251);
#12114=LINE('',#15252,#15253);
#12115=VERTEX_POINT('',#15254);
#12116=LINE('',#15255,#15256);
#12117=VERTEX_POINT('',#15257);
#12118=LINE('',#15258,#15259);
#12119=LINE('',#15260,#15261);
#12120=VERTEX_POINT('',#15262);
#12121=VERTEX_POINT('',#15263);
#12122=LINE('',#15264,#15265);
#12123=VERTEX_POINT('',#15266);
#12124=LINE('',#15267,#15268);
#12125=VERTEX_POINT('',#15269);
#12126=LINE('',#15270,#15271);
#12127=LINE('',#15272,#15273);
#12128=FILL_AREA_STYLE_COLOUR('',#15274);
#12129=VERTEX_POINT('',#15275);
#12130=VERTEX_POINT('',#15276);
#12131=LINE('',#15277,#15278);
#12132=VERTEX_POINT('',#15279);
#12133=LINE('',#15280,#15281);
#12134=VERTEX_POINT('',#15282);
#12135=LINE('',#15283,#15284);
#12136=LINE('',#15285,#15286);
#12137=FILL_AREA_STYLE_COLOUR('',#15287);
#12138=VERTEX_POINT('',#15288);
#12139=VERTEX_POINT('',#15289);
#12140=LINE('',#15290,#15291);
#12141=VERTEX_POINT('',#15292);
#12142=LINE('',#15293,#15294);
#12143=VERTEX_POINT('',#15295);
#12144=LINE('',#15296,#15297);
#12145=LINE('',#15298,#15299);
#12146=FILL_AREA_STYLE_COLOUR('',#15300);
#12147=VERTEX_POINT('',#15301);
#12148=VERTEX_POINT('',#15302);
#12149=LINE('',#15303,#15304);
#12150=VERTEX_POINT('',#15305);
#12151=LINE('',#15306,#15307);
#12152=VERTEX_POINT('',#15308);
#12153=LINE('',#15309,#15310);
#12154=VERTEX_POINT('',#15311);
#12155=LINE('',#15312,#15313);
#12156=VERTEX_POINT('',#15314);
#12157=LINE('',#15315,#15316);
#12158=VERTEX_POINT('',#15317);
#12159=LINE('',#15318,#15319);
#12160=LINE('',#15320,#15321);
#12161=FILL_AREA_STYLE_COLOUR('',#15322);
#12162=VERTEX_POINT('',#15323);
#12163=VERTEX_POINT('',#15324);
#12164=LINE('',#15325,#15326);
#12165=VERTEX_POINT('',#15327);
#12166=LINE('',#15328,#15329);
#12167=LINE('',#15330,#15331);
#12168=FILL_AREA_STYLE_COLOUR('',#15332);
#12169=VERTEX_POINT('',#15333);
#12170=LINE('',#15334,#15335);
#12171=VERTEX_POINT('',#15336);
#12172=LINE('',#15337,#15338);
#12173=LINE('',#15339,#15340);
#12174=LINE('',#15341,#15342);
#12175=LINE('',#15343,#15344);
#12176=FILL_AREA_STYLE_COLOUR('',#15345);
#12177=VERTEX_POINT('',#15346);
#12178=VERTEX_POINT('',#15347);
#12179=LINE('',#15348,#15349);
#12180=VERTEX_POINT('',#15350);
#12181=LINE('',#15351,#15352);
#12182=VERTEX_POINT('',#15353);
#12183=LINE('',#15354,#15355);
#12184=LINE('',#15356,#15357);
#12185=FILL_AREA_STYLE_COLOUR('',#15358);
#12186=VERTEX_POINT('',#15359);
#12187=VERTEX_POINT('',#15360);
#12188=LINE('',#15361,#15362);
#12189=VERTEX_POINT('',#15363);
#12190=LINE('',#15364,#15365);
#12191=VERTEX_POINT('',#15366);
#12192=LINE('',#15367,#15368);
#12193=LINE('',#15369,#15370);
#12194=FILL_AREA_STYLE_COLOUR('',#15371);
#12195=VERTEX_POINT('',#15372);
#12196=LINE('',#15373,#15374);
#12197=VERTEX_POINT('',#15375);
#12198=LINE('',#15376,#15377);
#12199=LINE('',#15378,#15379);
#12200=FILL_AREA_STYLE_COLOUR('',#15380);
#12201=VERTEX_POINT('',#15381);
#12202=VERTEX_POINT('',#15382);
#12203=LINE('',#15383,#15384);
#12204=VERTEX_POINT('',#15385);
#12205=LINE('',#15386,#15387);
#12206=VERTEX_POINT('',#15388);
#12207=LINE('',#15389,#15390);
#12208=LINE('',#15391,#15392);
#12209=LINE('',#15393,#15394);
#12210=FILL_AREA_STYLE_COLOUR('',#15395);
#12211=VERTEX_POINT('',#15396);
#12212=LINE('',#15397,#15398);
#12213=VERTEX_POINT('',#15399);
#12214=LINE('',#15400,#15401);
#12215=LINE('',#15402,#15403);
#12216=FILL_AREA_STYLE_COLOUR('',#15404);
#12217=VERTEX_POINT('',#15405);
#12218=VERTEX_POINT('',#15406);
#12219=LINE('',#15407,#15408);
#12220=VERTEX_POINT('',#15409);
#12221=LINE('',#15410,#15411);
#12222=VERTEX_POINT('',#15412);
#12223=LINE('',#15413,#15414);
#12224=LINE('',#15415,#15416);
#12225=FILL_AREA_STYLE_COLOUR('',#15417);
#12226=VERTEX_POINT('',#15418);
#12227=LINE('',#15419,#15420);
#12228=LINE('',#15421,#15422);
#12229=FILL_AREA_STYLE_COLOUR('',#15423);
#12230=VERTEX_POINT('',#15424);
#12231=VERTEX_POINT('',#15425);
#12232=LINE('',#15426,#15427);
#12233=VERTEX_POINT('',#15428);
#12234=LINE('',#15429,#15430);
#12235=VERTEX_POINT('',#15431);
#12236=LINE('',#15432,#15433);
#12237=LINE('',#15434,#15435);
#12238=FILL_AREA_STYLE_COLOUR('',#15436);
#12239=VERTEX_POINT('',#15437);
#12240=LINE('',#15438,#15439);
#12241=VERTEX_POINT('',#15440);
#12242=LINE('',#15441,#15442);
#12243=LINE('',#15443,#15444);
#12244=FILL_AREA_STYLE_COLOUR('',#15445);
#12245=VERTEX_POINT('',#15446);
#12246=VERTEX_POINT('',#15447);
#12247=LINE('',#15448,#15449);
#12248=VERTEX_POINT('',#15450);
#12249=LINE('',#15451,#15452);
#12250=VERTEX_POINT('',#15453);
#12251=LINE('',#15454,#15455);
#12252=VERTEX_POINT('',#15456);
#12253=LINE('',#15457,#15458);
#12254=VERTEX_POINT('',#15459);
#12255=LINE('',#15460,#15461);
#12256=LINE('',#15462,#15463);
#12257=LINE('',#15464,#15465);
#12258=FILL_AREA_STYLE_COLOUR('',#15466);
#12259=VERTEX_POINT('',#15467);
#12260=LINE('',#15468,#15469);
#12261=VERTEX_POINT('',#15470);
#12262=LINE('',#15471,#15472);
#12263=LINE('',#15473,#15474);
#12264=LINE('',#15475,#15476);
#12265=LINE('',#15477,#15478);
#12266=FILL_AREA_STYLE_COLOUR('',#15479);
#12267=VERTEX_POINT('',#15480);
#12268=LINE('',#15481,#15482);
#12269=LINE('',#15483,#15484);
#12270=LINE('',#15485,#15486);
#12271=FILL_AREA_STYLE_COLOUR('',#15487);
#12272=LINE('',#15488,#15489);
#12273=LINE('',#15490,#15491);
#12274=FILL_AREA_STYLE_COLOUR('',#15492);
#12275=VERTEX_POINT('',#15493);
#12276=LINE('',#15494,#15495);
#12277=VERTEX_POINT('',#15496);
#12278=LINE('',#15497,#15498);
#12279=LINE('',#15499,#15500);
#12280=FILL_AREA_STYLE_COLOUR('',#15501);
#12281=VERTEX_POINT('',#15502);
#12282=VERTEX_POINT('',#15503);
#12283=LINE('',#15504,#15505);
#12284=VERTEX_POINT('',#15506);
#12285=LINE('',#15507,#15508);
#12286=VERTEX_POINT('',#15509);
#12287=LINE('',#15510,#15511);
#12288=LINE('',#15512,#15513);
#12289=FILL_AREA_STYLE_COLOUR('',#15514);
#12290=VERTEX_POINT('',#15515);
#12291=VERTEX_POINT('',#15516);
#12292=LINE('',#15517,#15518);
#12293=LINE('',#15519,#15520);
#12294=LINE('',#15521,#15522);
#12295=FILL_AREA_STYLE_COLOUR('',#15523);
#12296=VERTEX_POINT('',#15524);
#12297=VERTEX_POINT('',#15525);
#12298=LINE('',#15526,#15527);
#12299=VERTEX_POINT('',#15528);
#12300=LINE('',#15529,#15530);
#12301=VERTEX_POINT('',#15531);
#12302=LINE('',#15532,#15533);
#12303=LINE('',#15534,#15535);
#12304=FILL_AREA_STYLE_COLOUR('',#15536);
#12305=VERTEX_POINT('',#15537);
#12306=LINE('',#15538,#15539);
#12307=VERTEX_POINT('',#15540);
#12308=LINE('',#15541,#15542);
#12309=VERTEX_POINT('',#15543);
#12310=LINE('',#15544,#15545);
#12311=VERTEX_POINT('',#15546);
#12312=LINE('',#15547,#15548);
#12313=LINE('',#15549,#15550);
#12314=LINE('',#15551,#15552);
#12315=FILL_AREA_STYLE_COLOUR('',#15553);
#12316=VERTEX_POINT('',#15554);
#12317=VERTEX_POINT('',#15555);
#12318=LINE('',#15556,#15557);
#12319=VERTEX_POINT('',#15558);
#12320=LINE('',#15559,#15560);
#12321=VERTEX_POINT('',#15561);
#12322=LINE('',#15562,#15563);
#12323=LINE('',#15564,#15565);
#12324=FILL_AREA_STYLE_COLOUR('',#15566);
#12325=LINE('',#15567,#15568);
#12326=FILL_AREA_STYLE_COLOUR('',#15569);
#12327=VERTEX_POINT('',#15570);
#12328=CIRCLE('',#15571,0.199999999999999);
#12329=VERTEX_POINT('',#15572);
#12330=LINE('',#15573,#15574);
#12331=CIRCLE('',#15575,0.199999999999999);
#12332=FILL_AREA_STYLE_COLOUR('',#15576);
#12333=VERTEX_POINT('',#15577);
#12334=VERTEX_POINT('',#15578);
#12335=LINE('',#15579,#15580);
#12336=VERTEX_POINT('',#15581);
#12337=LINE('',#15582,#15583);
#12338=VERTEX_POINT('',#15584);
#12339=LINE('',#15585,#15586);
#12340=VERTEX_POINT('',#15587);
#12341=LINE('',#15588,#15589);
#12342=VERTEX_POINT('',#15590);
#12343=LINE('',#15591,#15592);
#12344=LINE('',#15593,#15594);
#12345=FILL_AREA_STYLE_COLOUR('',#15595);
#12346=VERTEX_POINT('',#15596);
#12347=LINE('',#15597,#15598);
#12348=LINE('',#15599,#15600);
#12349=FILL_AREA_STYLE_COLOUR('',#15601);
#12350=VERTEX_POINT('',#15602);
#12351=VERTEX_POINT('',#15603);
#12352=LINE('',#15604,#15605);
#12353=VERTEX_POINT('',#15606);
#12354=LINE('',#15607,#15608);
#12355=LINE('',#15609,#15610);
#12356=LINE('',#15611,#15612);
#12357=VERTEX_POINT('',#15613);
#12358=LINE('',#15614,#15615);
#12359=LINE('',#15616,#15617);
#12360=FILL_AREA_STYLE_COLOUR('',#15618);
#12361=VERTEX_POINT('',#15619);
#12362=LINE('',#15620,#15621);
#12363=VERTEX_POINT('',#15622);
#12364=LINE('',#15623,#15624);
#12365=LINE('',#15625,#15626);
#12366=VERTEX_POINT('',#15627);
#12367=LINE('',#15628,#15629);
#12368=VERTEX_POINT('',#15630);
#12369=LINE('',#15631,#15632);
#12370=LINE('',#15633,#15634);
#12371=LINE('',#15635,#15636);
#12372=VERTEX_POINT('',#15637);
#12373=CIRCLE('',#15638,0.475);
#12374=VERTEX_POINT('',#15639);
#12375=LINE('',#15640,#15641);
#12376=CIRCLE('',#15642,0.475);
#12377=FILL_AREA_STYLE_COLOUR('',#15643);
#12378=VERTEX_POINT('',#15644);
#12379=VERTEX_POINT('',#15645);
#12380=CIRCLE('',#15646,0.375);
#12381=LINE('',#15647,#15648);
#12382=VERTEX_POINT('',#15649);
#12383=CIRCLE('',#15650,0.475);
#12384=LINE('',#15651,#15652);
#12385=FILL_AREA_STYLE_COLOUR('',#15653);
#12386=VERTEX_POINT('',#15654);
#12387=LINE('',#15655,#15656);
#12388=VERTEX_POINT('',#15657);
#12389=LINE('',#15658,#15659);
#12390=LINE('',#15660,#15661);
#12391=FILL_AREA_STYLE_COLOUR('',#15662);
#12392=LINE('',#15663,#15664);
#12393=FILL_AREA_STYLE_COLOUR('',#15665);
#12394=CIRCLE('',#15666,0.475);
#12395=LINE('',#15667,#15668);
#12396=FILL_AREA_STYLE_COLOUR('',#15669);
#12397=VERTEX_POINT('',#15670);
#12398=LINE('',#15671,#15672);
#12399=CIRCLE('',#15673,0.375);
#12400=FILL_AREA_STYLE_COLOUR('',#15674);
#12401=LINE('',#15675,#15676);
#12402=FILL_AREA_STYLE_COLOUR('',#15677);
#12403=LINE('',#15678,#15679);
#12404=FILL_AREA_STYLE_COLOUR('',#15680);
#12405=FILL_AREA_STYLE_COLOUR('',#15681);
#12406=FILL_AREA_STYLE_COLOUR('',#15682);
#12407=VERTEX_POINT('',#15683);
#12408=LINE('',#15684,#15685);
#12409=VERTEX_POINT('',#15686);
#12410=LINE('',#15687,#15688);
#12411=LINE('',#15689,#15690);
#12412=FILL_AREA_STYLE_COLOUR('',#15691);
#12413=VERTEX_POINT('',#15692);
#12414=LINE('',#15693,#15694);
#12415=VERTEX_POINT('',#15695);
#12416=LINE('',#15696,#15697);
#12417=LINE('',#15698,#15699);
#12418=FILL_AREA_STYLE_COLOUR('',#15700);
#12419=LINE('',#15701,#15702);
#12420=FILL_AREA_STYLE_COLOUR('',#15703);
#12421=VERTEX_POINT('',#15704);
#12422=LINE('',#15705,#15706);
#12423=VERTEX_POINT('',#15707);
#12424=LINE('',#15708,#15709);
#12425=LINE('',#15710,#15711);
#12426=FILL_AREA_STYLE_COLOUR('',#15712);
#12427=FILL_AREA_STYLE_COLOUR('',#15713);
#12428=VERTEX_POINT('',#15714);
#12429=LINE('',#15715,#15716);
#12430=VERTEX_POINT('',#15717);
#12431=LINE('',#15718,#15719);
#12432=LINE('',#15720,#15721);
#12433=FILL_AREA_STYLE_COLOUR('',#15722);
#12434=VERTEX_POINT('',#15723);
#12435=VERTEX_POINT('',#15724);
#12436=LINE('',#15725,#15726);
#12437=LINE('',#15727,#15728);
#12438=LINE('',#15729,#15730);
#12439=FILL_AREA_STYLE_COLOUR('',#15731);
#12440=VERTEX_POINT('',#15732);
#12441=LINE('',#15733,#15734);
#12442=VERTEX_POINT('',#15735);
#12443=LINE('',#15736,#15737);
#12444=VERTEX_POINT('',#15738);
#12445=LINE('',#15739,#15740);
#12446=VERTEX_POINT('',#15741);
#12447=LINE('',#15742,#15743);
#12448=VERTEX_POINT('',#15744);
#12449=LINE('',#15745,#15746);
#12450=VERTEX_POINT('',#15747);
#12451=LINE('',#15748,#15749);
#12452=VERTEX_POINT('',#15750);
#12453=LINE('',#15751,#15752);
#12454=LINE('',#15753,#15754);
#12455=VERTEX_POINT('',#15755);
#12456=LINE('',#15756,#15757);
#12457=VERTEX_POINT('',#15758);
#12458=LINE('',#15759,#15760);
#12459=LINE('',#15761,#15762);
#12460=LINE('',#15763,#15764);
#12461=FILL_AREA_STYLE_COLOUR('',#15765);
#12462=LINE('',#15766,#15767);
#12463=VERTEX_POINT('',#15768);
#12464=LINE('',#15769,#15770);
#12465=LINE('',#15771,#15772);
#12466=FILL_AREA_STYLE_COLOUR('',#15773);
#12467=LINE('',#15774,#15775);
#12468=LINE('',#15776,#15777);
#12469=FILL_AREA_STYLE_COLOUR('',#15778);
#12470=VERTEX_POINT('',#15779);
#12471=VERTEX_POINT('',#15780);
#12472=LINE('',#15781,#15782);
#12473=VERTEX_POINT('',#15783);
#12474=LINE('',#15784,#15785);
#12475=VERTEX_POINT('',#15786);
#12476=LINE('',#15787,#15788);
#12477=LINE('',#15789,#15790);
#12478=FILL_AREA_STYLE_COLOUR('',#15791);
#12479=VERTEX_POINT('',#15792);
#12480=LINE('',#15793,#15794);
#12481=VERTEX_POINT('',#15795);
#12482=LINE('',#15796,#15797);
#12483=VERTEX_POINT('',#15798);
#12484=LINE('',#15799,#15800);
#12485=VERTEX_POINT('',#15801);
#12486=LINE('',#15802,#15803);
#12487=LINE('',#15804,#15805);
#12488=FILL_AREA_STYLE_COLOUR('',#15806);
#12489=VERTEX_POINT('',#15807);
#12490=LINE('',#15808,#15809);
#12491=LINE('',#15810,#15811);
#12492=LINE('',#15812,#15813);
#12493=LINE('',#15814,#15815);
#12494=FILL_AREA_STYLE_COLOUR('',#15816);
#12495=LINE('',#15817,#15818);
#12496=FILL_AREA_STYLE_COLOUR('',#15819);
#12497=FILL_AREA_STYLE_COLOUR('',#15820);
#12498=VERTEX_POINT('',#15821);
#12499=LINE('',#15822,#15823);
#12500=LINE('',#15824,#15825);
#12501=FILL_AREA_STYLE_COLOUR('',#15826);
#12502=FILL_AREA_STYLE_COLOUR('',#15827);
#12503=LINE('',#15828,#15829);
#12504=FILL_AREA_STYLE_COLOUR('',#15830);
#12505=LINE('',#15831,#15832);
#12506=LINE('',#15833,#15834);
#12507=FILL_AREA_STYLE_COLOUR('',#15835);
#12508=VERTEX_POINT('',#15836);
#12509=LINE('',#15837,#15838);
#12510=LINE('',#15839,#15840);
#12511=FILL_AREA_STYLE_COLOUR('',#15841);
#12512=LINE('',#15842,#15843);
#12513=FILL_AREA_STYLE_COLOUR('',#15844);
#12514=FILL_AREA_STYLE_COLOUR('',#15845);
#12515=FILL_AREA_STYLE_COLOUR('',#15846);
#12516=LINE('',#15847,#15848);
#12517=FILL_AREA_STYLE_COLOUR('',#15849);
#12518=FILL_AREA_STYLE_COLOUR('',#15850);
#12519=LINE('',#15851,#15852);
#12520=FILL_AREA_STYLE_COLOUR('',#15853);
#12521=VERTEX_POINT('',#15854);
#12522=LINE('',#15855,#15856);
#12523=LINE('',#15857,#15858);
#12524=FILL_AREA_STYLE_COLOUR('',#15859);
#12525=VERTEX_POINT('',#15860);
#12526=LINE('',#15861,#15862);
#12527=LINE('',#15863,#15864);
#12528=FILL_AREA_STYLE_COLOUR('',#15865);
#12529=VERTEX_POINT('',#15866);
#12530=LINE('',#15867,#15868);
#12531=VERTEX_POINT('',#15869);
#12532=LINE('',#15870,#15871);
#12533=LINE('',#15872,#15873);
#12534=FILL_AREA_STYLE_COLOUR('',#15874);
#12535=LINE('',#15875,#15876);
#12536=FILL_AREA_STYLE_COLOUR('',#15877);
#12537=LINE('',#15878,#15879);
#12538=FILL_AREA_STYLE_COLOUR('',#15880);
#12539=LINE('',#15881,#15882);
#12540=FILL_AREA_STYLE_COLOUR('',#15883);
#12541=VERTEX_POINT('',#15884);
#12542=VERTEX_POINT('',#15885);
#12543=LINE('',#15886,#15887);
#12544=VERTEX_POINT('',#15888);
#12545=LINE('',#15889,#15890);
#12546=VERTEX_POINT('',#15891);
#12547=LINE('',#15892,#15893);
#12548=LINE('',#15894,#15895);
#12549=FILL_AREA_STYLE_COLOUR('',#15896);
#12550=VERTEX_POINT('',#15897);
#12551=VERTEX_POINT('',#15898);
#12552=LINE('',#15899,#15900);
#12553=VERTEX_POINT('',#15901);
#12554=LINE('',#15902,#15903);
#12555=VERTEX_POINT('',#15904);
#12556=LINE('',#15905,#15906);
#12557=LINE('',#15907,#15908);
#12558=FILL_AREA_STYLE_COLOUR('',#15909);
#12559=LINE('',#15910,#15911);
#12560=LINE('',#15912,#15913);
#12561=FILL_AREA_STYLE_COLOUR('',#15914);
#12562=VERTEX_POINT('',#15915);
#12563=LINE('',#15916,#15917);
#12564=VERTEX_POINT('',#15918);
#12565=LINE('',#15919,#15920);
#12566=LINE('',#15921,#15922);
#12567=FILL_AREA_STYLE_COLOUR('',#15923);
#12568=FILL_AREA_STYLE_COLOUR('',#15924);
#12569=VERTEX_POINT('',#15925);
#12570=LINE('',#15926,#15927);
#12571=VERTEX_POINT('',#15928);
#12572=LINE('',#15929,#15930);
#12573=LINE('',#15931,#15932);
#12574=FILL_AREA_STYLE_COLOUR('',#15933);
#12575=LINE('',#15934,#15935);
#12576=VERTEX_POINT('',#15936);
#12577=LINE('',#15937,#15938);
#12578=LINE('',#15939,#15940);
#12579=FILL_AREA_STYLE_COLOUR('',#15941);
#12580=VERTEX_POINT('',#15942);
#12581=LINE('',#15943,#15944);
#12582=LINE('',#15945,#15946);
#12583=FILL_AREA_STYLE_COLOUR('',#15947);
#12584=VERTEX_POINT('',#15948);
#12585=LINE('',#15949,#15950);
#12586=LINE('',#15951,#15952);
#12587=FILL_AREA_STYLE_COLOUR('',#15953);
#12588=VERTEX_POINT('',#15954);
#12589=LINE('',#15955,#15956);
#12590=VERTEX_POINT('',#15957);
#12591=LINE('',#15958,#15959);
#12592=LINE('',#15960,#15961);
#12593=FILL_AREA_STYLE_COLOUR('',#15962);
#12594=VERTEX_POINT('',#15963);
#12595=LINE('',#15964,#15965);
#12596=LINE('',#15966,#15967);
#12597=FILL_AREA_STYLE_COLOUR('',#15968);
#12598=LINE('',#15969,#15970);
#12599=LINE('',#15971,#15972);
#12600=FILL_AREA_STYLE_COLOUR('',#15973);
#12601=VERTEX_POINT('',#15974);
#12602=VERTEX_POINT('',#15975);
#12603=LINE('',#15976,#15977);
#12604=VERTEX_POINT('',#15978);
#12605=LINE('',#15979,#15980);
#12606=VERTEX_POINT('',#15981);
#12607=LINE('',#15982,#15983);
#12608=LINE('',#15984,#15985);
#12609=FILL_AREA_STYLE_COLOUR('',#15986);
#12610=VERTEX_POINT('',#15987);
#12611=LINE('',#15988,#15989);
#12612=VERTEX_POINT('',#15990);
#12613=LINE('',#15991,#15992);
#12614=LINE('',#15993,#15994);
#12615=FILL_AREA_STYLE_COLOUR('',#15995);
#12616=LINE('',#15996,#15997);
#12617=LINE('',#15998,#15999);
#12618=FILL_AREA_STYLE_COLOUR('',#16000);
#12619=VERTEX_POINT('',#16001);
#12620=VERTEX_POINT('',#16002);
#12621=LINE('',#16003,#16004);
#12622=LINE('',#16005,#16006);
#12623=VERTEX_POINT('',#16007);
#12624=LINE('',#16008,#16009);
#12625=VERTEX_POINT('',#16010);
#12626=LINE('',#16011,#16012);
#12627=LINE('',#16013,#16014);
#12628=FILL_AREA_STYLE_COLOUR('',#16015);
#12629=LINE('',#16016,#16017);
#12630=VERTEX_POINT('',#16018);
#12631=VERTEX_POINT('',#16019);
#12632=LINE('',#16020,#16021);
#12633=VERTEX_POINT('',#16022);
#12634=LINE('',#16023,#16024);
#12635=VERTEX_POINT('',#16025);
#12636=LINE('',#16026,#16027);
#12637=LINE('',#16028,#16029);
#12638=FILL_AREA_STYLE_COLOUR('',#16030);
#12639=LINE('',#16031,#16032);
#12640=LINE('',#16033,#16034);
#12641=FILL_AREA_STYLE_COLOUR('',#16035);
#12642=VERTEX_POINT('',#16036);
#12643=LINE('',#16037,#16038);
#12644=VERTEX_POINT('',#16039);
#12645=LINE('',#16040,#16041);
#12646=LINE('',#16042,#16043);
#12647=FILL_AREA_STYLE_COLOUR('',#16044);
#12648=LINE('',#16045,#16046);
#12649=FILL_AREA_STYLE_COLOUR('',#16047);
#12650=FILL_AREA_STYLE_COLOUR('',#16048);
#12651=LINE('',#16049,#16050);
#12652=VERTEX_POINT('',#16051);
#12653=VERTEX_POINT('',#16052);
#12654=LINE('',#16053,#16054);
#12655=LINE('',#16055,#16056);
#12656=LINE('',#16057,#16058);
#12657=VERTEX_POINT('',#16059);
#12658=LINE('',#16060,#16061);
#12659=VERTEX_POINT('',#16062);
#12660=LINE('',#16063,#16064);
#12661=LINE('',#16065,#16066);
#12662=FILL_AREA_STYLE_COLOUR('',#16067);
#12663=VERTEX_POINT('',#16068);
#12664=VERTEX_POINT('',#16069);
#12665=LINE('',#16070,#16071);
#12666=LINE('',#16072,#16073);
#12667=LINE('',#16074,#16075);
#12668=FILL_AREA_STYLE_COLOUR('',#16076);
#12669=LINE('',#16077,#16078);
#12670=FILL_AREA_STYLE_COLOUR('',#16079);
#12671=VERTEX_POINT('',#16080);
#12672=LINE('',#16081,#16082);
#12673=VERTEX_POINT('',#16083);
#12674=LINE('',#16084,#16085);
#12675=VERTEX_POINT('',#16086);
#12676=LINE('',#16087,#16088);
#12677=VERTEX_POINT('',#16089);
#12678=LINE('',#16090,#16091);
#12679=VERTEX_POINT('',#16092);
#12680=LINE('',#16093,#16094);
#12681=VERTEX_POINT('',#16095);
#12682=LINE('',#16096,#16097);
#12683=CIRCLE('',#16098,0.199999999999999);
#12684=LINE('',#16099,#16100);
#12685=FILL_AREA_STYLE_COLOUR('',#16101);
#12686=LINE('',#16102,#16103);
#12687=FILL_AREA_STYLE_COLOUR('',#16104);
#12688=VERTEX_POINT('',#16105);
#12689=LINE('',#16106,#16107);
#12690=VERTEX_POINT('',#16108);
#12691=LINE('',#16109,#16110);
#12692=VERTEX_POINT('',#16111);
#12693=LINE('',#16112,#16113);
#12694=VERTEX_POINT('',#16114);
#12695=LINE('',#16115,#16116);
#12696=VERTEX_POINT('',#16117);
#12697=LINE('',#16118,#16119);
#12698=LINE('',#16120,#16121);
#12699=FILL_AREA_STYLE_COLOUR('',#16122);
#12700=VERTEX_POINT('',#16123);
#12701=LINE('',#16124,#16125);
#12702=VERTEX_POINT('',#16126);
#12703=LINE('',#16127,#16128);
#12704=VERTEX_POINT('',#16129);
#12705=LINE('',#16130,#16131);
#12706=VERTEX_POINT('',#16132);
#12707=LINE('',#16133,#16134);
#12708=VERTEX_POINT('',#16135);
#12709=LINE('',#16136,#16137);
#12710=LINE('',#16138,#16139);
#12711=FILL_AREA_STYLE_COLOUR('',#16140);
#12712=LINE('',#16141,#16142);
#12713=FILL_AREA_STYLE_COLOUR('',#16143);
#12714=LINE('',#16144,#16145);
#12715=LINE('',#16146,#16147);
#12716=LINE('',#16148,#16149);
#12717=FILL_AREA_STYLE_COLOUR('',#16150);
#12718=FILL_AREA_STYLE_COLOUR('',#16151);
#12719=VERTEX_POINT('',#16152);
#12720=LINE('',#16153,#16154);
#12721=LINE('',#16155,#16156);
#12722=FILL_AREA_STYLE_COLOUR('',#16157);
#12723=LINE('',#16158,#16159);
#12724=LINE('',#16160,#16161);
#12725=FILL_AREA_STYLE_COLOUR('',#16162);
#12726=FILL_AREA_STYLE_COLOUR('',#16163);
#12727=VERTEX_POINT('',#16164);
#12728=LINE('',#16165,#16166);
#12729=VERTEX_POINT('',#16167);
#12730=LINE('',#16168,#16169);
#12731=LINE('',#16170,#16171);
#12732=VERTEX_POINT('',#16172);
#12733=LINE('',#16173,#16174);
#12734=LINE('',#16175,#16176);
#12735=VERTEX_POINT('',#16177);
#12736=LINE('',#16178,#16179);
#12737=VERTEX_POINT('',#16180);
#12738=LINE('',#16181,#16182);
#12739=LINE('',#16183,#16184);
#12740=FILL_AREA_STYLE_COLOUR('',#16185);
#12741=VERTEX_POINT('',#16186);
#12742=LINE('',#16187,#16188);
#12743=VERTEX_POINT('',#16189);
#12744=LINE('',#16190,#16191);
#12745=LINE('',#16192,#16193);
#12746=FILL_AREA_STYLE_COLOUR('',#16194);
#12747=VERTEX_POINT('',#16195);
#12748=LINE('',#16196,#16197);
#12749=LINE('',#16198,#16199);
#12750=LINE('',#16200,#16201);
#12751=FILL_AREA_STYLE_COLOUR('',#16202);
#12752=VERTEX_POINT('',#16203);
#12753=LINE('',#16204,#16205);
#12754=LINE('',#16206,#16207);
#12755=FILL_AREA_STYLE_COLOUR('',#16208);
#12756=FILL_AREA_STYLE_COLOUR('',#16209);
#12757=LINE('',#16210,#16211);
#12758=FILL_AREA_STYLE_COLOUR('',#16212);
#12759=LINE('',#16213,#16214);
#12760=FILL_AREA_STYLE_COLOUR('',#16215);
#12761=LINE('',#16216,#16217);
#12762=LINE('',#16218,#16219);
#12763=FILL_AREA_STYLE_COLOUR('',#16220);
#12764=LINE('',#16221,#16222);
#12765=FILL_AREA_STYLE_COLOUR('',#16223);
#12766=LINE('',#16224,#16225);
#12767=VERTEX_POINT('',#16226);
#12768=LINE('',#16227,#16228);
#12769=VERTEX_POINT('',#16229);
#12770=LINE('',#16230,#16231);
#12771=VERTEX_POINT('',#16232);
#12772=LINE('',#16233,#16234);
#12773=LINE('',#16235,#16236);
#12774=FILL_AREA_STYLE_COLOUR('',#16237);
#12775=FILL_AREA_STYLE_COLOUR('',#16238);
#12776=VERTEX_POINT('',#16239);
#12777=VERTEX_POINT('',#16240);
#12778=LINE('',#16241,#16242);
#12779=VERTEX_POINT('',#16243);
#12780=LINE('',#16244,#16245);
#12781=LINE('',#16246,#16247);
#12782=LINE('',#16248,#16249);
#12783=VERTEX_POINT('',#16250);
#12784=LINE('',#16251,#16252);
#12785=VERTEX_POINT('',#16253);
#12786=LINE('',#16254,#16255);
#12787=VERTEX_POINT('',#16256);
#12788=LINE('',#16257,#16258);
#12789=LINE('',#16259,#16260);
#12790=VERTEX_POINT('',#16261);
#12791=VERTEX_POINT('',#16262);
#12792=CIRCLE('',#16263,0.750000000000002);
#12793=CIRCLE('',#16264,0.750000000000002);
#12794=FILL_AREA_STYLE_COLOUR('',#16265);
#12795=VERTEX_POINT('',#16266);
#12796=LINE('',#16267,#16268);
#12797=VERTEX_POINT('',#16269);
#12798=CIRCLE('',#16270,0.750000000000002);
#12799=VERTEX_POINT('',#16271);
#12800=CIRCLE('',#16272,0.750000000000002);
#12801=LINE('',#16273,#16274);
#12802=FILL_AREA_STYLE_COLOUR('',#16275);
#12803=VERTEX_POINT('',#16276);
#12804=CIRCLE('',#16277,0.750000000000002);
#12805=VERTEX_POINT('',#16278);
#12806=LINE('',#16279,#16280);
#12807=VERTEX_POINT('',#16281);
#12808=CIRCLE('',#16282,0.650000000000008);
#12809=LINE('',#16283,#16284);
#12810=FILL_AREA_STYLE_COLOUR('',#16285);
#12811=CIRCLE('',#16286,0.650000000000008);
#12812=FILL_AREA_STYLE_COLOUR('',#16287);
#12813=LINE('',#16288,#16289);
#12814=FILL_AREA_STYLE_COLOUR('',#16290);
#12815=VERTEX_POINT('',#16291);
#12816=CIRCLE('',#16292,0.199999999999999);
#12817=VERTEX_POINT('',#16293);
#12818=LINE('',#16294,#16295);
#12819=VERTEX_POINT('',#16296);
#12820=LINE('',#16297,#16298);
#12821=LINE('',#16299,#16300);
#12822=FILL_AREA_STYLE_COLOUR('',#16301);
#12823=LINE('',#16302,#16303);
#12824=VERTEX_POINT('',#16304);
#12825=LINE('',#16305,#16306);
#12826=VERTEX_POINT('',#16307);
#12827=LINE('',#16308,#16309);
#12828=VERTEX_POINT('',#16310);
#12829=LINE('',#16311,#16312);
#12830=VERTEX_POINT('',#16313);
#12831=LINE('',#16314,#16315);
#12832=LINE('',#16316,#16317);
#12833=FILL_AREA_STYLE_COLOUR('',#16318);
#12834=FILL_AREA_STYLE_COLOUR('',#16319);
#12835=VERTEX_POINT('',#16320);
#12836=LINE('',#16321,#16322);
#12837=VERTEX_POINT('',#16323);
#12838=LINE('',#16324,#16325);
#12839=VERTEX_POINT('',#16326);
#12840=LINE('',#16327,#16328);
#12841=LINE('',#16329,#16330);
#12842=FILL_AREA_STYLE_COLOUR('',#16331);
#12843=LINE('',#16332,#16333);
#12844=LINE('',#16334,#16335);
#12845=FILL_AREA_STYLE_COLOUR('',#16336);
#12846=FILL_AREA_STYLE_COLOUR('',#16337);
#12847=VERTEX_POINT('',#16338);
#12848=VERTEX_POINT('',#16339);
#12849=LINE('',#16340,#16341);
#12850=LINE('',#16342,#16343);
#12851=VERTEX_POINT('',#16344);
#12852=LINE('',#16345,#16346);
#12853=VERTEX_POINT('',#16347);
#12854=LINE('',#16348,#16349);
#12855=VERTEX_POINT('',#16350);
#12856=LINE('',#16351,#16352);
#12857=LINE('',#16353,#16354);
#12858=FILL_AREA_STYLE_COLOUR('',#16355);
#12859=VERTEX_POINT('',#16356);
#12860=LINE('',#16357,#16358);
#12861=VERTEX_POINT('',#16359);
#12862=LINE('',#16360,#16361);
#12863=LINE('',#16362,#16363);
#12864=FILL_AREA_STYLE_COLOUR('',#16364);
#12865=VERTEX_POINT('',#16365);
#12866=LINE('',#16366,#16367);
#12867=LINE('',#16368,#16369);
#12868=FILL_AREA_STYLE_COLOUR('',#16370);
#12869=VERTEX_POINT('',#16371);
#12870=LINE('',#16372,#16373);
#12871=LINE('',#16374,#16375);
#12872=VERTEX_POINT('',#16376);
#12873=LINE('',#16377,#16378);
#12874=VERTEX_POINT('',#16379);
#12875=LINE('',#16380,#16381);
#12876=LINE('',#16382,#16383);
#12877=FILL_AREA_STYLE_COLOUR('',#16384);
#12878=LINE('',#16385,#16386);
#12879=FILL_AREA_STYLE_COLOUR('',#16387);
#12880=VERTEX_POINT('',#16388);
#12881=LINE('',#16389,#16390);
#12882=VERTEX_POINT('',#16391);
#12883=LINE('',#16392,#16393);
#12884=LINE('',#16394,#16395);
#12885=FILL_AREA_STYLE_COLOUR('',#16396);
#12886=LINE('',#16397,#16398);
#12887=FILL_AREA_STYLE_COLOUR('',#16399);
#12888=LINE('',#16400,#16401);
#12889=FILL_AREA_STYLE_COLOUR('',#16402);
#12890=LINE('',#16403,#16404);
#12891=FILL_AREA_STYLE_COLOUR('',#16405);
#12892=FILL_AREA_STYLE_COLOUR('',#16406);
#12893=FILL_AREA_STYLE_COLOUR('',#16407);
#12894=LINE('',#16408,#16409);
#12895=FILL_AREA_STYLE_COLOUR('',#16410);
#12896=FILL_AREA_STYLE_COLOUR('',#16411);
#12897=VERTEX_POINT('',#16412);
#12898=LINE('',#16413,#16414);
#12899=VERTEX_POINT('',#16415);
#12900=LINE('',#16416,#16417);
#12901=VERTEX_POINT('',#16418);
#12902=LINE('',#16419,#16420);
#12903=VERTEX_POINT('',#16421);
#12904=LINE('',#16422,#16423);
#12905=VERTEX_POINT('',#16424);
#12906=LINE('',#16425,#16426);
#12907=VERTEX_POINT('',#16427);
#12908=LINE('',#16428,#16429);
#12909=LINE('',#16430,#16431);
#12910=FILL_AREA_STYLE_COLOUR('',#16432);
#12911=VERTEX_POINT('',#16433);
#12912=LINE('',#16434,#16435);
#12913=LINE('',#16436,#16437);
#12914=LINE('',#16438,#16439);
#12915=FILL_AREA_STYLE_COLOUR('',#16440);
#12916=VERTEX_POINT('',#16441);
#12917=LINE('',#16442,#16443);
#12918=LINE('',#16444,#16445);
#12919=FILL_AREA_STYLE_COLOUR('',#16446);
#12920=LINE('',#16447,#16448);
#12921=VERTEX_POINT('',#16449);
#12922=LINE('',#16450,#16451);
#12923=VERTEX_POINT('',#16452);
#12924=LINE('',#16453,#16454);
#12925=LINE('',#16455,#16456);
#12926=FILL_AREA_STYLE_COLOUR('',#16457);
#12927=VERTEX_POINT('',#16458);
#12928=LINE('',#16459,#16460);
#12929=VERTEX_POINT('',#16461);
#12930=LINE('',#16462,#16463);
#12931=LINE('',#16464,#16465);
#12932=FILL_AREA_STYLE_COLOUR('',#16466);
#12933=LINE('',#16467,#16468);
#12934=LINE('',#16469,#16470);
#12935=FILL_AREA_STYLE_COLOUR('',#16471);
#12936=LINE('',#16472,#16473);
#12937=FILL_AREA_STYLE_COLOUR('',#16474);
#12938=FILL_AREA_STYLE_COLOUR('',#16475);
#12939=LINE('',#16476,#16477);
#12940=FILL_AREA_STYLE_COLOUR('',#16478);
#12941=FILL_AREA_STYLE_COLOUR('',#16479);
#12942=FILL_AREA_STYLE_COLOUR('',#16480);
#12943=LINE('',#16481,#16482);
#12944=FILL_AREA_STYLE_COLOUR('',#16483);
#12945=LINE('',#16484,#16485);
#12946=FILL_AREA_STYLE_COLOUR('',#16486);
#12947=FILL_AREA_STYLE_COLOUR('',#16487);
#12948=LINE('',#16488,#16489);
#12949=FILL_AREA_STYLE_COLOUR('',#16490);
#12950=LINE('',#16491,#16492);
#12951=FILL_AREA_STYLE_COLOUR('',#16493);
#12952=LINE('',#16494,#16495);
#12953=LINE('',#16496,#16497);
#12954=FILL_AREA_STYLE_COLOUR('',#16498);
#12955=FILL_AREA_STYLE_COLOUR('',#16499);
#12956=LINE('',#16500,#16501);
#12957=FILL_AREA_STYLE_COLOUR('',#16502);
#12958=FILL_AREA_STYLE_COLOUR('',#16503);
#12959=FILL_AREA_STYLE_COLOUR('',#16504);
#12960=VERTEX_POINT('',#16505);
#12961=VERTEX_POINT('',#16506);
#12962=LINE('',#16507,#16508);
#12963=VERTEX_POINT('',#16509);
#12964=LINE('',#16510,#16511);
#12965=VERTEX_POINT('',#16512);
#12966=LINE('',#16513,#16514);
#12967=LINE('',#16515,#16516);
#12968=FILL_AREA_STYLE_COLOUR('',#16517);
#12969=LINE('',#16518,#16519);
#12970=LINE('',#16520,#16521);
#12971=FILL_AREA_STYLE_COLOUR('',#16522);
#12972=LINE('',#16523,#16524);
#12973=FILL_AREA_STYLE_COLOUR('',#16525);
#12974=LINE('',#16526,#16527);
#12975=FILL_AREA_STYLE_COLOUR('',#16528);
#12976=FILL_AREA_STYLE_COLOUR('',#16529);
#12977=CIRCLE('',#16530,0.750000000000002);
#12978=FILL_AREA_STYLE_COLOUR('',#16531);
#12979=FILL_AREA_STYLE_COLOUR('',#16532);
#12980=FILL_AREA_STYLE_COLOUR('',#16533);
#12981=VERTEX_POINT('',#16534);
#12982=VERTEX_POINT('',#16535);
#12983=LINE('',#16536,#16537);
#12984=VERTEX_POINT('',#16538);
#12985=CIRCLE('',#16539,0.8);
#12986=VERTEX_POINT('',#16540);
#12987=LINE('',#16541,#16542);
#12988=CIRCLE('',#16543,0.8);
#12989=FILL_AREA_STYLE_COLOUR('',#16544);
#12990=VERTEX_POINT('',#16545);
#12991=VERTEX_POINT('',#16546);
#12992=LINE('',#16547,#16548);
#12993=VERTEX_POINT('',#16549);
#12994=CIRCLE('',#16550,0.7);
#12995=VERTEX_POINT('',#16551);
#12996=LINE('',#16552,#16553);
#12997=CIRCLE('',#16554,0.7);
#12998=FILL_AREA_STYLE_COLOUR('',#16555);
#12999=VERTEX_POINT('',#16556);
#13000=VERTEX_POINT('',#16557);
#13001=LINE('',#16558,#16559);
#13002=VERTEX_POINT('',#16560);
#13003=CIRCLE('',#16561,0.15);
#13004=VERTEX_POINT('',#16562);
#13005=LINE('',#16563,#16564);
#13006=VERTEX_POINT('',#16565);
#13007=CIRCLE('',#16566,0.15);
#13008=VERTEX_POINT('',#16567);
#13009=LINE('',#16568,#16569);
#13010=LINE('',#16570,#16571);
#13011=FILL_AREA_STYLE_COLOUR('',#16572);
#13012=VERTEX_POINT('',#16573);
#13013=VERTEX_POINT('',#16574);
#13014=CIRCLE('',#16575,0.15);
#13015=LINE('',#16576,#16577);
#13016=LINE('',#16578,#16579);
#13017=FILL_AREA_STYLE_COLOUR('',#16580);
#13018=VERTEX_POINT('',#16581);
#13019=VERTEX_POINT('',#16582);
#13020=LINE('',#16583,#16584);
#13021=VERTEX_POINT('',#16585);
#13022=LINE('',#16586,#16587);
#13023=VERTEX_POINT('',#16588);
#13024=LINE('',#16589,#16590);
#13025=LINE('',#16591,#16592);
#13026=FILL_AREA_STYLE_COLOUR('',#16593);
#13027=VERTEX_POINT('',#16594);
#13028=LINE('',#16595,#16596);
#13029=LINE('',#16597,#16598);
#13030=FILL_AREA_STYLE_COLOUR('',#16599);
#13031=VERTEX_POINT('',#16600);
#13032=VERTEX_POINT('',#16601);
#13033=LINE('',#16602,#16603);
#13034=CIRCLE('',#16604,0.15);
#13035=VERTEX_POINT('',#16605);
#13036=LINE('',#16606,#16607);
#13037=LINE('',#16608,#16609);
#13038=FILL_AREA_STYLE_COLOUR('',#16610);
#13039=VERTEX_POINT('',#16611);
#13040=CIRCLE('',#16612,0.0999999999999998);
#13041=VERTEX_POINT('',#16613);
#13042=LINE('',#16614,#16615);
#13043=VERTEX_POINT('',#16616);
#13044=CIRCLE('',#16617,0.3);
#13045=VERTEX_POINT('',#16618);
#13046=LINE('',#16619,#16620);
#13047=VERTEX_POINT('',#16621);
#13048=LINE('',#16622,#16623);
#13049=VERTEX_POINT('',#16624);
#13050=LINE('',#16625,#16626);
#13051=VERTEX_POINT('',#16627);
#13052=CIRCLE('',#16628,0.15);
#13053=VERTEX_POINT('',#16629);
#13054=LINE('',#16630,#16631);
#13055=CIRCLE('',#16632,0.25);
#13056=FILL_AREA_STYLE_COLOUR('',#16633);
#13057=VERTEX_POINT('',#16634);
#13058=VERTEX_POINT('',#16635);
#13059=LINE('',#16636,#16637);
#13060=VERTEX_POINT('',#16638);
#13061=LINE('',#16639,#16640);
#13062=VERTEX_POINT('',#16641);
#13063=LINE('',#16642,#16643);
#13064=LINE('',#16644,#16645);
#13065=FILL_AREA_STYLE_COLOUR('',#16646);
#13066=VERTEX_POINT('',#16647);
#13067=VERTEX_POINT('',#16648);
#13068=LINE('',#16649,#16650);
#13069=VERTEX_POINT('',#16651);
#13070=CIRCLE('',#16652,0.15);
#13071=VERTEX_POINT('',#16653);
#13072=LINE('',#16654,#16655);
#13073=VERTEX_POINT('',#16656);
#13074=LINE('',#16657,#16658);
#13075=VERTEX_POINT('',#16659);
#13076=LINE('',#16660,#16661);
#13077=VERTEX_POINT('',#16662);
#13078=CIRCLE('',#16663,0.3);
#13079=VERTEX_POINT('',#16664);
#13080=LINE('',#16665,#16666);
#13081=CIRCLE('',#16667,0.0999999999999998);
#13082=LINE('',#16668,#16669);
#13083=CIRCLE('',#16670,0.25);
#13084=FILL_AREA_STYLE_COLOUR('',#16671);
#13085=FILL_AREA_STYLE_COLOUR('',#16672);
#13086=VERTEX_POINT('',#16673);
#13087=CIRCLE('',#16674,3.0);
#13088=VERTEX_POINT('',#16675);
#13089=LINE('',#16676,#16677);
#13090=CIRCLE('',#16678,3.0);
#13091=FILL_AREA_STYLE_COLOUR('',#16679);
#13092=LINE('',#16680,#16681);
#13093=LINE('',#16682,#16683);
#13094=FILL_AREA_STYLE_COLOUR('',#16684);
#13095=VERTEX_POINT('',#16685);
#13096=CIRCLE('',#16686,0.7);
#13097=VERTEX_POINT('',#16687);
#13098=LINE('',#16688,#16689);
#13099=CIRCLE('',#16690,0.7);
#13100=FILL_AREA_STYLE_COLOUR('',#16691);
#13101=VERTEX_POINT('',#16692);
#13102=LINE('',#16693,#16694);
#13103=VERTEX_POINT('',#16695);
#13104=LINE('',#16696,#16697);
#13105=LINE('',#16698,#16699);
#13106=FILL_AREA_STYLE_COLOUR('',#16700);
#13107=CIRCLE('',#16701,0.8);
#13108=CIRCLE('',#16702,0.8);
#13109=FILL_AREA_STYLE_COLOUR('',#16703);
#13110=VERTEX_POINT('',#16704);
#13111=VERTEX_POINT('',#16705);
#13112=LINE('',#16706,#16707);
#13113=VERTEX_POINT('',#16708);
#13114=CIRCLE('',#16709,5.0);
#13115=VERTEX_POINT('',#16710);
#13116=LINE('',#16711,#16712);
#13117=CIRCLE('',#16713,5.0);
#13118=FILL_AREA_STYLE_COLOUR('',#16714);
#13119=VERTEX_POINT('',#16715);
#13120=LINE('',#16716,#16717);
#13121=VERTEX_POINT('',#16718);
#13122=LINE('',#16719,#16720);
#13123=LINE('',#16721,#16722);
#13124=FILL_AREA_STYLE_COLOUR('',#16723);
#13125=VERTEX_POINT('',#16724);
#13126=VERTEX_POINT('',#16725);
#13127=LINE('',#16726,#16727);
#13128=VERTEX_POINT('',#16728);
#13129=LINE('',#16729,#16730);
#13130=VERTEX_POINT('',#16731);
#13131=LINE('',#16732,#16733);
#13132=LINE('',#16734,#16735);
#13133=FILL_AREA_STYLE_COLOUR('',#16736);
#13134=LINE('',#16737,#16738);
#13135=FILL_AREA_STYLE_COLOUR('',#16739);
#13136=LINE('',#16740,#16741);
#13137=LINE('',#16742,#16743);
#13138=FILL_AREA_STYLE_COLOUR('',#16744);
#13139=VERTEX_POINT('',#16745);
#13140=LINE('',#16746,#16747);
#13141=VERTEX_POINT('',#16748);
#13142=LINE('',#16749,#16750);
#13143=LINE('',#16751,#16752);
#13144=FILL_AREA_STYLE_COLOUR('',#16753);
#13145=VERTEX_POINT('',#16754);
#13146=VERTEX_POINT('',#16755);
#13147=LINE('',#16756,#16757);
#13148=LINE('',#16758,#16759);
#13149=LINE('',#16760,#16761);
#13150=FILL_AREA_STYLE_COLOUR('',#16762);
#13151=VERTEX_POINT('',#16763);
#13152=VERTEX_POINT('',#16764);
#13153=LINE('',#16765,#16766);
#13154=LINE('',#16767,#16768);
#13155=LINE('',#16769,#16770);
#13156=FILL_AREA_STYLE_COLOUR('',#16771);
#13157=LINE('',#16772,#16773);
#13158=LINE('',#16774,#16775);
#13159=FILL_AREA_STYLE_COLOUR('',#16776);
#13160=VERTEX_POINT('',#16777);
#13161=LINE('',#16778,#16779);
#13162=VERTEX_POINT('',#16780);
#13163=LINE('',#16781,#16782);
#13164=LINE('',#16783,#16784);
#13165=FILL_AREA_STYLE_COLOUR('',#16785);
#13166=VERTEX_POINT('',#16786);
#13167=VERTEX_POINT('',#16787);
#13168=LINE('',#16788,#16789);
#13169=VERTEX_POINT('',#16790);
#13170=LINE('',#16791,#16792);
#13171=VERTEX_POINT('',#16793);
#13172=LINE('',#16794,#16795);
#13173=LINE('',#16796,#16797);
#13174=FILL_AREA_STYLE_COLOUR('',#16798);
#13175=VERTEX_POINT('',#16799);
#13176=VERTEX_POINT('',#16800);
#13177=LINE('',#16801,#16802);
#13178=LINE('',#16803,#16804);
#13179=LINE('',#16805,#16806);
#13180=FILL_AREA_STYLE_COLOUR('',#16807);
#13181=VERTEX_POINT('',#16808);
#13182=VERTEX_POINT('',#16809);
#13183=LINE('',#16810,#16811);
#13184=VERTEX_POINT('',#16812);
#13185=CIRCLE('',#16813,1.0);
#13186=VERTEX_POINT('',#16814);
#13187=LINE('',#16815,#16816);
#13188=CIRCLE('',#16817,1.0);
#13189=FILL_AREA_STYLE_COLOUR('',#16818);
#13190=VERTEX_POINT('',#16819);
#13191=CIRCLE('',#16820,5.0);
#13192=VERTEX_POINT('',#16821);
#13193=LINE('',#16822,#16823);
#13194=CIRCLE('',#16824,5.0);
#13195=FILL_AREA_STYLE_COLOUR('',#16825);
#13196=LINE('',#16826,#16827);
#13197=LINE('',#16828,#16829);
#13198=FILL_AREA_STYLE_COLOUR('',#16830);
#13199=LINE('',#16831,#16832);
#13200=LINE('',#16833,#16834);
#13201=FILL_AREA_STYLE_COLOUR('',#16835);
#13202=FILL_AREA_STYLE_COLOUR('',#16836);
#13203=LINE('',#16837,#16838);
#13204=LINE('',#16839,#16840);
#13205=FILL_AREA_STYLE_COLOUR('',#16841);
#13206=LINE('',#16842,#16843);
#13207=FILL_AREA_STYLE_COLOUR('',#16844);
#13208=FILL_AREA_STYLE_COLOUR('',#16845);
#13209=LINE('',#16846,#16847);
#13210=LINE('',#16848,#16849);
#13211=FILL_AREA_STYLE_COLOUR('',#16850);
#13212=LINE('',#16851,#16852);
#13213=LINE('',#16853,#16854);
#13214=FILL_AREA_STYLE_COLOUR('',#16855);
#13215=LINE('',#16856,#16857);
#13216=LINE('',#16858,#16859);
#13217=FILL_AREA_STYLE_COLOUR('',#16860);
#13218=LINE('',#16861,#16862);
#13219=FILL_AREA_STYLE_COLOUR('',#16863);
#13220=LINE('',#16864,#16865);
#13221=FILL_AREA_STYLE_COLOUR('',#16866);
#13222=FILL_AREA_STYLE_COLOUR('',#16867);
#13223=FILL_AREA_STYLE_COLOUR('',#16868);
#13224=VERTEX_POINT('',#16869);
#13225=VERTEX_POINT('',#16870);
#13226=LINE('',#16871,#16872);
#13227=VERTEX_POINT('',#16873);
#13228=CIRCLE('',#16874,0.8);
#13229=VERTEX_POINT('',#16875);
#13230=LINE('',#16876,#16877);
#13231=CIRCLE('',#16878,0.8);
#13232=FILL_AREA_STYLE_COLOUR('',#16879);
#13233=VERTEX_POINT('',#16880);
#13234=VERTEX_POINT('',#16881);
#13235=LINE('',#16882,#16883);
#13236=VERTEX_POINT('',#16884);
#13237=CIRCLE('',#16885,0.7);
#13238=VERTEX_POINT('',#16886);
#13239=LINE('',#16887,#16888);
#13240=CIRCLE('',#16889,0.7);
#13241=FILL_AREA_STYLE_COLOUR('',#16890);
#13242=VERTEX_POINT('',#16891);
#13243=VERTEX_POINT('',#16892);
#13244=LINE('',#16893,#16894);
#13245=VERTEX_POINT('',#16895);
#13246=CIRCLE('',#16896,0.15);
#13247=VERTEX_POINT('',#16897);
#13248=LINE('',#16898,#16899);
#13249=VERTEX_POINT('',#16900);
#13250=CIRCLE('',#16901,0.15);
#13251=VERTEX_POINT('',#16902);
#13252=LINE('',#16903,#16904);
#13253=LINE('',#16905,#16906);
#13254=FILL_AREA_STYLE_COLOUR('',#16907);
#13255=VERTEX_POINT('',#16908);
#13256=VERTEX_POINT('',#16909);
#13257=CIRCLE('',#16910,0.15);
#13258=LINE('',#16911,#16912);
#13259=LINE('',#16913,#16914);
#13260=FILL_AREA_STYLE_COLOUR('',#16915);
#13261=VERTEX_POINT('',#16916);
#13262=VERTEX_POINT('',#16917);
#13263=LINE('',#16918,#16919);
#13264=VERTEX_POINT('',#16920);
#13265=LINE('',#16921,#16922);
#13266=VERTEX_POINT('',#16923);
#13267=LINE('',#16924,#16925);
#13268=LINE('',#16926,#16927);
#13269=FILL_AREA_STYLE_COLOUR('',#16928);
#13270=VERTEX_POINT('',#16929);
#13271=LINE('',#16930,#16931);
#13272=LINE('',#16932,#16933);
#13273=FILL_AREA_STYLE_COLOUR('',#16934);
#13274=VERTEX_POINT('',#16935);
#13275=VERTEX_POINT('',#16936);
#13276=LINE('',#16937,#16938);
#13277=CIRCLE('',#16939,0.15);
#13278=VERTEX_POINT('',#16940);
#13279=LINE('',#16941,#16942);
#13280=LINE('',#16943,#16944);
#13281=FILL_AREA_STYLE_COLOUR('',#16945);
#13282=VERTEX_POINT('',#16946);
#13283=CIRCLE('',#16947,0.0999999999999998);
#13284=VERTEX_POINT('',#16948);
#13285=LINE('',#16949,#16950);
#13286=VERTEX_POINT('',#16951);
#13287=CIRCLE('',#16952,0.3);
#13288=VERTEX_POINT('',#16953);
#13289=LINE('',#16954,#16955);
#13290=VERTEX_POINT('',#16956);
#13291=LINE('',#16957,#16958);
#13292=VERTEX_POINT('',#16959);
#13293=LINE('',#16960,#16961);
#13294=VERTEX_POINT('',#16962);
#13295=CIRCLE('',#16963,0.15);
#13296=VERTEX_POINT('',#16964);
#13297=LINE('',#16965,#16966);
#13298=CIRCLE('',#16967,0.25);
#13299=FILL_AREA_STYLE_COLOUR('',#16968);
#13300=VERTEX_POINT('',#16969);
#13301=VERTEX_POINT('',#16970);
#13302=LINE('',#16971,#16972);
#13303=VERTEX_POINT('',#16973);
#13304=LINE('',#16974,#16975);
#13305=VERTEX_POINT('',#16976);
#13306=LINE('',#16977,#16978);
#13307=LINE('',#16979,#16980);
#13308=FILL_AREA_STYLE_COLOUR('',#16981);
#13309=VERTEX_POINT('',#16982);
#13310=VERTEX_POINT('',#16983);
#13311=LINE('',#16984,#16985);
#13312=VERTEX_POINT('',#16986);
#13313=CIRCLE('',#16987,0.15);
#13314=VERTEX_POINT('',#16988);
#13315=LINE('',#16989,#16990);
#13316=VERTEX_POINT('',#16991);
#13317=LINE('',#16992,#16993);
#13318=VERTEX_POINT('',#16994);
#13319=LINE('',#16995,#16996);
#13320=VERTEX_POINT('',#16997);
#13321=CIRCLE('',#16998,0.3);
#13322=VERTEX_POINT('',#16999);
#13323=LINE('',#17000,#17001);
#13324=CIRCLE('',#17002,0.0999999999999998);
#13325=LINE('',#17003,#17004);
#13326=CIRCLE('',#17005,0.25);
#13327=FILL_AREA_STYLE_COLOUR('',#17006);
#13328=FILL_AREA_STYLE_COLOUR('',#17007);
#13329=VERTEX_POINT('',#17008);
#13330=CIRCLE('',#17009,3.0);
#13331=VERTEX_POINT('',#17010);
#13332=LINE('',#17011,#17012);
#13333=CIRCLE('',#17013,3.0);
#13334=FILL_AREA_STYLE_COLOUR('',#17014);
#13335=LINE('',#17015,#17016);
#13336=LINE('',#17017,#17018);
#13337=FILL_AREA_STYLE_COLOUR('',#17019);
#13338=VERTEX_POINT('',#17020);
#13339=CIRCLE('',#17021,0.7);
#13340=VERTEX_POINT('',#17022);
#13341=LINE('',#17023,#17024);
#13342=CIRCLE('',#17025,0.7);
#13343=FILL_AREA_STYLE_COLOUR('',#17026);
#13344=VERTEX_POINT('',#17027);
#13345=LINE('',#17028,#17029);
#13346=VERTEX_POINT('',#17030);
#13347=LINE('',#17031,#17032);
#13348=LINE('',#17033,#17034);
#13349=FILL_AREA_STYLE_COLOUR('',#17035);
#13350=CIRCLE('',#17036,0.8);
#13351=CIRCLE('',#17037,0.8);
#13352=FILL_AREA_STYLE_COLOUR('',#17038);
#13353=VERTEX_POINT('',#17039);
#13354=VERTEX_POINT('',#17040);
#13355=LINE('',#17041,#17042);
#13356=VERTEX_POINT('',#17043);
#13357=CIRCLE('',#17044,5.0);
#13358=VERTEX_POINT('',#17045);
#13359=LINE('',#17046,#17047);
#13360=CIRCLE('',#17048,5.0);
#13361=FILL_AREA_STYLE_COLOUR('',#17049);
#13362=VERTEX_POINT('',#17050);
#13363=LINE('',#17051,#17052);
#13364=VERTEX_POINT('',#17053);
#13365=LINE('',#17054,#17055);
#13366=LINE('',#17056,#17057);
#13367=FILL_AREA_STYLE_COLOUR('',#17058);
#13368=VERTEX_POINT('',#17059);
#13369=VERTEX_POINT('',#17060);
#13370=LINE('',#17061,#17062);
#13371=VERTEX_POINT('',#17063);
#13372=LINE('',#17064,#17065);
#13373=VERTEX_POINT('',#17066);
#13374=LINE('',#17067,#17068);
#13375=LINE('',#17069,#17070);
#13376=FILL_AREA_STYLE_COLOUR('',#17071);
#13377=LINE('',#17072,#17073);
#13378=FILL_AREA_STYLE_COLOUR('',#17074);
#13379=LINE('',#17075,#17076);
#13380=LINE('',#17077,#17078);
#13381=FILL_AREA_STYLE_COLOUR('',#17079);
#13382=VERTEX_POINT('',#17080);
#13383=LINE('',#17081,#17082);
#13384=VERTEX_POINT('',#17083);
#13385=LINE('',#17084,#17085);
#13386=LINE('',#17086,#17087);
#13387=FILL_AREA_STYLE_COLOUR('',#17088);
#13388=VERTEX_POINT('',#17089);
#13389=VERTEX_POINT('',#17090);
#13390=LINE('',#17091,#17092);
#13391=LINE('',#17093,#17094);
#13392=LINE('',#17095,#17096);
#13393=FILL_AREA_STYLE_COLOUR('',#17097);
#13394=VERTEX_POINT('',#17098);
#13395=VERTEX_POINT('',#17099);
#13396=LINE('',#17100,#17101);
#13397=LINE('',#17102,#17103);
#13398=LINE('',#17104,#17105);
#13399=FILL_AREA_STYLE_COLOUR('',#17106);
#13400=LINE('',#17107,#17108);
#13401=LINE('',#17109,#17110);
#13402=FILL_AREA_STYLE_COLOUR('',#17111);
#13403=VERTEX_POINT('',#17112);
#13404=LINE('',#17113,#17114);
#13405=VERTEX_POINT('',#17115);
#13406=LINE('',#17116,#17117);
#13407=LINE('',#17118,#17119);
#13408=FILL_AREA_STYLE_COLOUR('',#17120);
#13409=VERTEX_POINT('',#17121);
#13410=VERTEX_POINT('',#17122);
#13411=LINE('',#17123,#17124);
#13412=VERTEX_POINT('',#17125);
#13413=LINE('',#17126,#17127);
#13414=VERTEX_POINT('',#17128);
#13415=LINE('',#17129,#17130);
#13416=LINE('',#17131,#17132);
#13417=FILL_AREA_STYLE_COLOUR('',#17133);
#13418=VERTEX_POINT('',#17134);
#13419=VERTEX_POINT('',#17135);
#13420=LINE('',#17136,#17137);
#13421=LINE('',#17138,#17139);
#13422=LINE('',#17140,#17141);
#13423=FILL_AREA_STYLE_COLOUR('',#17142);
#13424=VERTEX_POINT('',#17143);
#13425=VERTEX_POINT('',#17144);
#13426=LINE('',#17145,#17146);
#13427=VERTEX_POINT('',#17147);
#13428=CIRCLE('',#17148,1.0);
#13429=VERTEX_POINT('',#17149);
#13430=LINE('',#17150,#17151);
#13431=CIRCLE('',#17152,1.0);
#13432=FILL_AREA_STYLE_COLOUR('',#17153);
#13433=VERTEX_POINT('',#17154);
#13434=CIRCLE('',#17155,5.0);
#13435=VERTEX_POINT('',#17156);
#13436=LINE('',#17157,#17158);
#13437=CIRCLE('',#17159,5.0);
#13438=FILL_AREA_STYLE_COLOUR('',#17160);
#13439=LINE('',#17161,#17162);
#13440=LINE('',#17163,#17164);
#13441=FILL_AREA_STYLE_COLOUR('',#17165);
#13442=LINE('',#17166,#17167);
#13443=LINE('',#17168,#17169);
#13444=FILL_AREA_STYLE_COLOUR('',#17170);
#13445=FILL_AREA_STYLE_COLOUR('',#17171);
#13446=LINE('',#17172,#17173);
#13447=LINE('',#17174,#17175);
#13448=FILL_AREA_STYLE_COLOUR('',#17176);
#13449=LINE('',#17177,#17178);
#13450=FILL_AREA_STYLE_COLOUR('',#17179);
#13451=FILL_AREA_STYLE_COLOUR('',#17180);
#13452=LINE('',#17181,#17182);
#13453=LINE('',#17183,#17184);
#13454=FILL_AREA_STYLE_COLOUR('',#17185);
#13455=LINE('',#17186,#17187);
#13456=LINE('',#17188,#17189);
#13457=FILL_AREA_STYLE_COLOUR('',#17190);
#13458=LINE('',#17191,#17192);
#13459=LINE('',#17193,#17194);
#13460=FILL_AREA_STYLE_COLOUR('',#17195);
#13461=LINE('',#17196,#17197);
#13462=FILL_AREA_STYLE_COLOUR('',#17198);
#13463=LINE('',#17199,#17200);
#13464=FILL_AREA_STYLE_COLOUR('',#17201);
#13465=FILL_AREA_STYLE_COLOUR('',#17202);
#13466=FILL_AREA_STYLE_COLOUR('',#17203);
#13467=VERTEX_POINT('',#17204);
#13468=VERTEX_POINT('',#17205);
#13469=LINE('',#17206,#17207);
#13470=VERTEX_POINT('',#17208);
#13471=CIRCLE('',#17209,0.8);
#13472=VERTEX_POINT('',#17210);
#13473=LINE('',#17211,#17212);
#13474=CIRCLE('',#17213,0.8);
#13475=FILL_AREA_STYLE_COLOUR('',#17214);
#13476=VERTEX_POINT('',#17215);
#13477=VERTEX_POINT('',#17216);
#13478=LINE('',#17217,#17218);
#13479=VERTEX_POINT('',#17219);
#13480=CIRCLE('',#17220,0.7);
#13481=VERTEX_POINT('',#17221);
#13482=LINE('',#17222,#17223);
#13483=CIRCLE('',#17224,0.7);
#13484=FILL_AREA_STYLE_COLOUR('',#17225);
#13485=VERTEX_POINT('',#17226);
#13486=VERTEX_POINT('',#17227);
#13487=LINE('',#17228,#17229);
#13488=VERTEX_POINT('',#17230);
#13489=CIRCLE('',#17231,0.15);
#13490=VERTEX_POINT('',#17232);
#13491=LINE('',#17233,#17234);
#13492=VERTEX_POINT('',#17235);
#13493=CIRCLE('',#17236,0.15);
#13494=VERTEX_POINT('',#17237);
#13495=LINE('',#17238,#17239);
#13496=LINE('',#17240,#17241);
#13497=FILL_AREA_STYLE_COLOUR('',#17242);
#13498=VERTEX_POINT('',#17243);
#13499=VERTEX_POINT('',#17244);
#13500=CIRCLE('',#17245,0.15);
#13501=LINE('',#17246,#17247);
#13502=LINE('',#17248,#17249);
#13503=FILL_AREA_STYLE_COLOUR('',#17250);
#13504=VERTEX_POINT('',#17251);
#13505=VERTEX_POINT('',#17252);
#13506=LINE('',#17253,#17254);
#13507=VERTEX_POINT('',#17255);
#13508=LINE('',#17256,#17257);
#13509=VERTEX_POINT('',#17258);
#13510=LINE('',#17259,#17260);
#13511=LINE('',#17261,#17262);
#13512=FILL_AREA_STYLE_COLOUR('',#17263);
#13513=VERTEX_POINT('',#17264);
#13514=LINE('',#17265,#17266);
#13515=LINE('',#17267,#17268);
#13516=FILL_AREA_STYLE_COLOUR('',#17269);
#13517=VERTEX_POINT('',#17270);
#13518=VERTEX_POINT('',#17271);
#13519=LINE('',#17272,#17273);
#13520=CIRCLE('',#17274,0.15);
#13521=VERTEX_POINT('',#17275);
#13522=LINE('',#17276,#17277);
#13523=LINE('',#17278,#17279);
#13524=FILL_AREA_STYLE_COLOUR('',#17280);
#13525=VERTEX_POINT('',#17281);
#13526=CIRCLE('',#17282,0.0999999999999998);
#13527=VERTEX_POINT('',#17283);
#13528=LINE('',#17284,#17285);
#13529=VERTEX_POINT('',#17286);
#13530=CIRCLE('',#17287,0.3);
#13531=VERTEX_POINT('',#17288);
#13532=LINE('',#17289,#17290);
#13533=VERTEX_POINT('',#17291);
#13534=LINE('',#17292,#17293);
#13535=VERTEX_POINT('',#17294);
#13536=LINE('',#17295,#17296);
#13537=VERTEX_POINT('',#17297);
#13538=CIRCLE('',#17298,0.15);
#13539=VERTEX_POINT('',#17299);
#13540=LINE('',#17300,#17301);
#13541=CIRCLE('',#17302,0.25);
#13542=FILL_AREA_STYLE_COLOUR('',#17303);
#13543=VERTEX_POINT('',#17304);
#13544=VERTEX_POINT('',#17305);
#13545=LINE('',#17306,#17307);
#13546=VERTEX_POINT('',#17308);
#13547=LINE('',#17309,#17310);
#13548=VERTEX_POINT('',#17311);
#13549=LINE('',#17312,#17313);
#13550=LINE('',#17314,#17315);
#13551=FILL_AREA_STYLE_COLOUR('',#17316);
#13552=VERTEX_POINT('',#17317);
#13553=VERTEX_POINT('',#17318);
#13554=LINE('',#17319,#17320);
#13555=VERTEX_POINT('',#17321);
#13556=CIRCLE('',#17322,0.15);
#13557=VERTEX_POINT('',#17323);
#13558=LINE('',#17324,#17325);
#13559=VERTEX_POINT('',#17326);
#13560=LINE('',#17327,#17328);
#13561=VERTEX_POINT('',#17329);
#13562=LINE('',#17330,#17331);
#13563=VERTEX_POINT('',#17332);
#13564=CIRCLE('',#17333,0.3);
#13565=VERTEX_POINT('',#17334);
#13566=LINE('',#17335,#17336);
#13567=CIRCLE('',#17337,0.0999999999999998);
#13568=LINE('',#17338,#17339);
#13569=CIRCLE('',#17340,0.25);
#13570=FILL_AREA_STYLE_COLOUR('',#17341);
#13571=FILL_AREA_STYLE_COLOUR('',#17342);
#13572=VERTEX_POINT('',#17343);
#13573=CIRCLE('',#17344,3.0);
#13574=VERTEX_POINT('',#17345);
#13575=LINE('',#17346,#17347);
#13576=CIRCLE('',#17348,3.0);
#13577=FILL_AREA_STYLE_COLOUR('',#17349);
#13578=LINE('',#17350,#17351);
#13579=LINE('',#17352,#17353);
#13580=FILL_AREA_STYLE_COLOUR('',#17354);
#13581=VERTEX_POINT('',#17355);
#13582=CIRCLE('',#17356,0.7);
#13583=VERTEX_POINT('',#17357);
#13584=LINE('',#17358,#17359);
#13585=CIRCLE('',#17360,0.7);
#13586=FILL_AREA_STYLE_COLOUR('',#17361);
#13587=VERTEX_POINT('',#17362);
#13588=LINE('',#17363,#17364);
#13589=VERTEX_POINT('',#17365);
#13590=LINE('',#17366,#17367);
#13591=LINE('',#17368,#17369);
#13592=FILL_AREA_STYLE_COLOUR('',#17370);
#13593=CIRCLE('',#17371,0.8);
#13594=CIRCLE('',#17372,0.8);
#13595=FILL_AREA_STYLE_COLOUR('',#17373);
#13596=VERTEX_POINT('',#17374);
#13597=VERTEX_POINT('',#17375);
#13598=LINE('',#17376,#17377);
#13599=VERTEX_POINT('',#17378);
#13600=CIRCLE('',#17379,5.0);
#13601=VERTEX_POINT('',#17380);
#13602=LINE('',#17381,#17382);
#13603=CIRCLE('',#17383,5.0);
#13604=FILL_AREA_STYLE_COLOUR('',#17384);
#13605=VERTEX_POINT('',#17385);
#13606=LINE('',#17386,#17387);
#13607=VERTEX_POINT('',#17388);
#13608=LINE('',#17389,#17390);
#13609=LINE('',#17391,#17392);
#13610=FILL_AREA_STYLE_COLOUR('',#17393);
#13611=VERTEX_POINT('',#17394);
#13612=VERTEX_POINT('',#17395);
#13613=LINE('',#17396,#17397);
#13614=VERTEX_POINT('',#17398);
#13615=LINE('',#17399,#17400);
#13616=VERTEX_POINT('',#17401);
#13617=LINE('',#17402,#17403);
#13618=LINE('',#17404,#17405);
#13619=FILL_AREA_STYLE_COLOUR('',#17406);
#13620=LINE('',#17407,#17408);
#13621=FILL_AREA_STYLE_COLOUR('',#17409);
#13622=LINE('',#17410,#17411);
#13623=LINE('',#17412,#17413);
#13624=FILL_AREA_STYLE_COLOUR('',#17414);
#13625=VERTEX_POINT('',#17415);
#13626=LINE('',#17416,#17417);
#13627=VERTEX_POINT('',#17418);
#13628=LINE('',#17419,#17420);
#13629=LINE('',#17421,#17422);
#13630=FILL_AREA_STYLE_COLOUR('',#17423);
#13631=VERTEX_POINT('',#17424);
#13632=VERTEX_POINT('',#17425);
#13633=LINE('',#17426,#17427);
#13634=LINE('',#17428,#17429);
#13635=LINE('',#17430,#17431);
#13636=FILL_AREA_STYLE_COLOUR('',#17432);
#13637=VERTEX_POINT('',#17433);
#13638=VERTEX_POINT('',#17434);
#13639=LINE('',#17435,#17436);
#13640=LINE('',#17437,#17438);
#13641=LINE('',#17439,#17440);
#13642=FILL_AREA_STYLE_COLOUR('',#17441);
#13643=LINE('',#17442,#17443);
#13644=LINE('',#17444,#17445);
#13645=FILL_AREA_STYLE_COLOUR('',#17446);
#13646=VERTEX_POINT('',#17447);
#13647=LINE('',#17448,#17449);
#13648=VERTEX_POINT('',#17450);
#13649=LINE('',#17451,#17452);
#13650=LINE('',#17453,#17454);
#13651=FILL_AREA_STYLE_COLOUR('',#17455);
#13652=VERTEX_POINT('',#17456);
#13653=VERTEX_POINT('',#17457);
#13654=LINE('',#17458,#17459);
#13655=VERTEX_POINT('',#17460);
#13656=LINE('',#17461,#17462);
#13657=VERTEX_POINT('',#17463);
#13658=LINE('',#17464,#17465);
#13659=LINE('',#17466,#17467);
#13660=FILL_AREA_STYLE_COLOUR('',#17468);
#13661=VERTEX_POINT('',#17469);
#13662=VERTEX_POINT('',#17470);
#13663=LINE('',#17471,#17472);
#13664=LINE('',#17473,#17474);
#13665=LINE('',#17475,#17476);
#13666=FILL_AREA_STYLE_COLOUR('',#17477);
#13667=VERTEX_POINT('',#17478);
#13668=VERTEX_POINT('',#17479);
#13669=LINE('',#17480,#17481);
#13670=VERTEX_POINT('',#17482);
#13671=CIRCLE('',#17483,1.0);
#13672=VERTEX_POINT('',#17484);
#13673=LINE('',#17485,#17486);
#13674=CIRCLE('',#17487,1.0);
#13675=FILL_AREA_STYLE_COLOUR('',#17488);
#13676=VERTEX_POINT('',#17489);
#13677=CIRCLE('',#17490,5.0);
#13678=VERTEX_POINT('',#17491);
#13679=LINE('',#17492,#17493);
#13680=CIRCLE('',#17494,5.0);
#13681=FILL_AREA_STYLE_COLOUR('',#17495);
#13682=LINE('',#17496,#17497);
#13683=LINE('',#17498,#17499);
#13684=FILL_AREA_STYLE_COLOUR('',#17500);
#13685=LINE('',#17501,#17502);
#13686=LINE('',#17503,#17504);
#13687=FILL_AREA_STYLE_COLOUR('',#17505);
#13688=FILL_AREA_STYLE_COLOUR('',#17506);
#13689=LINE('',#17507,#17508);
#13690=LINE('',#17509,#17510);
#13691=FILL_AREA_STYLE_COLOUR('',#17511);
#13692=LINE('',#17512,#17513);
#13693=FILL_AREA_STYLE_COLOUR('',#17514);
#13694=FILL_AREA_STYLE_COLOUR('',#17515);
#13695=LINE('',#17516,#17517);
#13696=LINE('',#17518,#17519);
#13697=FILL_AREA_STYLE_COLOUR('',#17520);
#13698=LINE('',#17521,#17522);
#13699=LINE('',#17523,#17524);
#13700=FILL_AREA_STYLE_COLOUR('',#17525);
#13701=LINE('',#17526,#17527);
#13702=LINE('',#17528,#17529);
#13703=FILL_AREA_STYLE_COLOUR('',#17530);
#13704=LINE('',#17531,#17532);
#13705=FILL_AREA_STYLE_COLOUR('',#17533);
#13706=LINE('',#17534,#17535);
#13707=FILL_AREA_STYLE_COLOUR('',#17536);
#13708=FILL_AREA_STYLE_COLOUR('',#17537);
#13709=FILL_AREA_STYLE_COLOUR('',#17538);
#13710=VERTEX_POINT('',#17539);
#13711=VERTEX_POINT('',#17540);
#13712=LINE('',#17541,#17542);
#13713=VERTEX_POINT('',#17543);
#13714=LINE('',#17544,#17545);
#13715=VERTEX_POINT('',#17546);
#13716=LINE('',#17547,#17548);
#13717=VERTEX_POINT('',#17549);
#13718=LINE('',#17550,#17551);
#13719=VERTEX_POINT('',#17552);
#13720=CIRCLE('',#17553,0.2);
#13721=VERTEX_POINT('',#17554);
#13722=LINE('',#17555,#17556);
#13723=VERTEX_POINT('',#17557);
#13724=CIRCLE('',#17558,0.2);
#13725=VERTEX_POINT('',#17559);
#13726=LINE('',#17560,#17561);
#13727=CIRCLE('',#17562,0.2);
#13728=FILL_AREA_STYLE_COLOUR('',#17563);
#13729=VERTEX_POINT('',#17564);
#13730=VERTEX_POINT('',#17565);
#13731=LINE('',#17566,#17567);
#13732=VERTEX_POINT('',#17568);
#13733=CIRCLE('',#17569,0.2);
#13734=VERTEX_POINT('',#17570);
#13735=LINE('',#17571,#17572);
#13736=VERTEX_POINT('',#17573);
#13737=CIRCLE('',#17574,0.2);
#13738=VERTEX_POINT('',#17575);
#13739=LINE('',#17576,#17577);
#13740=VERTEX_POINT('',#17578);
#13741=CIRCLE('',#17579,0.2);
#13742=LINE('',#17580,#17581);
#13743=FILL_AREA_STYLE_COLOUR('',#17582);
#13744=VERTEX_POINT('',#17583);
#13745=VERTEX_POINT('',#17584);
#13746=CIRCLE('',#17585,0.2);
#13747=VERTEX_POINT('',#17586);
#13748=LINE('',#17587,#17588);
#13749=VERTEX_POINT('',#17589);
#13750=CIRCLE('',#17590,0.2);
#13751=LINE('',#17591,#17592);
#13752=FILL_AREA_STYLE_COLOUR('',#17593);
#13753=VERTEX_POINT('',#17594);
#13754=VERTEX_POINT('',#17595);
#13755=LINE('',#17596,#17597);
#13756=VERTEX_POINT('',#17598);
#13757=LINE('',#17599,#17600);
#13758=VERTEX_POINT('',#17601);
#13759=LINE('',#17602,#17603);
#13760=LINE('',#17604,#17605);
#13761=FILL_AREA_STYLE_COLOUR('',#17606);
#13762=VERTEX_POINT('',#17607);
#13763=VERTEX_POINT('',#17608);
#13764=LINE('',#17609,#17610);
#13765=VERTEX_POINT('',#17611);
#13766=LINE('',#17612,#17613);
#13767=VERTEX_POINT('',#17614);
#13768=LINE('',#17615,#17616);
#13769=LINE('',#17617,#17618);
#13770=FILL_AREA_STYLE_COLOUR('',#17619);
#13771=LINE('',#17620,#17621);
#13772=LINE('',#17622,#17623);
#13773=FILL_AREA_STYLE_COLOUR('',#17624);
#13774=VERTEX_POINT('',#17625);
#13775=CIRCLE('',#17626,0.2);
#13776=VERTEX_POINT('',#17627);
#13777=LINE('',#17628,#17629);
#13778=CIRCLE('',#17630,0.2);
#13779=FILL_AREA_STYLE_COLOUR('',#17631);
#13780=LINE('',#17632,#17633);
#13781=LINE('',#17634,#17635);
#13782=FILL_AREA_STYLE_COLOUR('',#17636);
#13783=FILL_AREA_STYLE_COLOUR('',#17637);
#13784=LINE('',#17638,#17639);
#13785=FILL_AREA_STYLE_COLOUR('',#17640);
#13786=VERTEX_POINT('',#17641);
#13787=VERTEX_POINT('',#17642);
#13788=LINE('',#17643,#17644);
#13789=VERTEX_POINT('',#17645);
#13790=LINE('',#17646,#17647);
#13791=VERTEX_POINT('',#17648);
#13792=LINE('',#17649,#17650);
#13793=LINE('',#17651,#17652);
#13794=FILL_AREA_STYLE_COLOUR('',#17653);
#13795=VERTEX_POINT('',#17654);
#13796=VERTEX_POINT('',#17655);
#13797=LINE('',#17656,#17657);
#13798=VERTEX_POINT('',#17658);
#13799=LINE('',#17659,#17660);
#13800=VERTEX_POINT('',#17661);
#13801=LINE('',#17662,#17663);
#13802=LINE('',#17664,#17665);
#13803=FILL_AREA_STYLE_COLOUR('',#17666);
#13804=VERTEX_POINT('',#17667);
#13805=LINE('',#17668,#17669);
#13806=CIRCLE('',#17670,0.2);
#13807=LINE('',#17671,#17672);
#13808=VERTEX_POINT('',#17673);
#13809=LINE('',#17674,#17675);
#13810=LINE('',#17676,#17677);
#13811=FILL_AREA_STYLE_COLOUR('',#17678);
#13812=VERTEX_POINT('',#17679);
#13813=VERTEX_POINT('',#17680);
#13814=LINE('',#17681,#17682);
#13815=LINE('',#17683,#17684);
#13816=LINE('',#17685,#17686);
#13817=CIRCLE('',#17687,0.2);
#13818=FILL_AREA_STYLE_COLOUR('',#17688);
#13819=LINE('',#17689,#17690);
#13820=LINE('',#17691,#17692);
#13821=LINE('',#17693,#17694);
#13822=FILL_AREA_STYLE_COLOUR('',#17695);
#13823=LINE('',#17696,#17697);
#13824=FILL_AREA_STYLE_COLOUR('',#17698);
#13825=VERTEX_POINT('',#17699);
#13826=LINE('',#17700,#17701);
#13827=VERTEX_POINT('',#17702);
#13828=LINE('',#17703,#17704);
#13829=LINE('',#17705,#17706);
#13830=FILL_AREA_STYLE_COLOUR('',#17707);
#13831=LINE('',#17708,#17709);
#13832=LINE('',#17710,#17711);
#13833=FILL_AREA_STYLE_COLOUR('',#17712);
#13834=LINE('',#17713,#17714);
#13835=LINE('',#17715,#17716);
#13836=FILL_AREA_STYLE_COLOUR('',#17717);
#13837=LINE('',#17718,#17719);
#13838=LINE('',#17720,#17721);
#13839=FILL_AREA_STYLE_COLOUR('',#17722);
#13840=FILL_AREA_STYLE_COLOUR('',#17723);
#13841=FILL_AREA_STYLE_COLOUR('',#17724);
#13842=FILL_AREA_STYLE_COLOUR('',#17725);
#13843=FILL_AREA_STYLE_COLOUR('',#17726);
#13844=FILL_AREA_STYLE_COLOUR('',#17727);
#13845=VERTEX_POINT('',#17728);
#13846=VERTEX_POINT('',#17729);
#13847=LINE('',#17730,#17731);
#13848=VERTEX_POINT('',#17732);
#13849=CIRCLE('',#17733,0.8);
#13850=VERTEX_POINT('',#17734);
#13851=LINE('',#17735,#17736);
#13852=CIRCLE('',#17737,0.8);
#13853=FILL_AREA_STYLE_COLOUR('',#17738);
#13854=VERTEX_POINT('',#17739);
#13855=VERTEX_POINT('',#17740);
#13856=LINE('',#17741,#17742);
#13857=VERTEX_POINT('',#17743);
#13858=CIRCLE('',#17744,0.7);
#13859=VERTEX_POINT('',#17745);
#13860=LINE('',#17746,#17747);
#13861=CIRCLE('',#17748,0.7);
#13862=FILL_AREA_STYLE_COLOUR('',#17749);
#13863=VERTEX_POINT('',#17750);
#13864=VERTEX_POINT('',#17751);
#13865=LINE('',#17752,#17753);
#13866=VERTEX_POINT('',#17754);
#13867=LINE('',#17755,#17756);
#13868=VERTEX_POINT('',#17757);
#13869=LINE('',#17758,#17759);
#13870=VERTEX_POINT('',#17760);
#13871=LINE('',#17761,#17762);
#13872=VERTEX_POINT('',#17763);
#13873=LINE('',#17764,#17765);
#13874=VERTEX_POINT('',#17766);
#13875=LINE('',#17767,#17768);
#13876=VERTEX_POINT('',#17769);
#13877=LINE('',#17770,#17771);
#13878=LINE('',#17772,#17773);
#13879=FILL_AREA_STYLE_COLOUR('',#17774);
#13880=VERTEX_POINT('',#17775);
#13881=VERTEX_POINT('',#17776);
#13882=LINE('',#17777,#17778);
#13883=VERTEX_POINT('',#17779);
#13884=CIRCLE('',#17780,0.15);
#13885=VERTEX_POINT('',#17781);
#13886=LINE('',#17782,#17783);
#13887=LINE('',#17784,#17785);
#13888=VERTEX_POINT('',#17786);
#13889=CIRCLE('',#17787,0.3);
#13890=VERTEX_POINT('',#17788);
#13891=LINE('',#17789,#17790);
#13892=VERTEX_POINT('',#17791);
#13893=CIRCLE('',#17792,0.0999999999999999);
#13894=VERTEX_POINT('',#17793);
#13895=LINE('',#17794,#17795);
#13896=VERTEX_POINT('',#17796);
#13897=LINE('',#17797,#17798);
#13898=VERTEX_POINT('',#17799);
#13899=LINE('',#17800,#17801);
#13900=CIRCLE('',#17802,0.25);
#13901=FILL_AREA_STYLE_COLOUR('',#17803);
#13902=VERTEX_POINT('',#17804);
#13903=VERTEX_POINT('',#17805);
#13904=LINE('',#17806,#17807);
#13905=VERTEX_POINT('',#17808);
#13906=CIRCLE('',#17809,0.15);
#13907=VERTEX_POINT('',#17810);
#13908=LINE('',#17811,#17812);
#13909=CIRCLE('',#17813,0.15);
#13910=LINE('',#17814,#17815);
#13911=FILL_AREA_STYLE_COLOUR('',#17816);
#13912=VERTEX_POINT('',#17817);
#13913=LINE('',#17818,#17819);
#13914=VERTEX_POINT('',#17820);
#13915=LINE('',#17821,#17822);
#13916=CIRCLE('',#17823,0.25);
#13917=FILL_AREA_STYLE_COLOUR('',#17824);
#13918=VERTEX_POINT('',#17825);
#13919=VERTEX_POINT('',#17826);
#13920=LINE('',#17827,#17828);
#13921=LINE('',#17829,#17830);
#13922=LINE('',#17831,#17832);
#13923=FILL_AREA_STYLE_COLOUR('',#17833);
#13924=VERTEX_POINT('',#17834);
#13925=LINE('',#17835,#17836);
#13926=LINE('',#17837,#17838);
#13927=FILL_AREA_STYLE_COLOUR('',#17839);
#13928=VERTEX_POINT('',#17840);
#13929=LINE('',#17841,#17842);
#13930=VERTEX_POINT('',#17843);
#13931=LINE('',#17844,#17845);
#13932=VERTEX_POINT('',#17846);
#13933=LINE('',#17847,#17848);
#13934=VERTEX_POINT('',#17849);
#13935=LINE('',#17850,#17851);
#13936=VERTEX_POINT('',#17852);
#13937=LINE('',#17853,#17854);
#13938=VERTEX_POINT('',#17855);
#13939=LINE('',#17856,#17857);
#13940=LINE('',#17858,#17859);
#13941=FILL_AREA_STYLE_COLOUR('',#17860);
#13942=CIRCLE('',#17861,0.15);
#13943=FILL_AREA_STYLE_COLOUR('',#17862);
#13944=CIRCLE('',#17863,0.15);
#13945=FILL_AREA_STYLE_COLOUR('',#17864);
#13946=VERTEX_POINT('',#17865);
#13947=LINE('',#17866,#17867);
#13948=VERTEX_POINT('',#17868);
#13949=LINE('',#17869,#17870);
#13950=LINE('',#17871,#17872);
#13951=FILL_AREA_STYLE_COLOUR('',#17873);
#13952=VERTEX_POINT('',#17874);
#13953=LINE('',#17875,#17876);
#13954=LINE('',#17877,#17878);
#13955=VERTEX_POINT('',#17879);
#13956=CIRCLE('',#17880,0.0999999999999999);
#13957=VERTEX_POINT('',#17881);
#13958=LINE('',#17882,#17883);
#13959=CIRCLE('',#17884,0.3);
#13960=LINE('',#17885,#17886);
#13961=FILL_AREA_STYLE_COLOUR('',#17887);
#13962=VERTEX_POINT('',#17888);
#13963=VERTEX_POINT('',#17889);
#13964=LINE('',#17890,#17891);
#13965=VERTEX_POINT('',#17892);
#13966=CIRCLE('',#17893,1.0);
#13967=VERTEX_POINT('',#17894);
#13968=LINE('',#17895,#17896);
#13969=CIRCLE('',#17897,1.0);
#13970=FILL_AREA_STYLE_COLOUR('',#17898);
#13971=VERTEX_POINT('',#17899);
#13972=VERTEX_POINT('',#17900);
#13973=LINE('',#17901,#17902);
#13974=LINE('',#17903,#17904);
#13975=LINE('',#17905,#17906);
#13976=FILL_AREA_STYLE_COLOUR('',#17907);
#13977=LINE('',#17908,#17909);
#13978=LINE('',#17910,#17911);
#13979=FILL_AREA_STYLE_COLOUR('',#17912);
#13980=FILL_AREA_STYLE_COLOUR('',#17913);
#13981=FILL_AREA_STYLE_COLOUR('',#17914);
#13982=LINE('',#17915,#17916);
#13983=FILL_AREA_STYLE_COLOUR('',#17917);
#13984=VERTEX_POINT('',#17918);
#13985=CIRCLE('',#17919,5.0);
#13986=VERTEX_POINT('',#17920);
#13987=LINE('',#17921,#17922);
#13988=CIRCLE('',#17923,5.0);
#13989=FILL_AREA_STYLE_COLOUR('',#17924);
#13990=LINE('',#17925,#17926);
#13991=VERTEX_POINT('',#17927);
#13992=CIRCLE('',#17928,5.0);
#13993=VERTEX_POINT('',#17929);
#13994=LINE('',#17930,#17931);
#13995=VERTEX_POINT('',#17932);
#13996=CIRCLE('',#17933,3.0);
#13997=VERTEX_POINT('',#17934);
#13998=LINE('',#17935,#17936);
#13999=VERTEX_POINT('',#17937);
#14000=LINE('',#17938,#17939);
#14001=LINE('',#17940,#17941);
#14002=VERTEX_POINT('',#17942);
#14003=CIRCLE('',#17943,0.8);
#14004=VERTEX_POINT('',#17944);
#14005=LINE('',#17945,#17946);
#14006=VERTEX_POINT('',#17947);
#14007=LINE('',#17948,#17949);
#14008=VERTEX_POINT('',#17950);
#14009=LINE('',#17951,#17952);
#14010=VERTEX_POINT('',#17953);
#14011=LINE('',#17954,#17955);
#14012=VERTEX_POINT('',#17956);
#14013=LINE('',#17957,#17958);
#14014=CIRCLE('',#17959,0.7);
#14015=VERTEX_POINT('',#17960);
#14016=LINE('',#17961,#17962);
#14017=LINE('',#17963,#17964);
#14018=VERTEX_POINT('',#17965);
#14019=LINE('',#17966,#17967);
#14020=LINE('',#17968,#17969);
#14021=FILL_AREA_STYLE_COLOUR('',#17970);
#14022=VERTEX_POINT('',#17971);
#14023=LINE('',#17972,#17973);
#14024=LINE('',#17974,#17975);
#14025=VERTEX_POINT('',#17976);
#14026=LINE('',#17977,#17978);
#14027=LINE('',#17979,#17980);
#14028=VERTEX_POINT('',#17981);
#14029=CIRCLE('',#17982,0.7);
#14030=VERTEX_POINT('',#17983);
#14031=LINE('',#17984,#17985);
#14032=VERTEX_POINT('',#17986);
#14033=LINE('',#17987,#17988);
#14034=VERTEX_POINT('',#17989);
#14035=LINE('',#17990,#17991);
#14036=VERTEX_POINT('',#17992);
#14037=LINE('',#17993,#17994);
#14038=VERTEX_POINT('',#17995);
#14039=LINE('',#17996,#17997);
#14040=CIRCLE('',#17998,0.8);
#14041=VERTEX_POINT('',#17999);
#14042=LINE('',#18000,#18001);
#14043=VERTEX_POINT('',#18002);
#14044=LINE('',#18003,#18004);
#14045=VERTEX_POINT('',#18005);
#14046=LINE('',#18006,#18007);
#14047=VERTEX_POINT('',#18008);
#14048=CIRCLE('',#18009,3.0);
#14049=VERTEX_POINT('',#18010);
#14050=LINE('',#18011,#18012);
#14051=CIRCLE('',#18013,5.0);
#14052=FILL_AREA_STYLE_COLOUR('',#18014);
#14053=FILL_AREA_STYLE_COLOUR('',#18015);
#14054=CIRCLE('',#18016,0.15);
#14055=FILL_AREA_STYLE_COLOUR('',#18017);
#14056=FILL_AREA_STYLE_COLOUR('',#18018);
#14057=LINE('',#18019,#18020);
#14058=FILL_AREA_STYLE_COLOUR('',#18021);
#14059=LINE('',#18022,#18023);
#14060=LINE('',#18024,#18025);
#14061=FILL_AREA_STYLE_COLOUR('',#18026);
#14062=FILL_AREA_STYLE_COLOUR('',#18027);
#14063=LINE('',#18028,#18029);
#14064=FILL_AREA_STYLE_COLOUR('',#18030);
#14065=LINE('',#18031,#18032);
#14066=FILL_AREA_STYLE_COLOUR('',#18033);
#14067=LINE('',#18034,#18035);
#14068=FILL_AREA_STYLE_COLOUR('',#18036);
#14069=LINE('',#18037,#18038);
#14070=FILL_AREA_STYLE_COLOUR('',#18039);
#14071=LINE('',#18040,#18041);
#14072=FILL_AREA_STYLE_COLOUR('',#18042);
#14073=LINE('',#18043,#18044);
#14074=FILL_AREA_STYLE_COLOUR('',#18045);
#14075=LINE('',#18046,#18047);
#14076=FILL_AREA_STYLE_COLOUR('',#18048);
#14077=LINE('',#18049,#18050);
#14078=FILL_AREA_STYLE_COLOUR('',#18051);
#14079=LINE('',#18052,#18053);
#14080=LINE('',#18054,#18055);
#14081=FILL_AREA_STYLE_COLOUR('',#18056);
#14082=FILL_AREA_STYLE_COLOUR('',#18057);
#14083=FILL_AREA_STYLE_COLOUR('',#18058);
#14084=FILL_AREA_STYLE_COLOUR('',#18059);
#14085=FILL_AREA_STYLE_COLOUR('',#18060);
#14086=FILL_AREA_STYLE_COLOUR('',#18061);
#14087=COLOUR_RGB('',0.823529481887817,0.823529481887817,0.784313797950745);
#14088=CARTESIAN_POINT('',(1.17000000000001,3.78427117643925,0.325));
#14089=CARTESIAN_POINT('',(1.17000000000001,5.15,0.325));
#14090=CARTESIAN_POINT('',(1.17000000000001,7.175,0.325));
#14091=VECTOR('',#18062,1.0);
#14092=CARTESIAN_POINT('',(0.77000000000001,5.15,0.325));
#14093=CARTESIAN_POINT('',(0.97000000000001,5.15,0.325));
#14094=VECTOR('',#18063,1.0);
#14095=CARTESIAN_POINT('',(0.77000000000001,5.95,0.325));
#14096=CARTESIAN_POINT('',(0.77000000000001,7.175,0.325));
#14097=VECTOR('',#18064,1.0);
#14098=CARTESIAN_POINT('',(0.370619449019243,5.95,0.325));
#14099=CARTESIAN_POINT('',(0.170619449019242,5.95,0.32500000000001));
#14100=VECTOR('',#18065,1000.0);
#14101=CARTESIAN_POINT('',(0.170619449019243,5.75,0.325));
#14102=AXIS2_PLACEMENT_3D('',#18066,#18067,#18068);
#14103=CARTESIAN_POINT('',(0.170619449019243,3.8,0.325));
#14104=CARTESIAN_POINT('',(0.170619449019242,10.8,0.32500000000001));
#14105=VECTOR('',#18069,1000.0);
#14106=CARTESIAN_POINT('',(0.370619449019243,3.6,0.325));
#14107=AXIS2_PLACEMENT_3D('',#18070,#18071,#18072);
#14108=CARTESIAN_POINT('',(0.970619449019243,3.6,0.325));
#14109=CARTESIAN_POINT('',(4.08661944901925,3.6,0.32499999999999));
#14110=VECTOR('',#18073,1000.0);
#14111=AXIS2_PLACEMENT_3D('',#18074,#18075,#18076);
#14112=COLOUR_RGB('',0.823529481887817,0.823529481887817,0.784313797950745);
#14113=CARTESIAN_POINT('',(1.17000000000001,3.78427117643925,-0.0750000000000002));
#14114=CARTESIAN_POINT('',(1.17000000000001,5.95,-0.0750000000000002));
#14115=CARTESIAN_POINT('',(1.17000000000001,7.175,-0.0750000000000002));
#14116=VECTOR('',#18077,1.0);
#14117=CARTESIAN_POINT('',(0.970619449019241,3.6,-0.0750000000000002));
#14118=AXIS2_PLACEMENT_3D('',#18078,#18079,#18080);
#14119=CARTESIAN_POINT('',(0.370619449019242,3.6,-0.0750000000000002));
#14120=CARTESIAN_POINT('',(4.08661944901924,3.6,-0.0750000000000104));
#14121=VECTOR('',#18081,1000.0);
#14122=CARTESIAN_POINT('',(0.170619449019242,3.8,-0.0750000000000002));
#14123=AXIS2_PLACEMENT_3D('',#18082,#18083,#18084);
#14124=CARTESIAN_POINT('',(0.170619449019242,5.75,-0.0750000000000002));
#14125=CARTESIAN_POINT('',(0.170619449019241,7.2,-0.07499999999999));
#14126=VECTOR('',#18085,1000.0);
#14127=CARTESIAN_POINT('',(0.370619449019242,5.95,-0.0750000000000002));
#14128=AXIS2_PLACEMENT_3D('',#18086,#18087,#18088);
#14129=CARTESIAN_POINT('',(4.08661944901924,5.95,-0.0750000000000104));
#14130=VECTOR('',#18089,1000.0);
#14131=COLOUR_RGB('',0.823529481887817,0.823529481887817,0.784313797950745);
#14132=CARTESIAN_POINT('',(0.370619449019242,8.45,-0.0750000000000002));
#14133=CARTESIAN_POINT('',(0.170619449019242,8.65,-0.0750000000000002));
#14134=AXIS2_PLACEMENT_3D('',#18090,#18091,#18092);
#14135=CARTESIAN_POINT('',(0.370619449019243,8.45,0.325));
#14136=CARTESIAN_POINT('',(0.370619449019243,8.45,0.32500000000001));
#14137=VECTOR('',#18093,1000.0);
#14138=CARTESIAN_POINT('',(0.170619449019243,8.65,0.325));
#14139=AXIS2_PLACEMENT_3D('',#18094,#18095,#18096);
#14140=CARTESIAN_POINT('',(0.170619449019243,8.65,0.32500000000001));
#14141=VECTOR('',#18097,1000.0);
#14142=COLOUR_RGB('',0.823529481887817,0.823529481887817,0.784313797950745);
#14143=CARTESIAN_POINT('',(0.370619449019243,10.8,0.325));
#14144=CARTESIAN_POINT('',(0.970619449019243,10.8,0.325));
#14145=CARTESIAN_POINT('',(4.08661944901925,10.8,0.32499999999999));
#14146=VECTOR('',#18098,1000.0);
#14147=CARTESIAN_POINT('',(0.970619449019241,10.8,-0.0750000000000002));
#14148=CARTESIAN_POINT('',(0.970619449019242,10.8,0.325));
#14149=VECTOR('',#18099,1000.0);
#14150=CARTESIAN_POINT('',(0.370619449019242,10.8,-0.0750000000000002));
#14151=CARTESIAN_POINT('',(4.08661944901924,10.8,-0.0750000000000104));
#14152=VECTOR('',#18100,1000.0);
#14153=CARTESIAN_POINT('',(0.370619449019243,10.8,0.32500000000001));
#14154=VECTOR('',#18101,1000.0);
#14155=COLOUR_RGB('',0.823529481887817,0.823529481887817,0.784313797950745);
#14156=CARTESIAN_POINT('',(0.77000000000001,8.45,2.37038055098077));
#14157=CARTESIAN_POINT('',(0.77000000000001,5.95,2.37038055098077));
#14158=CARTESIAN_POINT('',(0.77000000000001,7.175,2.37038055098077));
#14159=VECTOR('',#18102,1.0);
#14160=CARTESIAN_POINT('',(1.17000000000001,8.45,2.37038055098077));
#14161=CARTESIAN_POINT('',(0.97000000000001,8.45,2.37038055098077));
#14162=VECTOR('',#18103,1.0);
#14163=CARTESIAN_POINT('',(1.17000000000001,5.95,2.37038055098077));
#14164=CARTESIAN_POINT('',(1.17000000000001,7.175,2.37038055098077));
#14165=VECTOR('',#18104,1.0);
#14166=CARTESIAN_POINT('',(0.97000000000001,5.95,2.37038055098077));
#14167=VECTOR('',#18105,1.0);
#14168=COLOUR_RGB('',0.823529481887817,0.823529481887817,0.784313797950745);
#14169=CARTESIAN_POINT('',(1.17000000000001,3.78427117643933,-1.72002310014175));
#14170=VECTOR('',#18106,1.0);
#14171=CARTESIAN_POINT('',(0.970619449019242,3.6,0.325));
#14172=VECTOR('',#18107,1000.0);
#14173=COLOUR_RGB('',0.823529481887817,0.823529481887817,0.784313797950745);
#14174=CARTESIAN_POINT('',(0.170619449019242,10.6,-0.0750000000000002));
#14175=AXIS2_PLACEMENT_3D('',#18108,#18109,#18110);
#14176=CARTESIAN_POINT('',(0.170619449019243,10.6,0.325));
#14177=CARTESIAN_POINT('',(0.170619449019243,10.6,0.32500000000001));
#14178=VECTOR('',#18111,1000.0);
#14179=AXIS2_PLACEMENT_3D('',#18112,#18113,#18114);
#14180=COLOUR_RGB('',0.823529481887817,0.823529481887817,0.784313797950745);
#14181=CARTESIAN_POINT('',(0.370619449019243,3.6,0.32500000000001));
#14182=VECTOR('',#18115,1000.0);
#14183=CARTESIAN_POINT('',(0.170619449019243,3.8,0.32500000000001));
#14184=VECTOR('',#18116,1000.0);
#14185=COLOUR_RGB('',0.823529481887817,0.823529481887817,0.784313797950745);
#14186=COLOUR_RGB('',0.823529481887817,0.823529481887817,0.784313797950745);
#14187=CARTESIAN_POINT('',(0.170619449019243,5.75,0.32500000000001));
#14188=VECTOR('',#18117,1000.0);
#14189=COLOUR_RGB('',0.823529481887817,0.823529481887817,0.784313797950745);
#14190=CARTESIAN_POINT('',(0.77000000000001,8.75,3.37038055098077));
#14191=CARTESIAN_POINT('',(0.77000000000001,5.65,3.37038055098077));
#14192=CARTESIAN_POINT('',(0.77000000000001,7.175,3.37038055098077));
#14193=VECTOR('',#18118,1.0);
#14194=CARTESIAN_POINT('',(1.17000000000001,5.65,3.37038055098077));
#14195=CARTESIAN_POINT('',(0.77000000000001,5.65,3.37038055098077));
#14196=VECTOR('',#18119,1000.0);
#14197=CARTESIAN_POINT('',(1.17000000000001,8.75,3.37038055098077));
#14198=CARTESIAN_POINT('',(1.17000000000001,7.175,3.37038055098077));
#14199=VECTOR('',#18120,1.0);
#14200=CARTESIAN_POINT('',(0.77000000000001,8.75,3.37038055098077));
#14201=VECTOR('',#18121,1000.0);
#14202=COLOUR_RGB('',0.823529481887817,0.823529481887817,0.784313797950745);
#14203=CARTESIAN_POINT('',(1.17000000000001,9.25,0.325));
#14204=CARTESIAN_POINT('',(0.77000000000001,9.25,0.325));
#14205=CARTESIAN_POINT('',(0.97000000000001,9.25,0.325));
#14206=VECTOR('',#18122,1.0);
#14207=CARTESIAN_POINT('',(0.77000000000001,9.25,2.87038055098077));
#14208=CARTESIAN_POINT('',(0.77000000000001,9.25,3.37038055098077));
#14209=VECTOR('',#18123,1.0);
#14210=CARTESIAN_POINT('',(1.17000000000001,9.25,2.87038055098077));
#14211=CARTESIAN_POINT('',(0.97000000000001,9.25,2.87038055098077));
#14212=VECTOR('',#18124,1.0);
#14213=CARTESIAN_POINT('',(1.17000000000001,9.25,3.37038055098077));
#14214=VECTOR('',#18125,1.0);
#14215=COLOUR_RGB('',0.823529481887817,0.823529481887817,0.784313797950745);
#14216=CARTESIAN_POINT('',(1.17000000000001,10.6157288235608,0.325));
#14217=CARTESIAN_POINT('',(1.17000000000001,7.175,0.325));
#14218=VECTOR('',#18126,1.0);
#14219=AXIS2_PLACEMENT_3D('',#18127,#18128,#18129);
#14220=CARTESIAN_POINT('',(0.170619449019242,3.6,0.32500000000001));
#14221=VECTOR('',#18130,1000.0);
#14222=CARTESIAN_POINT('',(0.77000000000001,8.45,0.325));
#14223=CARTESIAN_POINT('',(0.170619449019242,8.45,0.32500000000001));
#14224=VECTOR('',#18131,1000.0);
#14225=CARTESIAN_POINT('',(0.77000000000001,7.175,0.325));
#14226=VECTOR('',#18132,1.0);
#14227=COLOUR_RGB('',0.823529481887817,0.823529481887817,0.784313797950745);
#14228=CARTESIAN_POINT('',(1.17000000000001,10.6157288235607,-0.0750000000000002));
#14229=CARTESIAN_POINT('',(1.17000000000001,8.45,-0.0750000000000002));
#14230=CARTESIAN_POINT('',(1.17000000000001,7.175,-0.0750000000000002));
#14231=VECTOR('',#18133,1.0);
#14232=CARTESIAN_POINT('',(4.08661944901924,8.45,-0.0750000000000104));
#14233=VECTOR('',#18134,1000.0);
#14234=CARTESIAN_POINT('',(0.170619449019241,7.2,-0.07499999999999));
#14235=VECTOR('',#18135,1000.0);
#14236=AXIS2_PLACEMENT_3D('',#18136,#18137,#18138);
#14237=COLOUR_RGB('',0.823529481887817,0.823529481887817,0.784313797950745);
#14238=CARTESIAN_POINT('',(1.17000000000001,5.95,3.37038055098077));
#14239=VECTOR('',#18139,1.0);
#14240=CARTESIAN_POINT('',(0.370619449019243,5.95,0.32500000000001));
#14241=VECTOR('',#18140,1000.0);
#14242=CARTESIAN_POINT('',(0.77000000000001,5.95,3.37038055098077));
#14243=VECTOR('',#18141,1.0);
#14244=COLOUR_RGB('',0.823529481887817,0.823529481887817,0.784313797950745);
#14245=CARTESIAN_POINT('',(1.17000000000001,10.6157288235607,-1.72002310014175));
#14246=VECTOR('',#18142,1.0);
#14247=COLOUR_RGB('',0.823529481887817,0.823529481887817,0.784313797950745);
#14248=CARTESIAN_POINT('',(1.17000000000001,5.15,2.87038055098077));
#14249=CARTESIAN_POINT('',(1.17000000000001,5.15,3.37038055098077));
#14250=VECTOR('',#18143,1.0);
#14251=CARTESIAN_POINT('',(0.77000000000001,5.15,2.87038055098077));
#14252=CARTESIAN_POINT('',(0.97000000000001,5.15,2.87038055098077));
#14253=VECTOR('',#18144,1.0);
#14254=CARTESIAN_POINT('',(0.77000000000001,5.15,3.37038055098077));
#14255=VECTOR('',#18145,1.0);
#14256=COLOUR_RGB('',0.823529481887817,0.823529481887817,0.784313797950745);
#14257=CARTESIAN_POINT('',(0.77000000000001,8.75,3.37038055098077));
#14258=VECTOR('',#18146,1.0);
#14259=CARTESIAN_POINT('',(1.17000000000001,7.975,4.14538055098077));
#14260=VECTOR('',#18147,1000.0);
#14261=COLOUR_RGB('',0.823529481887817,0.823529481887817,0.784313797950745);
#14262=CARTESIAN_POINT('',(1.17000000000001,8.45,3.37038055098077));
#14263=VECTOR('',#18148,1.0);
#14264=CARTESIAN_POINT('',(1.17000000000001,6.425,4.14538055098077));
#14265=VECTOR('',#18149,1000.0);
#14266=COLOUR_RGB('',0.823529481887817,0.823529481887817,0.784313797950745);
#14267=CARTESIAN_POINT('',(0.77000000000001,5.65,3.37038055098077));
#14268=VECTOR('',#18150,1.0);
#14269=CARTESIAN_POINT('',(0.77000000000001,8.45,3.37038055098077));
#14270=VECTOR('',#18151,1.0);
#14271=COLOUR_RGB('',0.823529481887817,0.823529481887817,0.784313797950745);
#14272=COLOUR_RGB('',0.823529481887817,0.823529481887817,0.784313797950745);
#14273=COLOUR_RGB('',0.823529481887817,0.823529481887817,0.784313797950745);
#14274=COLOUR_RGB('',0.823529481887817,0.823529481887817,0.784313797950745);
#14275=COLOUR_RGB('',0.313725501298904,0.313725501298904,0.313725501298904);
#14276=COLOUR_RGB('',1.0,0.843137323856354,0.0);
#14277=CARTESIAN_POINT('',(5.29,1.06408530805543,1.37502597999597));
#14278=CARTESIAN_POINT('',(6.15,1.06408530805543,1.37502597999597));
#14279=CARTESIAN_POINT('',(5.72,1.06408530805543,1.37502597999597));
#14280=VECTOR('',#18152,1.0);
#14281=CARTESIAN_POINT('',(5.29,0.61557411240484,1.23747424769396));
#14282=AXIS2_PLACEMENT_3D('',#18153,#18154,#18155);
#14283=CARTESIAN_POINT('',(6.15,0.61557411240484,1.23747424769396));
#14284=CARTESIAN_POINT('',(5.72,0.61557411240484,1.23747424769396));
#14285=VECTOR('',#18156,1.0);
#14286=AXIS2_PLACEMENT_3D('',#18157,#18158,#18159);
#14287=COLOUR_RGB('',1.0,0.843137323856354,0.0);
#14288=CARTESIAN_POINT('',(6.15,1.03379293323653,1.49901530779579));
#14289=CARTESIAN_POINT('',(5.28999999999999,1.03379293323653,1.4990153077958));
#14290=CARTESIAN_POINT('',(5.72,1.03379293323653,1.49901530779579));
#14291=VECTOR('',#18160,1.0);
#14292=CARTESIAN_POINT('',(6.15,0.641345637042259,1.61937307356004));
#14293=AXIS2_PLACEMENT_3D('',#18161,#18162,#18163);
#14294=CARTESIAN_POINT('',(5.29,0.641345637042259,1.61937307356005));
#14295=CARTESIAN_POINT('',(5.72,0.641345637042259,1.61937307356004));
#14296=VECTOR('',#18164,1.0);
#14297=AXIS2_PLACEMENT_3D('',#18165,#18166,#18167);
#14298=COLOUR_RGB('',0.823529481887817,0.823529481887817,0.784313797950745);
#14299=CARTESIAN_POINT('',(6.02,8.38959534660515,1.14));
#14300=CARTESIAN_POINT('',(5.42,8.38959534660515,1.14));
#14301=CARTESIAN_POINT('',(5.72,8.38959534660515,1.14));
#14302=VECTOR('',#18168,1.0);
#14303=CARTESIAN_POINT('',(5.42,8.35026,1.14));
#14304=CARTESIAN_POINT('',(5.42,8.45,1.14));
#14305=VECTOR('',#18169,1.0);
#14306=CARTESIAN_POINT('',(5.29,8.35026,1.14));
#14307=CARTESIAN_POINT('',(5.72,8.35026,1.14));
#14308=VECTOR('',#18170,1.0);
#14309=CARTESIAN_POINT('',(5.29,8.15026,1.14));
#14310=CARTESIAN_POINT('',(5.29,8.45,1.14));
#14311=VECTOR('',#18171,1.0);
#14312=CARTESIAN_POINT('',(6.15,8.15026,1.14));
#14313=CARTESIAN_POINT('',(5.72,8.15026,1.14));
#14314=VECTOR('',#18172,1.0);
#14315=CARTESIAN_POINT('',(6.15,8.35026,1.14));
#14316=CARTESIAN_POINT('',(6.15,8.45,1.14));
#14317=VECTOR('',#18173,1.0);
#14318=CARTESIAN_POINT('',(6.02,8.35026,1.14));
#14319=CARTESIAN_POINT('',(5.72,8.35026,1.14));
#14320=VECTOR('',#18174,1.0);
#14321=CARTESIAN_POINT('',(6.02,8.45,1.14));
#14322=VECTOR('',#18175,1.0);
#14323=COLOUR_RGB('',0.823529481887817,0.823529481887817,0.784313797950745);
#14324=CARTESIAN_POINT('',(5.42,8.53142313294505,0.888835223168573));
#14325=CARTESIAN_POINT('',(5.42,8.80524183801762,0.0936079613857013));
#14326=CARTESIAN_POINT('',(5.42,8.46215654546073,1.09));
#14327=VECTOR('',#18176,1.0);
#14328=CARTESIAN_POINT('',(5.42,8.38959534660515,0.99));
#14329=AXIS2_PLACEMENT_3D('',#18177,#18178,#18179);
#14330=CARTESIAN_POINT('',(5.42,8.35026,0.99));
#14331=CARTESIAN_POINT('',(5.42,8.45,0.99));
#14332=VECTOR('',#18180,1.0);
#14333=CARTESIAN_POINT('',(5.42,8.35026,1.09));
#14334=VECTOR('',#18181,1.0);
#14335=CARTESIAN_POINT('',(5.42,8.67325091928494,0.937670446337146));
#14336=AXIS2_PLACEMENT_3D('',#18182,#18183,#18184);
#14337=CARTESIAN_POINT('',(5.42,8.94706962435752,0.142443184554274));
#14338=CARTESIAN_POINT('',(5.42,8.55848104323525,1.27098636879019));
#14339=VECTOR('',#18185,1000.0);
#14340=CARTESIAN_POINT('',(5.42,9.04162148191745,0.0749999999999906));
#14341=AXIS2_PLACEMENT_3D('',#18186,#18187,#18188);
#14342=CARTESIAN_POINT('',(5.42,9.25000045379809,0.0749999999999906));
#14343=CARTESIAN_POINT('',(5.42,8.35026,0.0749999999999902));
#14344=VECTOR('',#18189,1.0);
#14345=CARTESIAN_POINT('',(5.42,9.25000045379809,-0.0750000000000095));
#14346=CARTESIAN_POINT('',(5.42,9.2500004537981,-1.91959628764808));
#14347=VECTOR('',#18190,1000.0);
#14348=CARTESIAN_POINT('',(5.42,9.04162148191745,-0.0750000000000095));
#14349=CARTESIAN_POINT('',(5.42,8.45,-0.0750000000000099));
#14350=VECTOR('',#18191,1.0);
#14351=AXIS2_PLACEMENT_3D('',#18192,#18193,#18194);
#14352=COLOUR_RGB('',0.823529481887817,0.823529481887817,0.784313797950745);
#14353=CARTESIAN_POINT('',(6.02,9.04162148191745,0.0749999999999906));
#14354=CARTESIAN_POINT('',(6.02,9.25000045379809,0.0749999999999906));
#14355=CARTESIAN_POINT('',(6.02,8.35026,0.0749999999999902));
#14356=VECTOR('',#18195,1.0);
#14357=CARTESIAN_POINT('',(5.87,9.40000045379809,0.0749999999999909));
#14358=AXIS2_PLACEMENT_3D('',#18196,#18197,#18198);
#14359=CARTESIAN_POINT('',(5.57,9.40000045379809,0.0749999999999909));
#14360=CARTESIAN_POINT('',(6.02,9.40000045379809,0.0749999999999909));
#14361=VECTOR('',#18199,1000.0);
#14362=AXIS2_PLACEMENT_3D('',#18200,#18201,#18202);
#14363=CARTESIAN_POINT('',(5.72,9.04162148191745,0.0749999999999906));
#14364=VECTOR('',#18203,1.0);
#14365=COLOUR_RGB('',0.823529481887817,0.823529481887817,0.784313797950745);
#14366=CARTESIAN_POINT('',(6.02,8.80524183801762,0.0936079613857013));
#14367=CARTESIAN_POINT('',(5.72,8.80524183801762,0.0936079613857013));
#14368=VECTOR('',#18204,1.0);
#14369=CARTESIAN_POINT('',(6.02,9.04162148191745,-0.0750000000000095));
#14370=CARTESIAN_POINT('',(5.72,9.04162148191745,-0.0750000000000095));
#14371=VECTOR('',#18205,1.0);
#14372=AXIS2_PLACEMENT_3D('',#18206,#18207,#18208);
#14373=COLOUR_RGB('',0.823529481887817,0.823529481887817,0.784313797950745);
#14374=CARTESIAN_POINT('',(5.57,9.40000045379809,-0.0750000000000093));
#14375=CARTESIAN_POINT('',(5.87,9.40000045379809,-0.0750000000000093));
#14376=CARTESIAN_POINT('',(6.02,9.40000045379809,-0.0750000000000093));
#14377=VECTOR('',#18209,1000.0);
#14378=CARTESIAN_POINT('',(5.57,9.4000004537981,-1.91959628764808));
#14379=VECTOR('',#18210,1000.0);
#14380=CARTESIAN_POINT('',(5.87,9.4000004537981,-1.91959628764808));
#14381=VECTOR('',#18211,1000.0);
#14382=COLOUR_RGB('',0.823529481887817,0.823529481887817,0.784313797950745);
#14383=CARTESIAN_POINT('',(6.02,8.53142313294505,0.888835223168573));
#14384=CARTESIAN_POINT('',(6.02,8.46215654546073,1.09));
#14385=VECTOR('',#18212,1.0);
#14386=CARTESIAN_POINT('',(5.72,8.53142313294505,0.888835223168573));
#14387=VECTOR('',#18213,1.0);
#14388=COLOUR_RGB('',0.823529481887817,0.823529481887817,0.784313797950745);
#14389=CARTESIAN_POINT('',(6.02,8.38959534660515,0.99));
#14390=CARTESIAN_POINT('',(5.72,8.38959534660515,0.99));
#14391=VECTOR('',#18214,1.0);
#14392=CARTESIAN_POINT('',(6.02,8.35026,0.99));
#14393=CARTESIAN_POINT('',(6.02,8.45,0.99));
#14394=VECTOR('',#18215,1.0);
#14395=CARTESIAN_POINT('',(6.15,8.35026,0.99));
#14396=CARTESIAN_POINT('',(5.72,8.35026,0.99));
#14397=VECTOR('',#18216,1.0);
#14398=CARTESIAN_POINT('',(6.15,2.35483691660787,0.989999999999995));
#14399=CARTESIAN_POINT('',(6.15,8.45,0.99));
#14400=VECTOR('',#18217,1.0);
#14401=CARTESIAN_POINT('',(5.29,2.35483691660787,0.989999999999995));
#14402=CARTESIAN_POINT('',(5.72,2.35483691660787,0.989999999999995));
#14403=VECTOR('',#18218,1.0);
#14404=CARTESIAN_POINT('',(5.29,8.35026,0.99));
#14405=CARTESIAN_POINT('',(5.29,8.45,0.99));
#14406=VECTOR('',#18219,1.0);
#14407=CARTESIAN_POINT('',(5.72,8.35026,0.99));
#14408=VECTOR('',#18220,1.0);
#14409=COLOUR_RGB('',0.823529481887817,0.823529481887817,0.784313797950745);
#14410=AXIS2_PLACEMENT_3D('',#18221,#18222,#18223);
#14411=COLOUR_RGB('',0.823529481887817,0.823529481887817,0.784313797950745);
#14412=AXIS2_PLACEMENT_3D('',#18224,#18225,#18226);
#14413=COLOUR_RGB('',1.0,0.843137323856354,0.0);
#14414=CARTESIAN_POINT('',(6.15,0.596776977453159,1.64954832463333));
#14415=CARTESIAN_POINT('',(6.15,8.17,-3.47790913642174));
#14416=VECTOR('',#18227,1.0);
#14417=CARTESIAN_POINT('',(5.29,0.596776977453159,1.64954832463333));
#14418=CARTESIAN_POINT('',(5.72,0.596776977453159,1.64954832463333));
#14419=VECTOR('',#18228,1.0);
#14420=CARTESIAN_POINT('',(5.29,8.17,-3.47790913642173));
#14421=VECTOR('',#18229,1.0);
#14422=COLOUR_RGB('',0.823529481887817,0.823529481887817,0.784313797950745);
#14423=CARTESIAN_POINT('',(6.02,9.25000045379809,-0.0750000000000095));
#14424=CARTESIAN_POINT('',(6.02,8.45,-0.0750000000000099));
#14425=VECTOR('',#18230,1.0);
#14426=CARTESIAN_POINT('',(6.02,9.2500004537981,-1.91959628764808));
#14427=VECTOR('',#18231,1000.0);
#14428=CARTESIAN_POINT('',(6.02,8.94706962435752,0.142443184554274));
#14429=AXIS2_PLACEMENT_3D('',#18232,#18233,#18234);
#14430=CARTESIAN_POINT('',(6.02,8.67325091928494,0.937670446337146));
#14431=CARTESIAN_POINT('',(6.02,8.55848104323525,1.27098636879019));
#14432=VECTOR('',#18235,1000.0);
#14433=AXIS2_PLACEMENT_3D('',#18236,#18237,#18238);
#14434=CARTESIAN_POINT('',(6.02,8.35026,1.09));
#14435=VECTOR('',#18239,1.0);
#14436=COLOUR_RGB('',0.823529481887817,0.823529481887817,0.784313797950745);
#14437=CARTESIAN_POINT('',(6.15,0.673345809589799,1.74954832463333));
#14438=CARTESIAN_POINT('',(5.29,0.673345809589759,1.74954832463333));
#14439=CARTESIAN_POINT('',(5.72,0.67334580958978,1.74954832463333));
#14440=VECTOR('',#18240,1.0);
#14441=CARTESIAN_POINT('',(6.14999999999999,0.829263100804149,1.76177821053776));
#14442=AXIS2_PLACEMENT_3D('',#18241,#18242,#18243);
#14443=CARTESIAN_POINT('',(5.28999999999999,0.829263100804109,1.76177821053776));
#14444=CARTESIAN_POINT('',(5.71999999999999,0.82926310080413,1.76177821053776));
#14445=VECTOR('',#18244,1.0);
#14446=AXIS2_PLACEMENT_3D('',#18245,#18246,#18247);
#14447=COLOUR_RGB('',0.823529481887817,0.823529481887817,0.784313797950745);
#14448=CARTESIAN_POINT('',(6.15000000000004,1.25418115905595,1.82885057047785));
#14449=CARTESIAN_POINT('',(5.29000000000003,1.25418115905595,1.82885057047785));
#14450=CARTESIAN_POINT('',(5.72000000000003,1.25418115905595,1.82885057047785));
#14451=VECTOR('',#18248,1.0);
#14452=CARTESIAN_POINT('',(5.29,8.17,2.92049702224008));
#14453=VECTOR('',#18249,1.0);
#14454=CARTESIAN_POINT('',(6.15,8.17,2.92049702224008));
#14455=VECTOR('',#18250,1.0);
#14456=COLOUR_RGB('',0.823529481887817,0.823529481887817,0.784313797950745);
#14457=CARTESIAN_POINT('',(5.72,8.94706962435752,0.142443184554274));
#14458=VECTOR('',#18251,1.0);
#14459=CARTESIAN_POINT('',(5.72,8.67325091928494,0.937670446337146));
#14460=VECTOR('',#18252,1.0);
#14461=COLOUR_RGB('',0.823529481887817,0.823529481887817,0.784313797950745);
#14462=COLOUR_RGB('',0.823529481887817,0.823529481887817,0.784313797950745);
#14463=COLOUR_RGB('',0.823529481887817,0.823529481887817,0.784313797950745);
#14464=CARTESIAN_POINT('',(6.15,8.35026,1.09));
#14465=VECTOR('',#18253,1.0);
#14466=COLOUR_RGB('',0.823529481887817,0.823529481887817,0.784313797950745);
#14467=CARTESIAN_POINT('',(6.15,2.03376761512772,1.88999999999999));
#14468=AXIS2_PLACEMENT_3D('',#18254,#18255,#18256);
#14469=CARTESIAN_POINT('',(5.29,2.03376761512772,1.89));
#14470=CARTESIAN_POINT('',(5.72000000000003,2.03376761512772,1.88999999999999));
#14471=VECTOR('',#18257,1.0);
#14472=AXIS2_PLACEMENT_3D('',#18258,#18259,#18260);
#14473=COLOUR_RGB('',0.823529481887817,0.823529481887817,0.784313797950745);
#14474=CARTESIAN_POINT('',(5.29,8.35026,1.09));
#14475=VECTOR('',#18261,1.0);
#14476=CARTESIAN_POINT('',(5.29,1.57525046053608,1.05114942952214));
#14477=AXIS2_PLACEMENT_3D('',#18262,#18263,#18264);
#14478=CARTESIAN_POINT('',(5.29,1.34142677254131,1.08805797284983));
#14479=CARTESIAN_POINT('',(5.29,8.17,0.0101830449784999));
#14480=VECTOR('',#18265,1.0);
#14481=CARTESIAN_POINT('',(5.29,0.873674898898249,1.12474763056312));
#14482=AXIS2_PLACEMENT_3D('',#18266,#18267,#18268);
#14483=CARTESIAN_POINT('',(5.29,0.596776977453159,1.12474763056312));
#14484=CARTESIAN_POINT('',(5.29,8.17,1.12474763056312));
#14485=VECTOR('',#18269,1.0);
#14486=CARTESIAN_POINT('',(5.29,0.596776977453159,1.22474763056312));
#14487=CARTESIAN_POINT('',(5.29,0.596776977453159,1.08999999999999));
#14488=VECTOR('',#18270,1.0);
#14489=CARTESIAN_POINT('',(5.29,8.17,6.35220509161819));
#14490=VECTOR('',#18271,1.0);
#14491=CARTESIAN_POINT('',(5.29,1.18881914102691,1.36524207127242));
#14492=AXIS2_PLACEMENT_3D('',#18272,#18273,#18274);
#14493=CARTESIAN_POINT('',(5.29,1.34873317895423,1.33999999999999));
#14494=CARTESIAN_POINT('',(5.29,8.17,0.263278371950308));
#14495=VECTOR('',#18275,1.0);
#14496=CARTESIAN_POINT('',(5.29,2.835,1.34));
#14497=CARTESIAN_POINT('',(5.29,8.17,1.34));
#14498=VECTOR('',#18276,1.0);
#14499=CARTESIAN_POINT('',(5.29,2.835,1.54));
#14500=CARTESIAN_POINT('',(5.29,2.835,1.08999999999999));
#14501=VECTOR('',#18277,1.0);
#14502=CARTESIAN_POINT('',(5.29,1.34834671906642,1.54));
#14503=CARTESIAN_POINT('',(5.29,8.17,1.54));
#14504=VECTOR('',#18278,1.0);
#14505=CARTESIAN_POINT('',(5.29,1.14293503708657,1.50757622792889));
#14506=CARTESIAN_POINT('',(5.29,8.17,2.61678262987391));
#14507=VECTOR('',#18279,1.0);
#14508=AXIS2_PLACEMENT_3D('',#18280,#18281,#18282);
#14509=CARTESIAN_POINT('',(5.29,0.596776977453159,1.74954832463333));
#14510=CARTESIAN_POINT('',(5.29,0.596776977453159,1.08999999999999));
#14511=VECTOR('',#18283,1.0);
#14512=CARTESIAN_POINT('',(5.29,8.17,1.74954832463333));
#14513=VECTOR('',#18284,1.0);
#14514=CARTESIAN_POINT('',(5.29,8.15026,1.89));
#14515=CARTESIAN_POINT('',(5.29,8.17,1.89));
#14516=VECTOR('',#18285,1.0);
#14517=CARTESIAN_POINT('',(5.29,8.15026,1.09));
#14518=VECTOR('',#18286,1.0);
#14519=COLOUR_RGB('',0.823529481887817,0.823529481887817,0.784313797950745);
#14520=CARTESIAN_POINT('',(6.15,8.15026,1.89));
#14521=CARTESIAN_POINT('',(6.15,8.15026,1.09));
#14522=VECTOR('',#18287,1.0);
#14523=CARTESIAN_POINT('',(6.15,8.17,1.89));
#14524=VECTOR('',#18288,1.0);
#14525=CARTESIAN_POINT('',(6.15,0.596776977453159,1.74954832463333));
#14526=CARTESIAN_POINT('',(6.15,8.17,1.74954832463333));
#14527=VECTOR('',#18289,1.0);
#14528=CARTESIAN_POINT('',(6.15,0.596776977453159,1.08999999999999));
#14529=VECTOR('',#18290,1.0);
#14530=CARTESIAN_POINT('',(6.15,1.14293503708657,1.50757622792889));
#14531=AXIS2_PLACEMENT_3D('',#18291,#18292,#18293);
#14532=CARTESIAN_POINT('',(6.15,1.34834671906642,1.53999999999999));
#14533=CARTESIAN_POINT('',(6.15,8.17,2.61678262987391));
#14534=VECTOR('',#18294,1.0);
#14535=CARTESIAN_POINT('',(6.15,2.835,1.53999999999999));
#14536=CARTESIAN_POINT('',(6.15,8.17,1.54));
#14537=VECTOR('',#18295,1.0);
#14538=CARTESIAN_POINT('',(6.15,2.835,1.34));
#14539=CARTESIAN_POINT('',(6.15,2.835,1.08999999999999));
#14540=VECTOR('',#18296,1.0);
#14541=CARTESIAN_POINT('',(6.15,1.34873317895423,1.33999999999999));
#14542=CARTESIAN_POINT('',(6.15,8.17,1.34));
#14543=VECTOR('',#18297,1.0);
#14544=CARTESIAN_POINT('',(6.15,1.18881914102691,1.36524207127242));
#14545=CARTESIAN_POINT('',(6.15,8.17,0.263278371950308));
#14546=VECTOR('',#18298,1.0);
#14547=AXIS2_PLACEMENT_3D('',#18299,#18300,#18301);
#14548=CARTESIAN_POINT('',(6.15,0.596776977453159,1.22474763056312));
#14549=CARTESIAN_POINT('',(6.15,8.17,6.35220509161819));
#14550=VECTOR('',#18302,1.0);
#14551=CARTESIAN_POINT('',(6.15,0.596776977453159,1.12474763056312));
#14552=CARTESIAN_POINT('',(6.15,0.596776977453159,1.08999999999999));
#14553=VECTOR('',#18303,1.0);
#14554=CARTESIAN_POINT('',(6.15,0.873674898898249,1.12474763056312));
#14555=CARTESIAN_POINT('',(6.15,8.17,1.12474763056312));
#14556=VECTOR('',#18304,1.0);
#14557=CARTESIAN_POINT('',(6.15,1.34142677254131,1.08805797284983));
#14558=AXIS2_PLACEMENT_3D('',#18305,#18306,#18307);
#14559=CARTESIAN_POINT('',(6.15,1.57525046053608,1.05114942952214));
#14560=CARTESIAN_POINT('',(6.15,8.17,0.0101830449784999));
#14561=VECTOR('',#18308,1.0);
#14562=AXIS2_PLACEMENT_3D('',#18309,#18310,#18311);
#14563=COLOUR_RGB('',0.823529481887817,0.823529481887817,0.784313797950745);
#14564=COLOUR_RGB('',0.823529481887817,0.823529481887817,0.784313797950745);
#14565=AXIS2_PLACEMENT_3D('',#18312,#18313,#18314);
#14566=COLOUR_RGB('',0.823529481887817,0.823529481887817,0.784313797950745);
#14567=COLOUR_RGB('',0.823529481887817,0.823529481887817,0.784313797950745);
#14568=CARTESIAN_POINT('',(5.72,8.15026,1.89));
#14569=VECTOR('',#18315,1.0);
#14570=COLOUR_RGB('',1.0,0.843137323856354,0.0);
#14571=CARTESIAN_POINT('',(5.72,1.14293503708657,1.50757622792889));
#14572=VECTOR('',#18316,1.0);
#14573=CARTESIAN_POINT('',(5.72,1.34834671906642,1.53999999999999));
#14574=VECTOR('',#18317,1.0);
#14575=COLOUR_RGB('',1.0,0.843137323856354,0.0);
#14576=COLOUR_RGB('',0.823529481887817,0.823529481887817,0.784313797950745);
#14577=CARTESIAN_POINT('',(6.15,0.596776977453159,1.74954832463333));
#14578=VECTOR('',#18318,1.0);
#14579=COLOUR_RGB('',0.823529481887817,0.823529481887817,0.784313797950745);
#14580=CARTESIAN_POINT('',(5.72,2.835,1.53999999999999));
#14581=VECTOR('',#18319,1.0);
#14582=COLOUR_RGB('',0.823529481887817,0.823529481887817,0.784313797950745);
#14583=CARTESIAN_POINT('',(5.72,2.835,1.34));
#14584=VECTOR('',#18320,1.0);
#14585=COLOUR_RGB('',0.823529481887817,0.823529481887817,0.784313797950745);
#14586=CARTESIAN_POINT('',(5.72,1.34873317895423,1.33999999999999));
#14587=VECTOR('',#18321,1.0);
#14588=COLOUR_RGB('',1.0,0.843137323856354,0.0);
#14589=CARTESIAN_POINT('',(5.72,1.18881914102691,1.36524207127242));
#14590=VECTOR('',#18322,1.0);
#14591=COLOUR_RGB('',1.0,0.843137323856354,0.0);
#14592=CARTESIAN_POINT('',(5.72,0.596776977453159,1.22474763056312));
#14593=VECTOR('',#18323,1.0);
#14594=COLOUR_RGB('',0.823529481887817,0.823529481887817,0.784313797950745);
#14595=CARTESIAN_POINT('',(6.15,0.596776977453159,1.12474763056312));
#14596=VECTOR('',#18324,1.0);
#14597=COLOUR_RGB('',0.823529481887817,0.823529481887817,0.784313797950745);
#14598=CARTESIAN_POINT('',(5.72,0.873674898898249,1.12474763056312));
#14599=VECTOR('',#18325,1.0);
#14600=COLOUR_RGB('',0.823529481887817,0.823529481887817,0.784313797950745);
#14601=CARTESIAN_POINT('',(5.72,1.34142677254131,1.08805797284983));
#14602=VECTOR('',#18326,1.0);
#14603=CARTESIAN_POINT('',(5.72,1.57525046053609,1.05114942952214));
#14604=VECTOR('',#18327,1.0);
#14605=COLOUR_RGB('',0.823529481887817,0.823529481887817,0.784313797950745);
#14606=COLOUR_RGB('',0.823529481887817,0.823529481887817,0.784313797950745);
#14607=COLOUR_RGB('',0.823529481887817,0.823529481887817,0.784313797950745);
#14608=COLOUR_RGB('',1.0,0.843137323856354,0.0);
#14609=COLOUR_RGB('',0.823529481887817,0.823529481887817,0.784313797950745);
#14610=COLOUR_RGB('',0.313725501298904,0.313725501298904,0.313725501298904);
#14611=COLOUR_RGB('',1.0,0.843137323856354,0.0);
#14612=CARTESIAN_POINT('',(2.75,1.06408530805543,1.37502597999597));
#14613=CARTESIAN_POINT('',(3.61,1.06408530805543,1.37502597999597));
#14614=CARTESIAN_POINT('',(3.18,1.06408530805543,1.37502597999597));
#14615=VECTOR('',#18328,1.0);
#14616=CARTESIAN_POINT('',(2.75,0.61557411240484,1.23747424769396));
#14617=AXIS2_PLACEMENT_3D('',#18329,#18330,#18331);
#14618=CARTESIAN_POINT('',(3.61,0.61557411240484,1.23747424769396));
#14619=CARTESIAN_POINT('',(3.18,0.61557411240484,1.23747424769396));
#14620=VECTOR('',#18332,1.0);
#14621=AXIS2_PLACEMENT_3D('',#18333,#18334,#18335);
#14622=COLOUR_RGB('',1.0,0.843137323856354,0.0);
#14623=CARTESIAN_POINT('',(3.61,1.03379293323653,1.49901530779579));
#14624=CARTESIAN_POINT('',(2.75,1.03379293323653,1.4990153077958));
#14625=CARTESIAN_POINT('',(3.18,1.03379293323653,1.49901530779579));
#14626=VECTOR('',#18336,1.0);
#14627=CARTESIAN_POINT('',(3.61,0.641345637042259,1.61937307356004));
#14628=AXIS2_PLACEMENT_3D('',#18337,#18338,#18339);
#14629=CARTESIAN_POINT('',(2.75,0.641345637042259,1.61937307356005));
#14630=CARTESIAN_POINT('',(3.18,0.641345637042259,1.61937307356004));
#14631=VECTOR('',#18340,1.0);
#14632=AXIS2_PLACEMENT_3D('',#18341,#18342,#18343);
#14633=COLOUR_RGB('',0.823529481887817,0.823529481887817,0.784313797950745);
#14634=CARTESIAN_POINT('',(3.48,8.38959534660515,1.14));
#14635=CARTESIAN_POINT('',(2.88,8.38959534660515,1.14));
#14636=CARTESIAN_POINT('',(3.18,8.38959534660515,1.14));
#14637=VECTOR('',#18344,1.0);
#14638=CARTESIAN_POINT('',(2.88,8.35026,1.14));
#14639=CARTESIAN_POINT('',(2.88,8.45,1.14));
#14640=VECTOR('',#18345,1.0);
#14641=CARTESIAN_POINT('',(2.75,8.35026,1.14));
#14642=CARTESIAN_POINT('',(3.18,8.35026,1.14));
#14643=VECTOR('',#18346,1.0);
#14644=CARTESIAN_POINT('',(2.75,8.15026,1.14));
#14645=CARTESIAN_POINT('',(2.75,8.45,1.14));
#14646=VECTOR('',#18347,1.0);
#14647=CARTESIAN_POINT('',(3.61,8.15026,1.14));
#14648=CARTESIAN_POINT('',(3.18,8.15026,1.14));
#14649=VECTOR('',#18348,1.0);
#14650=CARTESIAN_POINT('',(3.61,8.35026,1.14));
#14651=CARTESIAN_POINT('',(3.61,8.45,1.14));
#14652=VECTOR('',#18349,1.0);
#14653=CARTESIAN_POINT('',(3.48,8.35026,1.14));
#14654=CARTESIAN_POINT('',(3.18,8.35026,1.14));
#14655=VECTOR('',#18350,1.0);
#14656=CARTESIAN_POINT('',(3.48,8.45,1.14));
#14657=VECTOR('',#18351,1.0);
#14658=COLOUR_RGB('',0.823529481887817,0.823529481887817,0.784313797950745);
#14659=CARTESIAN_POINT('',(2.88,8.53142313294505,0.888835223168573));
#14660=CARTESIAN_POINT('',(2.88,8.80524183801762,0.0936079613857013));
#14661=CARTESIAN_POINT('',(2.88,8.46215654546073,1.09));
#14662=VECTOR('',#18352,1.0);
#14663=CARTESIAN_POINT('',(2.88,8.38959534660515,0.99));
#14664=AXIS2_PLACEMENT_3D('',#18353,#18354,#18355);
#14665=CARTESIAN_POINT('',(2.88,8.35026,0.99));
#14666=CARTESIAN_POINT('',(2.88,8.45,0.99));
#14667=VECTOR('',#18356,1.0);
#14668=CARTESIAN_POINT('',(2.88,8.35026,1.09));
#14669=VECTOR('',#18357,1.0);
#14670=CARTESIAN_POINT('',(2.88,8.67325091928494,0.937670446337146));
#14671=AXIS2_PLACEMENT_3D('',#18358,#18359,#18360);
#14672=CARTESIAN_POINT('',(2.88,8.94706962435752,0.142443184554274));
#14673=CARTESIAN_POINT('',(2.88,8.55848104323525,1.27098636879019));
#14674=VECTOR('',#18361,1000.0);
#14675=CARTESIAN_POINT('',(2.88,9.04162148191745,0.0749999999999906));
#14676=AXIS2_PLACEMENT_3D('',#18362,#18363,#18364);
#14677=CARTESIAN_POINT('',(2.88,9.25000045379809,0.0749999999999906));
#14678=CARTESIAN_POINT('',(2.88,8.35026,0.0749999999999902));
#14679=VECTOR('',#18365,1.0);
#14680=CARTESIAN_POINT('',(2.88,9.25000045379809,-0.0750000000000095));
#14681=CARTESIAN_POINT('',(2.88,9.2500004537981,-1.91959628764808));
#14682=VECTOR('',#18366,1000.0);
#14683=CARTESIAN_POINT('',(2.88,9.04162148191745,-0.0750000000000095));
#14684=CARTESIAN_POINT('',(2.88,8.45,-0.0750000000000099));
#14685=VECTOR('',#18367,1.0);
#14686=AXIS2_PLACEMENT_3D('',#18368,#18369,#18370);
#14687=COLOUR_RGB('',0.823529481887817,0.823529481887817,0.784313797950745);
#14688=CARTESIAN_POINT('',(3.48,9.04162148191745,0.0749999999999906));
#14689=CARTESIAN_POINT('',(3.48,9.25000045379809,0.0749999999999906));
#14690=CARTESIAN_POINT('',(3.48,8.35026,0.0749999999999902));
#14691=VECTOR('',#18371,1.0);
#14692=CARTESIAN_POINT('',(3.33,9.40000045379809,0.0749999999999909));
#14693=AXIS2_PLACEMENT_3D('',#18372,#18373,#18374);
#14694=CARTESIAN_POINT('',(3.03,9.40000045379809,0.0749999999999909));
#14695=CARTESIAN_POINT('',(3.48,9.40000045379809,0.0749999999999909));
#14696=VECTOR('',#18375,1000.0);
#14697=AXIS2_PLACEMENT_3D('',#18376,#18377,#18378);
#14698=CARTESIAN_POINT('',(3.18,9.04162148191745,0.0749999999999906));
#14699=VECTOR('',#18379,1.0);
#14700=COLOUR_RGB('',0.823529481887817,0.823529481887817,0.784313797950745);
#14701=CARTESIAN_POINT('',(3.48,8.80524183801762,0.0936079613857013));
#14702=CARTESIAN_POINT('',(3.18,8.80524183801762,0.0936079613857013));
#14703=VECTOR('',#18380,1.0);
#14704=CARTESIAN_POINT('',(3.48,9.04162148191745,-0.0750000000000095));
#14705=CARTESIAN_POINT('',(3.18,9.04162148191745,-0.0750000000000095));
#14706=VECTOR('',#18381,1.0);
#14707=AXIS2_PLACEMENT_3D('',#18382,#18383,#18384);
#14708=COLOUR_RGB('',0.823529481887817,0.823529481887817,0.784313797950745);
#14709=CARTESIAN_POINT('',(3.03,9.40000045379809,-0.0750000000000093));
#14710=CARTESIAN_POINT('',(3.33,9.40000045379809,-0.0750000000000093));
#14711=CARTESIAN_POINT('',(3.48,9.40000045379809,-0.0750000000000093));
#14712=VECTOR('',#18385,1000.0);
#14713=CARTESIAN_POINT('',(3.03,9.4000004537981,-1.91959628764808));
#14714=VECTOR('',#18386,1000.0);
#14715=CARTESIAN_POINT('',(3.33,9.4000004537981,-1.91959628764808));
#14716=VECTOR('',#18387,1000.0);
#14717=COLOUR_RGB('',0.823529481887817,0.823529481887817,0.784313797950745);
#14718=CARTESIAN_POINT('',(3.48,8.53142313294505,0.888835223168573));
#14719=CARTESIAN_POINT('',(3.48,8.46215654546073,1.09));
#14720=VECTOR('',#18388,1.0);
#14721=CARTESIAN_POINT('',(3.18,8.53142313294505,0.888835223168573));
#14722=VECTOR('',#18389,1.0);
#14723=COLOUR_RGB('',0.823529481887817,0.823529481887817,0.784313797950745);
#14724=CARTESIAN_POINT('',(3.48,8.38959534660515,0.99));
#14725=CARTESIAN_POINT('',(3.18,8.38959534660515,0.99));
#14726=VECTOR('',#18390,1.0);
#14727=CARTESIAN_POINT('',(3.48,8.35026,0.99));
#14728=CARTESIAN_POINT('',(3.48,8.45,0.99));
#14729=VECTOR('',#18391,1.0);
#14730=CARTESIAN_POINT('',(3.61,8.35026,0.99));
#14731=CARTESIAN_POINT('',(3.18,8.35026,0.99));
#14732=VECTOR('',#18392,1.0);
#14733=CARTESIAN_POINT('',(3.61,2.35483691660787,0.989999999999995));
#14734=CARTESIAN_POINT('',(3.61,8.45,0.99));
#14735=VECTOR('',#18393,1.0);
#14736=CARTESIAN_POINT('',(2.75,2.35483691660787,0.989999999999995));
#14737=CARTESIAN_POINT('',(3.18,2.35483691660787,0.989999999999995));
#14738=VECTOR('',#18394,1.0);
#14739=CARTESIAN_POINT('',(2.75,8.35026,0.99));
#14740=CARTESIAN_POINT('',(2.75,8.45,0.99));
#14741=VECTOR('',#18395,1.0);
#14742=CARTESIAN_POINT('',(3.18,8.35026,0.99));
#14743=VECTOR('',#18396,1.0);
#14744=COLOUR_RGB('',0.823529481887817,0.823529481887817,0.784313797950745);
#14745=AXIS2_PLACEMENT_3D('',#18397,#18398,#18399);
#14746=COLOUR_RGB('',0.823529481887817,0.823529481887817,0.784313797950745);
#14747=AXIS2_PLACEMENT_3D('',#18400,#18401,#18402);
#14748=COLOUR_RGB('',1.0,0.843137323856354,0.0);
#14749=CARTESIAN_POINT('',(3.61,0.596776977453159,1.64954832463333));
#14750=CARTESIAN_POINT('',(3.61,8.17,-3.47790913642174));
#14751=VECTOR('',#18403,1.0);
#14752=CARTESIAN_POINT('',(2.75,0.596776977453159,1.64954832463333));
#14753=CARTESIAN_POINT('',(3.18,0.596776977453159,1.64954832463333));
#14754=VECTOR('',#18404,1.0);
#14755=CARTESIAN_POINT('',(2.75,8.17,-3.47790913642173));
#14756=VECTOR('',#18405,1.0);
#14757=COLOUR_RGB('',0.823529481887817,0.823529481887817,0.784313797950745);
#14758=CARTESIAN_POINT('',(3.48,9.25000045379809,-0.0750000000000095));
#14759=CARTESIAN_POINT('',(3.48,8.45,-0.0750000000000099));
#14760=VECTOR('',#18406,1.0);
#14761=CARTESIAN_POINT('',(3.48,9.2500004537981,-1.91959628764808));
#14762=VECTOR('',#18407,1000.0);
#14763=CARTESIAN_POINT('',(3.48,8.94706962435752,0.142443184554274));
#14764=AXIS2_PLACEMENT_3D('',#18408,#18409,#18410);
#14765=CARTESIAN_POINT('',(3.48,8.67325091928494,0.937670446337146));
#14766=CARTESIAN_POINT('',(3.48,8.55848104323525,1.27098636879019));
#14767=VECTOR('',#18411,1000.0);
#14768=AXIS2_PLACEMENT_3D('',#18412,#18413,#18414);
#14769=CARTESIAN_POINT('',(3.48,8.35026,1.09));
#14770=VECTOR('',#18415,1.0);
#14771=COLOUR_RGB('',0.823529481887817,0.823529481887817,0.784313797950745);
#14772=CARTESIAN_POINT('',(3.61,0.673345809589799,1.74954832463333));
#14773=CARTESIAN_POINT('',(2.75,0.673345809589759,1.74954832463333));
#14774=CARTESIAN_POINT('',(3.18,0.67334580958978,1.74954832463333));
#14775=VECTOR('',#18416,1.0);
#14776=CARTESIAN_POINT('',(3.60999999999999,0.829263100804149,1.76177821053776));
#14777=AXIS2_PLACEMENT_3D('',#18417,#18418,#18419);
#14778=CARTESIAN_POINT('',(2.74999999999999,0.829263100804109,1.76177821053776));
#14779=CARTESIAN_POINT('',(3.17999999999999,0.82926310080413,1.76177821053776));
#14780=VECTOR('',#18420,1.0);
#14781=AXIS2_PLACEMENT_3D('',#18421,#18422,#18423);
#14782=COLOUR_RGB('',0.823529481887817,0.823529481887817,0.784313797950745);
#14783=CARTESIAN_POINT('',(3.61000000000004,1.25418115905595,1.82885057047785));
#14784=CARTESIAN_POINT('',(2.75000000000003,1.25418115905595,1.82885057047785));
#14785=CARTESIAN_POINT('',(3.18000000000003,1.25418115905595,1.82885057047785));
#14786=VECTOR('',#18424,1.0);
#14787=CARTESIAN_POINT('',(2.75,8.17,2.92049702224008));
#14788=VECTOR('',#18425,1.0);
#14789=CARTESIAN_POINT('',(3.61,8.17,2.92049702224008));
#14790=VECTOR('',#18426,1.0);
#14791=COLOUR_RGB('',0.823529481887817,0.823529481887817,0.784313797950745);
#14792=CARTESIAN_POINT('',(3.18,8.94706962435752,0.142443184554274));
#14793=VECTOR('',#18427,1.0);
#14794=CARTESIAN_POINT('',(3.18,8.67325091928494,0.937670446337146));
#14795=VECTOR('',#18428,1.0);
#14796=COLOUR_RGB('',0.823529481887817,0.823529481887817,0.784313797950745);
#14797=COLOUR_RGB('',0.823529481887817,0.823529481887817,0.784313797950745);
#14798=COLOUR_RGB('',0.823529481887817,0.823529481887817,0.784313797950745);
#14799=CARTESIAN_POINT('',(3.61,8.35026,1.09));
#14800=VECTOR('',#18429,1.0);
#14801=COLOUR_RGB('',0.823529481887817,0.823529481887817,0.784313797950745);
#14802=CARTESIAN_POINT('',(3.61,2.03376761512772,1.88999999999999));
#14803=AXIS2_PLACEMENT_3D('',#18430,#18431,#18432);
#14804=CARTESIAN_POINT('',(2.75,2.03376761512772,1.89));
#14805=CARTESIAN_POINT('',(3.18000000000004,2.03376761512772,1.88999999999999));
#14806=VECTOR('',#18433,1.0);
#14807=AXIS2_PLACEMENT_3D('',#18434,#18435,#18436);
#14808=COLOUR_RGB('',0.823529481887817,0.823529481887817,0.784313797950745);
#14809=CARTESIAN_POINT('',(2.75,8.35026,1.09));
#14810=VECTOR('',#18437,1.0);
#14811=CARTESIAN_POINT('',(2.75,1.57525046053608,1.05114942952214));
#14812=AXIS2_PLACEMENT_3D('',#18438,#18439,#18440);
#14813=CARTESIAN_POINT('',(2.75,1.34142677254131,1.08805797284983));
#14814=CARTESIAN_POINT('',(2.75,8.17,0.0101830449784999));
#14815=VECTOR('',#18441,1.0);
#14816=CARTESIAN_POINT('',(2.75,0.873674898898249,1.12474763056312));
#14817=AXIS2_PLACEMENT_3D('',#18442,#18443,#18444);
#14818=CARTESIAN_POINT('',(2.75,0.596776977453159,1.12474763056312));
#14819=CARTESIAN_POINT('',(2.75,8.17,1.12474763056312));
#14820=VECTOR('',#18445,1.0);
#14821=CARTESIAN_POINT('',(2.75,0.596776977453159,1.22474763056312));
#14822=CARTESIAN_POINT('',(2.75,0.596776977453159,1.08999999999999));
#14823=VECTOR('',#18446,1.0);
#14824=CARTESIAN_POINT('',(2.75,8.17,6.35220509161819));
#14825=VECTOR('',#18447,1.0);
#14826=CARTESIAN_POINT('',(2.75,1.18881914102691,1.36524207127242));
#14827=AXIS2_PLACEMENT_3D('',#18448,#18449,#18450);
#14828=CARTESIAN_POINT('',(2.75,1.34873317895423,1.33999999999999));
#14829=CARTESIAN_POINT('',(2.75,8.17,0.263278371950308));
#14830=VECTOR('',#18451,1.0);
#14831=CARTESIAN_POINT('',(2.75,2.835,1.34));
#14832=CARTESIAN_POINT('',(2.75,8.17,1.34));
#14833=VECTOR('',#18452,1.0);
#14834=CARTESIAN_POINT('',(2.75,2.835,1.54));
#14835=CARTESIAN_POINT('',(2.75,2.835,1.08999999999999));
#14836=VECTOR('',#18453,1.0);
#14837=CARTESIAN_POINT('',(2.75,1.34834671906642,1.54));
#14838=CARTESIAN_POINT('',(2.75,8.17,1.54));
#14839=VECTOR('',#18454,1.0);
#14840=CARTESIAN_POINT('',(2.75,1.14293503708657,1.50757622792889));
#14841=CARTESIAN_POINT('',(2.75,8.17,2.61678262987391));
#14842=VECTOR('',#18455,1.0);
#14843=AXIS2_PLACEMENT_3D('',#18456,#18457,#18458);
#14844=CARTESIAN_POINT('',(2.75,0.596776977453159,1.74954832463333));
#14845=CARTESIAN_POINT('',(2.75,0.596776977453159,1.08999999999999));
#14846=VECTOR('',#18459,1.0);
#14847=CARTESIAN_POINT('',(2.75,8.17,1.74954832463333));
#14848=VECTOR('',#18460,1.0);
#14849=CARTESIAN_POINT('',(2.75,8.15026,1.89));
#14850=CARTESIAN_POINT('',(2.75,8.17,1.89));
#14851=VECTOR('',#18461,1.0);
#14852=CARTESIAN_POINT('',(2.75,8.15026,1.09));
#14853=VECTOR('',#18462,1.0);
#14854=COLOUR_RGB('',0.823529481887817,0.823529481887817,0.784313797950745);
#14855=CARTESIAN_POINT('',(3.61,8.15026,1.89));
#14856=CARTESIAN_POINT('',(3.61,8.15026,1.09));
#14857=VECTOR('',#18463,1.0);
#14858=CARTESIAN_POINT('',(3.61,8.17,1.89));
#14859=VECTOR('',#18464,1.0);
#14860=CARTESIAN_POINT('',(3.61,0.596776977453159,1.74954832463333));
#14861=CARTESIAN_POINT('',(3.61,8.17,1.74954832463333));
#14862=VECTOR('',#18465,1.0);
#14863=CARTESIAN_POINT('',(3.61,0.596776977453159,1.08999999999999));
#14864=VECTOR('',#18466,1.0);
#14865=CARTESIAN_POINT('',(3.61,1.14293503708657,1.50757622792889));
#14866=AXIS2_PLACEMENT_3D('',#18467,#18468,#18469);
#14867=CARTESIAN_POINT('',(3.61,1.34834671906642,1.53999999999999));
#14868=CARTESIAN_POINT('',(3.61,8.17,2.61678262987391));
#14869=VECTOR('',#18470,1.0);
#14870=CARTESIAN_POINT('',(3.61,2.835,1.53999999999999));
#14871=CARTESIAN_POINT('',(3.61,8.17,1.54));
#14872=VECTOR('',#18471,1.0);
#14873=CARTESIAN_POINT('',(3.61,2.835,1.34));
#14874=CARTESIAN_POINT('',(3.61,2.835,1.08999999999999));
#14875=VECTOR('',#18472,1.0);
#14876=CARTESIAN_POINT('',(3.61,1.34873317895423,1.33999999999999));
#14877=CARTESIAN_POINT('',(3.61,8.17,1.34));
#14878=VECTOR('',#18473,1.0);
#14879=CARTESIAN_POINT('',(3.61,1.18881914102691,1.36524207127242));
#14880=CARTESIAN_POINT('',(3.61,8.17,0.263278371950308));
#14881=VECTOR('',#18474,1.0);
#14882=AXIS2_PLACEMENT_3D('',#18475,#18476,#18477);
#14883=CARTESIAN_POINT('',(3.61,0.596776977453159,1.22474763056312));
#14884=CARTESIAN_POINT('',(3.61,8.17,6.35220509161819));
#14885=VECTOR('',#18478,1.0);
#14886=CARTESIAN_POINT('',(3.61,0.596776977453159,1.12474763056312));
#14887=CARTESIAN_POINT('',(3.61,0.596776977453159,1.08999999999999));
#14888=VECTOR('',#18479,1.0);
#14889=CARTESIAN_POINT('',(3.61,0.873674898898249,1.12474763056312));
#14890=CARTESIAN_POINT('',(3.61,8.17,1.12474763056312));
#14891=VECTOR('',#18480,1.0);
#14892=CARTESIAN_POINT('',(3.61,1.34142677254131,1.08805797284983));
#14893=AXIS2_PLACEMENT_3D('',#18481,#18482,#18483);
#14894=CARTESIAN_POINT('',(3.61,1.57525046053608,1.05114942952214));
#14895=CARTESIAN_POINT('',(3.61,8.17,0.0101830449784999));
#14896=VECTOR('',#18484,1.0);
#14897=AXIS2_PLACEMENT_3D('',#18485,#18486,#18487);
#14898=COLOUR_RGB('',0.823529481887817,0.823529481887817,0.784313797950745);
#14899=COLOUR_RGB('',0.823529481887817,0.823529481887817,0.784313797950745);
#14900=AXIS2_PLACEMENT_3D('',#18488,#18489,#18490);
#14901=COLOUR_RGB('',0.823529481887817,0.823529481887817,0.784313797950745);
#14902=COLOUR_RGB('',0.823529481887817,0.823529481887817,0.784313797950745);
#14903=CARTESIAN_POINT('',(3.18,8.15026,1.89));
#14904=VECTOR('',#18491,1.0);
#14905=COLOUR_RGB('',1.0,0.843137323856354,0.0);
#14906=CARTESIAN_POINT('',(3.18,1.14293503708657,1.50757622792889));
#14907=VECTOR('',#18492,1.0);
#14908=CARTESIAN_POINT('',(3.18,1.34834671906642,1.53999999999999));
#14909=VECTOR('',#18493,1.0);
#14910=COLOUR_RGB('',1.0,0.843137323856354,0.0);
#14911=COLOUR_RGB('',0.823529481887817,0.823529481887817,0.784313797950745);
#14912=CARTESIAN_POINT('',(3.61,0.596776977453159,1.74954832463333));
#14913=VECTOR('',#18494,1.0);
#14914=COLOUR_RGB('',0.823529481887817,0.823529481887817,0.784313797950745);
#14915=CARTESIAN_POINT('',(3.18,2.835,1.53999999999999));
#14916=VECTOR('',#18495,1.0);
#14917=COLOUR_RGB('',0.823529481887817,0.823529481887817,0.784313797950745);
#14918=CARTESIAN_POINT('',(3.18,2.835,1.34));
#14919=VECTOR('',#18496,1.0);
#14920=COLOUR_RGB('',0.823529481887817,0.823529481887817,0.784313797950745);
#14921=CARTESIAN_POINT('',(3.18,1.34873317895423,1.33999999999999));
#14922=VECTOR('',#18497,1.0);
#14923=COLOUR_RGB('',1.0,0.843137323856354,0.0);
#14924=CARTESIAN_POINT('',(3.18,1.18881914102691,1.36524207127242));
#14925=VECTOR('',#18498,1.0);
#14926=COLOUR_RGB('',1.0,0.843137323856354,0.0);
#14927=CARTESIAN_POINT('',(3.18,0.596776977453159,1.22474763056312));
#14928=VECTOR('',#18499,1.0);
#14929=COLOUR_RGB('',0.823529481887817,0.823529481887817,0.784313797950745);
#14930=CARTESIAN_POINT('',(3.61,0.596776977453159,1.12474763056312));
#14931=VECTOR('',#18500,1.0);
#14932=COLOUR_RGB('',0.823529481887817,0.823529481887817,0.784313797950745);
#14933=CARTESIAN_POINT('',(3.18,0.873674898898249,1.12474763056312));
#14934=VECTOR('',#18501,1.0);
#14935=COLOUR_RGB('',0.823529481887817,0.823529481887817,0.784313797950745);
#14936=CARTESIAN_POINT('',(3.18,1.34142677254131,1.08805797284983));
#14937=VECTOR('',#18502,1.0);
#14938=CARTESIAN_POINT('',(3.18,1.57525046053609,1.05114942952214));
#14939=VECTOR('',#18503,1.0);
#14940=COLOUR_RGB('',0.823529481887817,0.823529481887817,0.784313797950745);
#14941=COLOUR_RGB('',0.823529481887817,0.823529481887817,0.784313797950745);
#14942=COLOUR_RGB('',0.823529481887817,0.823529481887817,0.784313797950745);
#14943=COLOUR_RGB('',1.0,0.843137323856354,0.0);
#14944=COLOUR_RGB('',0.823529481887817,0.823529481887817,0.784313797950745);
#14945=COLOUR_RGB('',0.313725501298904,0.313725501298904,0.313725501298904);
#14946=COLOUR_RGB('',0.313725501298904,0.313725501298904,0.313725501298904);
#14947=CARTESIAN_POINT('',(0.970000000000003,6.475,-0.725));
#14948=CARTESIAN_POINT('',(0.970000000000003,6.475,0.0));
#14949=CARTESIAN_POINT('',(0.970000000000003,6.475,-0.3625));
#14950=VECTOR('',#18504,1.0);
#14951=CARTESIAN_POINT('',(1.445,6.95,-0.725));
#14952=AXIS2_PLACEMENT_3D('',#18505,#18506,#18507);
#14953=CARTESIAN_POINT('',(1.445,6.95,0.0));
#14954=CARTESIAN_POINT('',(1.445,6.95,-0.825));
#14955=VECTOR('',#18508,1000.0);
#14956=AXIS2_PLACEMENT_3D('',#18509,#18510,#18511);
#14957=COLOUR_RGB('',0.313725501298904,0.313725501298904,0.313725501298904);
#14958=CARTESIAN_POINT('',(0.970000000000002,7.925,0.0));
#14959=CARTESIAN_POINT('',(0.970000000000002,7.925,-0.725));
#14960=CARTESIAN_POINT('',(0.970000000000002,7.925,-0.3625));
#14961=VECTOR('',#18512,1.0);
#14962=CARTESIAN_POINT('',(1.445,7.45,0.0));
#14963=AXIS2_PLACEMENT_3D('',#18513,#18514,#18515);
#14964=CARTESIAN_POINT('',(1.445,7.45,-0.725));
#14965=CARTESIAN_POINT('',(1.445,7.45,-0.825));
#14966=VECTOR('',#18516,1000.0);
#14967=AXIS2_PLACEMENT_3D('',#18517,#18518,#18519);
#14968=COLOUR_RGB('',0.313725501298904,0.313725501298904,0.313725501298904);
#14969=CARTESIAN_POINT('',(0.770000000000003,6.005,2.37038055098077));
#14970=CARTESIAN_POINT('',(0.770000000000003,8.395,2.37038055098077));
#14971=CARTESIAN_POINT('',(0.770000000000003,9.5,2.37038055098077));
#14972=VECTOR('',#18520,1.0);
#14973=CARTESIAN_POINT('',(1.17,6.005,2.37038055098077));
#14974=CARTESIAN_POINT('',(18.42,6.005,2.37038055098077));
#14975=VECTOR('',#18521,1.0);
#14976=CARTESIAN_POINT('',(1.17,8.395,2.37038055098077));
#14977=CARTESIAN_POINT('',(1.17,9.5,2.37038055098077));
#14978=VECTOR('',#18522,1.0);
#14979=CARTESIAN_POINT('',(18.42,8.395,2.37038055098077));
#14980=VECTOR('',#18523,1.0);
#14981=COLOUR_RGB('',0.313725501298904,0.313725501298904,0.313725501298904);
#14982=CARTESIAN_POINT('',(1.77,0.300000000000001,2.05000000000001));
#14983=CARTESIAN_POINT('',(1.77,0.300000000000001,3.6));
#14984=CARTESIAN_POINT('',(1.77,0.300000000000001,2.825));
#14985=VECTOR('',#18524,1.0);
#14986=CARTESIAN_POINT('',(2.07,0.0,2.35));
#14987=CARTESIAN_POINT('',(-7.33,9.4,-7.05));
#14988=VECTOR('',#18525,1.0);
#14989=CARTESIAN_POINT('',(2.07,0.0,3.3));
#14990=CARTESIAN_POINT('',(2.07,0.0,2.825));
#14991=VECTOR('',#18526,1.0);
#14992=CARTESIAN_POINT('',(-7.33,9.4,12.7));
#14993=VECTOR('',#18527,1.0);
#14994=COLOUR_RGB('',0.313725501298904,0.313725501298904,0.313725501298904);
#14995=CARTESIAN_POINT('',(0.770000000000003,8.395,3.0));
#14996=CARTESIAN_POINT('',(0.770000000000003,8.395,2.1));
#14997=VECTOR('',#18528,1.0);
#14998=CARTESIAN_POINT('',(0.770000000000003,6.005,3.0));
#14999=CARTESIAN_POINT('',(0.770000000000003,9.5,3.0));
#15000=VECTOR('',#18529,1.0);
#15001=CARTESIAN_POINT('',(0.770000000000003,6.005,2.1));
#15002=VECTOR('',#18530,1.0);
#15003=COLOUR_RGB('',0.313725501298904,0.313725501298904,0.313725501298904);
#15004=CARTESIAN_POINT('',(2.88,0.35,2.91));
#15005=CARTESIAN_POINT('',(2.88,0.35,2.51));
#15006=CARTESIAN_POINT('',(2.88,0.35,2.075));
#15007=VECTOR('',#18531,1.0);
#15008=CARTESIAN_POINT('',(2.63,0.0,3.21));
#15009=CARTESIAN_POINT('',(9.34428571428572,9.4,-4.84714285714287));
#15010=VECTOR('',#18532,1.0);
#15011=CARTESIAN_POINT('',(2.63,0.0,2.21));
#15012=CARTESIAN_POINT('',(2.63,-1.06581410364015E-14,2.075));
#15013=VECTOR('',#18533,1.0);
#15014=CARTESIAN_POINT('',(9.34428571428572,9.4,10.2671428571429));
#15015=VECTOR('',#18534,1.0);
#15016=COLOUR_RGB('',0.313725501298904,0.313725501298904,0.313725501298904);
#15017=CARTESIAN_POINT('',(3.48,0.449999999999999,2.51));
#15018=CARTESIAN_POINT('',(2.88,0.449999999999999,2.51));
#15019=CARTESIAN_POINT('',(18.42,0.449999999999999,2.51));
#15020=VECTOR('',#18535,1.0);
#15021=CARTESIAN_POINT('',(2.88,9.4,2.51));
#15022=VECTOR('',#18536,1.0);
#15023=CARTESIAN_POINT('',(3.48,0.35,2.51));
#15024=CARTESIAN_POINT('',(18.42,0.35,2.51));
#15025=VECTOR('',#18537,1.0);
#15026=CARTESIAN_POINT('',(3.48,9.4,2.51));
#15027=VECTOR('',#18538,1.0);
#15028=COLOUR_RGB('',0.313725501298904,0.313725501298904,0.313725501298904);
#15029=CARTESIAN_POINT('',(1.23,6.005,0.5));
#15030=CARTESIAN_POINT('',(1.23,6.005,3.0));
#15031=CARTESIAN_POINT('',(1.23,6.005,2.1));
#15032=VECTOR('',#18539,1.0);
#15033=CARTESIAN_POINT('',(1.17,6.005,3.0));
#15034=CARTESIAN_POINT('',(18.42,6.005,3.0));
#15035=VECTOR('',#18540,1.0);
#15036=CARTESIAN_POINT('',(1.17,6.005,2.1));
#15037=VECTOR('',#18541,1.0);
#15038=CARTESIAN_POINT('',(0.0,6.005,3.0));
#15039=CARTESIAN_POINT('',(18.42,6.005,3.0));
#15040=VECTOR('',#18542,1.0);
#15041=CARTESIAN_POINT('',(0.0,6.005,0.5));
#15042=CARTESIAN_POINT('',(0.0,6.005,2.1));
#15043=VECTOR('',#18543,1.0);
#15044=CARTESIAN_POINT('',(18.42,6.005,0.5));
#15045=VECTOR('',#18544,1.0);
#15046=COLOUR_RGB('',0.313725501298904,0.313725501298904,0.313725501298904);
#15047=CARTESIAN_POINT('',(3.61,4.24999999999268,3.17));
#15048=CARTESIAN_POINT('',(3.61,4.24999999999268,3.1));
#15049=CARTESIAN_POINT('',(3.61,4.24999999999268,2.1));
#15050=VECTOR('',#18545,1.0);
#15051=CARTESIAN_POINT('',(3.61,1.65,3.1));
#15052=CARTESIAN_POINT('',(3.61,9.5,3.1));
#15053=VECTOR('',#18546,1.0);
#15054=CARTESIAN_POINT('',(3.61,1.65,3.17));
#15055=CARTESIAN_POINT('',(3.61,1.65,2.1));
#15056=VECTOR('',#18547,1.0);
#15057=CARTESIAN_POINT('',(3.61,-1.2593649193145,3.17));
#15058=VECTOR('',#18548,1000.0);
#15059=COLOUR_RGB('',0.313725501298904,0.313725501298904,0.313725501298904);
#15060=CARTESIAN_POINT('',(1.4988636363636,5.2,0.7));
#15061=CARTESIAN_POINT('',(1.4038961038961,5.2,0.7));
#15062=CARTESIAN_POINT('',(1.4988636363636,5.2,0.7));
#15063=VECTOR('',#18549,1000.0);
#15064=CARTESIAN_POINT('',(1.4988636363636,5.25,0.7));
#15065=CARTESIAN_POINT('',(1.4988636363636,5.25,0.7));
#15066=VECTOR('',#18550,1000.0);
#15067=CARTESIAN_POINT('',(1.4038961038961,5.25,0.7));
#15068=CARTESIAN_POINT('',(1.4988636363636,5.25,0.7));
#15069=VECTOR('',#18551,1000.0);
#15070=CARTESIAN_POINT('',(1.4038961038961,5.25,0.7));
#15071=VECTOR('',#18552,1000.0);
#15072=COLOUR_RGB('',0.313725501298904,0.313725501298904,0.313725501298904);
#15073=CARTESIAN_POINT('',(1.6577922077922,5.2,1.11720779220779));
#15074=CARTESIAN_POINT('',(1.4038961038961,5.2,0.7));
#15075=VECTOR('',#18553,1000.0);
#15076=CARTESIAN_POINT('',(1.6577922077922,5.25,1.11720779220779));
#15077=CARTESIAN_POINT('',(1.4038961038961,5.25,0.7));
#15078=VECTOR('',#18554,1000.0);
#15079=CARTESIAN_POINT('',(1.6577922077922,5.25,1.11720779220779));
#15080=VECTOR('',#18555,1000.0);
#15081=COLOUR_RGB('',0.313725501298904,0.313725501298904,0.313725501298904);
#15082=CARTESIAN_POINT('',(1.4246753246753,5.2,1.5));
#15083=CARTESIAN_POINT('',(1.6577922077922,5.2,1.11720779220779));
#15084=VECTOR('',#18556,1000.0);
#15085=CARTESIAN_POINT('',(1.4246753246753,5.25,1.5));
#15086=CARTESIAN_POINT('',(1.6577922077922,5.25,1.11720779220779));
#15087=VECTOR('',#18557,1000.0);
#15088=CARTESIAN_POINT('',(1.4246753246753,5.25,1.5));
#15089=VECTOR('',#18558,1000.0);
#15090=COLOUR_RGB('',0.313725501298904,0.313725501298904,0.313725501298904);
#15091=CARTESIAN_POINT('',(1.5196428571429,5.2,1.5));
#15092=CARTESIAN_POINT('',(1.4246753246753,5.2,1.5));
#15093=VECTOR('',#18559,1000.0);
#15094=CARTESIAN_POINT('',(1.5196428571429,5.25,1.5));
#15095=CARTESIAN_POINT('',(1.4246753246753,5.25,1.5));
#15096=VECTOR('',#18560,1000.0);
#15097=CARTESIAN_POINT('',(1.5196428571429,5.25,1.5));
#15098=VECTOR('',#18561,1000.0);
#15099=COLOUR_RGB('',0.313725501298904,0.313725501298904,0.313725501298904);
#15100=CARTESIAN_POINT('',(1.6454545454545,5.2,1.29350649350649));
#15101=CARTESIAN_POINT('',(1.5196428571429,5.2,1.5));
#15102=VECTOR('',#18562,1000.0);
#15103=CARTESIAN_POINT('',(1.6454545454545,5.25,1.29350649350649));
#15104=CARTESIAN_POINT('',(1.5196428571429,5.25,1.5));
#15105=VECTOR('',#18563,1000.0);
#15106=CARTESIAN_POINT('',(1.6454545454545,5.25,1.29350649350649));
#15107=VECTOR('',#18564,1000.0);
#15108=COLOUR_RGB('',0.313725501298904,0.313725501298904,0.313725501298904);
#15109=CARTESIAN_POINT('',(1.7045454545455,5.2,1.19626623376623));
#15110=CARTESIAN_POINT('',(1.6454545454545,5.2,1.29350649350649));
#15111=CARTESIAN_POINT('',(1.6514655178852,5.2,1.28360662186574));
#15112=CARTESIAN_POINT('',(1.6627312691633,5.2,1.26505230426104));
#15113=CARTESIAN_POINT('',(1.6785064213214,5.2,1.23892145630279));
#15114=CARTESIAN_POINT('',(1.6923091719445,5.2,1.21647900872003));
#15115=CARTESIAN_POINT('',(1.7007102345517,5.2,1.20260152702153));
#15116=CARTESIAN_POINT('',(1.7045454545455,5.2,1.19626623376623));
#15117=CARTESIAN_POINT('',(1.7045454545455,5.25,1.19626623376623));
#15118=CARTESIAN_POINT('',(1.6454545454545,5.25,1.29350649350649));
#15119=CARTESIAN_POINT('',(1.6514655178852,5.25,1.28360662186574));
#15120=CARTESIAN_POINT('',(1.6627312691633,5.25,1.26505230426104));
#15121=CARTESIAN_POINT('',(1.6785064213214,5.25,1.23892145630279));
#15122=CARTESIAN_POINT('',(1.6923091719445,5.25,1.21647900872003));
#15123=CARTESIAN_POINT('',(1.7007102345517,5.25,1.20260152702153));
#15124=CARTESIAN_POINT('',(1.7045454545455,5.25,1.19626623376623));
#15125=CARTESIAN_POINT('',(1.7045454545455,5.25,1.19626623376623));
#15126=VECTOR('',#18565,1000.0);
#15127=COLOUR_RGB('',0.313725501298904,0.313725501298904,0.313725501298904);
#15128=CARTESIAN_POINT('',(1.7612012987013,5.2,1.28701298701299));
#15129=CARTESIAN_POINT('',(1.7045454545455,5.2,1.19626623376623));
#15130=CARTESIAN_POINT('',(1.7137930440069,5.2,1.21073812909601));
#15131=CARTESIAN_POINT('',(1.7329955682566,5.2,1.24078887066145));
#15132=CARTESIAN_POINT('',(1.7515713029302,5.2,1.27123115693907));
#15133=CARTESIAN_POINT('',(1.7612012987013,5.2,1.28701298701299));
#15134=CARTESIAN_POINT('',(1.7612012987013,5.25,1.28701298701299));
#15135=CARTESIAN_POINT('',(1.7045454545455,5.25,1.19626623376623));
#15136=CARTESIAN_POINT('',(1.7137930440069,5.25,1.21073812909601));
#15137=CARTESIAN_POINT('',(1.7329955682566,5.25,1.24078887066145));
#15138=CARTESIAN_POINT('',(1.7515713029302,5.25,1.27123115693907));
#15139=CARTESIAN_POINT('',(1.7612012987013,5.25,1.28701298701299));
#15140=CARTESIAN_POINT('',(1.7612012987013,5.25,1.28701298701299));
#15141=VECTOR('',#18566,1000.0);
#15142=COLOUR_RGB('',0.313725501298904,0.313725501298904,0.313725501298904);
#15143=CARTESIAN_POINT('',(1.8907467532468,5.2,1.5));
#15144=CARTESIAN_POINT('',(1.7612012987013,5.2,1.28701298701299));
#15145=VECTOR('',#18567,1000.0);
#15146=CARTESIAN_POINT('',(1.8907467532468,5.25,1.5));
#15147=CARTESIAN_POINT('',(1.7612012987013,5.25,1.28701298701299));
#15148=VECTOR('',#18568,1000.0);
#15149=CARTESIAN_POINT('',(1.8907467532468,5.25,1.5));
#15150=VECTOR('',#18569,1000.0);
#15151=COLOUR_RGB('',0.313725501298904,0.313725501298904,0.313725501298904);
#15152=CARTESIAN_POINT('',(1.9857142857143,5.2,1.5));
#15153=CARTESIAN_POINT('',(1.8907467532468,5.2,1.5));
#15154=VECTOR('',#18570,1000.0);
#15155=CARTESIAN_POINT('',(1.9857142857143,5.25,1.5));
#15156=CARTESIAN_POINT('',(1.8907467532468,5.25,1.5));
#15157=VECTOR('',#18571,1000.0);
#15158=CARTESIAN_POINT('',(1.9857142857143,5.25,1.5));
#15159=VECTOR('',#18572,1000.0);
#15160=COLOUR_RGB('',0.313725501298904,0.313725501298904,0.313725501298904);
#15161=CARTESIAN_POINT('',(1.7525974025974,5.2,1.11688311688312));
#15162=CARTESIAN_POINT('',(1.9857142857143,5.2,1.5));
#15163=VECTOR('',#18573,1000.0);
#15164=CARTESIAN_POINT('',(1.7525974025974,5.25,1.11688311688312));
#15165=CARTESIAN_POINT('',(1.9857142857143,5.25,1.5));
#15166=VECTOR('',#18574,1000.0);
#15167=CARTESIAN_POINT('',(1.7525974025974,5.25,1.11688311688312));
#15168=VECTOR('',#18575,1000.0);
#15169=COLOUR_RGB('',0.313725501298904,0.313725501298904,0.313725501298904);
#15170=CARTESIAN_POINT('',(2.0064935064935,5.2,0.7));
#15171=CARTESIAN_POINT('',(1.7525974025974,5.2,1.11688311688312));
#15172=VECTOR('',#18576,1000.0);
#15173=CARTESIAN_POINT('',(2.0064935064935,5.25,0.7));
#15174=CARTESIAN_POINT('',(1.7525974025974,5.25,1.11688311688312));
#15175=VECTOR('',#18577,1000.0);
#15176=CARTESIAN_POINT('',(2.0064935064935,5.25,0.7));
#15177=VECTOR('',#18578,1000.0);
#15178=COLOUR_RGB('',0.313725501298904,0.313725501298904,0.313725501298904);
#15179=CARTESIAN_POINT('',(1.911525974026,5.2,0.7));
#15180=CARTESIAN_POINT('',(2.0064935064935,5.2,0.7));
#15181=VECTOR('',#18579,1000.0);
#15182=CARTESIAN_POINT('',(1.911525974026,5.25,0.7));
#15183=CARTESIAN_POINT('',(2.0064935064935,5.25,0.7));
#15184=VECTOR('',#18580,1000.0);
#15185=CARTESIAN_POINT('',(1.911525974026,5.25,0.7));
#15186=VECTOR('',#18581,1000.0);
#15187=COLOUR_RGB('',0.313725501298904,0.313725501298904,0.313725501298904);
#15188=CARTESIAN_POINT('',(1.7345779220779,5.2,0.99042207792208));
#15189=CARTESIAN_POINT('',(1.911525974026,5.2,0.7));
#15190=VECTOR('',#18582,1000.0);
#15191=CARTESIAN_POINT('',(1.7345779220779,5.25,0.99042207792208));
#15192=CARTESIAN_POINT('',(1.911525974026,5.25,0.7));
#15193=VECTOR('',#18583,1000.0);
#15194=CARTESIAN_POINT('',(1.7345779220779,5.25,0.99042207792208));
#15195=VECTOR('',#18584,1000.0);
#15196=COLOUR_RGB('',0.313725501298904,0.313725501298904,0.313725501298904);
#15197=CARTESIAN_POINT('',(1.7051948051948,5.2,1.03912337662338));
#15198=CARTESIAN_POINT('',(1.7345779220779,5.2,0.99042207792208));
#15199=CARTESIAN_POINT('',(1.7297675604256,5.2,0.99843414802408));
#15200=CARTESIAN_POINT('',(1.7200082719012,5.2,1.01468908049145));
#15201=CARTESIAN_POINT('',(1.7101791463589,5.2,1.03090187989743));
#15202=CARTESIAN_POINT('',(1.7051948051948,5.2,1.03912337662338));
#15203=CARTESIAN_POINT('',(1.7051948051948,5.25,1.03912337662338));
#15204=CARTESIAN_POINT('',(1.7345779220779,5.25,0.99042207792208));
#15205=CARTESIAN_POINT('',(1.7297675604256,5.25,0.99843414802408));
#15206=CARTESIAN_POINT('',(1.7200082719012,5.25,1.01468908049145));
#15207=CARTESIAN_POINT('',(1.7101791463589,5.25,1.03090187989743));
#15208=CARTESIAN_POINT('',(1.7051948051948,5.25,1.03912337662338));
#15209=CARTESIAN_POINT('',(1.7051948051948,5.25,1.03912337662338));
#15210=VECTOR('',#18585,1000.0);
#15211=COLOUR_RGB('',0.313725501298904,0.313725501298904,0.313725501298904);
#15212=CARTESIAN_POINT('',(1.6689935064935,5.2,0.97938311688312));
#15213=CARTESIAN_POINT('',(1.7051948051948,5.2,1.03912337662338));
#15214=CARTESIAN_POINT('',(1.701115423711,5.2,1.03248023575507));
#15215=CARTESIAN_POINT('',(1.6936317846291,5.2,1.02029337144099));
#15216=CARTESIAN_POINT('',(1.6837402550202,5.2,1.00354260209991));
#15217=CARTESIAN_POINT('',(1.6754503191166,5.2,0.99045548560286));
#15218=CARTESIAN_POINT('',(1.6709244309336,5.2,0.98269433382849));
#15219=CARTESIAN_POINT('',(1.6689935064935,5.2,0.97938311688312));
#15220=CARTESIAN_POINT('',(1.6689935064935,5.25,0.97938311688312));
#15221=CARTESIAN_POINT('',(1.7051948051948,5.25,1.03912337662338));
#15222=CARTESIAN_POINT('',(1.701115423711,5.25,1.03248023575507));
#15223=CARTESIAN_POINT('',(1.6936317846291,5.25,1.02029337144099));
#15224=CARTESIAN_POINT('',(1.6837402550202,5.25,1.00354260209991));
#15225=CARTESIAN_POINT('',(1.6754503191166,5.25,0.99045548560286));
#15226=CARTESIAN_POINT('',(1.6709244309336,5.25,0.98269433382849));
#15227=CARTESIAN_POINT('',(1.6689935064935,5.25,0.97938311688312));
#15228=CARTESIAN_POINT('',(1.6689935064935,5.25,0.97938311688312));
#15229=VECTOR('',#18586,1000.0);
#15230=COLOUR_RGB('',0.313725501298904,0.313725501298904,0.313725501298904);
#15231=CARTESIAN_POINT('',(1.6689935064935,5.2,0.97938311688312));
#15232=VECTOR('',#18587,1000.0);
#15233=CARTESIAN_POINT('',(1.6689935064935,5.25,0.97938311688312));
#15234=VECTOR('',#18588,1000.0);
#15235=COLOUR_RGB('',0.313725501298904,0.313725501298904,0.313725501298904);
#15236=COLOUR_RGB('',0.313725501298904,0.313725501298904,0.313725501298904);
#15237=CARTESIAN_POINT('',(3.48,0.449999999999999,1.24));
#15238=CARTESIAN_POINT('',(2.88,0.449999999999999,1.24));
#15239=CARTESIAN_POINT('',(18.42,0.449999999999999,1.24));
#15240=VECTOR('',#18589,1.0);
#15241=CARTESIAN_POINT('',(2.88,0.35,1.24));
#15242=CARTESIAN_POINT('',(2.88,9.4,1.24));
#15243=VECTOR('',#18590,1.0);
#15244=CARTESIAN_POINT('',(3.48,0.35,1.24));
#15245=CARTESIAN_POINT('',(18.42,0.35,1.24));
#15246=VECTOR('',#18591,1.0);
#15247=CARTESIAN_POINT('',(3.48,9.4,1.24));
#15248=VECTOR('',#18592,1.0);
#15249=COLOUR_RGB('',0.313725501298904,0.313725501298904,0.313725501298904);
#15250=CARTESIAN_POINT('',(4.88,0.449999999999999,0.98));
#15251=CARTESIAN_POINT('',(4.02,0.449999999999999,0.98));
#15252=CARTESIAN_POINT('',(4.88,0.449999999999999,0.98));
#15253=VECTOR('',#18593,1000.0);
#15254=CARTESIAN_POINT('',(4.02,0.449999999999999,1.9));
#15255=CARTESIAN_POINT('',(4.02,0.449999999999999,1.9));
#15256=VECTOR('',#18594,1000.0);
#15257=CARTESIAN_POINT('',(4.88,0.449999999999999,1.9));
#15258=CARTESIAN_POINT('',(4.88,0.449999999999999,1.9));
#15259=VECTOR('',#18595,1000.0);
#15260=CARTESIAN_POINT('',(4.88,0.449999999999999,1.9));
#15261=VECTOR('',#18596,1000.0);
#15262=CARTESIAN_POINT('',(4.75,0.449999999999999,1.24));
#15263=CARTESIAN_POINT('',(4.15,0.449999999999999,1.24));
#15264=CARTESIAN_POINT('',(18.42,0.449999999999999,1.24));
#15265=VECTOR('',#18597,1.0);
#15266=CARTESIAN_POINT('',(4.75,0.449999999999999,1.64));
#15267=CARTESIAN_POINT('',(4.75,0.449999999999999,2.075));
#15268=VECTOR('',#18598,1.0);
#15269=CARTESIAN_POINT('',(4.15,0.449999999999999,1.64));
#15270=CARTESIAN_POINT('',(18.42,0.449999999999999,1.64));
#15271=VECTOR('',#18599,1.0);
#15272=CARTESIAN_POINT('',(4.15,0.449999999999999,2.075));
#15273=VECTOR('',#18600,1.0);
#15274=COLOUR_RGB('',0.313725501298904,0.313725501298904,0.313725501298904);
#15275=CARTESIAN_POINT('',(1.53,5.2,0.0));
#15276=CARTESIAN_POINT('',(1.53,5.2,0.5));
#15277=CARTESIAN_POINT('',(1.53,5.2,2.075));
#15278=VECTOR('',#18601,1000.0);
#15279=CARTESIAN_POINT('',(1.53,6.3,0.5));
#15280=CARTESIAN_POINT('',(1.53,6.3,0.5));
#15281=VECTOR('',#18602,1000.0);
#15282=CARTESIAN_POINT('',(1.53,6.3,0.0));
#15283=CARTESIAN_POINT('',(1.53,6.3,0.5));
#15284=VECTOR('',#18603,1000.0);
#15285=CARTESIAN_POINT('',(1.53,6.3,0.0));
#15286=VECTOR('',#18604,1000.0);
#15287=COLOUR_RGB('',0.313725501298904,0.313725501298904,0.313725501298904);
#15288=CARTESIAN_POINT('',(6.02,0.449999999999999,2.51));
#15289=CARTESIAN_POINT('',(6.02,0.35,2.51));
#15290=CARTESIAN_POINT('',(6.02,9.4,2.51));
#15291=VECTOR('',#18605,1.0);
#15292=CARTESIAN_POINT('',(6.02,0.35,2.91));
#15293=CARTESIAN_POINT('',(6.02,0.35,2.075));
#15294=VECTOR('',#18606,1.0);
#15295=CARTESIAN_POINT('',(6.02,0.449999999999999,2.91));
#15296=CARTESIAN_POINT('',(6.02,9.4,2.91));
#15297=VECTOR('',#18607,1.0);
#15298=CARTESIAN_POINT('',(6.02,0.449999999999999,2.075));
#15299=VECTOR('',#18608,1.0);
#15300=COLOUR_RGB('',0.313725501298904,0.313725501298904,0.313725501298904);
#15301=CARTESIAN_POINT('',(2.17,5.2,0.55));
#15302=CARTESIAN_POINT('',(2.17,0.300000000000001,0.55));
#15303=CARTESIAN_POINT('',(2.17,5.2,0.55));
#15304=VECTOR('',#18609,1000.0);
#15305=CARTESIAN_POINT('',(2.17,0.300000000000001,0.8));
#15306=CARTESIAN_POINT('',(2.17,0.300000000000001,2.05));
#15307=VECTOR('',#18610,1000.0);
#15308=CARTESIAN_POINT('',(2.17,1.16602517918919,1.29999987032989));
#15309=CARTESIAN_POINT('',(2.17,9.4,6.05388744962583));
#15310=VECTOR('',#18611,1.0);
#15311=CARTESIAN_POINT('',(2.17,0.300000000000001,1.8));
#15312=CARTESIAN_POINT('',(2.17,9.4,-3.45388770896604));
#15313=VECTOR('',#18612,1.0);
#15314=CARTESIAN_POINT('',(2.17,0.300000000000001,2.05));
#15315=CARTESIAN_POINT('',(2.17,0.300000000000001,2.05));
#15316=VECTOR('',#18613,1000.0);
#15317=CARTESIAN_POINT('',(2.17,5.2,2.05));
#15318=CARTESIAN_POINT('',(2.17,5.2,2.05));
#15319=VECTOR('',#18614,1000.0);
#15320=CARTESIAN_POINT('',(2.17,5.2,2.05));
#15321=VECTOR('',#18615,1000.0);
#15322=COLOUR_RGB('',0.313725501298904,0.313725501298904,0.313725501298904);
#15323=CARTESIAN_POINT('',(2.22,0.25,1.82886725411927));
#15324=CARTESIAN_POINT('',(2.22,1.16602506689159,1.29999980549484));
#15325=CARTESIAN_POINT('',(2.22,9.4,-3.45388770896604));
#15326=VECTOR('',#18616,1.0);
#15327=CARTESIAN_POINT('',(2.22,0.25,0.77113248654051));
#15328=CARTESIAN_POINT('',(2.22,9.4,6.05388744962583));
#15329=VECTOR('',#18617,1.0);
#15330=CARTESIAN_POINT('',(2.22,0.25,2.075));
#15331=VECTOR('',#18618,1.0);
#15332=COLOUR_RGB('',0.313725501298904,0.313725501298904,0.313725501298904);
#15333=CARTESIAN_POINT('',(2.47,0.0,0.85000000000001));
#15334=CARTESIAN_POINT('',(7.7866666666667,-5.3166666666667,6.16666666666667));
#15335=VECTOR('',#18619,1000.0);
#15336=CARTESIAN_POINT('',(2.47,0.0,2.35));
#15337=CARTESIAN_POINT('',(2.47,0.0,2.075));
#15338=VECTOR('',#18620,1000.0);
#15339=CARTESIAN_POINT('',(7.7866666666667,-5.3166666666667,7.66666666666667));
#15340=VECTOR('',#18621,1000.0);
#15341=CARTESIAN_POINT('',(18.42,-15.95,11.1819416149916));
#15342=VECTOR('',#18622,1.0);
#15343=CARTESIAN_POINT('',(-6.93,9.4,6.05388744962583));
#15344=VECTOR('',#18623,1.0);
#15345=COLOUR_RGB('',0.313725501298904,0.313725501298904,0.313725501298904);
#15346=CARTESIAN_POINT('',(5.29,8.8,2.25));
#15347=CARTESIAN_POINT('',(6.15,8.8,2.25));
#15348=CARTESIAN_POINT('',(20.96,8.8,2.25));
#15349=VECTOR('',#18624,1.0);
#15350=CARTESIAN_POINT('',(5.29,0.449999999999999,2.25));
#15351=CARTESIAN_POINT('',(5.29,-1.2593649193145,2.25));
#15352=VECTOR('',#18625,1000.0);
#15353=CARTESIAN_POINT('',(6.15,0.449999999999999,2.25));
#15354=CARTESIAN_POINT('',(6.15,0.449999999999999,2.25));
#15355=VECTOR('',#18626,1000.0);
#15356=CARTESIAN_POINT('',(6.15,9.5,2.25));
#15357=VECTOR('',#18627,1.0);
#15358=COLOUR_RGB('',0.313725501298904,0.313725501298904,0.313725501298904);
#15359=CARTESIAN_POINT('',(6.15,0.449999999999999,0.98));
#15360=CARTESIAN_POINT('',(6.15,8.45,0.98));
#15361=CARTESIAN_POINT('',(6.15,-1.2593649193145,0.98));
#15362=VECTOR('',#18628,1000.0);
#15363=CARTESIAN_POINT('',(5.29,8.45,0.98));
#15364=CARTESIAN_POINT('',(-9.52,8.45,0.98));
#15365=VECTOR('',#18629,1.0);
#15366=CARTESIAN_POINT('',(5.29,0.449999999999999,0.98));
#15367=CARTESIAN_POINT('',(5.29,9.5,0.98));
#15368=VECTOR('',#18630,1.0);
#15369=CARTESIAN_POINT('',(6.15,0.449999999999999,0.98));
#15370=VECTOR('',#18631,1000.0);
#15371=COLOUR_RGB('',0.313725501298904,0.313725501298904,0.313725501298904);
#15372=CARTESIAN_POINT('',(3.48,0.35,2.91));
#15373=CARTESIAN_POINT('',(18.42,0.35,2.91));
#15374=VECTOR('',#18632,1.0);
#15375=CARTESIAN_POINT('',(3.73,0.0,3.21));
#15376=CARTESIAN_POINT('',(-2.9842857142857,9.4,-4.84714285714287));
#15377=VECTOR('',#18633,1.0);
#15378=CARTESIAN_POINT('',(18.42,0.0,3.21));
#15379=VECTOR('',#18634,1.0);
#15380=COLOUR_RGB('',0.313725501298904,0.313725501298904,0.313725501298904);
#15381=CARTESIAN_POINT('',(3.61,8.8,3.17));
#15382=CARTESIAN_POINT('',(3.61,8.8,2.25));
#15383=CARTESIAN_POINT('',(3.61,8.8,2.1));
#15384=VECTOR('',#18635,1.0);
#15385=CARTESIAN_POINT('',(3.61,0.449999999999999,2.25));
#15386=CARTESIAN_POINT('',(3.61,9.5,2.25));
#15387=VECTOR('',#18636,1.0);
#15388=CARTESIAN_POINT('',(3.61,0.449999999999999,3.17));
#15389=CARTESIAN_POINT('',(3.61,0.449999999999999,3.17));
#15390=VECTOR('',#18637,1000.0);
#15391=CARTESIAN_POINT('',(3.61,-1.2593649193145,3.17));
#15392=VECTOR('',#18638,1000.0);
#15393=CARTESIAN_POINT('',(3.61,-1.2593649193145,3.17));
#15394=VECTOR('',#18639,1000.0);
#15395=COLOUR_RGB('',0.313725501298904,0.313725501298904,0.313725501298904);
#15396=CARTESIAN_POINT('',(0.0,6.3,0.0));
#15397=CARTESIAN_POINT('',(0.0,6.3,0.0));
#15398=VECTOR('',#18640,1000.0);
#15399=CARTESIAN_POINT('',(0.0,6.3,0.5));
#15400=CARTESIAN_POINT('',(0.0,6.3,0.5));
#15401=VECTOR('',#18641,1000.0);
#15402=CARTESIAN_POINT('',(0.0,6.3,0.5));
#15403=VECTOR('',#18642,1000.0);
#15404=COLOUR_RGB('',0.313725501298904,0.313725501298904,0.313725501298904);
#15405=CARTESIAN_POINT('',(2.75,8.45,0.98));
#15406=CARTESIAN_POINT('',(2.75,8.45,1.9));
#15407=CARTESIAN_POINT('',(2.75,8.45,2.1));
#15408=VECTOR('',#18643,1.0);
#15409=CARTESIAN_POINT('',(2.75,0.449999999999999,1.9));
#15410=CARTESIAN_POINT('',(2.75,-1.2593649193145,1.9));
#15411=VECTOR('',#18644,1000.0);
#15412=CARTESIAN_POINT('',(2.75,0.449999999999999,0.98));
#15413=CARTESIAN_POINT('',(2.75,0.449999999999999,1.9));
#15414=VECTOR('',#18645,1000.0);
#15415=CARTESIAN_POINT('',(2.75,-1.2593649193145,0.98));
#15416=VECTOR('',#18646,1000.0);
#15417=COLOUR_RGB('',0.313725501298904,0.313725501298904,0.313725501298904);
#15418=CARTESIAN_POINT('',(3.73,0.0,2.21));
#15419=CARTESIAN_POINT('',(18.42,0.0,2.21));
#15420=VECTOR('',#18647,1.0);
#15421=CARTESIAN_POINT('',(-2.9842857142857,9.4,10.2671428571429));
#15422=VECTOR('',#18648,1.0);
#15423=COLOUR_RGB('',0.313725501298904,0.313725501298904,0.313725501298904);
#15424=CARTESIAN_POINT('',(3.48,0.35,1.64));
#15425=CARTESIAN_POINT('',(2.88,0.35,1.64));
#15426=CARTESIAN_POINT('',(18.42,0.35,1.64));
#15427=VECTOR('',#18649,1.0);
#15428=CARTESIAN_POINT('',(3.73,0.0,1.94));
#15429=CARTESIAN_POINT('',(-2.9842857142857,9.4,-6.11714285714287));
#15430=VECTOR('',#18650,1.0);
#15431=CARTESIAN_POINT('',(2.63,0.0,1.94));
#15432=CARTESIAN_POINT('',(18.42,0.0,1.94));
#15433=VECTOR('',#18651,1.0);
#15434=CARTESIAN_POINT('',(9.34428571428572,9.4,-6.11714285714287));
#15435=VECTOR('',#18652,1.0);
#15436=COLOUR_RGB('',0.313725501298904,0.313725501298904,0.313725501298904);
#15437=CARTESIAN_POINT('',(2.88,0.449999999999999,2.91));
#15438=CARTESIAN_POINT('',(2.88,9.4,2.91));
#15439=VECTOR('',#18653,1.0);
#15440=CARTESIAN_POINT('',(3.48,0.449999999999999,2.91));
#15441=CARTESIAN_POINT('',(18.42,0.449999999999999,2.91));
#15442=VECTOR('',#18654,1.0);
#15443=CARTESIAN_POINT('',(3.48,9.4,2.91));
#15444=VECTOR('',#18655,1.0);
#15445=COLOUR_RGB('',0.313725501298904,0.313725501298904,0.313725501298904);
#15446=CARTESIAN_POINT('',(1.23,5.2,0.5));
#15447=CARTESIAN_POINT('',(1.23,5.2,3.5));
#15448=CARTESIAN_POINT('',(1.23,5.2,2.075));
#15449=VECTOR('',#18656,1000.0);
#15450=CARTESIAN_POINT('',(1.23,9.4,3.5));
#15451=CARTESIAN_POINT('',(1.23,9.4,3.5));
#15452=VECTOR('',#18657,1000.0);
#15453=CARTESIAN_POINT('',(1.23,9.4,0.5));
#15454=CARTESIAN_POINT('',(1.23,9.4,-0.825));
#15455=VECTOR('',#18658,1000.0);
#15456=CARTESIAN_POINT('',(1.23,8.395,0.5));
#15457=CARTESIAN_POINT('',(1.23,9.5,0.5));
#15458=VECTOR('',#18659,1.0);
#15459=CARTESIAN_POINT('',(1.23,8.395,3.0));
#15460=CARTESIAN_POINT('',(1.23,8.395,2.1));
#15461=VECTOR('',#18660,1.0);
#15462=CARTESIAN_POINT('',(1.23,9.5,3.0));
#15463=VECTOR('',#18661,1.0);
#15464=CARTESIAN_POINT('',(1.23,9.5,0.5));
#15465=VECTOR('',#18662,1.0);
#15466=COLOUR_RGB('',0.313725501298904,0.313725501298904,0.313725501298904);
#15467=CARTESIAN_POINT('',(2.75,0.449999999999999,2.25));
#15468=CARTESIAN_POINT('',(3.61,0.449999999999999,2.25));
#15469=VECTOR('',#18663,1000.0);
#15470=CARTESIAN_POINT('',(2.75,0.449999999999999,3.17));
#15471=CARTESIAN_POINT('',(2.75,0.449999999999999,3.17));
#15472=VECTOR('',#18664,1000.0);
#15473=CARTESIAN_POINT('',(3.61,0.449999999999999,3.17));
#15474=VECTOR('',#18665,1000.0);
#15475=CARTESIAN_POINT('',(3.48,0.449999999999999,2.075));
#15476=VECTOR('',#18666,1.0);
#15477=CARTESIAN_POINT('',(2.88,0.449999999999999,2.1));
#15478=VECTOR('',#18667,1.0);
#15479=COLOUR_RGB('',0.313725501298904,0.313725501298904,0.313725501298904);
#15480=CARTESIAN_POINT('',(2.88,0.449999999999999,1.64));
#15481=CARTESIAN_POINT('',(2.88,0.449999999999999,2.075));
#15482=VECTOR('',#18668,1.0);
#15483=CARTESIAN_POINT('',(2.88,9.4,1.64));
#15484=VECTOR('',#18669,1.0);
#15485=CARTESIAN_POINT('',(2.88,0.35,2.075));
#15486=VECTOR('',#18670,1.0);
#15487=COLOUR_RGB('',0.313725501298904,0.313725501298904,0.313725501298904);
#15488=CARTESIAN_POINT('',(1.67,0.300000000000001,2.05));
#15489=VECTOR('',#18671,1000.0);
#15490=CARTESIAN_POINT('',(18.42,0.0,2.35000000000001));
#15491=VECTOR('',#18672,1.0);
#15492=COLOUR_RGB('',0.313725501298904,0.313725501298904,0.313725501298904);
#15493=CARTESIAN_POINT('',(1.77,5.2,3.6));
#15494=CARTESIAN_POINT('',(1.77,5.2,3.6));
#15495=VECTOR('',#18673,1000.0);
#15496=CARTESIAN_POINT('',(1.77,5.2,2.05));
#15497=CARTESIAN_POINT('',(1.77,5.2,3.6));
#15498=VECTOR('',#18674,1000.0);
#15499=CARTESIAN_POINT('',(1.77,5.2,2.05));
#15500=VECTOR('',#18675,1000.0);
#15501=COLOUR_RGB('',0.313725501298904,0.313725501298904,0.313725501298904);
#15502=CARTESIAN_POINT('',(3.679,5.2,0.45));
#15503=CARTESIAN_POINT('',(3.179,6.06602495459397,0.45));
#15504=CARTESIAN_POINT('',(1.2541288694035,9.4,0.45));
#15505=VECTOR('',#18676,1.0);
#15506=CARTESIAN_POINT('',(3.679,5.2,0.49999980660225));
#15507=CARTESIAN_POINT('',(3.679,5.2,2.075));
#15508=VECTOR('',#18677,1.0);
#15509=CARTESIAN_POINT('',(3.179,6.06602495459398,0.49999980660225));
#15510=CARTESIAN_POINT('',(3.179,6.06602495459398,0.49999980660225));
#15511=VECTOR('',#18678,1.0);
#15512=CARTESIAN_POINT('',(3.179,6.06602495459398,0.44999980660225));
#15513=VECTOR('',#18679,1.0);
#15514=COLOUR_RGB('',0.313725501298904,0.313725501298904,0.313725501298904);
#15515=CARTESIAN_POINT('',(2.75,4.24999999999268,3.17));
#15516=CARTESIAN_POINT('',(2.75,8.8,3.17));
#15517=CARTESIAN_POINT('',(2.75,-1.2593649193145,3.17));
#15518=VECTOR('',#18680,1000.0);
#15519=CARTESIAN_POINT('',(18.42,8.8,3.17));
#15520=VECTOR('',#18681,1.0);
#15521=CARTESIAN_POINT('',(18.42,4.24999999999268,3.17));
#15522=VECTOR('',#18682,1.0);
#15523=COLOUR_RGB('',0.313725501298904,0.313725501298904,0.313725501298904);
#15524=CARTESIAN_POINT('',(4.02,1.65,3.1));
#15525=CARTESIAN_POINT('',(4.02,4.24999999999268,3.1));
#15526=CARTESIAN_POINT('',(4.02,9.5,3.1));
#15527=VECTOR('',#18683,1.0);
#15528=CARTESIAN_POINT('',(4.02,4.24999999999268,3.17));
#15529=CARTESIAN_POINT('',(4.02,4.24999999999268,2.1));
#15530=VECTOR('',#18684,1.0);
#15531=CARTESIAN_POINT('',(4.02,1.65,3.17));
#15532=CARTESIAN_POINT('',(4.02,-1.2593649193145,3.17));
#15533=VECTOR('',#18685,1000.0);
#15534=CARTESIAN_POINT('',(4.02,1.65,2.1));
#15535=VECTOR('',#18686,1.0);
#15536=COLOUR_RGB('',0.313725501298904,0.313725501298904,0.313725501298904);
#15537=CARTESIAN_POINT('',(2.75,8.8,2.25));
#15538=CARTESIAN_POINT('',(2.75,8.8,2.1));
#15539=VECTOR('',#18687,1.0);
#15540=CARTESIAN_POINT('',(2.75,4.24999999999268,3.1));
#15541=CARTESIAN_POINT('',(2.75,4.24999999999268,2.1));
#15542=VECTOR('',#18688,1.0);
#15543=CARTESIAN_POINT('',(2.75,1.65,3.1));
#15544=CARTESIAN_POINT('',(2.75,9.5,3.1));
#15545=VECTOR('',#18689,1.0);
#15546=CARTESIAN_POINT('',(2.75,1.65,3.17));
#15547=CARTESIAN_POINT('',(2.75,1.65,2.1));
#15548=VECTOR('',#18690,1.0);
#15549=CARTESIAN_POINT('',(2.75,-1.2593649193145,3.17));
#15550=VECTOR('',#18691,1000.0);
#15551=CARTESIAN_POINT('',(2.75,-1.2593649193145,2.25));
#15552=VECTOR('',#18692,1000.0);
#15553=COLOUR_RGB('',0.313725501298904,0.313725501298904,0.313725501298904);
#15554=CARTESIAN_POINT('',(7.13,0.300000000000001,3.6));
#15555=CARTESIAN_POINT('',(7.13,0.300000000000001,2.05));
#15556=CARTESIAN_POINT('',(7.13,0.300000000000001,2.825));
#15557=VECTOR('',#18693,1.0);
#15558=CARTESIAN_POINT('',(7.13,5.2,2.05));
#15559=CARTESIAN_POINT('',(7.13,5.2,2.05));
#15560=VECTOR('',#18694,1000.0);
#15561=CARTESIAN_POINT('',(7.13,5.2,3.6));
#15562=CARTESIAN_POINT('',(7.13,5.2,2.05));
#15563=VECTOR('',#18695,1000.0);
#15564=CARTESIAN_POINT('',(7.13,5.2,3.6));
#15565=VECTOR('',#18696,1000.0);
#15566=COLOUR_RGB('',0.313725501298904,0.313725501298904,0.313725501298904);
#15567=CARTESIAN_POINT('',(18.42,8.8,2.25));
#15568=VECTOR('',#18697,1.0);
#15569=COLOUR_RGB('',0.313725501298904,0.313725501298904,0.313725501298904);
#15570=CARTESIAN_POINT('',(1.43,5.2,3.7));
#15571=AXIS2_PLACEMENT_3D('',#18698,#18699,#18700);
#15572=CARTESIAN_POINT('',(1.43,9.4,3.7));
#15573=CARTESIAN_POINT('',(1.43,0.0,3.7));
#15574=VECTOR('',#18701,1000.0);
#15575=AXIS2_PLACEMENT_3D('',#18702,#18703,#18704);
#15576=COLOUR_RGB('',0.313725501298904,0.313725501298904,0.313725501298904);
#15577=CARTESIAN_POINT('',(1.83,8.45,0.0));
#15578=CARTESIAN_POINT('',(1.83,8.45,1.9));
#15579=CARTESIAN_POINT('',(1.83,8.45,2.1));
#15580=VECTOR('',#18705,1.0);
#15581=CARTESIAN_POINT('',(1.83,9.4,0.0));
#15582=CARTESIAN_POINT('',(1.8299999999999,-1.06581410364015E-14,0.0));
#15583=VECTOR('',#18706,1000.0);
#15584=CARTESIAN_POINT('',(1.83,9.4,3.7));
#15585=CARTESIAN_POINT('',(1.83,9.4,2.075));
#15586=VECTOR('',#18707,1000.0);
#15587=CARTESIAN_POINT('',(1.83,8.8,3.7));
#15588=CARTESIAN_POINT('',(1.83,9.4,3.7));
#15589=VECTOR('',#18708,1000.0);
#15590=CARTESIAN_POINT('',(1.83,8.8,1.9));
#15591=CARTESIAN_POINT('',(1.83,8.8,-0.825));
#15592=VECTOR('',#18709,1000.0);
#15593=CARTESIAN_POINT('',(1.83,9.5,1.9));
#15594=VECTOR('',#18710,1.0);
#15595=COLOUR_RGB('',0.313725501298904,0.313725501298904,0.313725501298904);
#15596=CARTESIAN_POINT('',(3.48,0.449999999999999,1.64));
#15597=CARTESIAN_POINT('',(18.42,0.449999999999999,1.64));
#15598=VECTOR('',#18711,1.0);
#15599=CARTESIAN_POINT('',(3.48,9.4,1.64));
#15600=VECTOR('',#18712,1.0);
#15601=COLOUR_RGB('',0.313725501298904,0.313725501298904,0.313725501298904);
#15602=CARTESIAN_POINT('',(0.0,8.1,0.5));
#15603=CARTESIAN_POINT('',(0.0,8.395,0.5));
#15604=CARTESIAN_POINT('',(0.0,9.5,0.5));
#15605=VECTOR('',#18713,1.0);
#15606=CARTESIAN_POINT('',(0.0,8.1,0.0));
#15607=CARTESIAN_POINT('',(0.0,8.1,0.5));
#15608=VECTOR('',#18714,1000.0);
#15609=CARTESIAN_POINT('',(0.0,0.0,0.0));
#15610=VECTOR('',#18715,1000.0);
#15611=CARTESIAN_POINT('',(0.0,9.5,0.5));
#15612=VECTOR('',#18716,1.0);
#15613=CARTESIAN_POINT('',(0.0,8.395,3.0));
#15614=CARTESIAN_POINT('',(0.0,9.5,3.0));
#15615=VECTOR('',#18717,1.0);
#15616=CARTESIAN_POINT('',(0.0,8.395,2.1));
#15617=VECTOR('',#18718,1.0);
#15618=COLOUR_RGB('',0.313725501298904,0.313725501298904,0.313725501298904);
#15619=CARTESIAN_POINT('',(1.53,8.1,0.0));
#15620=CARTESIAN_POINT('',(0.0,8.1,0.0));
#15621=VECTOR('',#18719,1000.0);
#15622=CARTESIAN_POINT('',(1.53,9.4,0.0));
#15623=CARTESIAN_POINT('',(1.53,8.1,0.0));
#15624=VECTOR('',#18720,1000.0);
#15625=CARTESIAN_POINT('',(0.0,9.4,0.0));
#15626=VECTOR('',#18721,1000.0);
#15627=CARTESIAN_POINT('',(2.17,8.45,0.0));
#15628=CARTESIAN_POINT('',(1.83,8.45,0.0));
#15629=VECTOR('',#18722,1000.0);
#15630=CARTESIAN_POINT('',(2.17,5.2,0.0));
#15631=CARTESIAN_POINT('',(2.17,5.2,0.0));
#15632=VECTOR('',#18723,1000.0);
#15633=CARTESIAN_POINT('',(0.0,5.2,0.0));
#15634=VECTOR('',#18724,1000.0);
#15635=CARTESIAN_POINT('',(1.445,6.95,0.0));
#15636=VECTOR('',#18725,1000.0);
#15637=CARTESIAN_POINT('',(0.495000000000001,7.45,0.0));
#15638=AXIS2_PLACEMENT_3D('',#18726,#18727,#18728);
#15639=CARTESIAN_POINT('',(0.495000000000001,6.95,0.0));
#15640=CARTESIAN_POINT('',(0.495000000000001,6.95,0.0));
#15641=VECTOR('',#18729,1000.0);
#15642=AXIS2_PLACEMENT_3D('',#18730,#18731,#18732);
#15643=COLOUR_RGB('',0.313725501298904,0.313725501298904,0.313725501298904);
#15644=CARTESIAN_POINT('',(1.345,6.95,-0.825));
#15645=CARTESIAN_POINT('',(0.595000000000002,6.95,-0.825));
#15646=AXIS2_PLACEMENT_3D('',#18733,#18734,#18735);
#15647=CARTESIAN_POINT('',(1.345,6.95,-0.825));
#15648=VECTOR('',#18736,1000.0);
#15649=CARTESIAN_POINT('',(0.495000000000001,6.95,-0.725));
#15650=AXIS2_PLACEMENT_3D('',#18737,#18738,#18739);
#15651=CARTESIAN_POINT('',(0.595000000000002,6.95,-0.825));
#15652=VECTOR('',#18740,1000.0);
#15653=COLOUR_RGB('',0.313725501298904,0.313725501298904,0.313725501298904);
#15654=CARTESIAN_POINT('',(0.495000000000001,7.45,-0.725));
#15655=CARTESIAN_POINT('',(0.495000000000001,6.95,-0.725));
#15656=VECTOR('',#18741,1000.0);
#15657=CARTESIAN_POINT('',(0.595000000000002,7.45,-0.825));
#15658=CARTESIAN_POINT('',(0.495000000000001,7.45,-0.725));
#15659=VECTOR('',#18742,1000.0);
#15660=CARTESIAN_POINT('',(0.595000000000002,7.45,-0.825));
#15661=VECTOR('',#18743,1000.0);
#15662=COLOUR_RGB('',0.313725501298904,0.313725501298904,0.313725501298904);
#15663=CARTESIAN_POINT('',(1.445,7.45,-0.725));
#15664=VECTOR('',#18744,1000.0);
#15665=COLOUR_RGB('',0.313725501298904,0.313725501298904,0.313725501298904);
#15666=AXIS2_PLACEMENT_3D('',#18745,#18746,#18747);
#15667=CARTESIAN_POINT('',(0.495000000000001,7.45,-0.825));
#15668=VECTOR('',#18748,1000.0);
#15669=COLOUR_RGB('',0.313725501298904,0.313725501298904,0.313725501298904);
#15670=CARTESIAN_POINT('',(1.345,7.45,-0.825));
#15671=CARTESIAN_POINT('',(1.445,7.45,-0.725));
#15672=VECTOR('',#18749,1000.0);
#15673=AXIS2_PLACEMENT_3D('',#18750,#18751,#18752);
#15674=COLOUR_RGB('',0.313725501298904,0.313725501298904,0.313725501298904);
#15675=CARTESIAN_POINT('',(1.345,6.95,-0.825));
#15676=VECTOR('',#18753,1000.0);
#15677=COLOUR_RGB('',0.313725501298904,0.313725501298904,0.313725501298904);
#15678=CARTESIAN_POINT('',(0.495000000000001,6.95,-0.825));
#15679=VECTOR('',#18754,1000.0);
#15680=COLOUR_RGB('',0.313725501298904,0.313725501298904,0.313725501298904);
#15681=COLOUR_RGB('',0.313725501298904,0.313725501298904,0.313725501298904);
#15682=COLOUR_RGB('',0.313725501298904,0.313725501298904,0.313725501298904);
#15683=CARTESIAN_POINT('',(2.17,8.45,0.45));
#15684=CARTESIAN_POINT('',(2.17,8.45,33.2487767355294));
#15685=VECTOR('',#18755,1000.0);
#15686=CARTESIAN_POINT('',(2.17,5.2,0.45));
#15687=CARTESIAN_POINT('',(2.17,5.2,0.45));
#15688=VECTOR('',#18756,1000.0);
#15689=CARTESIAN_POINT('',(2.17,5.2,33.2487767355294));
#15690=VECTOR('',#18757,1000.0);
#15691=COLOUR_RGB('',0.313725501298904,0.313725501298904,0.313725501298904);
#15692=CARTESIAN_POINT('',(2.63,0.0,0.94));
#15693=CARTESIAN_POINT('',(9.34428571428572,9.4,8.99714285714286));
#15694=VECTOR('',#18758,1.0);
#15695=CARTESIAN_POINT('',(3.73,0.0,0.94));
#15696=CARTESIAN_POINT('',(18.42,0.0,0.94));
#15697=VECTOR('',#18759,1.0);
#15698=CARTESIAN_POINT('',(-2.9842857142857,9.4,8.99714285714286));
#15699=VECTOR('',#18760,1.0);
#15700=COLOUR_RGB('',0.313725501298904,0.313725501298904,0.313725501298904);
#15701=CARTESIAN_POINT('',(2.17,1.16602495459398,1.3));
#15702=VECTOR('',#18761,1.0);
#15703=COLOUR_RGB('',0.313725501298904,0.313725501298904,0.313725501298904);
#15704=CARTESIAN_POINT('',(4.75,0.35,1.64));
#15705=CARTESIAN_POINT('',(4.75,9.4,1.64));
#15706=VECTOR('',#18762,1.0);
#15707=CARTESIAN_POINT('',(4.15,0.35,1.64));
#15708=CARTESIAN_POINT('',(18.42,0.35,1.64));
#15709=VECTOR('',#18763,1.0);
#15710=CARTESIAN_POINT('',(4.15,9.4,1.64));
#15711=VECTOR('',#18764,1.0);
#15712=COLOUR_RGB('',0.313725501298904,0.313725501298904,0.313725501298904);
#15713=COLOUR_RGB('',0.313725501298904,0.313725501298904,0.313725501298904);
#15714=CARTESIAN_POINT('',(3.61,8.45,0.98));
#15715=CARTESIAN_POINT('',(18.42,8.45,0.98));
#15716=VECTOR('',#18765,1.0);
#15717=CARTESIAN_POINT('',(3.61,0.449999999999999,0.98));
#15718=CARTESIAN_POINT('',(3.61,0.449999999999999,0.98));
#15719=VECTOR('',#18766,1000.0);
#15720=CARTESIAN_POINT('',(3.61,-1.2593649193145,0.98));
#15721=VECTOR('',#18767,1000.0);
#15722=COLOUR_RGB('',0.313725501298904,0.313725501298904,0.313725501298904);
#15723=CARTESIAN_POINT('',(4.02,8.45,0.98));
#15724=CARTESIAN_POINT('',(4.02,8.45,1.9));
#15725=CARTESIAN_POINT('',(4.02,8.45,2.1));
#15726=VECTOR('',#18768,1.0);
#15727=CARTESIAN_POINT('',(4.02,-1.2593649193145,1.9));
#15728=VECTOR('',#18769,1000.0);
#15729=CARTESIAN_POINT('',(4.02,-1.2593649193145,0.98));
#15730=VECTOR('',#18770,1000.0);
#15731=COLOUR_RGB('',0.313725501298904,0.313725501298904,0.313725501298904);
#15732=CARTESIAN_POINT('',(7.07,8.8,1.9));
#15733=CARTESIAN_POINT('',(18.42,8.8,1.9));
#15734=VECTOR('',#18771,1.0);
#15735=CARTESIAN_POINT('',(7.07,8.45,1.9));
#15736=CARTESIAN_POINT('',(7.07,9.5,1.9));
#15737=VECTOR('',#18772,1.0);
#15738=CARTESIAN_POINT('',(6.15,8.45,1.9));
#15739=CARTESIAN_POINT('',(-26.11,8.45,1.9));
#15740=VECTOR('',#18773,1000.0);
#15741=CARTESIAN_POINT('',(6.15,0.449999999999999,1.9));
#15742=CARTESIAN_POINT('',(6.15,-1.2593649193145,1.9));
#15743=VECTOR('',#18774,1000.0);
#15744=CARTESIAN_POINT('',(5.29,0.449999999999999,1.9));
#15745=CARTESIAN_POINT('',(6.15,0.449999999999999,1.9));
#15746=VECTOR('',#18775,1000.0);
#15747=CARTESIAN_POINT('',(5.29,8.45,1.9));
#15748=CARTESIAN_POINT('',(5.29,-1.2593649193145,1.9));
#15749=VECTOR('',#18776,1000.0);
#15750=CARTESIAN_POINT('',(4.88,8.45,1.9));
#15751=CARTESIAN_POINT('',(3.1,8.45,1.9));
#15752=VECTOR('',#18777,1000.0);
#15753=CARTESIAN_POINT('',(4.88,-1.2593649193145,1.9));
#15754=VECTOR('',#18778,1000.0);
#15755=CARTESIAN_POINT('',(3.61,8.45,1.9));
#15756=CARTESIAN_POINT('',(1.83,8.45,1.9));
#15757=VECTOR('',#18779,1000.0);
#15758=CARTESIAN_POINT('',(3.61,0.449999999999999,1.9));
#15759=CARTESIAN_POINT('',(3.61,-1.2593649193145,1.9));
#15760=VECTOR('',#18780,1000.0);
#15761=CARTESIAN_POINT('',(3.61,0.449999999999999,1.9));
#15762=VECTOR('',#18781,1000.0);
#15763=CARTESIAN_POINT('',(1.83,8.45,1.9));
#15764=VECTOR('',#18782,1000.0);
#15765=COLOUR_RGB('',0.313725501298904,0.313725501298904,0.313725501298904);
#15766=CARTESIAN_POINT('',(0.0,9.4,3.7));
#15767=VECTOR('',#18783,1000.0);
#15768=CARTESIAN_POINT('',(1.53,9.4,0.5));
#15769=CARTESIAN_POINT('',(1.53,9.4,2.075));
#15770=VECTOR('',#18784,1000.0);
#15771=CARTESIAN_POINT('',(18.42,9.4,0.5));
#15772=VECTOR('',#18785,1000.0);
#15773=COLOUR_RGB('',0.313725501298904,0.313725501298904,0.313725501298904);
#15774=CARTESIAN_POINT('',(3.73,1.06581410364015E-14,2.075));
#15775=VECTOR('',#18786,1.0);
#15776=CARTESIAN_POINT('',(3.48,0.35,2.075));
#15777=VECTOR('',#18787,1.0);
#15778=COLOUR_RGB('',0.313725501298904,0.313725501298904,0.313725501298904);
#15779=CARTESIAN_POINT('',(5.42,0.35,2.91));
#15780=CARTESIAN_POINT('',(5.42,0.35,2.51));
#15781=CARTESIAN_POINT('',(5.42,0.35,2.075));
#15782=VECTOR('',#18788,1.0);
#15783=CARTESIAN_POINT('',(5.17,0.0,3.21));
#15784=CARTESIAN_POINT('',(11.8842857142857,9.4,-4.84714285714287));
#15785=VECTOR('',#18789,1.0);
#15786=CARTESIAN_POINT('',(5.17,0.0,2.21));
#15787=CARTESIAN_POINT('',(5.17,-1.06581410364015E-14,2.075));
#15788=VECTOR('',#18790,1.0);
#15789=CARTESIAN_POINT('',(11.8842857142857,9.4,10.2671428571429));
#15790=VECTOR('',#18791,1.0);
#15791=COLOUR_RGB('',0.313725501298904,0.313725501298904,0.313725501298904);
#15792=CARTESIAN_POINT('',(7.47,5.2,3.7));
#15793=CARTESIAN_POINT('',(0.0,5.2,3.7));
#15794=VECTOR('',#18792,1000.0);
#15795=CARTESIAN_POINT('',(7.47,9.4,3.7));
#15796=CARTESIAN_POINT('',(7.47,0.0,3.7));
#15797=VECTOR('',#18793,1000.0);
#15798=CARTESIAN_POINT('',(7.07,9.4,3.7));
#15799=CARTESIAN_POINT('',(-27.94,9.4,3.7));
#15800=VECTOR('',#18794,1000.0);
#15801=CARTESIAN_POINT('',(7.07,8.8,3.7));
#15802=CARTESIAN_POINT('',(7.07,9.4,3.7));
#15803=VECTOR('',#18795,1000.0);
#15804=CARTESIAN_POINT('',(-26.11,8.8,3.7));
#15805=VECTOR('',#18796,1000.0);
#15806=COLOUR_RGB('',0.313725501298904,0.313725501298904,0.313725501298904);
#15807=CARTESIAN_POINT('',(1.17,8.395,3.0));
#15808=CARTESIAN_POINT('',(1.17,8.395,2.1));
#15809=VECTOR('',#18797,1.0);
#15810=CARTESIAN_POINT('',(18.42,8.395,3.0));
#15811=VECTOR('',#18798,1.0);
#15812=CARTESIAN_POINT('',(18.42,8.395,0.5));
#15813=VECTOR('',#18799,1.0);
#15814=CARTESIAN_POINT('',(18.42,8.395,3.0));
#15815=VECTOR('',#18800,1.0);
#15816=COLOUR_RGB('',0.313725501298904,0.313725501298904,0.313725501298904);
#15817=CARTESIAN_POINT('',(1.17,9.5,3.0));
#15818=VECTOR('',#18801,1.0);
#15819=COLOUR_RGB('',0.313725501298904,0.313725501298904,0.313725501298904);
#15820=COLOUR_RGB('',0.313725501298904,0.313725501298904,0.313725501298904);
#15821=CARTESIAN_POINT('',(2.6790002593402,5.2,0.49999980660225));
#15822=CARTESIAN_POINT('',(2.679,5.19999955080958,0.49999980660225));
#15823=VECTOR('',#18802,1.0);
#15824=CARTESIAN_POINT('',(18.42,5.2,0.49999980660225));
#15825=VECTOR('',#18803,1.0);
#15826=COLOUR_RGB('',0.313725501298904,0.313725501298904,0.313725501298904);
#15827=COLOUR_RGB('',0.313725501298904,0.313725501298904,0.313725501298904);
#15828=CARTESIAN_POINT('',(18.42,5.2,0.5));
#15829=VECTOR('',#18804,1000.0);
#15830=COLOUR_RGB('',0.313725501298904,0.313725501298904,0.313725501298904);
#15831=CARTESIAN_POINT('',(3.61,0.449999999999999,1.9));
#15832=VECTOR('',#18805,1000.0);
#15833=CARTESIAN_POINT('',(3.48,0.449999999999999,2.075));
#15834=VECTOR('',#18806,1.0);
#15835=COLOUR_RGB('',0.313725501298904,0.313725501298904,0.313725501298904);
#15836=CARTESIAN_POINT('',(1.53,8.1,0.5));
#15837=CARTESIAN_POINT('',(1.53,8.1,0.5));
#15838=VECTOR('',#18807,1000.0);
#15839=CARTESIAN_POINT('',(0.0,8.1,0.5));
#15840=VECTOR('',#18808,1000.0);
#15841=COLOUR_RGB('',0.313725501298904,0.313725501298904,0.313725501298904);
#15842=CARTESIAN_POINT('',(1.53,8.1,0.5));
#15843=VECTOR('',#18809,1000.0);
#15844=COLOUR_RGB('',0.313725501298904,0.313725501298904,0.313725501298904);
#15845=COLOUR_RGB('',0.313725501298904,0.313725501298904,0.313725501298904);
#15846=COLOUR_RGB('',0.313725501298904,0.313725501298904,0.313725501298904);
#15847=CARTESIAN_POINT('',(2.63,0.0,2.075));
#15848=VECTOR('',#18810,1.0);
#15849=COLOUR_RGB('',0.313725501298904,0.313725501298904,0.313725501298904);
#15850=COLOUR_RGB('',0.313725501298904,0.313725501298904,0.313725501298904);
#15851=CARTESIAN_POINT('',(1.67,5.2,2.05));
#15852=VECTOR('',#18811,1000.0);
#15853=COLOUR_RGB('',0.313725501298904,0.313725501298904,0.313725501298904);
#15854=CARTESIAN_POINT('',(2.6790001945052,5.2,0.45));
#15855=CARTESIAN_POINT('',(5.1038713899368,9.4,0.45));
#15856=VECTOR('',#18812,1.0);
#15857=CARTESIAN_POINT('',(2.6790002593402,5.2,2.075));
#15858=VECTOR('',#18813,1.0);
#15859=COLOUR_RGB('',0.313725501298904,0.313725501298904,0.313725501298904);
#15860=CARTESIAN_POINT('',(4.88,8.45,0.98));
#15861=CARTESIAN_POINT('',(4.88,9.5,0.98));
#15862=VECTOR('',#18814,1.0);
#15863=CARTESIAN_POINT('',(18.42,8.45,0.98));
#15864=VECTOR('',#18815,1.0);
#15865=COLOUR_RGB('',0.313725501298904,0.313725501298904,0.313725501298904);
#15866=CARTESIAN_POINT('',(6.83,0.0,3.3));
#15867=CARTESIAN_POINT('',(16.23,9.4,12.7));
#15868=VECTOR('',#18816,1.0);
#15869=CARTESIAN_POINT('',(6.83,0.0,2.35));
#15870=CARTESIAN_POINT('',(6.83,0.0,2.825));
#15871=VECTOR('',#18817,1.0);
#15872=CARTESIAN_POINT('',(16.23,9.4,-7.05));
#15873=VECTOR('',#18818,1.0);
#15874=COLOUR_RGB('',0.313725501298904,0.313725501298904,0.313725501298904);
#15875=CARTESIAN_POINT('',(3.61,8.45,2.1));
#15876=VECTOR('',#18819,1.0);
#15877=COLOUR_RGB('',0.313725501298904,0.313725501298904,0.313725501298904);
#15878=CARTESIAN_POINT('',(3.48,0.35,2.075));
#15879=VECTOR('',#18820,1.0);
#15880=COLOUR_RGB('',0.313725501298904,0.313725501298904,0.313725501298904);
#15881=CARTESIAN_POINT('',(3.73,0.0,2.075));
#15882=VECTOR('',#18821,1.0);
#15883=COLOUR_RGB('',0.313725501298904,0.313725501298904,0.313725501298904);
#15884=CARTESIAN_POINT('',(6.73,0.300000000000001,0.55));
#15885=CARTESIAN_POINT('',(6.43,0.0,0.85));
#15886=CARTESIAN_POINT('',(6.0216666666667,-0.40833333333333,1.25833333333334));
#15887=VECTOR('',#18822,1000.0);
#15888=CARTESIAN_POINT('',(6.73,0.300000000000001,2.05));
#15889=CARTESIAN_POINT('',(6.73,0.300000000000001,0.55));
#15890=VECTOR('',#18823,1000.0);
#15891=CARTESIAN_POINT('',(6.43,0.0,2.35));
#15892=CARTESIAN_POINT('',(6.5216666666667,0.0916666666666703,2.25833333333334));
#15893=VECTOR('',#18824,1000.0);
#15894=CARTESIAN_POINT('',(6.43,0.0,2.075));
#15895=VECTOR('',#18825,1000.0);
#15896=COLOUR_RGB('',0.313725501298904,0.313725501298904,0.313725501298904);
#15897=CARTESIAN_POINT('',(6.27,0.0,1.94));
#15898=CARTESIAN_POINT('',(6.27,0.0,0.94));
#15899=CARTESIAN_POINT('',(6.27,0.0,2.075));
#15900=VECTOR('',#18826,1.0);
#15901=CARTESIAN_POINT('',(6.02,0.35,1.64));
#15902=CARTESIAN_POINT('',(-0.444285714285698,9.4,-6.11714285714287));
#15903=VECTOR('',#18827,1.0);
#15904=CARTESIAN_POINT('',(6.02,0.35,1.24));
#15905=CARTESIAN_POINT('',(6.02,0.35,2.075));
#15906=VECTOR('',#18828,1.0);
#15907=CARTESIAN_POINT('',(-0.444285714285698,9.4,8.99714285714286));
#15908=VECTOR('',#18829,1.0);
#15909=COLOUR_RGB('',0.313725501298904,0.313725501298904,0.313725501298904);
#15910=CARTESIAN_POINT('',(18.42,1.65,3.17));
#15911=VECTOR('',#18830,1.0);
#15912=CARTESIAN_POINT('',(2.75,-1.2593649193145,3.17));
#15913=VECTOR('',#18831,1000.0);
#15914=COLOUR_RGB('',0.313725501298904,0.313725501298904,0.313725501298904);
#15915=CARTESIAN_POINT('',(5.0,0.0,1.94));
#15916=CARTESIAN_POINT('',(-1.7142857142857,9.4,-6.11714285714287));
#15917=VECTOR('',#18832,1.0);
#15918=CARTESIAN_POINT('',(3.9,0.0,1.94));
#15919=CARTESIAN_POINT('',(18.42,0.0,1.94));
#15920=VECTOR('',#18833,1.0);
#15921=CARTESIAN_POINT('',(10.6142857142857,9.4,-6.11714285714287));
#15922=VECTOR('',#18834,1.0);
#15923=COLOUR_RGB('',0.313725501298904,0.313725501298904,0.313725501298904);
#15924=COLOUR_RGB('',0.313725501298904,0.313725501298904,0.313725501298904);
#15925=CARTESIAN_POINT('',(4.3600000000001,1.65,3.17));
#15926=CARTESIAN_POINT('',(18.42,1.65,3.17));
#15927=VECTOR('',#18835,1.0);
#15928=CARTESIAN_POINT('',(4.3600000000001,4.24999999999268,3.17));
#15929=CARTESIAN_POINT('',(18.42,4.24999999999268,3.17));
#15930=VECTOR('',#18836,1.0);
#15931=CARTESIAN_POINT('',(4.3600000000001,9.5,3.17));
#15932=VECTOR('',#18837,1.0);
#15933=COLOUR_RGB('',0.313725501298904,0.313725501298904,0.313725501298904);
#15934=CARTESIAN_POINT('',(20.96,0.35,2.91));
#15935=VECTOR('',#18838,1.0);
#15936=CARTESIAN_POINT('',(6.27,0.0,3.21));
#15937=CARTESIAN_POINT('',(-0.444285714285698,9.4,-4.84714285714287));
#15938=VECTOR('',#18839,1.0);
#15939=CARTESIAN_POINT('',(20.96,0.0,3.21));
#15940=VECTOR('',#18840,1.0);
#15941=COLOUR_RGB('',0.313725501298904,0.313725501298904,0.313725501298904);
#15942=CARTESIAN_POINT('',(4.15,0.35,1.24));
#15943=CARTESIAN_POINT('',(4.15,0.35,2.075));
#15944=VECTOR('',#18841,1.0);
#15945=CARTESIAN_POINT('',(4.15,9.4,1.24));
#15946=VECTOR('',#18842,1.0);
#15947=COLOUR_RGB('',0.313725501298904,0.313725501298904,0.313725501298904);
#15948=CARTESIAN_POINT('',(3.9,0.0,0.94));
#15949=CARTESIAN_POINT('',(3.9,0.0,2.075));
#15950=VECTOR('',#18843,1.0);
#15951=CARTESIAN_POINT('',(10.6142857142857,9.4,8.99714285714286));
#15952=VECTOR('',#18844,1.0);
#15953=COLOUR_RGB('',0.313725501298904,0.313725501298904,0.313725501298904);
#15954=CARTESIAN_POINT('',(6.73,5.2,2.05));
#15955=CARTESIAN_POINT('',(6.73,5.2,2.05));
#15956=VECTOR('',#18845,1000.0);
#15957=CARTESIAN_POINT('',(6.73,5.2,0.55));
#15958=CARTESIAN_POINT('',(6.73,5.2,0.55));
#15959=VECTOR('',#18846,1000.0);
#15960=CARTESIAN_POINT('',(6.73,5.2,0.55));
#15961=VECTOR('',#18847,1000.0);
#15962=COLOUR_RGB('',0.313725501298904,0.313725501298904,0.313725501298904);
#15963=CARTESIAN_POINT('',(4.75,0.35,1.24));
#15964=CARTESIAN_POINT('',(4.75,9.4,1.24));
#15965=VECTOR('',#18848,1.0);
#15966=CARTESIAN_POINT('',(4.75,0.35,2.075));
#15967=VECTOR('',#18849,1.0);
#15968=COLOUR_RGB('',0.313725501298904,0.313725501298904,0.313725501298904);
#15969=CARTESIAN_POINT('',(7.23,0.300000000000001,3.6));
#15970=VECTOR('',#18850,1000.0);
#15971=CARTESIAN_POINT('',(18.42,0.0,3.3));
#15972=VECTOR('',#18851,1.0);
#15973=COLOUR_RGB('',0.313725501298904,0.313725501298904,0.313725501298904);
#15974=CARTESIAN_POINT('',(4.15,0.449999999999999,2.51));
#15975=CARTESIAN_POINT('',(4.15,0.449999999999999,2.91));
#15976=CARTESIAN_POINT('',(4.15,0.449999999999999,2.1));
#15977=VECTOR('',#18852,1.0);
#15978=CARTESIAN_POINT('',(4.15,0.35,2.91));
#15979=CARTESIAN_POINT('',(4.15,9.4,2.91));
#15980=VECTOR('',#18853,1.0);
#15981=CARTESIAN_POINT('',(4.15,0.35,2.51));
#15982=CARTESIAN_POINT('',(4.15,0.35,2.075));
#15983=VECTOR('',#18854,1.0);
#15984=CARTESIAN_POINT('',(4.15,9.4,2.51));
#15985=VECTOR('',#18855,1.0);
#15986=COLOUR_RGB('',0.313725501298904,0.313725501298904,0.313725501298904);
#15987=CARTESIAN_POINT('',(3.9,0.0,3.21));
#15988=CARTESIAN_POINT('',(10.6142857142857,9.4,-4.84714285714287));
#15989=VECTOR('',#18856,1.0);
#15990=CARTESIAN_POINT('',(3.9,0.0,2.21));
#15991=CARTESIAN_POINT('',(3.9,-1.06581410364015E-14,2.075));
#15992=VECTOR('',#18857,1.0);
#15993=CARTESIAN_POINT('',(10.6142857142857,9.4,10.2671428571429));
#15994=VECTOR('',#18858,1.0);
#15995=COLOUR_RGB('',0.313725501298904,0.313725501298904,0.313725501298904);
#15996=CARTESIAN_POINT('',(-9.52,0.0,0.85000000000001));
#15997=VECTOR('',#18859,1000.0);
#15998=CARTESIAN_POINT('',(2.17,0.300000000000001,0.55));
#15999=VECTOR('',#18860,1000.0);
#16000=COLOUR_RGB('',0.313725501298904,0.313725501298904,0.313725501298904);
#16001=CARTESIAN_POINT('',(4.02,8.8,3.17));
#16002=CARTESIAN_POINT('',(4.02,8.8,2.25));
#16003=CARTESIAN_POINT('',(4.02,8.8,2.1));
#16004=VECTOR('',#18861,1.0);
#16005=CARTESIAN_POINT('',(4.02,-1.2593649193145,3.17));
#16006=VECTOR('',#18862,1000.0);
#16007=CARTESIAN_POINT('',(4.02,0.449999999999999,3.17));
#16008=CARTESIAN_POINT('',(4.02,-1.2593649193145,3.17));
#16009=VECTOR('',#18863,1000.0);
#16010=CARTESIAN_POINT('',(4.02,0.449999999999999,2.25));
#16011=CARTESIAN_POINT('',(4.02,0.449999999999999,3.17));
#16012=VECTOR('',#18864,1000.0);
#16013=CARTESIAN_POINT('',(4.02,-1.2593649193145,2.25));
#16014=VECTOR('',#18865,1000.0);
#16015=COLOUR_RGB('',0.313725501298904,0.313725501298904,0.313725501298904);
#16016=CARTESIAN_POINT('',(35.17,5.2,3.6));
#16017=VECTOR('',#18866,1000.0);
#16018=CARTESIAN_POINT('',(2.95,3.25,3.6));
#16019=CARTESIAN_POINT('',(2.95,2.25,3.6));
#16020=CARTESIAN_POINT('',(2.95,9.5,3.6));
#16021=VECTOR('',#18867,1.0);
#16022=CARTESIAN_POINT('',(5.95,3.25,3.6));
#16023=CARTESIAN_POINT('',(17.92,3.25,3.6));
#16024=VECTOR('',#18868,1.0);
#16025=CARTESIAN_POINT('',(5.95,2.25,3.6));
#16026=CARTESIAN_POINT('',(5.95,9.5,3.6));
#16027=VECTOR('',#18869,1.0);
#16028=CARTESIAN_POINT('',(17.92,2.25,3.6));
#16029=VECTOR('',#18870,1.0);
#16030=COLOUR_RGB('',0.313725501298904,0.313725501298904,0.313725501298904);
#16031=CARTESIAN_POINT('',(6.73,0.300000000000001,2.05));
#16032=VECTOR('',#18871,1000.0);
#16033=CARTESIAN_POINT('',(6.73,5.2,2.05));
#16034=VECTOR('',#18872,1000.0);
#16035=COLOUR_RGB('',0.313725501298904,0.313725501298904,0.313725501298904);
#16036=CARTESIAN_POINT('',(6.02,0.449999999999999,1.64));
#16037=CARTESIAN_POINT('',(6.02,9.4,1.64));
#16038=VECTOR('',#18873,1.0);
#16039=CARTESIAN_POINT('',(6.02,0.449999999999999,1.24));
#16040=CARTESIAN_POINT('',(6.02,0.449999999999999,2.075));
#16041=VECTOR('',#18874,1.0);
#16042=CARTESIAN_POINT('',(6.02,9.4,1.24));
#16043=VECTOR('',#18875,1.0);
#16044=COLOUR_RGB('',0.313725501298904,0.313725501298904,0.313725501298904);
#16045=CARTESIAN_POINT('',(-9.52,0.0,2.35000000000001));
#16046=VECTOR('',#18876,1.0);
#16047=COLOUR_RGB('',0.313725501298904,0.313725501298904,0.313725501298904);
#16048=COLOUR_RGB('',0.313725501298904,0.313725501298904,0.313725501298904);
#16049=CARTESIAN_POINT('',(7.07,8.8,-0.825));
#16050=VECTOR('',#18877,1000.0);
#16051=CARTESIAN_POINT('',(6.15,8.8,3.17));
#16052=CARTESIAN_POINT('',(5.29,8.8,3.17));
#16053=CARTESIAN_POINT('',(20.96,8.8,3.17));
#16054=VECTOR('',#18878,1.0);
#16055=CARTESIAN_POINT('',(5.29,8.8,2.1));
#16056=VECTOR('',#18879,1.0);
#16057=CARTESIAN_POINT('',(6.15,8.8,2.1));
#16058=VECTOR('',#18880,1.0);
#16059=CARTESIAN_POINT('',(4.88,8.8,2.25));
#16060=CARTESIAN_POINT('',(18.42,8.8,2.25));
#16061=VECTOR('',#18881,1.0);
#16062=CARTESIAN_POINT('',(4.88,8.8,3.17));
#16063=CARTESIAN_POINT('',(4.88,8.8,2.1));
#16064=VECTOR('',#18882,1.0);
#16065=CARTESIAN_POINT('',(18.42,8.8,3.17));
#16066=VECTOR('',#18883,1.0);
#16067=COLOUR_RGB('',0.313725501298904,0.313725501298904,0.313725501298904);
#16068=CARTESIAN_POINT('',(5.42,0.449999999999999,2.51));
#16069=CARTESIAN_POINT('',(5.42,0.449999999999999,2.91));
#16070=CARTESIAN_POINT('',(5.42,0.449999999999999,2.075));
#16071=VECTOR('',#18884,1.0);
#16072=CARTESIAN_POINT('',(5.42,9.4,2.91));
#16073=VECTOR('',#18885,1.0);
#16074=CARTESIAN_POINT('',(5.42,9.4,2.51));
#16075=VECTOR('',#18886,1.0);
#16076=COLOUR_RGB('',0.313725501298904,0.313725501298904,0.313725501298904);
#16077=CARTESIAN_POINT('',(-25.77,5.2,0.55));
#16078=VECTOR('',#18887,1000.0);
#16079=COLOUR_RGB('',0.313725501298904,0.313725501298904,0.313725501298904);
#16080=CARTESIAN_POINT('',(6.73,5.2,0.45));
#16081=CARTESIAN_POINT('',(-25.77,5.2,0.45));
#16082=VECTOR('',#18888,1000.0);
#16083=CARTESIAN_POINT('',(6.73,5.2,0.0));
#16084=CARTESIAN_POINT('',(6.73,5.2,33.2487767355294));
#16085=VECTOR('',#18889,1000.0);
#16086=CARTESIAN_POINT('',(7.37,5.2,0.0));
#16087=CARTESIAN_POINT('',(-27.94,5.2,0.0));
#16088=VECTOR('',#18890,1000.0);
#16089=CARTESIAN_POINT('',(7.37,5.2,0.5));
#16090=CARTESIAN_POINT('',(7.37,5.2,2.075));
#16091=VECTOR('',#18891,1000.0);
#16092=CARTESIAN_POINT('',(7.67,5.2,0.5));
#16093=CARTESIAN_POINT('',(-9.52,5.2,0.5));
#16094=VECTOR('',#18892,1000.0);
#16095=CARTESIAN_POINT('',(7.67,5.2,3.5));
#16096=CARTESIAN_POINT('',(7.67,5.2,2.075));
#16097=VECTOR('',#18893,1000.0);
#16098=AXIS2_PLACEMENT_3D('',#18894,#18895,#18896);
#16099=CARTESIAN_POINT('',(2.17,5.2,0.45));
#16100=VECTOR('',#18897,1000.0);
#16101=COLOUR_RGB('',0.313725501298904,0.313725501298904,0.313725501298904);
#16102=CARTESIAN_POINT('',(4.88,8.45,2.1));
#16103=VECTOR('',#18898,1.0);
#16104=COLOUR_RGB('',0.313725501298904,0.313725501298904,0.313725501298904);
#16105=CARTESIAN_POINT('',(6.15,0.449999999999999,3.17));
#16106=CARTESIAN_POINT('',(6.15,0.449999999999999,3.17));
#16107=VECTOR('',#18899,1000.0);
#16108=CARTESIAN_POINT('',(6.15,1.65,3.17));
#16109=CARTESIAN_POINT('',(6.15,-1.2593649193145,3.17));
#16110=VECTOR('',#18900,1000.0);
#16111=CARTESIAN_POINT('',(6.15,1.65,3.1));
#16112=CARTESIAN_POINT('',(6.15,1.65,2.1));
#16113=VECTOR('',#18901,1.0);
#16114=CARTESIAN_POINT('',(6.15,4.24999999999268,3.1));
#16115=CARTESIAN_POINT('',(6.15,9.5,3.1));
#16116=VECTOR('',#18902,1.0);
#16117=CARTESIAN_POINT('',(6.15,4.24999999999268,3.17));
#16118=CARTESIAN_POINT('',(6.15,4.24999999999268,2.1));
#16119=VECTOR('',#18903,1.0);
#16120=CARTESIAN_POINT('',(6.15,-1.2593649193145,3.17));
#16121=VECTOR('',#18904,1000.0);
#16122=COLOUR_RGB('',0.313725501298904,0.313725501298904,0.313725501298904);
#16123=CARTESIAN_POINT('',(5.29,4.24999999999268,3.17));
#16124=CARTESIAN_POINT('',(5.29,-1.2593649193145,3.17));
#16125=VECTOR('',#18905,1000.0);
#16126=CARTESIAN_POINT('',(5.29,4.24999999999268,3.1));
#16127=CARTESIAN_POINT('',(5.29,4.24999999999268,2.1));
#16128=VECTOR('',#18906,1.0);
#16129=CARTESIAN_POINT('',(5.29,1.65,3.1));
#16130=CARTESIAN_POINT('',(5.29,9.5,3.1));
#16131=VECTOR('',#18907,1.0);
#16132=CARTESIAN_POINT('',(5.29,1.65,3.17));
#16133=CARTESIAN_POINT('',(5.29,1.65,2.1));
#16134=VECTOR('',#18908,1.0);
#16135=CARTESIAN_POINT('',(5.29,0.449999999999999,3.17));
#16136=CARTESIAN_POINT('',(5.29,-1.2593649193145,3.17));
#16137=VECTOR('',#18909,1000.0);
#16138=CARTESIAN_POINT('',(5.29,0.449999999999999,3.17));
#16139=VECTOR('',#18910,1000.0);
#16140=COLOUR_RGB('',0.313725501298904,0.313725501298904,0.313725501298904);
#16141=CARTESIAN_POINT('',(18.42,4.24999999999268,3.17));
#16142=VECTOR('',#18911,1.0);
#16143=COLOUR_RGB('',0.313725501298904,0.313725501298904,0.313725501298904);
#16144=CARTESIAN_POINT('',(6.15,0.449999999999999,3.17));
#16145=VECTOR('',#18912,1000.0);
#16146=CARTESIAN_POINT('',(20.96,0.449999999999999,2.91));
#16147=VECTOR('',#18913,1.0);
#16148=CARTESIAN_POINT('',(20.96,0.449999999999999,2.51));
#16149=VECTOR('',#18914,1.0);
#16150=COLOUR_RGB('',0.313725501298904,0.313725501298904,0.313725501298904);
#16151=COLOUR_RGB('',0.313725501298904,0.313725501298904,0.313725501298904);
#16152=CARTESIAN_POINT('',(6.27,0.0,2.21));
#16153=CARTESIAN_POINT('',(6.27,0.0,2.075));
#16154=VECTOR('',#18915,1.0);
#16155=CARTESIAN_POINT('',(-0.444285714285698,9.4,10.2671428571429));
#16156=VECTOR('',#18916,1.0);
#16157=COLOUR_RGB('',0.313725501298904,0.313725501298904,0.313725501298904);
#16158=CARTESIAN_POINT('',(20.96,0.35,2.51));
#16159=VECTOR('',#18917,1.0);
#16160=CARTESIAN_POINT('',(20.96,0.0,2.21));
#16161=VECTOR('',#18918,1.0);
#16162=COLOUR_RGB('',0.313725501298904,0.313725501298904,0.313725501298904);
#16163=COLOUR_RGB('',0.313725501298904,0.313725501298904,0.313725501298904);
#16164=CARTESIAN_POINT('',(5.17,0.0,1.94));
#16165=CARTESIAN_POINT('',(20.96,0.0,1.94));
#16166=VECTOR('',#18919,1.0);
#16167=CARTESIAN_POINT('',(5.17,0.0,0.94));
#16168=CARTESIAN_POINT('',(20.96,0.0,0.94));
#16169=VECTOR('',#18920,1.0);
#16170=CARTESIAN_POINT('',(5.17,0.0,2.075));
#16171=VECTOR('',#18921,1.0);
#16172=CARTESIAN_POINT('',(5.0,0.0,0.94));
#16173=CARTESIAN_POINT('',(5.0,0.0,2.075));
#16174=VECTOR('',#18922,1.0);
#16175=CARTESIAN_POINT('',(18.42,0.0,0.94));
#16176=VECTOR('',#18923,1.0);
#16177=CARTESIAN_POINT('',(5.0,0.0,3.21));
#16178=CARTESIAN_POINT('',(18.42,0.0,3.21));
#16179=VECTOR('',#18924,1.0);
#16180=CARTESIAN_POINT('',(5.0,0.0,2.21));
#16181=CARTESIAN_POINT('',(5.0,1.06581410364015E-14,2.075));
#16182=VECTOR('',#18925,1.0);
#16183=CARTESIAN_POINT('',(18.42,0.0,2.21));
#16184=VECTOR('',#18926,1.0);
#16185=COLOUR_RGB('',0.313725501298904,0.313725501298904,0.313725501298904);
#16186=CARTESIAN_POINT('',(5.42,0.35,1.64));
#16187=CARTESIAN_POINT('',(20.96,0.35,1.64));
#16188=VECTOR('',#18927,1.0);
#16189=CARTESIAN_POINT('',(5.42,0.449999999999999,1.64));
#16190=CARTESIAN_POINT('',(5.42,9.4,1.64));
#16191=VECTOR('',#18928,1.0);
#16192=CARTESIAN_POINT('',(20.96,0.449999999999999,1.64));
#16193=VECTOR('',#18929,1.0);
#16194=COLOUR_RGB('',0.313725501298904,0.313725501298904,0.313725501298904);
#16195=CARTESIAN_POINT('',(5.42,0.35,1.24));
#16196=CARTESIAN_POINT('',(11.8842857142857,9.4,8.99714285714286));
#16197=VECTOR('',#18930,1.0);
#16198=CARTESIAN_POINT('',(5.42,0.35,2.075));
#16199=VECTOR('',#18931,1.0);
#16200=CARTESIAN_POINT('',(11.8842857142857,9.4,-6.11714285714287));
#16201=VECTOR('',#18932,1.0);
#16202=COLOUR_RGB('',0.313725501298904,0.313725501298904,0.313725501298904);
#16203=CARTESIAN_POINT('',(5.42,0.449999999999999,1.24));
#16204=CARTESIAN_POINT('',(5.42,0.449999999999999,2.075));
#16205=VECTOR('',#18933,1.0);
#16206=CARTESIAN_POINT('',(5.42,9.4,1.24));
#16207=VECTOR('',#18934,1.0);
#16208=COLOUR_RGB('',0.313725501298904,0.313725501298904,0.313725501298904);
#16209=COLOUR_RGB('',0.313725501298904,0.313725501298904,0.313725501298904);
#16210=CARTESIAN_POINT('',(20.96,0.35,1.24));
#16211=VECTOR('',#18935,1.0);
#16212=COLOUR_RGB('',0.313725501298904,0.313725501298904,0.313725501298904);
#16213=CARTESIAN_POINT('',(20.96,0.449999999999999,1.24));
#16214=VECTOR('',#18936,1.0);
#16215=COLOUR_RGB('',0.313725501298904,0.313725501298904,0.313725501298904);
#16216=CARTESIAN_POINT('',(5.29,0.449999999999999,1.9));
#16217=VECTOR('',#18937,1000.0);
#16218=CARTESIAN_POINT('',(6.15,0.449999999999999,2.1));
#16219=VECTOR('',#18938,1.0);
#16220=COLOUR_RGB('',0.313725501298904,0.313725501298904,0.313725501298904);
#16221=CARTESIAN_POINT('',(5.29,8.45,2.1));
#16222=VECTOR('',#18939,1.0);
#16223=COLOUR_RGB('',0.313725501298904,0.313725501298904,0.313725501298904);
#16224=CARTESIAN_POINT('',(6.15,8.45,2.1));
#16225=VECTOR('',#18940,1.0);
#16226=CARTESIAN_POINT('',(7.07,8.45,0.0));
#16227=CARTESIAN_POINT('',(7.07,8.45,2.1));
#16228=VECTOR('',#18941,1.0);
#16229=CARTESIAN_POINT('',(6.73,8.45,0.0));
#16230=CARTESIAN_POINT('',(-26.11,8.45,0.0));
#16231=VECTOR('',#18942,1000.0);
#16232=CARTESIAN_POINT('',(6.73,8.45,0.45));
#16233=CARTESIAN_POINT('',(6.73,8.45,33.2487767355294));
#16234=VECTOR('',#18943,1000.0);
#16235=CARTESIAN_POINT('',(2.17,8.45,0.45));
#16236=VECTOR('',#18944,1000.0);
#16237=COLOUR_RGB('',0.313725501298904,0.313725501298904,0.313725501298904);
#16238=COLOUR_RGB('',0.313725501298904,0.313725501298904,0.313725501298904);
#16239=CARTESIAN_POINT('',(8.90000000000001,6.3,0.0));
#16240=CARTESIAN_POINT('',(8.90000000000001,8.1,0.0));
#16241=CARTESIAN_POINT('',(8.9,0.0,0.0));
#16242=VECTOR('',#18945,1000.0);
#16243=CARTESIAN_POINT('',(7.37,6.3,0.0));
#16244=CARTESIAN_POINT('',(8.90000000000001,6.3,0.0));
#16245=VECTOR('',#18946,1000.0);
#16246=CARTESIAN_POINT('',(7.37,6.3,0.0));
#16247=VECTOR('',#18947,1000.0);
#16248=CARTESIAN_POINT('',(6.73,5.2,0.0));
#16249=VECTOR('',#18948,1000.0);
#16250=CARTESIAN_POINT('',(7.07,9.4,0.0));
#16251=CARTESIAN_POINT('',(7.0700000000001,2.00728322852228E-13,0.0));
#16252=VECTOR('',#18949,1000.0);
#16253=CARTESIAN_POINT('',(7.37,9.4,0.0));
#16254=CARTESIAN_POINT('',(-27.94,9.4,0.0));
#16255=VECTOR('',#18950,1000.0);
#16256=CARTESIAN_POINT('',(7.37,8.1,0.0));
#16257=CARTESIAN_POINT('',(7.37,8.1,0.0));
#16258=VECTOR('',#18951,1000.0);
#16259=CARTESIAN_POINT('',(8.90000000000001,8.1,0.0));
#16260=VECTOR('',#18952,1000.0);
#16261=CARTESIAN_POINT('',(7.93,7.95,0.0));
#16262=CARTESIAN_POINT('',(7.93,6.45,0.0));
#16263=AXIS2_PLACEMENT_3D('',#18953,#18954,#18955);
#16264=AXIS2_PLACEMENT_3D('',#18956,#18957,#18958);
#16265=COLOUR_RGB('',0.313725501298904,0.313725501298904,0.313725501298904);
#16266=CARTESIAN_POINT('',(7.93,6.45,-0.72500000000001));
#16267=CARTESIAN_POINT('',(7.93,6.45,-0.825));
#16268=VECTOR('',#18959,1.0);
#16269=CARTESIAN_POINT('',(8.68000000000001,7.2,-0.72500000000001));
#16270=AXIS2_PLACEMENT_3D('',#18960,#18961,#18962);
#16271=CARTESIAN_POINT('',(7.93,7.95,-0.72500000000001));
#16272=AXIS2_PLACEMENT_3D('',#18963,#18964,#18965);
#16273=CARTESIAN_POINT('',(7.93,7.95,-0.825));
#16274=VECTOR('',#18966,1.0);
#16275=COLOUR_RGB('',0.313725501298904,0.313725501298904,0.313725501298904);
#16276=CARTESIAN_POINT('',(7.18,7.2,-0.72500000000001));
#16277=AXIS2_PLACEMENT_3D('',#18967,#18968,#18969);
#16278=CARTESIAN_POINT('',(7.28,7.2,-0.825));
#16279=CARTESIAN_POINT('',(7.28,7.2,-0.825));
#16280=VECTOR('',#18970,0.919238815542525);
#16281=CARTESIAN_POINT('',(8.58000000000001,7.2,-0.825));
#16282=AXIS2_PLACEMENT_3D('',#18971,#18972,#18973);
#16283=CARTESIAN_POINT('',(8.58000000000001,7.2,-0.825));
#16284=VECTOR('',#18974,0.919238815542525);
#16285=COLOUR_RGB('',0.313725501298904,0.313725501298904,0.313725501298904);
#16286=AXIS2_PLACEMENT_3D('',#18975,#18976,#18977);
#16287=COLOUR_RGB('',0.313725501298904,0.313725501298904,0.313725501298904);
#16288=CARTESIAN_POINT('',(7.07,9.4,2.075));
#16289=VECTOR('',#18978,1000.0);
#16290=COLOUR_RGB('',0.313725501298904,0.313725501298904,0.313725501298904);
#16291=CARTESIAN_POINT('',(7.67,9.4,3.5));
#16292=AXIS2_PLACEMENT_3D('',#18979,#18980,#18981);
#16293=CARTESIAN_POINT('',(7.67,9.4,0.5));
#16294=CARTESIAN_POINT('',(7.67,9.4,2.075));
#16295=VECTOR('',#18982,1000.0);
#16296=CARTESIAN_POINT('',(7.37,9.4,0.5));
#16297=CARTESIAN_POINT('',(-9.52,9.4,0.5));
#16298=VECTOR('',#18983,1000.0);
#16299=CARTESIAN_POINT('',(7.37,9.4,2.075));
#16300=VECTOR('',#18984,1000.0);
#16301=COLOUR_RGB('',0.313725501298904,0.313725501298904,0.313725501298904);
#16302=CARTESIAN_POINT('',(7.67,5.2,3.5));
#16303=VECTOR('',#18985,1000.0);
#16304=CARTESIAN_POINT('',(7.67,6.00500000000001,0.5));
#16305=CARTESIAN_POINT('',(7.67,5.2,0.5));
#16306=VECTOR('',#18986,1000.0);
#16307=CARTESIAN_POINT('',(7.67,6.00500000000001,3.0));
#16308=CARTESIAN_POINT('',(7.67,6.00500000000001,2.1));
#16309=VECTOR('',#18987,1.0);
#16310=CARTESIAN_POINT('',(7.67,8.395,3.0));
#16311=CARTESIAN_POINT('',(7.67,9.5,3.0));
#16312=VECTOR('',#18988,1.0);
#16313=CARTESIAN_POINT('',(7.67,8.395,0.5));
#16314=CARTESIAN_POINT('',(7.67,8.395,2.1));
#16315=VECTOR('',#18989,1.0);
#16316=CARTESIAN_POINT('',(7.67,5.2,0.5));
#16317=VECTOR('',#18990,1000.0);
#16318=COLOUR_RGB('',0.313725501298904,0.313725501298904,0.313725501298904);
#16319=COLOUR_RGB('',0.313725501298904,0.313725501298904,0.313725501298904);
#16320=CARTESIAN_POINT('',(7.37,6.3,0.5));
#16321=CARTESIAN_POINT('',(7.37,6.3,0.5));
#16322=VECTOR('',#18991,1000.0);
#16323=CARTESIAN_POINT('',(8.90000000000001,6.3,0.5));
#16324=CARTESIAN_POINT('',(8.90000000000001,6.3,0.5));
#16325=VECTOR('',#18992,1000.0);
#16326=CARTESIAN_POINT('',(8.90000000000001,6.005,0.5));
#16327=CARTESIAN_POINT('',(8.90000000000001,6.3,0.5));
#16328=VECTOR('',#18993,1000.0);
#16329=CARTESIAN_POINT('',(8.90000000000001,6.005,0.5));
#16330=VECTOR('',#18994,1000.0);
#16331=COLOUR_RGB('',0.313725501298904,0.313725501298904,0.313725501298904);
#16332=CARTESIAN_POINT('',(8.90000000000001,6.3,0.5));
#16333=VECTOR('',#18995,1000.0);
#16334=CARTESIAN_POINT('',(7.37,6.3,0.5));
#16335=VECTOR('',#18996,1000.0);
#16336=COLOUR_RGB('',0.313725501298904,0.313725501298904,0.313725501298904);
#16337=COLOUR_RGB('',0.313725501298904,0.313725501298904,0.313725501298904);
#16338=CARTESIAN_POINT('',(7.73,6.00500000000001,2.37038055098076));
#16339=CARTESIAN_POINT('',(7.73,6.00500000000001,3.0));
#16340=CARTESIAN_POINT('',(7.73,6.00500000000001,2.1));
#16341=VECTOR('',#18997,1.0);
#16342=CARTESIAN_POINT('',(-9.52,6.00500000000012,3.0));
#16343=VECTOR('',#18998,1.0);
#16344=CARTESIAN_POINT('',(8.90000000000001,6.005,3.0));
#16345=CARTESIAN_POINT('',(8.90000000000001,6.005,-0.825));
#16346=VECTOR('',#18999,1000.0);
#16347=CARTESIAN_POINT('',(8.13,6.005,3.0));
#16348=CARTESIAN_POINT('',(-9.52,6.00500000000012,3.0));
#16349=VECTOR('',#19000,1.0);
#16350=CARTESIAN_POINT('',(8.13,6.005,2.37038055098076));
#16351=CARTESIAN_POINT('',(8.13,6.005,2.1));
#16352=VECTOR('',#19001,1.0);
#16353=CARTESIAN_POINT('',(-9.52,6.00500000000012,2.37038055098076));
#16354=VECTOR('',#19002,1.0);
#16355=COLOUR_RGB('',0.313725501298904,0.313725501298904,0.313725501298904);
#16356=CARTESIAN_POINT('',(8.13,8.395,3.0));
#16357=CARTESIAN_POINT('',(8.13,9.5,3.0));
#16358=VECTOR('',#19003,1.0);
#16359=CARTESIAN_POINT('',(8.13,8.395,2.37038055098076));
#16360=CARTESIAN_POINT('',(8.13,8.395,2.1));
#16361=VECTOR('',#19004,1.0);
#16362=CARTESIAN_POINT('',(8.13,9.5,2.37038055098076));
#16363=VECTOR('',#19005,1.0);
#16364=COLOUR_RGB('',0.313725501298904,0.313725501298904,0.313725501298904);
#16365=CARTESIAN_POINT('',(7.73,8.395,2.37038055098076));
#16366=CARTESIAN_POINT('',(-9.52,8.395,2.37038055098076));
#16367=VECTOR('',#19006,1.0);
#16368=CARTESIAN_POINT('',(7.73,9.5,2.37038055098076));
#16369=VECTOR('',#19007,1.0);
#16370=COLOUR_RGB('',0.313725501298904,0.313725501298904,0.313725501298904);
#16371=CARTESIAN_POINT('',(7.73,8.395,3.0));
#16372=CARTESIAN_POINT('',(-9.52,8.395,3.0));
#16373=VECTOR('',#19008,1.0);
#16374=CARTESIAN_POINT('',(7.73,8.395,2.1));
#16375=VECTOR('',#19009,1.0);
#16376=CARTESIAN_POINT('',(8.90000000000001,8.395,3.0));
#16377=CARTESIAN_POINT('',(-9.52,8.395,3.0));
#16378=VECTOR('',#19010,1.0);
#16379=CARTESIAN_POINT('',(8.90000000000001,8.395,0.5));
#16380=CARTESIAN_POINT('',(8.90000000000001,8.395,-0.825));
#16381=VECTOR('',#19011,1000.0);
#16382=CARTESIAN_POINT('',(7.67,8.395,0.5));
#16383=VECTOR('',#19012,1000.0);
#16384=COLOUR_RGB('',0.313725501298904,0.313725501298904,0.313725501298904);
#16385=CARTESIAN_POINT('',(8.90000000000001,8.395,3.0));
#16386=VECTOR('',#19013,1000.0);
#16387=COLOUR_RGB('',0.313725501298904,0.313725501298904,0.313725501298904);
#16388=CARTESIAN_POINT('',(8.90000000000001,8.1,0.5));
#16389=CARTESIAN_POINT('',(8.90000000000001,8.1,0.5));
#16390=VECTOR('',#19014,1000.0);
#16391=CARTESIAN_POINT('',(7.37,8.1,0.5));
#16392=CARTESIAN_POINT('',(8.90000000000001,8.1,0.5));
#16393=VECTOR('',#19015,1000.0);
#16394=CARTESIAN_POINT('',(7.37,8.1,0.5));
#16395=VECTOR('',#19016,1000.0);
#16396=COLOUR_RGB('',0.313725501298904,0.313725501298904,0.313725501298904);
#16397=CARTESIAN_POINT('',(7.37,8.1,0.5));
#16398=VECTOR('',#19017,1000.0);
#16399=COLOUR_RGB('',0.313725501298904,0.313725501298904,0.313725501298904);
#16400=CARTESIAN_POINT('',(8.90000000000001,8.1,0.5));
#16401=VECTOR('',#19018,1000.0);
#16402=COLOUR_RGB('',0.313725501298904,0.313725501298904,0.313725501298904);
#16403=CARTESIAN_POINT('',(7.73,9.5,3.0));
#16404=VECTOR('',#19019,1.0);
#16405=COLOUR_RGB('',0.313725501298904,0.313725501298904,0.313725501298904);
#16406=COLOUR_RGB('',0.313725501298904,0.313725501298904,0.313725501298904);
#16407=COLOUR_RGB('',0.313725501298904,0.313725501298904,0.313725501298904);
#16408=CARTESIAN_POINT('',(6.73,5.2,0.45));
#16409=VECTOR('',#19020,1000.0);
#16410=COLOUR_RGB('',0.313725501298904,0.313725501298904,0.313725501298904);
#16411=COLOUR_RGB('',0.313725501298904,0.313725501298904,0.313725501298904);
#16412=CARTESIAN_POINT('',(4.88,0.449999999999999,2.25));
#16413=CARTESIAN_POINT('',(4.88,-1.2593649193145,2.25));
#16414=VECTOR('',#19021,1000.0);
#16415=CARTESIAN_POINT('',(4.88,0.449999999999999,3.17));
#16416=CARTESIAN_POINT('',(4.88,0.449999999999999,3.17));
#16417=VECTOR('',#19022,1000.0);
#16418=CARTESIAN_POINT('',(4.88,1.65,3.17));
#16419=CARTESIAN_POINT('',(4.88,-1.2593649193145,3.17));
#16420=VECTOR('',#19023,1000.0);
#16421=CARTESIAN_POINT('',(4.88,1.65,3.1));
#16422=CARTESIAN_POINT('',(4.88,1.65,2.1));
#16423=VECTOR('',#19024,1.0);
#16424=CARTESIAN_POINT('',(4.88,4.24999999999268,3.1));
#16425=CARTESIAN_POINT('',(4.88,9.5,3.1));
#16426=VECTOR('',#19025,1.0);
#16427=CARTESIAN_POINT('',(4.88,4.24999999999268,3.17));
#16428=CARTESIAN_POINT('',(4.88,4.24999999999268,2.1));
#16429=VECTOR('',#19026,1.0);
#16430=CARTESIAN_POINT('',(4.88,-1.2593649193145,3.17));
#16431=VECTOR('',#19027,1000.0);
#16432=COLOUR_RGB('',0.313725501298904,0.313725501298904,0.313725501298904);
#16433=CARTESIAN_POINT('',(4.5500000000001,1.65,3.17));
#16434=CARTESIAN_POINT('',(18.42,1.65,3.17));
#16435=VECTOR('',#19028,1.0);
#16436=CARTESIAN_POINT('',(18.42,1.65,3.17));
#16437=VECTOR('',#19029,1.0);
#16438=CARTESIAN_POINT('',(4.88,0.449999999999999,3.17));
#16439=VECTOR('',#19030,1000.0);
#16440=COLOUR_RGB('',0.313725501298904,0.313725501298904,0.313725501298904);
#16441=CARTESIAN_POINT('',(4.55,4.24999999999268,3.17));
#16442=CARTESIAN_POINT('',(18.42,4.24999999999268,3.17));
#16443=VECTOR('',#19031,1.0);
#16444=CARTESIAN_POINT('',(4.55,9.5,3.17));
#16445=VECTOR('',#19032,1.0);
#16446=COLOUR_RGB('',0.313725501298904,0.313725501298904,0.313725501298904);
#16447=CARTESIAN_POINT('',(4.88,0.449999999999999,2.25));
#16448=VECTOR('',#19033,1000.0);
#16449=CARTESIAN_POINT('',(4.75,0.449999999999999,2.51));
#16450=CARTESIAN_POINT('',(18.42,0.449999999999999,2.51));
#16451=VECTOR('',#19034,1.0);
#16452=CARTESIAN_POINT('',(4.75,0.449999999999999,2.91));
#16453=CARTESIAN_POINT('',(4.75,0.449999999999999,2.075));
#16454=VECTOR('',#19035,1.0);
#16455=CARTESIAN_POINT('',(18.42,0.449999999999999,2.91));
#16456=VECTOR('',#19036,1.0);
#16457=COLOUR_RGB('',0.313725501298904,0.313725501298904,0.313725501298904);
#16458=CARTESIAN_POINT('',(4.75,0.35,2.51));
#16459=CARTESIAN_POINT('',(4.75,9.4,2.51));
#16460=VECTOR('',#19037,1.0);
#16461=CARTESIAN_POINT('',(4.75,0.35,2.91));
#16462=CARTESIAN_POINT('',(4.75,0.35,2.075));
#16463=VECTOR('',#19038,1.0);
#16464=CARTESIAN_POINT('',(4.75,9.4,2.91));
#16465=VECTOR('',#19039,1.0);
#16466=COLOUR_RGB('',0.313725501298904,0.313725501298904,0.313725501298904);
#16467=CARTESIAN_POINT('',(-1.7142857142857,9.4,-4.84714285714287));
#16468=VECTOR('',#19040,1.0);
#16469=CARTESIAN_POINT('',(-1.7142857142857,9.4,10.2671428571429));
#16470=VECTOR('',#19041,1.0);
#16471=COLOUR_RGB('',0.313725501298904,0.313725501298904,0.313725501298904);
#16472=CARTESIAN_POINT('',(18.42,0.35,2.91));
#16473=VECTOR('',#19042,1.0);
#16474=COLOUR_RGB('',0.313725501298904,0.313725501298904,0.313725501298904);
#16475=COLOUR_RGB('',0.313725501298904,0.313725501298904,0.313725501298904);
#16476=CARTESIAN_POINT('',(18.42,0.35,2.51));
#16477=VECTOR('',#19043,1.0);
#16478=COLOUR_RGB('',0.313725501298904,0.313725501298904,0.313725501298904);
#16479=COLOUR_RGB('',0.313725501298904,0.313725501298904,0.313725501298904);
#16480=COLOUR_RGB('',0.313725501298904,0.313725501298904,0.313725501298904);
#16481=CARTESIAN_POINT('',(-1.7142857142857,9.4,8.99714285714286));
#16482=VECTOR('',#19044,1.0);
#16483=COLOUR_RGB('',0.313725501298904,0.313725501298904,0.313725501298904);
#16484=CARTESIAN_POINT('',(18.42,0.35,1.24));
#16485=VECTOR('',#19045,1.0);
#16486=COLOUR_RGB('',0.313725501298904,0.313725501298904,0.313725501298904);
#16487=COLOUR_RGB('',0.313725501298904,0.313725501298904,0.313725501298904);
#16488=CARTESIAN_POINT('',(6.15,-1.2593649193145,3.17));
#16489=VECTOR('',#19046,1000.0);
#16490=COLOUR_RGB('',0.313725501298904,0.313725501298904,0.313725501298904);
#16491=CARTESIAN_POINT('',(5.29,-1.2593649193145,3.17));
#16492=VECTOR('',#19047,1000.0);
#16493=COLOUR_RGB('',0.313725501298904,0.313725501298904,0.313725501298904);
#16494=CARTESIAN_POINT('',(18.42,4.24999999999268,3.17));
#16495=VECTOR('',#19048,1.0);
#16496=CARTESIAN_POINT('',(4.88,-1.2593649193145,3.17));
#16497=VECTOR('',#19049,1000.0);
#16498=COLOUR_RGB('',0.313725501298904,0.313725501298904,0.313725501298904);
#16499=COLOUR_RGB('',0.313725501298904,0.313725501298904,0.313725501298904);
#16500=CARTESIAN_POINT('',(18.42,1.65,3.17));
#16501=VECTOR('',#19050,1.0);
#16502=COLOUR_RGB('',0.313725501298904,0.313725501298904,0.313725501298904);
#16503=COLOUR_RGB('',0.313725501298904,0.313725501298904,0.313725501298904);
#16504=COLOUR_RGB('',1.0,0.988235354423523,0.941176533699036);
#16505=CARTESIAN_POINT('',(2.95,2.25,3.61));
#16506=CARTESIAN_POINT('',(2.95,3.25,3.61));
#16507=CARTESIAN_POINT('',(2.95,2.25,3.61));
#16508=VECTOR('',#19051,1.0);
#16509=CARTESIAN_POINT('',(5.95,2.25,3.61));
#16510=CARTESIAN_POINT('',(5.95,2.25,3.61));
#16511=VECTOR('',#19052,1.0);
#16512=CARTESIAN_POINT('',(5.95,3.25,3.61));
#16513=CARTESIAN_POINT('',(5.95,3.25,3.61));
#16514=VECTOR('',#19053,1.0);
#16515=CARTESIAN_POINT('',(2.95,3.25,3.61));
#16516=VECTOR('',#19054,1.0);
#16517=COLOUR_RGB('',1.0,0.988235354423523,0.941176533699036);
#16518=CARTESIAN_POINT('',(5.95,2.25,3.6));
#16519=VECTOR('',#19055,1.0);
#16520=CARTESIAN_POINT('',(2.95,2.25,3.6));
#16521=VECTOR('',#19056,1.0);
#16522=COLOUR_RGB('',1.0,0.988235354423523,0.941176533699036);
#16523=CARTESIAN_POINT('',(5.95,3.25,3.6));
#16524=VECTOR('',#19057,1.0);
#16525=COLOUR_RGB('',1.0,0.988235354423523,0.941176533699036);
#16526=CARTESIAN_POINT('',(2.95,3.25,3.6));
#16527=VECTOR('',#19058,1.0);
#16528=COLOUR_RGB('',1.0,0.988235354423523,0.941176533699036);
#16529=COLOUR_RGB('',0.313725501298904,0.313725501298904,0.313725501298904);
#16530=AXIS2_PLACEMENT_3D('',#19059,#19060,#19061);
#16531=COLOUR_RGB('',0.313725501298904,0.313725501298904,0.313725501298904);
#16532=COLOUR_RGB('',0.313725501298904,0.313725501298904,0.313725501298904);
#16533=COLOUR_RGB('',1.0,0.843137323856354,0.0);
#16534=CARTESIAN_POINT('',(5.29,1.06408530805543,2.64502597999597));
#16535=CARTESIAN_POINT('',(6.15,1.06408530805543,2.64502597999597));
#16536=CARTESIAN_POINT('',(5.72,1.06408530805543,2.64502597999597));
#16537=VECTOR('',#19062,1.0);
#16538=CARTESIAN_POINT('',(5.29,0.61557411240484,2.50747424769397));
#16539=AXIS2_PLACEMENT_3D('',#19063,#19064,#19065);
#16540=CARTESIAN_POINT('',(6.15,0.61557411240484,2.50747424769397));
#16541=CARTESIAN_POINT('',(5.72,0.61557411240484,2.50747424769397));
#16542=VECTOR('',#19066,1.0);
#16543=AXIS2_PLACEMENT_3D('',#19067,#19068,#19069);
#16544=COLOUR_RGB('',1.0,0.843137323856354,0.0);
#16545=CARTESIAN_POINT('',(6.15,1.03379293323653,2.76901530779579));
#16546=CARTESIAN_POINT('',(5.28999999999999,1.03379293323653,2.7690153077958));
#16547=CARTESIAN_POINT('',(5.72,1.03379293323653,2.7690153077958));
#16548=VECTOR('',#19070,1.0);
#16549=CARTESIAN_POINT('',(6.15,0.64134563704226,2.88937307356005));
#16550=AXIS2_PLACEMENT_3D('',#19071,#19072,#19073);
#16551=CARTESIAN_POINT('',(5.29,0.64134563704226,2.88937307356005));
#16552=CARTESIAN_POINT('',(5.72,0.64134563704226,2.88937307356005));
#16553=VECTOR('',#19074,1.0);
#16554=AXIS2_PLACEMENT_3D('',#19075,#19076,#19077);
#16555=COLOUR_RGB('',0.823529481887817,0.823529481887817,0.784313797950745);
#16556=CARTESIAN_POINT('',(6.02,10.2972374375735,0.07499999999999));
#16557=CARTESIAN_POINT('',(6.02,10.5200005071935,0.07499999999999));
#16558=CARTESIAN_POINT('',(6.02,8.069583,0.07499999999999));
#16559=VECTOR('',#19078,1.0);
#16560=CARTESIAN_POINT('',(5.87,10.6700005071935,0.07499999999999));
#16561=AXIS2_PLACEMENT_3D('',#19079,#19080,#19081);
#16562=CARTESIAN_POINT('',(5.57,10.6700005071935,0.07499999999999));
#16563=CARTESIAN_POINT('',(6.02,10.6700005071935,0.07499999999999));
#16564=VECTOR('',#19082,1000.0);
#16565=CARTESIAN_POINT('',(5.42,10.5200005071935,0.07499999999999));
#16566=AXIS2_PLACEMENT_3D('',#19083,#19084,#19085);
#16567=CARTESIAN_POINT('',(5.42,10.2972374375735,0.07499999999999));
#16568=CARTESIAN_POINT('',(5.42,8.069583,0.07499999999999));
#16569=VECTOR('',#19086,1.0);
#16570=CARTESIAN_POINT('',(5.72,10.2972374375735,0.07499999999999));
#16571=VECTOR('',#19087,1.0);
#16572=COLOUR_RGB('',0.823529481887817,0.823529481887817,0.784313797950745);
#16573=CARTESIAN_POINT('',(5.87,10.6700005071935,-0.0750000000000099));
#16574=CARTESIAN_POINT('',(6.02,10.5200005071935,-0.0750000000000099));
#16575=AXIS2_PLACEMENT_3D('',#19088,#19089,#19090);
#16576=CARTESIAN_POINT('',(5.87,10.6700005071935,-4.03735356990859));
#16577=VECTOR('',#19091,1000.0);
#16578=CARTESIAN_POINT('',(6.02,10.5200005071935,-4.03735356990859));
#16579=VECTOR('',#19092,1000.0);
#16580=COLOUR_RGB('',1.0,0.843137323856354,0.0);
#16581=CARTESIAN_POINT('',(5.29,1.34873317895423,2.61));
#16582=CARTESIAN_POINT('',(6.15,1.34873317895423,2.61));
#16583=CARTESIAN_POINT('',(5.72,1.34873317895423,2.61));
#16584=VECTOR('',#19093,1.0);
#16585=CARTESIAN_POINT('',(5.29,1.18881914102692,2.63524207127243));
#16586=CARTESIAN_POINT('',(5.29,8.17,1.53327837195031));
#16587=VECTOR('',#19094,1.0);
#16588=CARTESIAN_POINT('',(6.15,1.18881914102692,2.63524207127243));
#16589=CARTESIAN_POINT('',(5.72,1.18881914102692,2.63524207127243));
#16590=VECTOR('',#19095,1.0);
#16591=CARTESIAN_POINT('',(6.15,8.17,1.53327837195031));
#16592=VECTOR('',#19096,1.0);
#16593=COLOUR_RGB('',0.823529481887817,0.823529481887817,0.784313797950745);
#16594=CARTESIAN_POINT('',(5.57,10.6700005071935,-0.0750000000000099));
#16595=CARTESIAN_POINT('',(6.02,10.6700005071935,-0.0750000000000099));
#16596=VECTOR('',#19097,1000.0);
#16597=CARTESIAN_POINT('',(5.57,10.6700005071935,-4.03735356990859));
#16598=VECTOR('',#19098,1000.0);
#16599=COLOUR_RGB('',0.823529481887817,0.823529481887817,0.784313797950745);
#16600=CARTESIAN_POINT('',(5.42,10.2972374375735,-0.0750000000000099));
#16601=CARTESIAN_POINT('',(5.42,10.5200005071935,-0.0750000000000099));
#16602=CARTESIAN_POINT('',(5.42,8.17,-0.0750000000000099));
#16603=VECTOR('',#19099,1.0);
#16604=AXIS2_PLACEMENT_3D('',#19100,#19101,#19102);
#16605=CARTESIAN_POINT('',(6.02,10.2972374375735,-0.0750000000000099));
#16606=CARTESIAN_POINT('',(6.02,8.17,-0.0750000000000099));
#16607=VECTOR('',#19103,1.0);
#16608=CARTESIAN_POINT('',(5.72,10.2972374375735,-0.0750000000000099));
#16609=VECTOR('',#19104,1.0);
#16610=COLOUR_RGB('',0.823529481887817,0.823529481887817,0.784313797950745);
#16611=CARTESIAN_POINT('',(6.02,10.2104175561246,0.12537834963247));
#16612=AXIS2_PLACEMENT_3D('',#19105,#19106,#19107);
#16613=CARTESIAN_POINT('',(6.02,8.99102950312164,2.25886495110256));
#16614=CARTESIAN_POINT('',(6.02,8.52307933035889,3.07760794377524));
#16615=VECTOR('',#19108,1000.0);
#16616=CARTESIAN_POINT('',(6.02,8.7305698587749,2.41));
#16617=AXIS2_PLACEMENT_3D('',#19109,#19110,#19111);
#16618=CARTESIAN_POINT('',(6.02,8.699583,2.41));
#16619=CARTESIAN_POINT('',(6.02,8.17,2.41));
#16620=VECTOR('',#19112,1.0);
#16621=CARTESIAN_POINT('',(6.02,8.699583,2.26));
#16622=CARTESIAN_POINT('',(6.02,8.699583,2.36));
#16623=VECTOR('',#19113,1.0);
#16624=CARTESIAN_POINT('',(6.02,8.7305698587749,2.26));
#16625=CARTESIAN_POINT('',(6.02,8.17,2.26));
#16626=VECTOR('',#19114,1.0);
#16627=CARTESIAN_POINT('',(6.02,8.86079968094827,2.18443247555128));
#16628=AXIS2_PLACEMENT_3D('',#19115,#19116,#19117);
#16629=CARTESIAN_POINT('',(6.02,10.0801877339512,0.0509458740811799));
#16630=CARTESIAN_POINT('',(6.02,8.76045457371368,2.36));
#16631=VECTOR('',#19118,1.0);
#16632=AXIS2_PLACEMENT_3D('',#19119,#19120,#19121);
#16633=COLOUR_RGB('',0.823529481887817,0.823529481887817,0.784313797950745);
#16634=CARTESIAN_POINT('',(5.29,1.34142677254131,2.35805797284984));
#16635=CARTESIAN_POINT('',(6.15,1.34142677254131,2.35805797284984));
#16636=CARTESIAN_POINT('',(5.72,1.34142677254131,2.35805797284984));
#16637=VECTOR('',#19122,1.0);
#16638=CARTESIAN_POINT('',(5.29,1.57525046053608,2.32114942952215));
#16639=CARTESIAN_POINT('',(5.29,8.17,1.2801830449785));
#16640=VECTOR('',#19123,1.0);
#16641=CARTESIAN_POINT('',(6.15,1.57525046053608,2.32114942952215));
#16642=CARTESIAN_POINT('',(5.72,1.57525046053609,2.32114942952214));
#16643=VECTOR('',#19124,1.0);
#16644=CARTESIAN_POINT('',(6.15,8.17,1.2801830449785));
#16645=VECTOR('',#19125,1.0);
#16646=COLOUR_RGB('',0.823529481887817,0.823529481887817,0.784313797950745);
#16647=CARTESIAN_POINT('',(5.42,8.86079968094827,2.18443247555128));
#16648=CARTESIAN_POINT('',(5.42,10.0801877339512,0.0509458740811799));
#16649=CARTESIAN_POINT('',(5.42,8.76045457371368,2.36));
#16650=VECTOR('',#19126,1.0);
#16651=CARTESIAN_POINT('',(5.42,8.7305698587749,2.26));
#16652=AXIS2_PLACEMENT_3D('',#19127,#19128,#19129);
#16653=CARTESIAN_POINT('',(5.42,8.699583,2.26));
#16654=CARTESIAN_POINT('',(5.42,8.17,2.26));
#16655=VECTOR('',#19130,1.0);
#16656=CARTESIAN_POINT('',(5.42,8.699583,2.41));
#16657=CARTESIAN_POINT('',(5.42,8.699583,2.41));
#16658=VECTOR('',#19131,1000.0);
#16659=CARTESIAN_POINT('',(5.42,8.7305698587749,2.41));
#16660=CARTESIAN_POINT('',(5.42,8.17,2.41));
#16661=VECTOR('',#19132,1.0);
#16662=CARTESIAN_POINT('',(5.42,8.99102950312164,2.25886495110256));
#16663=AXIS2_PLACEMENT_3D('',#19133,#19134,#19135);
#16664=CARTESIAN_POINT('',(5.42,10.2104175561246,0.12537834963247));
#16665=CARTESIAN_POINT('',(5.42,8.52307933035889,3.07760794377524));
#16666=VECTOR('',#19136,1000.0);
#16667=AXIS2_PLACEMENT_3D('',#19137,#19138,#19139);
#16668=CARTESIAN_POINT('',(5.42,10.5200005071935,-4.03735356990859));
#16669=VECTOR('',#19140,1000.0);
#16670=AXIS2_PLACEMENT_3D('',#19141,#19142,#19143);
#16671=COLOUR_RGB('',0.823529481887817,0.823529481887817,0.784313797950745);
#16672=COLOUR_RGB('',0.823529481887817,0.823529481887817,0.784313797950745);
#16673=CARTESIAN_POINT('',(6.15,0.87367489889825,2.39474763056312));
#16674=AXIS2_PLACEMENT_3D('',#19144,#19145,#19146);
#16675=CARTESIAN_POINT('',(5.29,0.87367489889825,2.39474763056312));
#16676=CARTESIAN_POINT('',(5.72,0.87367489889825,2.39474763056312));
#16677=VECTOR('',#19147,1.0);
#16678=AXIS2_PLACEMENT_3D('',#19148,#19149,#19150);
#16679=COLOUR_RGB('',0.823529481887817,0.823529481887817,0.784313797950745);
#16680=CARTESIAN_POINT('',(5.72,10.2104175561246,0.12537834963247));
#16681=VECTOR('',#19151,1.0);
#16682=CARTESIAN_POINT('',(5.72,8.99102950312164,2.25886495110256));
#16683=VECTOR('',#19152,1.0);
#16684=COLOUR_RGB('',1.0,0.843137323856354,0.0);
#16685=CARTESIAN_POINT('',(5.29,1.14293503708657,2.7775762279289));
#16686=AXIS2_PLACEMENT_3D('',#19153,#19154,#19155);
#16687=CARTESIAN_POINT('',(6.15,1.14293503708657,2.77757622792889));
#16688=CARTESIAN_POINT('',(5.72,1.14293503708657,2.7775762279289));
#16689=VECTOR('',#19156,1.0);
#16690=AXIS2_PLACEMENT_3D('',#19157,#19158,#19159);
#16691=COLOUR_RGB('',1.0,0.843137323856354,0.0);
#16692=CARTESIAN_POINT('',(6.15,0.596776977453159,2.91954832463333));
#16693=CARTESIAN_POINT('',(6.15,8.17,-2.20790913642173));
#16694=VECTOR('',#19160,1.0);
#16695=CARTESIAN_POINT('',(5.29,0.596776977453159,2.91954832463334));
#16696=CARTESIAN_POINT('',(5.72,0.596776977453159,2.91954832463334));
#16697=VECTOR('',#19161,1.0);
#16698=CARTESIAN_POINT('',(5.29,8.17,-2.20790913642173));
#16699=VECTOR('',#19162,1.0);
#16700=COLOUR_RGB('',1.0,0.843137323856354,0.0);
#16701=AXIS2_PLACEMENT_3D('',#19163,#19164,#19165);
#16702=AXIS2_PLACEMENT_3D('',#19166,#19167,#19168);
#16703=COLOUR_RGB('',0.823529481887817,0.823529481887817,0.784313797950745);
#16704=CARTESIAN_POINT('',(6.15000000000004,1.25418115905595,3.09885057047785));
#16705=CARTESIAN_POINT('',(5.29000000000003,1.25418115905595,3.09885057047786));
#16706=CARTESIAN_POINT('',(5.72000000000003,1.25418115905595,3.09885057047786));
#16707=VECTOR('',#19169,1.0);
#16708=CARTESIAN_POINT('',(6.15,2.03376761512772,3.16));
#16709=AXIS2_PLACEMENT_3D('',#19170,#19171,#19172);
#16710=CARTESIAN_POINT('',(5.29,2.03376761512772,3.16));
#16711=CARTESIAN_POINT('',(5.72000000000003,2.03376761512772,3.16));
#16712=VECTOR('',#19173,1.0);
#16713=AXIS2_PLACEMENT_3D('',#19174,#19175,#19176);
#16714=COLOUR_RGB('',1.0,0.843137323856354,0.0);
#16715=CARTESIAN_POINT('',(5.29,1.34834671906642,2.81));
#16716=CARTESIAN_POINT('',(5.29,8.17,3.88678262987391));
#16717=VECTOR('',#19177,1.0);
#16718=CARTESIAN_POINT('',(6.15,1.34834671906642,2.81));
#16719=CARTESIAN_POINT('',(5.72,1.34834671906642,2.81));
#16720=VECTOR('',#19178,1.0);
#16721=CARTESIAN_POINT('',(6.15,8.17,3.88678262987391));
#16722=VECTOR('',#19179,1.0);
#16723=COLOUR_RGB('',0.823529481887817,0.823529481887817,0.784313797950745);
#16724=CARTESIAN_POINT('',(6.15,8.499583,3.16));
#16725=CARTESIAN_POINT('',(5.29,8.499583,3.16));
#16726=CARTESIAN_POINT('',(5.72,8.499583,3.16));
#16727=VECTOR('',#19180,1.0);
#16728=CARTESIAN_POINT('',(6.15,8.499583,2.41));
#16729=CARTESIAN_POINT('',(6.15,8.499583,2.36));
#16730=VECTOR('',#19181,1.0);
#16731=CARTESIAN_POINT('',(5.29,8.499583,2.41));
#16732=CARTESIAN_POINT('',(5.72,8.499583,2.41));
#16733=VECTOR('',#19182,1.0);
#16734=CARTESIAN_POINT('',(5.29,8.499583,2.36));
#16735=VECTOR('',#19183,1.0);
#16736=COLOUR_RGB('',0.823529481887817,0.823529481887817,0.784313797950745);
#16737=CARTESIAN_POINT('',(5.72,8.7305698587749,2.41));
#16738=VECTOR('',#19184,1.0);
#16739=COLOUR_RGB('',0.823529481887817,0.823529481887817,0.784313797950745);
#16740=CARTESIAN_POINT('',(5.29,8.17,3.16));
#16741=VECTOR('',#19185,1.0);
#16742=CARTESIAN_POINT('',(6.15,8.17,3.16));
#16743=VECTOR('',#19186,1.0);
#16744=COLOUR_RGB('',0.823529481887817,0.823529481887817,0.784313797950745);
#16745=CARTESIAN_POINT('',(5.29,2.835,2.81));
#16746=CARTESIAN_POINT('',(5.29,8.17,2.81));
#16747=VECTOR('',#19187,1.0);
#16748=CARTESIAN_POINT('',(6.15,2.835,2.81));
#16749=CARTESIAN_POINT('',(5.72,2.835,2.81));
#16750=VECTOR('',#19188,1.0);
#16751=CARTESIAN_POINT('',(6.15,8.17,2.81));
#16752=VECTOR('',#19189,1.0);
#16753=COLOUR_RGB('',0.823529481887817,0.823529481887817,0.784313797950745);
#16754=CARTESIAN_POINT('',(5.29,8.699583,2.26));
#16755=CARTESIAN_POINT('',(5.29,8.699583,2.41));
#16756=CARTESIAN_POINT('',(5.29,8.699583,2.36));
#16757=VECTOR('',#19190,1.0);
#16758=CARTESIAN_POINT('',(5.72,8.699583,2.41));
#16759=VECTOR('',#19191,1.0);
#16760=CARTESIAN_POINT('',(5.72,8.699583,2.26));
#16761=VECTOR('',#19192,1.0);
#16762=COLOUR_RGB('',0.823529481887817,0.823529481887817,0.784313797950745);
#16763=CARTESIAN_POINT('',(6.15,8.699583,2.41));
#16764=CARTESIAN_POINT('',(6.15,8.699583,2.26));
#16765=CARTESIAN_POINT('',(6.15,8.699583,2.36));
#16766=VECTOR('',#19193,1.0);
#16767=CARTESIAN_POINT('',(5.72,8.699583,2.26));
#16768=VECTOR('',#19194,1.0);
#16769=CARTESIAN_POINT('',(5.72,8.699583,2.41));
#16770=VECTOR('',#19195,1.0);
#16771=COLOUR_RGB('',0.823529481887817,0.823529481887817,0.784313797950745);
#16772=CARTESIAN_POINT('',(6.15,8.17,2.41));
#16773=VECTOR('',#19196,1.0);
#16774=CARTESIAN_POINT('',(5.29,8.17,2.41));
#16775=VECTOR('',#19197,1.0);
#16776=COLOUR_RGB('',0.823529481887817,0.823529481887817,0.784313797950745);
#16777=CARTESIAN_POINT('',(6.15,2.835,2.61));
#16778=CARTESIAN_POINT('',(6.15,8.17,2.61));
#16779=VECTOR('',#19198,1.0);
#16780=CARTESIAN_POINT('',(5.29,2.835,2.61));
#16781=CARTESIAN_POINT('',(5.72,2.835,2.61));
#16782=VECTOR('',#19199,1.0);
#16783=CARTESIAN_POINT('',(5.29,8.17,2.61));
#16784=VECTOR('',#19200,1.0);
#16785=COLOUR_RGB('',0.823529481887817,0.823529481887817,0.784313797950745);
#16786=CARTESIAN_POINT('',(5.29,0.596776977453159,2.49474763056312));
#16787=CARTESIAN_POINT('',(6.15,0.596776977453159,2.49474763056312));
#16788=CARTESIAN_POINT('',(5.72,0.596776977453159,2.49474763056312));
#16789=VECTOR('',#19201,1.0);
#16790=CARTESIAN_POINT('',(5.29,0.596776977453159,2.39474763056312));
#16791=CARTESIAN_POINT('',(5.29,0.596776977453159,2.36));
#16792=VECTOR('',#19202,1.0);
#16793=CARTESIAN_POINT('',(6.15,0.596776977453159,2.39474763056312));
#16794=CARTESIAN_POINT('',(6.15,0.596776977453159,2.39474763056312));
#16795=VECTOR('',#19203,1.0);
#16796=CARTESIAN_POINT('',(6.15,0.596776977453159,2.36));
#16797=VECTOR('',#19204,1.0);
#16798=COLOUR_RGB('',0.823529481887817,0.823529481887817,0.784313797950745);
#16799=CARTESIAN_POINT('',(6.15,0.596776977453159,3.01954832463333));
#16800=CARTESIAN_POINT('',(5.29,0.596776977453159,3.01954832463333));
#16801=CARTESIAN_POINT('',(6.15,0.596776977453159,3.01954832463333));
#16802=VECTOR('',#19205,1.0);
#16803=CARTESIAN_POINT('',(5.29,0.596776977453159,2.36));
#16804=VECTOR('',#19206,1.0);
#16805=CARTESIAN_POINT('',(6.15,0.596776977453159,2.36));
#16806=VECTOR('',#19207,1.0);
#16807=COLOUR_RGB('',0.823529481887817,0.823529481887817,0.784313797950745);
#16808=CARTESIAN_POINT('',(6.15,0.6733458095898,3.01954832463333));
#16809=CARTESIAN_POINT('',(5.29,0.67334580958976,3.01954832463333));
#16810=CARTESIAN_POINT('',(5.72,0.67334580958978,3.01954832463333));
#16811=VECTOR('',#19208,1.0);
#16812=CARTESIAN_POINT('',(6.14999999999999,0.82926310080415,3.03177821053776));
#16813=AXIS2_PLACEMENT_3D('',#19209,#19210,#19211);
#16814=CARTESIAN_POINT('',(5.28999999999999,0.82926310080411,3.03177821053776));
#16815=CARTESIAN_POINT('',(5.71999999999999,0.82926310080413,3.03177821053776));
#16816=VECTOR('',#19212,1.0);
#16817=AXIS2_PLACEMENT_3D('',#19213,#19214,#19215);
#16818=COLOUR_RGB('',0.823529481887817,0.823529481887817,0.784313797950745);
#16819=CARTESIAN_POINT('',(5.29,2.35483691660787,2.26));
#16820=AXIS2_PLACEMENT_3D('',#19216,#19217,#19218);
#16821=CARTESIAN_POINT('',(6.15,2.35483691660787,2.26));
#16822=CARTESIAN_POINT('',(5.72,2.35483691660787,2.26));
#16823=VECTOR('',#19219,1.0);
#16824=AXIS2_PLACEMENT_3D('',#19220,#19221,#19222);
#16825=COLOUR_RGB('',0.823529481887817,0.823529481887817,0.784313797950745);
#16826=CARTESIAN_POINT('',(6.15,8.17,2.39474763056312));
#16827=VECTOR('',#19223,1.0);
#16828=CARTESIAN_POINT('',(5.29,8.17,2.39474763056312));
#16829=VECTOR('',#19224,1.0);
#16830=COLOUR_RGB('',0.823529481887817,0.823529481887817,0.784313797950745);
#16831=CARTESIAN_POINT('',(5.72,10.0801877339512,0.0509458740811897));
#16832=VECTOR('',#19225,1.0);
#16833=CARTESIAN_POINT('',(5.72,8.86079968094827,2.18443247555128));
#16834=VECTOR('',#19226,1.0);
#16835=COLOUR_RGB('',0.823529481887817,0.823529481887817,0.784313797950745);
#16836=COLOUR_RGB('',0.823529481887817,0.823529481887817,0.784313797950745);
#16837=CARTESIAN_POINT('',(5.29,8.17,4.19049702224008));
#16838=VECTOR('',#19227,1.0);
#16839=CARTESIAN_POINT('',(6.15,8.17,4.19049702224008));
#16840=VECTOR('',#19228,1.0);
#16841=COLOUR_RGB('',0.823529481887817,0.823529481887817,0.784313797950745);
#16842=CARTESIAN_POINT('',(5.72,8.7305698587749,2.26));
#16843=VECTOR('',#19229,1.0);
#16844=COLOUR_RGB('',0.823529481887817,0.823529481887817,0.784313797950745);
#16845=COLOUR_RGB('',0.823529481887817,0.823529481887817,0.784313797950745);
#16846=CARTESIAN_POINT('',(5.29,8.17,3.01954832463333));
#16847=VECTOR('',#19230,1.0);
#16848=CARTESIAN_POINT('',(6.15,8.17,3.01954832463333));
#16849=VECTOR('',#19231,1.0);
#16850=COLOUR_RGB('',0.823529481887817,0.823529481887817,0.784313797950745);
#16851=CARTESIAN_POINT('',(6.15,2.835,2.36));
#16852=VECTOR('',#19232,1.0);
#16853=CARTESIAN_POINT('',(5.29,2.835,2.36));
#16854=VECTOR('',#19233,1.0);
#16855=COLOUR_RGB('',1.0,0.843137323856354,0.0);
#16856=CARTESIAN_POINT('',(5.29,8.17,7.62220509161819));
#16857=VECTOR('',#19234,1.0);
#16858=CARTESIAN_POINT('',(6.15,8.17,7.62220509161819));
#16859=VECTOR('',#19235,1.0);
#16860=COLOUR_RGB('',0.823529481887817,0.823529481887817,0.784313797950745);
#16861=CARTESIAN_POINT('',(6.15,8.17,2.26));
#16862=VECTOR('',#19236,1.0);
#16863=COLOUR_RGB('',0.823529481887817,0.823529481887817,0.784313797950745);
#16864=CARTESIAN_POINT('',(5.29,8.17,2.26));
#16865=VECTOR('',#19237,1.0);
#16866=COLOUR_RGB('',0.823529481887817,0.823529481887817,0.784313797950745);
#16867=COLOUR_RGB('',0.313725501298904,0.313725501298904,0.313725501298904);
#16868=COLOUR_RGB('',1.0,0.843137323856354,0.0);
#16869=CARTESIAN_POINT('',(2.75,1.06408530805543,2.64502597999597));
#16870=CARTESIAN_POINT('',(3.61,1.06408530805543,2.64502597999597));
#16871=CARTESIAN_POINT('',(3.18,1.06408530805543,2.64502597999597));
#16872=VECTOR('',#19238,1.0);
#16873=CARTESIAN_POINT('',(2.75,0.61557411240484,2.50747424769397));
#16874=AXIS2_PLACEMENT_3D('',#19239,#19240,#19241);
#16875=CARTESIAN_POINT('',(3.61,0.61557411240484,2.50747424769397));
#16876=CARTESIAN_POINT('',(3.18,0.61557411240484,2.50747424769397));
#16877=VECTOR('',#19242,1.0);
#16878=AXIS2_PLACEMENT_3D('',#19243,#19244,#19245);
#16879=COLOUR_RGB('',1.0,0.843137323856354,0.0);
#16880=CARTESIAN_POINT('',(3.61,1.03379293323653,2.76901530779579));
#16881=CARTESIAN_POINT('',(2.75,1.03379293323653,2.7690153077958));
#16882=CARTESIAN_POINT('',(3.18,1.03379293323653,2.7690153077958));
#16883=VECTOR('',#19246,1.0);
#16884=CARTESIAN_POINT('',(3.61,0.64134563704226,2.88937307356005));
#16885=AXIS2_PLACEMENT_3D('',#19247,#19248,#19249);
#16886=CARTESIAN_POINT('',(2.75,0.64134563704226,2.88937307356005));
#16887=CARTESIAN_POINT('',(3.18,0.64134563704226,2.88937307356005));
#16888=VECTOR('',#19250,1.0);
#16889=AXIS2_PLACEMENT_3D('',#19251,#19252,#19253);
#16890=COLOUR_RGB('',0.823529481887817,0.823529481887817,0.784313797950745);
#16891=CARTESIAN_POINT('',(3.48,10.2972374375735,0.07499999999999));
#16892=CARTESIAN_POINT('',(3.48,10.5200005071935,0.07499999999999));
#16893=CARTESIAN_POINT('',(3.48,8.069583,0.07499999999999));
#16894=VECTOR('',#19254,1.0);
#16895=CARTESIAN_POINT('',(3.33,10.6700005071935,0.07499999999999));
#16896=AXIS2_PLACEMENT_3D('',#19255,#19256,#19257);
#16897=CARTESIAN_POINT('',(3.03,10.6700005071935,0.07499999999999));
#16898=CARTESIAN_POINT('',(3.48,10.6700005071935,0.07499999999999));
#16899=VECTOR('',#19258,1000.0);
#16900=CARTESIAN_POINT('',(2.88,10.5200005071935,0.07499999999999));
#16901=AXIS2_PLACEMENT_3D('',#19259,#19260,#19261);
#16902=CARTESIAN_POINT('',(2.88,10.2972374375735,0.07499999999999));
#16903=CARTESIAN_POINT('',(2.88,8.069583,0.07499999999999));
#16904=VECTOR('',#19262,1.0);
#16905=CARTESIAN_POINT('',(3.18,10.2972374375735,0.07499999999999));
#16906=VECTOR('',#19263,1.0);
#16907=COLOUR_RGB('',0.823529481887817,0.823529481887817,0.784313797950745);
#16908=CARTESIAN_POINT('',(3.33,10.6700005071935,-0.0750000000000099));
#16909=CARTESIAN_POINT('',(3.48,10.5200005071935,-0.0750000000000099));
#16910=AXIS2_PLACEMENT_3D('',#19264,#19265,#19266);
#16911=CARTESIAN_POINT('',(3.33,10.6700005071935,-4.03735356990859));
#16912=VECTOR('',#19267,1000.0);
#16913=CARTESIAN_POINT('',(3.48,10.5200005071935,-4.03735356990859));
#16914=VECTOR('',#19268,1000.0);
#16915=COLOUR_RGB('',1.0,0.843137323856354,0.0);
#16916=CARTESIAN_POINT('',(2.75,1.34873317895423,2.61));
#16917=CARTESIAN_POINT('',(3.61,1.34873317895423,2.61));
#16918=CARTESIAN_POINT('',(3.18,1.34873317895423,2.61));
#16919=VECTOR('',#19269,1.0);
#16920=CARTESIAN_POINT('',(2.75,1.18881914102692,2.63524207127243));
#16921=CARTESIAN_POINT('',(2.75,8.17,1.53327837195031));
#16922=VECTOR('',#19270,1.0);
#16923=CARTESIAN_POINT('',(3.61,1.18881914102692,2.63524207127243));
#16924=CARTESIAN_POINT('',(3.18,1.18881914102692,2.63524207127243));
#16925=VECTOR('',#19271,1.0);
#16926=CARTESIAN_POINT('',(3.61,8.17,1.53327837195031));
#16927=VECTOR('',#19272,1.0);
#16928=COLOUR_RGB('',0.823529481887817,0.823529481887817,0.784313797950745);
#16929=CARTESIAN_POINT('',(3.03,10.6700005071935,-0.0750000000000099));
#16930=CARTESIAN_POINT('',(3.48,10.6700005071935,-0.0750000000000099));
#16931=VECTOR('',#19273,1000.0);
#16932=CARTESIAN_POINT('',(3.03,10.6700005071935,-4.03735356990859));
#16933=VECTOR('',#19274,1000.0);
#16934=COLOUR_RGB('',0.823529481887817,0.823529481887817,0.784313797950745);
#16935=CARTESIAN_POINT('',(2.88,10.2972374375735,-0.0750000000000099));
#16936=CARTESIAN_POINT('',(2.88,10.5200005071935,-0.0750000000000099));
#16937=CARTESIAN_POINT('',(2.88,8.17,-0.0750000000000099));
#16938=VECTOR('',#19275,1.0);
#16939=AXIS2_PLACEMENT_3D('',#19276,#19277,#19278);
#16940=CARTESIAN_POINT('',(3.48,10.2972374375735,-0.0750000000000099));
#16941=CARTESIAN_POINT('',(3.48,8.17,-0.0750000000000099));
#16942=VECTOR('',#19279,1.0);
#16943=CARTESIAN_POINT('',(3.18,10.2972374375735,-0.0750000000000099));
#16944=VECTOR('',#19280,1.0);
#16945=COLOUR_RGB('',0.823529481887817,0.823529481887817,0.784313797950745);
#16946=CARTESIAN_POINT('',(3.48,10.2104175561246,0.12537834963247));
#16947=AXIS2_PLACEMENT_3D('',#19281,#19282,#19283);
#16948=CARTESIAN_POINT('',(3.48,8.99102950312164,2.25886495110256));
#16949=CARTESIAN_POINT('',(3.48,8.52307933035889,3.07760794377524));
#16950=VECTOR('',#19284,1000.0);
#16951=CARTESIAN_POINT('',(3.48,8.7305698587749,2.41));
#16952=AXIS2_PLACEMENT_3D('',#19285,#19286,#19287);
#16953=CARTESIAN_POINT('',(3.48,8.699583,2.41));
#16954=CARTESIAN_POINT('',(3.48,8.17,2.41));
#16955=VECTOR('',#19288,1.0);
#16956=CARTESIAN_POINT('',(3.48,8.699583,2.26));
#16957=CARTESIAN_POINT('',(3.48,8.699583,2.36));
#16958=VECTOR('',#19289,1.0);
#16959=CARTESIAN_POINT('',(3.48,8.7305698587749,2.26));
#16960=CARTESIAN_POINT('',(3.48,8.17,2.26));
#16961=VECTOR('',#19290,1.0);
#16962=CARTESIAN_POINT('',(3.48,8.86079968094827,2.18443247555128));
#16963=AXIS2_PLACEMENT_3D('',#19291,#19292,#19293);
#16964=CARTESIAN_POINT('',(3.48,10.0801877339512,0.0509458740811799));
#16965=CARTESIAN_POINT('',(3.48,8.76045457371368,2.36));
#16966=VECTOR('',#19294,1.0);
#16967=AXIS2_PLACEMENT_3D('',#19295,#19296,#19297);
#16968=COLOUR_RGB('',0.823529481887817,0.823529481887817,0.784313797950745);
#16969=CARTESIAN_POINT('',(2.75,1.34142677254131,2.35805797284984));
#16970=CARTESIAN_POINT('',(3.61,1.34142677254131,2.35805797284984));
#16971=CARTESIAN_POINT('',(3.18,1.34142677254131,2.35805797284984));
#16972=VECTOR('',#19298,1.0);
#16973=CARTESIAN_POINT('',(2.75,1.57525046053608,2.32114942952215));
#16974=CARTESIAN_POINT('',(2.75,8.17,1.2801830449785));
#16975=VECTOR('',#19299,1.0);
#16976=CARTESIAN_POINT('',(3.61,1.57525046053608,2.32114942952215));
#16977=CARTESIAN_POINT('',(3.18,1.57525046053609,2.32114942952214));
#16978=VECTOR('',#19300,1.0);
#16979=CARTESIAN_POINT('',(3.61,8.17,1.2801830449785));
#16980=VECTOR('',#19301,1.0);
#16981=COLOUR_RGB('',0.823529481887817,0.823529481887817,0.784313797950745);
#16982=CARTESIAN_POINT('',(2.88,8.86079968094827,2.18443247555128));
#16983=CARTESIAN_POINT('',(2.88,10.0801877339512,0.0509458740811799));
#16984=CARTESIAN_POINT('',(2.88,8.76045457371368,2.36));
#16985=VECTOR('',#19302,1.0);
#16986=CARTESIAN_POINT('',(2.88,8.7305698587749,2.26));
#16987=AXIS2_PLACEMENT_3D('',#19303,#19304,#19305);
#16988=CARTESIAN_POINT('',(2.88,8.699583,2.26));
#16989=CARTESIAN_POINT('',(2.88,8.17,2.26));
#16990=VECTOR('',#19306,1.0);
#16991=CARTESIAN_POINT('',(2.88,8.699583,2.41));
#16992=CARTESIAN_POINT('',(2.88,8.699583,2.41));
#16993=VECTOR('',#19307,1000.0);
#16994=CARTESIAN_POINT('',(2.88,8.7305698587749,2.41));
#16995=CARTESIAN_POINT('',(2.88,8.17,2.41));
#16996=VECTOR('',#19308,1.0);
#16997=CARTESIAN_POINT('',(2.88,8.99102950312164,2.25886495110256));
#16998=AXIS2_PLACEMENT_3D('',#19309,#19310,#19311);
#16999=CARTESIAN_POINT('',(2.88,10.2104175561246,0.12537834963247));
#17000=CARTESIAN_POINT('',(2.88,8.52307933035889,3.07760794377524));
#17001=VECTOR('',#19312,1000.0);
#17002=AXIS2_PLACEMENT_3D('',#19313,#19314,#19315);
#17003=CARTESIAN_POINT('',(2.88,10.5200005071935,-4.03735356990859));
#17004=VECTOR('',#19316,1000.0);
#17005=AXIS2_PLACEMENT_3D('',#19317,#19318,#19319);
#17006=COLOUR_RGB('',0.823529481887817,0.823529481887817,0.784313797950745);
#17007=COLOUR_RGB('',0.823529481887817,0.823529481887817,0.784313797950745);
#17008=CARTESIAN_POINT('',(3.61,0.87367489889825,2.39474763056312));
#17009=AXIS2_PLACEMENT_3D('',#19320,#19321,#19322);
#17010=CARTESIAN_POINT('',(2.75,0.87367489889825,2.39474763056312));
#17011=CARTESIAN_POINT('',(3.18,0.87367489889825,2.39474763056312));
#17012=VECTOR('',#19323,1.0);
#17013=AXIS2_PLACEMENT_3D('',#19324,#19325,#19326);
#17014=COLOUR_RGB('',0.823529481887817,0.823529481887817,0.784313797950745);
#17015=CARTESIAN_POINT('',(3.18,10.2104175561246,0.12537834963247));
#17016=VECTOR('',#19327,1.0);
#17017=CARTESIAN_POINT('',(3.18,8.99102950312164,2.25886495110256));
#17018=VECTOR('',#19328,1.0);
#17019=COLOUR_RGB('',1.0,0.843137323856354,0.0);
#17020=CARTESIAN_POINT('',(2.75,1.14293503708657,2.7775762279289));
#17021=AXIS2_PLACEMENT_3D('',#19329,#19330,#19331);
#17022=CARTESIAN_POINT('',(3.61,1.14293503708657,2.77757622792889));
#17023=CARTESIAN_POINT('',(3.18,1.14293503708657,2.7775762279289));
#17024=VECTOR('',#19332,1.0);
#17025=AXIS2_PLACEMENT_3D('',#19333,#19334,#19335);
#17026=COLOUR_RGB('',1.0,0.843137323856354,0.0);
#17027=CARTESIAN_POINT('',(3.61,0.596776977453159,2.91954832463333));
#17028=CARTESIAN_POINT('',(3.61,8.17,-2.20790913642173));
#17029=VECTOR('',#19336,1.0);
#17030=CARTESIAN_POINT('',(2.75,0.596776977453159,2.91954832463334));
#17031=CARTESIAN_POINT('',(3.18,0.596776977453159,2.91954832463334));
#17032=VECTOR('',#19337,1.0);
#17033=CARTESIAN_POINT('',(2.75,8.17,-2.20790913642173));
#17034=VECTOR('',#19338,1.0);
#17035=COLOUR_RGB('',1.0,0.843137323856354,0.0);
#17036=AXIS2_PLACEMENT_3D('',#19339,#19340,#19341);
#17037=AXIS2_PLACEMENT_3D('',#19342,#19343,#19344);
#17038=COLOUR_RGB('',0.823529481887817,0.823529481887817,0.784313797950745);
#17039=CARTESIAN_POINT('',(3.61000000000004,1.25418115905595,3.09885057047785));
#17040=CARTESIAN_POINT('',(2.75000000000003,1.25418115905595,3.09885057047786));
#17041=CARTESIAN_POINT('',(3.18000000000003,1.25418115905595,3.09885057047786));
#17042=VECTOR('',#19345,1.0);
#17043=CARTESIAN_POINT('',(3.61,2.03376761512772,3.16));
#17044=AXIS2_PLACEMENT_3D('',#19346,#19347,#19348);
#17045=CARTESIAN_POINT('',(2.75,2.03376761512772,3.16));
#17046=CARTESIAN_POINT('',(3.18000000000004,2.03376761512772,3.16));
#17047=VECTOR('',#19349,1.0);
#17048=AXIS2_PLACEMENT_3D('',#19350,#19351,#19352);
#17049=COLOUR_RGB('',1.0,0.843137323856354,0.0);
#17050=CARTESIAN_POINT('',(2.75,1.34834671906642,2.81));
#17051=CARTESIAN_POINT('',(2.75,8.17,3.88678262987391));
#17052=VECTOR('',#19353,1.0);
#17053=CARTESIAN_POINT('',(3.61,1.34834671906642,2.81));
#17054=CARTESIAN_POINT('',(3.18,1.34834671906642,2.81));
#17055=VECTOR('',#19354,1.0);
#17056=CARTESIAN_POINT('',(3.61,8.17,3.88678262987391));
#17057=VECTOR('',#19355,1.0);
#17058=COLOUR_RGB('',0.823529481887817,0.823529481887817,0.784313797950745);
#17059=CARTESIAN_POINT('',(3.61,8.499583,3.16));
#17060=CARTESIAN_POINT('',(2.75,8.499583,3.16));
#17061=CARTESIAN_POINT('',(3.18,8.499583,3.16));
#17062=VECTOR('',#19356,1.0);
#17063=CARTESIAN_POINT('',(3.61,8.499583,2.41));
#17064=CARTESIAN_POINT('',(3.61,8.499583,2.36));
#17065=VECTOR('',#19357,1.0);
#17066=CARTESIAN_POINT('',(2.75,8.499583,2.41));
#17067=CARTESIAN_POINT('',(3.18,8.499583,2.41));
#17068=VECTOR('',#19358,1.0);
#17069=CARTESIAN_POINT('',(2.75,8.499583,2.36));
#17070=VECTOR('',#19359,1.0);
#17071=COLOUR_RGB('',0.823529481887817,0.823529481887817,0.784313797950745);
#17072=CARTESIAN_POINT('',(3.18,8.7305698587749,2.41));
#17073=VECTOR('',#19360,1.0);
#17074=COLOUR_RGB('',0.823529481887817,0.823529481887817,0.784313797950745);
#17075=CARTESIAN_POINT('',(2.75,8.17,3.16));
#17076=VECTOR('',#19361,1.0);
#17077=CARTESIAN_POINT('',(3.61,8.17,3.16));
#17078=VECTOR('',#19362,1.0);
#17079=COLOUR_RGB('',0.823529481887817,0.823529481887817,0.784313797950745);
#17080=CARTESIAN_POINT('',(2.75,2.835,2.81));
#17081=CARTESIAN_POINT('',(2.75,8.17,2.81));
#17082=VECTOR('',#19363,1.0);
#17083=CARTESIAN_POINT('',(3.61,2.835,2.81));
#17084=CARTESIAN_POINT('',(3.18,2.835,2.81));
#17085=VECTOR('',#19364,1.0);
#17086=CARTESIAN_POINT('',(3.61,8.17,2.81));
#17087=VECTOR('',#19365,1.0);
#17088=COLOUR_RGB('',0.823529481887817,0.823529481887817,0.784313797950745);
#17089=CARTESIAN_POINT('',(2.75,8.699583,2.26));
#17090=CARTESIAN_POINT('',(2.75,8.699583,2.41));
#17091=CARTESIAN_POINT('',(2.75,8.699583,2.36));
#17092=VECTOR('',#19366,1.0);
#17093=CARTESIAN_POINT('',(3.18,8.699583,2.41));
#17094=VECTOR('',#19367,1.0);
#17095=CARTESIAN_POINT('',(3.18,8.699583,2.26));
#17096=VECTOR('',#19368,1.0);
#17097=COLOUR_RGB('',0.823529481887817,0.823529481887817,0.784313797950745);
#17098=CARTESIAN_POINT('',(3.61,8.699583,2.41));
#17099=CARTESIAN_POINT('',(3.61,8.699583,2.26));
#17100=CARTESIAN_POINT('',(3.61,8.699583,2.36));
#17101=VECTOR('',#19369,1.0);
#17102=CARTESIAN_POINT('',(3.18,8.699583,2.26));
#17103=VECTOR('',#19370,1.0);
#17104=CARTESIAN_POINT('',(3.18,8.699583,2.41));
#17105=VECTOR('',#19371,1.0);
#17106=COLOUR_RGB('',0.823529481887817,0.823529481887817,0.784313797950745);
#17107=CARTESIAN_POINT('',(3.61,8.17,2.41));
#17108=VECTOR('',#19372,1.0);
#17109=CARTESIAN_POINT('',(2.75,8.17,2.41));
#17110=VECTOR('',#19373,1.0);
#17111=COLOUR_RGB('',0.823529481887817,0.823529481887817,0.784313797950745);
#17112=CARTESIAN_POINT('',(3.61,2.835,2.61));
#17113=CARTESIAN_POINT('',(3.61,8.17,2.61));
#17114=VECTOR('',#19374,1.0);
#17115=CARTESIAN_POINT('',(2.75,2.835,2.61));
#17116=CARTESIAN_POINT('',(3.18,2.835,2.61));
#17117=VECTOR('',#19375,1.0);
#17118=CARTESIAN_POINT('',(2.75,8.17,2.61));
#17119=VECTOR('',#19376,1.0);
#17120=COLOUR_RGB('',0.823529481887817,0.823529481887817,0.784313797950745);
#17121=CARTESIAN_POINT('',(2.75,0.596776977453159,2.49474763056312));
#17122=CARTESIAN_POINT('',(3.61,0.596776977453159,2.49474763056312));
#17123=CARTESIAN_POINT('',(3.18,0.596776977453159,2.49474763056312));
#17124=VECTOR('',#19377,1.0);
#17125=CARTESIAN_POINT('',(2.75,0.596776977453159,2.39474763056312));
#17126=CARTESIAN_POINT('',(2.75,0.596776977453159,2.36));
#17127=VECTOR('',#19378,1.0);
#17128=CARTESIAN_POINT('',(3.61,0.596776977453159,2.39474763056312));
#17129=CARTESIAN_POINT('',(3.61,0.596776977453159,2.39474763056312));
#17130=VECTOR('',#19379,1.0);
#17131=CARTESIAN_POINT('',(3.61,0.596776977453159,2.36));
#17132=VECTOR('',#19380,1.0);
#17133=COLOUR_RGB('',0.823529481887817,0.823529481887817,0.784313797950745);
#17134=CARTESIAN_POINT('',(3.61,0.596776977453159,3.01954832463333));
#17135=CARTESIAN_POINT('',(2.75,0.596776977453159,3.01954832463333));
#17136=CARTESIAN_POINT('',(3.61,0.596776977453159,3.01954832463333));
#17137=VECTOR('',#19381,1.0);
#17138=CARTESIAN_POINT('',(2.75,0.596776977453159,2.36));
#17139=VECTOR('',#19382,1.0);
#17140=CARTESIAN_POINT('',(3.61,0.596776977453159,2.36));
#17141=VECTOR('',#19383,1.0);
#17142=COLOUR_RGB('',0.823529481887817,0.823529481887817,0.784313797950745);
#17143=CARTESIAN_POINT('',(3.61,0.6733458095898,3.01954832463333));
#17144=CARTESIAN_POINT('',(2.75,0.67334580958976,3.01954832463333));
#17145=CARTESIAN_POINT('',(3.18,0.67334580958978,3.01954832463333));
#17146=VECTOR('',#19384,1.0);
#17147=CARTESIAN_POINT('',(3.60999999999999,0.82926310080415,3.03177821053776));
#17148=AXIS2_PLACEMENT_3D('',#19385,#19386,#19387);
#17149=CARTESIAN_POINT('',(2.74999999999999,0.82926310080411,3.03177821053776));
#17150=CARTESIAN_POINT('',(3.17999999999999,0.82926310080413,3.03177821053776));
#17151=VECTOR('',#19388,1.0);
#17152=AXIS2_PLACEMENT_3D('',#19389,#19390,#19391);
#17153=COLOUR_RGB('',0.823529481887817,0.823529481887817,0.784313797950745);
#17154=CARTESIAN_POINT('',(2.75,2.35483691660787,2.26));
#17155=AXIS2_PLACEMENT_3D('',#19392,#19393,#19394);
#17156=CARTESIAN_POINT('',(3.61,2.35483691660787,2.26));
#17157=CARTESIAN_POINT('',(3.18,2.35483691660787,2.26));
#17158=VECTOR('',#19395,1.0);
#17159=AXIS2_PLACEMENT_3D('',#19396,#19397,#19398);
#17160=COLOUR_RGB('',0.823529481887817,0.823529481887817,0.784313797950745);
#17161=CARTESIAN_POINT('',(3.61,8.17,2.39474763056312));
#17162=VECTOR('',#19399,1.0);
#17163=CARTESIAN_POINT('',(2.75,8.17,2.39474763056312));
#17164=VECTOR('',#19400,1.0);
#17165=COLOUR_RGB('',0.823529481887817,0.823529481887817,0.784313797950745);
#17166=CARTESIAN_POINT('',(3.18,10.0801877339512,0.0509458740811897));
#17167=VECTOR('',#19401,1.0);
#17168=CARTESIAN_POINT('',(3.18,8.86079968094827,2.18443247555128));
#17169=VECTOR('',#19402,1.0);
#17170=COLOUR_RGB('',0.823529481887817,0.823529481887817,0.784313797950745);
#17171=COLOUR_RGB('',0.823529481887817,0.823529481887817,0.784313797950745);
#17172=CARTESIAN_POINT('',(2.75,8.17,4.19049702224008));
#17173=VECTOR('',#19403,1.0);
#17174=CARTESIAN_POINT('',(3.61,8.17,4.19049702224008));
#17175=VECTOR('',#19404,1.0);
#17176=COLOUR_RGB('',0.823529481887817,0.823529481887817,0.784313797950745);
#17177=CARTESIAN_POINT('',(3.18,8.7305698587749,2.26));
#17178=VECTOR('',#19405,1.0);
#17179=COLOUR_RGB('',0.823529481887817,0.823529481887817,0.784313797950745);
#17180=COLOUR_RGB('',0.823529481887817,0.823529481887817,0.784313797950745);
#17181=CARTESIAN_POINT('',(2.75,8.17,3.01954832463333));
#17182=VECTOR('',#19406,1.0);
#17183=CARTESIAN_POINT('',(3.61,8.17,3.01954832463333));
#17184=VECTOR('',#19407,1.0);
#17185=COLOUR_RGB('',0.823529481887817,0.823529481887817,0.784313797950745);
#17186=CARTESIAN_POINT('',(3.61,2.835,2.36));
#17187=VECTOR('',#19408,1.0);
#17188=CARTESIAN_POINT('',(2.75,2.835,2.36));
#17189=VECTOR('',#19409,1.0);
#17190=COLOUR_RGB('',1.0,0.843137323856354,0.0);
#17191=CARTESIAN_POINT('',(2.75,8.17,7.62220509161819));
#17192=VECTOR('',#19410,1.0);
#17193=CARTESIAN_POINT('',(3.61,8.17,7.62220509161819));
#17194=VECTOR('',#19411,1.0);
#17195=COLOUR_RGB('',0.823529481887817,0.823529481887817,0.784313797950745);
#17196=CARTESIAN_POINT('',(3.61,8.17,2.26));
#17197=VECTOR('',#19412,1.0);
#17198=COLOUR_RGB('',0.823529481887817,0.823529481887817,0.784313797950745);
#17199=CARTESIAN_POINT('',(2.75,8.17,2.26));
#17200=VECTOR('',#19413,1.0);
#17201=COLOUR_RGB('',0.823529481887817,0.823529481887817,0.784313797950745);
#17202=COLOUR_RGB('',0.313725501298904,0.313725501298904,0.313725501298904);
#17203=COLOUR_RGB('',1.0,0.843137323856354,0.0);
#17204=CARTESIAN_POINT('',(4.02,1.06408530805543,2.64502597999597));
#17205=CARTESIAN_POINT('',(4.88,1.06408530805543,2.64502597999597));
#17206=CARTESIAN_POINT('',(4.45,1.06408530805543,2.64502597999597));
#17207=VECTOR('',#19414,1.0);
#17208=CARTESIAN_POINT('',(4.02,0.61557411240484,2.50747424769397));
#17209=AXIS2_PLACEMENT_3D('',#19415,#19416,#19417);
#17210=CARTESIAN_POINT('',(4.88,0.61557411240484,2.50747424769397));
#17211=CARTESIAN_POINT('',(4.45,0.61557411240484,2.50747424769397));
#17212=VECTOR('',#19418,1.0);
#17213=AXIS2_PLACEMENT_3D('',#19419,#19420,#19421);
#17214=COLOUR_RGB('',1.0,0.843137323856354,0.0);
#17215=CARTESIAN_POINT('',(4.88,1.03379293323653,2.76901530779579));
#17216=CARTESIAN_POINT('',(4.02,1.03379293323653,2.7690153077958));
#17217=CARTESIAN_POINT('',(4.45,1.03379293323653,2.7690153077958));
#17218=VECTOR('',#19422,1.0);
#17219=CARTESIAN_POINT('',(4.88,0.64134563704226,2.88937307356005));
#17220=AXIS2_PLACEMENT_3D('',#19423,#19424,#19425);
#17221=CARTESIAN_POINT('',(4.02,0.64134563704226,2.88937307356005));
#17222=CARTESIAN_POINT('',(4.45,0.64134563704226,2.88937307356005));
#17223=VECTOR('',#19426,1.0);
#17224=AXIS2_PLACEMENT_3D('',#19427,#19428,#19429);
#17225=COLOUR_RGB('',0.823529481887817,0.823529481887817,0.784313797950745);
#17226=CARTESIAN_POINT('',(4.75,10.2972374375735,0.07499999999999));
#17227=CARTESIAN_POINT('',(4.75,10.5200005071935,0.07499999999999));
#17228=CARTESIAN_POINT('',(4.75,8.069583,0.07499999999999));
#17229=VECTOR('',#19430,1.0);
#17230=CARTESIAN_POINT('',(4.6,10.6700005071935,0.07499999999999));
#17231=AXIS2_PLACEMENT_3D('',#19431,#19432,#19433);
#17232=CARTESIAN_POINT('',(4.3,10.6700005071935,0.07499999999999));
#17233=CARTESIAN_POINT('',(4.75,10.6700005071935,0.07499999999999));
#17234=VECTOR('',#19434,1000.0);
#17235=CARTESIAN_POINT('',(4.15,10.5200005071935,0.07499999999999));
#17236=AXIS2_PLACEMENT_3D('',#19435,#19436,#19437);
#17237=CARTESIAN_POINT('',(4.15,10.2972374375735,0.07499999999999));
#17238=CARTESIAN_POINT('',(4.15,8.069583,0.07499999999999));
#17239=VECTOR('',#19438,1.0);
#17240=CARTESIAN_POINT('',(4.45,10.2972374375735,0.07499999999999));
#17241=VECTOR('',#19439,1.0);
#17242=COLOUR_RGB('',0.823529481887817,0.823529481887817,0.784313797950745);
#17243=CARTESIAN_POINT('',(4.6,10.6700005071935,-0.0750000000000099));
#17244=CARTESIAN_POINT('',(4.75,10.5200005071935,-0.0750000000000099));
#17245=AXIS2_PLACEMENT_3D('',#19440,#19441,#19442);
#17246=CARTESIAN_POINT('',(4.6,10.6700005071935,-4.03735356990859));
#17247=VECTOR('',#19443,1000.0);
#17248=CARTESIAN_POINT('',(4.75,10.5200005071935,-4.03735356990859));
#17249=VECTOR('',#19444,1000.0);
#17250=COLOUR_RGB('',1.0,0.843137323856354,0.0);
#17251=CARTESIAN_POINT('',(4.02,1.34873317895423,2.61));
#17252=CARTESIAN_POINT('',(4.88,1.34873317895423,2.61));
#17253=CARTESIAN_POINT('',(4.45,1.34873317895423,2.61));
#17254=VECTOR('',#19445,1.0);
#17255=CARTESIAN_POINT('',(4.02,1.18881914102692,2.63524207127243));
#17256=CARTESIAN_POINT('',(4.02,8.17,1.53327837195031));
#17257=VECTOR('',#19446,1.0);
#17258=CARTESIAN_POINT('',(4.88,1.18881914102692,2.63524207127243));
#17259=CARTESIAN_POINT('',(4.45,1.18881914102692,2.63524207127243));
#17260=VECTOR('',#19447,1.0);
#17261=CARTESIAN_POINT('',(4.88,8.17,1.53327837195031));
#17262=VECTOR('',#19448,1.0);
#17263=COLOUR_RGB('',0.823529481887817,0.823529481887817,0.784313797950745);
#17264=CARTESIAN_POINT('',(4.3,10.6700005071935,-0.0750000000000099));
#17265=CARTESIAN_POINT('',(4.75,10.6700005071935,-0.0750000000000099));
#17266=VECTOR('',#19449,1000.0);
#17267=CARTESIAN_POINT('',(4.3,10.6700005071935,-4.03735356990859));
#17268=VECTOR('',#19450,1000.0);
#17269=COLOUR_RGB('',0.823529481887817,0.823529481887817,0.784313797950745);
#17270=CARTESIAN_POINT('',(4.15,10.2972374375735,-0.0750000000000099));
#17271=CARTESIAN_POINT('',(4.15,10.5200005071935,-0.0750000000000099));
#17272=CARTESIAN_POINT('',(4.15,8.17,-0.0750000000000099));
#17273=VECTOR('',#19451,1.0);
#17274=AXIS2_PLACEMENT_3D('',#19452,#19453,#19454);
#17275=CARTESIAN_POINT('',(4.75,10.2972374375735,-0.0750000000000099));
#17276=CARTESIAN_POINT('',(4.75,8.17,-0.0750000000000099));
#17277=VECTOR('',#19455,1.0);
#17278=CARTESIAN_POINT('',(4.45,10.2972374375735,-0.0750000000000099));
#17279=VECTOR('',#19456,1.0);
#17280=COLOUR_RGB('',0.823529481887817,0.823529481887817,0.784313797950745);
#17281=CARTESIAN_POINT('',(4.75,10.2104175561246,0.12537834963247));
#17282=AXIS2_PLACEMENT_3D('',#19457,#19458,#19459);
#17283=CARTESIAN_POINT('',(4.75,8.99102950312164,2.25886495110256));
#17284=CARTESIAN_POINT('',(4.75,8.52307933035889,3.07760794377524));
#17285=VECTOR('',#19460,1000.0);
#17286=CARTESIAN_POINT('',(4.75,8.7305698587749,2.41));
#17287=AXIS2_PLACEMENT_3D('',#19461,#19462,#19463);
#17288=CARTESIAN_POINT('',(4.75,8.699583,2.41));
#17289=CARTESIAN_POINT('',(4.75,8.17,2.41));
#17290=VECTOR('',#19464,1.0);
#17291=CARTESIAN_POINT('',(4.75,8.699583,2.26));
#17292=CARTESIAN_POINT('',(4.75,8.699583,2.36));
#17293=VECTOR('',#19465,1.0);
#17294=CARTESIAN_POINT('',(4.75,8.7305698587749,2.26));
#17295=CARTESIAN_POINT('',(4.75,8.17,2.26));
#17296=VECTOR('',#19466,1.0);
#17297=CARTESIAN_POINT('',(4.75,8.86079968094827,2.18443247555128));
#17298=AXIS2_PLACEMENT_3D('',#19467,#19468,#19469);
#17299=CARTESIAN_POINT('',(4.75,10.0801877339512,0.0509458740811799));
#17300=CARTESIAN_POINT('',(4.75,8.76045457371368,2.36));
#17301=VECTOR('',#19470,1.0);
#17302=AXIS2_PLACEMENT_3D('',#19471,#19472,#19473);
#17303=COLOUR_RGB('',0.823529481887817,0.823529481887817,0.784313797950745);
#17304=CARTESIAN_POINT('',(4.02,1.34142677254131,2.35805797284984));
#17305=CARTESIAN_POINT('',(4.88,1.34142677254131,2.35805797284984));
#17306=CARTESIAN_POINT('',(4.45,1.34142677254131,2.35805797284984));
#17307=VECTOR('',#19474,1.0);
#17308=CARTESIAN_POINT('',(4.02,1.57525046053608,2.32114942952215));
#17309=CARTESIAN_POINT('',(4.02,8.17,1.2801830449785));
#17310=VECTOR('',#19475,1.0);
#17311=CARTESIAN_POINT('',(4.88,1.57525046053608,2.32114942952215));
#17312=CARTESIAN_POINT('',(4.45,1.57525046053609,2.32114942952214));
#17313=VECTOR('',#19476,1.0);
#17314=CARTESIAN_POINT('',(4.88,8.17,1.2801830449785));
#17315=VECTOR('',#19477,1.0);
#17316=COLOUR_RGB('',0.823529481887817,0.823529481887817,0.784313797950745);
#17317=CARTESIAN_POINT('',(4.15,8.86079968094827,2.18443247555128));
#17318=CARTESIAN_POINT('',(4.15,10.0801877339512,0.0509458740811799));
#17319=CARTESIAN_POINT('',(4.15,8.76045457371368,2.36));
#17320=VECTOR('',#19478,1.0);
#17321=CARTESIAN_POINT('',(4.15,8.7305698587749,2.26));
#17322=AXIS2_PLACEMENT_3D('',#19479,#19480,#19481);
#17323=CARTESIAN_POINT('',(4.15,8.699583,2.26));
#17324=CARTESIAN_POINT('',(4.15,8.17,2.26));
#17325=VECTOR('',#19482,1.0);
#17326=CARTESIAN_POINT('',(4.15,8.699583,2.41));
#17327=CARTESIAN_POINT('',(4.15,8.699583,2.41));
#17328=VECTOR('',#19483,1000.0);
#17329=CARTESIAN_POINT('',(4.15,8.7305698587749,2.41));
#17330=CARTESIAN_POINT('',(4.15,8.17,2.41));
#17331=VECTOR('',#19484,1.0);
#17332=CARTESIAN_POINT('',(4.15,8.99102950312164,2.25886495110256));
#17333=AXIS2_PLACEMENT_3D('',#19485,#19486,#19487);
#17334=CARTESIAN_POINT('',(4.15,10.2104175561246,0.12537834963247));
#17335=CARTESIAN_POINT('',(4.15,8.52307933035889,3.07760794377524));
#17336=VECTOR('',#19488,1000.0);
#17337=AXIS2_PLACEMENT_3D('',#19489,#19490,#19491);
#17338=CARTESIAN_POINT('',(4.15,10.5200005071935,-4.03735356990859));
#17339=VECTOR('',#19492,1000.0);
#17340=AXIS2_PLACEMENT_3D('',#19493,#19494,#19495);
#17341=COLOUR_RGB('',0.823529481887817,0.823529481887817,0.784313797950745);
#17342=COLOUR_RGB('',0.823529481887817,0.823529481887817,0.784313797950745);
#17343=CARTESIAN_POINT('',(4.88,0.87367489889825,2.39474763056312));
#17344=AXIS2_PLACEMENT_3D('',#19496,#19497,#19498);
#17345=CARTESIAN_POINT('',(4.02,0.87367489889825,2.39474763056312));
#17346=CARTESIAN_POINT('',(4.45,0.87367489889825,2.39474763056312));
#17347=VECTOR('',#19499,1.0);
#17348=AXIS2_PLACEMENT_3D('',#19500,#19501,#19502);
#17349=COLOUR_RGB('',0.823529481887817,0.823529481887817,0.784313797950745);
#17350=CARTESIAN_POINT('',(4.45,10.2104175561246,0.12537834963247));
#17351=VECTOR('',#19503,1.0);
#17352=CARTESIAN_POINT('',(4.45,8.99102950312164,2.25886495110256));
#17353=VECTOR('',#19504,1.0);
#17354=COLOUR_RGB('',1.0,0.843137323856354,0.0);
#17355=CARTESIAN_POINT('',(4.02,1.14293503708657,2.7775762279289));
#17356=AXIS2_PLACEMENT_3D('',#19505,#19506,#19507);
#17357=CARTESIAN_POINT('',(4.88,1.14293503708657,2.77757622792889));
#17358=CARTESIAN_POINT('',(4.45,1.14293503708657,2.7775762279289));
#17359=VECTOR('',#19508,1.0);
#17360=AXIS2_PLACEMENT_3D('',#19509,#19510,#19511);
#17361=COLOUR_RGB('',1.0,0.843137323856354,0.0);
#17362=CARTESIAN_POINT('',(4.88,0.596776977453159,2.91954832463333));
#17363=CARTESIAN_POINT('',(4.88,8.17,-2.20790913642173));
#17364=VECTOR('',#19512,1.0);
#17365=CARTESIAN_POINT('',(4.02,0.596776977453159,2.91954832463334));
#17366=CARTESIAN_POINT('',(4.45,0.596776977453159,2.91954832463334));
#17367=VECTOR('',#19513,1.0);
#17368=CARTESIAN_POINT('',(4.02,8.17,-2.20790913642173));
#17369=VECTOR('',#19514,1.0);
#17370=COLOUR_RGB('',1.0,0.843137323856354,0.0);
#17371=AXIS2_PLACEMENT_3D('',#19515,#19516,#19517);
#17372=AXIS2_PLACEMENT_3D('',#19518,#19519,#19520);
#17373=COLOUR_RGB('',0.823529481887817,0.823529481887817,0.784313797950745);
#17374=CARTESIAN_POINT('',(4.88000000000004,1.25418115905595,3.09885057047785));
#17375=CARTESIAN_POINT('',(4.02000000000003,1.25418115905595,3.09885057047786));
#17376=CARTESIAN_POINT('',(4.45000000000003,1.25418115905595,3.09885057047786));
#17377=VECTOR('',#19521,1.0);
#17378=CARTESIAN_POINT('',(4.88,2.03376761512772,3.16));
#17379=AXIS2_PLACEMENT_3D('',#19522,#19523,#19524);
#17380=CARTESIAN_POINT('',(4.02,2.03376761512772,3.16));
#17381=CARTESIAN_POINT('',(4.45000000000003,2.03376761512772,3.16));
#17382=VECTOR('',#19525,1.0);
#17383=AXIS2_PLACEMENT_3D('',#19526,#19527,#19528);
#17384=COLOUR_RGB('',1.0,0.843137323856354,0.0);
#17385=CARTESIAN_POINT('',(4.02,1.34834671906642,2.81));
#17386=CARTESIAN_POINT('',(4.02,8.17,3.88678262987391));
#17387=VECTOR('',#19529,1.0);
#17388=CARTESIAN_POINT('',(4.88,1.34834671906642,2.81));
#17389=CARTESIAN_POINT('',(4.45,1.34834671906642,2.81));
#17390=VECTOR('',#19530,1.0);
#17391=CARTESIAN_POINT('',(4.88,8.17,3.88678262987391));
#17392=VECTOR('',#19531,1.0);
#17393=COLOUR_RGB('',0.823529481887817,0.823529481887817,0.784313797950745);
#17394=CARTESIAN_POINT('',(4.88,8.499583,3.16));
#17395=CARTESIAN_POINT('',(4.02,8.499583,3.16));
#17396=CARTESIAN_POINT('',(4.45,8.499583,3.16));
#17397=VECTOR('',#19532,1.0);
#17398=CARTESIAN_POINT('',(4.88,8.499583,2.41));
#17399=CARTESIAN_POINT('',(4.88,8.499583,2.36));
#17400=VECTOR('',#19533,1.0);
#17401=CARTESIAN_POINT('',(4.02,8.499583,2.41));
#17402=CARTESIAN_POINT('',(4.45,8.499583,2.41));
#17403=VECTOR('',#19534,1.0);
#17404=CARTESIAN_POINT('',(4.02,8.499583,2.36));
#17405=VECTOR('',#19535,1.0);
#17406=COLOUR_RGB('',0.823529481887817,0.823529481887817,0.784313797950745);
#17407=CARTESIAN_POINT('',(4.45,8.7305698587749,2.41));
#17408=VECTOR('',#19536,1.0);
#17409=COLOUR_RGB('',0.823529481887817,0.823529481887817,0.784313797950745);
#17410=CARTESIAN_POINT('',(4.02,8.17,3.16));
#17411=VECTOR('',#19537,1.0);
#17412=CARTESIAN_POINT('',(4.88,8.17,3.16));
#17413=VECTOR('',#19538,1.0);
#17414=COLOUR_RGB('',0.823529481887817,0.823529481887817,0.784313797950745);
#17415=CARTESIAN_POINT('',(4.02,2.835,2.81));
#17416=CARTESIAN_POINT('',(4.02,8.17,2.81));
#17417=VECTOR('',#19539,1.0);
#17418=CARTESIAN_POINT('',(4.88,2.835,2.81));
#17419=CARTESIAN_POINT('',(4.45,2.835,2.81));
#17420=VECTOR('',#19540,1.0);
#17421=CARTESIAN_POINT('',(4.88,8.17,2.81));
#17422=VECTOR('',#19541,1.0);
#17423=COLOUR_RGB('',0.823529481887817,0.823529481887817,0.784313797950745);
#17424=CARTESIAN_POINT('',(4.02,8.699583,2.26));
#17425=CARTESIAN_POINT('',(4.02,8.699583,2.41));
#17426=CARTESIAN_POINT('',(4.02,8.699583,2.36));
#17427=VECTOR('',#19542,1.0);
#17428=CARTESIAN_POINT('',(4.45,8.699583,2.41));
#17429=VECTOR('',#19543,1.0);
#17430=CARTESIAN_POINT('',(4.45,8.699583,2.26));
#17431=VECTOR('',#19544,1.0);
#17432=COLOUR_RGB('',0.823529481887817,0.823529481887817,0.784313797950745);
#17433=CARTESIAN_POINT('',(4.88,8.699583,2.41));
#17434=CARTESIAN_POINT('',(4.88,8.699583,2.26));
#17435=CARTESIAN_POINT('',(4.88,8.699583,2.36));
#17436=VECTOR('',#19545,1.0);
#17437=CARTESIAN_POINT('',(4.45,8.699583,2.26));
#17438=VECTOR('',#19546,1.0);
#17439=CARTESIAN_POINT('',(4.45,8.699583,2.41));
#17440=VECTOR('',#19547,1.0);
#17441=COLOUR_RGB('',0.823529481887817,0.823529481887817,0.784313797950745);
#17442=CARTESIAN_POINT('',(4.88,8.17,2.41));
#17443=VECTOR('',#19548,1.0);
#17444=CARTESIAN_POINT('',(4.02,8.17,2.41));
#17445=VECTOR('',#19549,1.0);
#17446=COLOUR_RGB('',0.823529481887817,0.823529481887817,0.784313797950745);
#17447=CARTESIAN_POINT('',(4.88,2.835,2.61));
#17448=CARTESIAN_POINT('',(4.88,8.17,2.61));
#17449=VECTOR('',#19550,1.0);
#17450=CARTESIAN_POINT('',(4.02,2.835,2.61));
#17451=CARTESIAN_POINT('',(4.45,2.835,2.61));
#17452=VECTOR('',#19551,1.0);
#17453=CARTESIAN_POINT('',(4.02,8.17,2.61));
#17454=VECTOR('',#19552,1.0);
#17455=COLOUR_RGB('',0.823529481887817,0.823529481887817,0.784313797950745);
#17456=CARTESIAN_POINT('',(4.02,0.596776977453159,2.49474763056312));
#17457=CARTESIAN_POINT('',(4.88,0.596776977453159,2.49474763056312));
#17458=CARTESIAN_POINT('',(4.45,0.596776977453159,2.49474763056312));
#17459=VECTOR('',#19553,1.0);
#17460=CARTESIAN_POINT('',(4.02,0.596776977453159,2.39474763056312));
#17461=CARTESIAN_POINT('',(4.02,0.596776977453159,2.36));
#17462=VECTOR('',#19554,1.0);
#17463=CARTESIAN_POINT('',(4.88,0.596776977453159,2.39474763056312));
#17464=CARTESIAN_POINT('',(4.88,0.596776977453159,2.39474763056312));
#17465=VECTOR('',#19555,1.0);
#17466=CARTESIAN_POINT('',(4.88,0.596776977453159,2.36));
#17467=VECTOR('',#19556,1.0);
#17468=COLOUR_RGB('',0.823529481887817,0.823529481887817,0.784313797950745);
#17469=CARTESIAN_POINT('',(4.88,0.596776977453159,3.01954832463333));
#17470=CARTESIAN_POINT('',(4.02,0.596776977453159,3.01954832463333));
#17471=CARTESIAN_POINT('',(4.88,0.596776977453159,3.01954832463333));
#17472=VECTOR('',#19557,1.0);
#17473=CARTESIAN_POINT('',(4.02,0.596776977453159,2.36));
#17474=VECTOR('',#19558,1.0);
#17475=CARTESIAN_POINT('',(4.88,0.596776977453159,2.36));
#17476=VECTOR('',#19559,1.0);
#17477=COLOUR_RGB('',0.823529481887817,0.823529481887817,0.784313797950745);
#17478=CARTESIAN_POINT('',(4.88,0.6733458095898,3.01954832463333));
#17479=CARTESIAN_POINT('',(4.02,0.67334580958976,3.01954832463333));
#17480=CARTESIAN_POINT('',(4.45,0.67334580958978,3.01954832463333));
#17481=VECTOR('',#19560,1.0);
#17482=CARTESIAN_POINT('',(4.87999999999999,0.82926310080415,3.03177821053776));
#17483=AXIS2_PLACEMENT_3D('',#19561,#19562,#19563);
#17484=CARTESIAN_POINT('',(4.01999999999999,0.82926310080411,3.03177821053776));
#17485=CARTESIAN_POINT('',(4.44999999999999,0.82926310080413,3.03177821053776));
#17486=VECTOR('',#19564,1.0);
#17487=AXIS2_PLACEMENT_3D('',#19565,#19566,#19567);
#17488=COLOUR_RGB('',0.823529481887817,0.823529481887817,0.784313797950745);
#17489=CARTESIAN_POINT('',(4.02,2.35483691660787,2.26));
#17490=AXIS2_PLACEMENT_3D('',#19568,#19569,#19570);
#17491=CARTESIAN_POINT('',(4.88,2.35483691660787,2.26));
#17492=CARTESIAN_POINT('',(4.45,2.35483691660787,2.26));
#17493=VECTOR('',#19571,1.0);
#17494=AXIS2_PLACEMENT_3D('',#19572,#19573,#19574);
#17495=COLOUR_RGB('',0.823529481887817,0.823529481887817,0.784313797950745);
#17496=CARTESIAN_POINT('',(4.88,8.17,2.39474763056312));
#17497=VECTOR('',#19575,1.0);
#17498=CARTESIAN_POINT('',(4.02,8.17,2.39474763056312));
#17499=VECTOR('',#19576,1.0);
#17500=COLOUR_RGB('',0.823529481887817,0.823529481887817,0.784313797950745);
#17501=CARTESIAN_POINT('',(4.45,10.0801877339512,0.0509458740811897));
#17502=VECTOR('',#19577,1.0);
#17503=CARTESIAN_POINT('',(4.45,8.86079968094827,2.18443247555128));
#17504=VECTOR('',#19578,1.0);
#17505=COLOUR_RGB('',0.823529481887817,0.823529481887817,0.784313797950745);
#17506=COLOUR_RGB('',0.823529481887817,0.823529481887817,0.784313797950745);
#17507=CARTESIAN_POINT('',(4.02,8.17,4.19049702224008));
#17508=VECTOR('',#19579,1.0);
#17509=CARTESIAN_POINT('',(4.88,8.17,4.19049702224008));
#17510=VECTOR('',#19580,1.0);
#17511=COLOUR_RGB('',0.823529481887817,0.823529481887817,0.784313797950745);
#17512=CARTESIAN_POINT('',(4.45,8.7305698587749,2.26));
#17513=VECTOR('',#19581,1.0);
#17514=COLOUR_RGB('',0.823529481887817,0.823529481887817,0.784313797950745);
#17515=COLOUR_RGB('',0.823529481887817,0.823529481887817,0.784313797950745);
#17516=CARTESIAN_POINT('',(4.02,8.17,3.01954832463333));
#17517=VECTOR('',#19582,1.0);
#17518=CARTESIAN_POINT('',(4.88,8.17,3.01954832463333));
#17519=VECTOR('',#19583,1.0);
#17520=COLOUR_RGB('',0.823529481887817,0.823529481887817,0.784313797950745);
#17521=CARTESIAN_POINT('',(4.88,2.835,2.36));
#17522=VECTOR('',#19584,1.0);
#17523=CARTESIAN_POINT('',(4.02,2.835,2.36));
#17524=VECTOR('',#19585,1.0);
#17525=COLOUR_RGB('',1.0,0.843137323856354,0.0);
#17526=CARTESIAN_POINT('',(4.02,8.17,7.62220509161819));
#17527=VECTOR('',#19586,1.0);
#17528=CARTESIAN_POINT('',(4.88,8.17,7.62220509161819));
#17529=VECTOR('',#19587,1.0);
#17530=COLOUR_RGB('',0.823529481887817,0.823529481887817,0.784313797950745);
#17531=CARTESIAN_POINT('',(4.88,8.17,2.26));
#17532=VECTOR('',#19588,1.0);
#17533=COLOUR_RGB('',0.823529481887817,0.823529481887817,0.784313797950745);
#17534=CARTESIAN_POINT('',(4.02,8.17,2.26));
#17535=VECTOR('',#19589,1.0);
#17536=COLOUR_RGB('',0.823529481887817,0.823529481887817,0.784313797950745);
#17537=COLOUR_RGB('',0.313725501298904,0.313725501298904,0.313725501298904);
#17538=COLOUR_RGB('',0.823529481887817,0.823529481887817,0.784313797950745);
#17539=CARTESIAN_POINT('',(7.73,10.6157294803789,0.32499999999999));
#17540=CARTESIAN_POINT('',(7.73,9.25000065681814,0.32499999999999));
#17541=CARTESIAN_POINT('',(7.73,7.22500065681814,0.32499999999999));
#17542=VECTOR('',#19590,1.0);
#17543=CARTESIAN_POINT('',(8.13,9.25000065681814,0.32499999999999));
#17544=CARTESIAN_POINT('',(7.93,9.25000065681814,0.32499999999999));
#17545=VECTOR('',#19591,1.0);
#17546=CARTESIAN_POINT('',(8.13,8.45000065681814,0.32499999999999));
#17547=CARTESIAN_POINT('',(8.13,7.22500065681814,0.32499999999999));
#17548=VECTOR('',#19592,1.0);
#17549=CARTESIAN_POINT('',(8.52938055098077,8.45000065681814,0.32499999999999));
#17550=CARTESIAN_POINT('',(8.72938055098077,8.45000065681814,0.325));
#17551=VECTOR('',#19593,1000.0);
#17552=CARTESIAN_POINT('',(8.72938055098077,8.65000065681814,0.32499999999999));
#17553=AXIS2_PLACEMENT_3D('',#19594,#19595,#19596);
#17554=CARTESIAN_POINT('',(8.72938055098077,10.6000006568181,0.32499999999999));
#17555=CARTESIAN_POINT('',(8.72938055098077,3.60000065681814,0.325));
#17556=VECTOR('',#19597,1000.0);
#17557=CARTESIAN_POINT('',(8.52938055098077,10.8000006568181,0.32499999999999));
#17558=AXIS2_PLACEMENT_3D('',#19598,#19599,#19600);
#17559=CARTESIAN_POINT('',(7.92938055098077,10.8000006568181,0.32499999999999));
#17560=CARTESIAN_POINT('',(4.81338055098076,10.8000006568181,0.32499999999998));
#17561=VECTOR('',#19601,1000.0);
#17562=AXIS2_PLACEMENT_3D('',#19602,#19603,#19604);
#17563=COLOUR_RGB('',0.823529481887817,0.823529481887817,0.784313797950745);
#17564=CARTESIAN_POINT('',(7.73,10.6157294803789,-0.0750000000000099));
#17565=CARTESIAN_POINT('',(7.73,8.45000065681814,-0.0750000000000099));
#17566=CARTESIAN_POINT('',(7.73,7.22500065681814,-0.0750000000000099));
#17567=VECTOR('',#19605,1.0);
#17568=CARTESIAN_POINT('',(7.92938055098077,10.8000006568181,-0.0750000000000099));
#17569=AXIS2_PLACEMENT_3D('',#19606,#19607,#19608);
#17570=CARTESIAN_POINT('',(8.52938055098077,10.8000006568181,-0.0750000000000099));
#17571=CARTESIAN_POINT('',(4.81338055098077,10.8000006568181,-0.0750000000000202));
#17572=VECTOR('',#19609,1000.0);
#17573=CARTESIAN_POINT('',(8.72938055098077,10.6000006568181,-0.0750000000000099));
#17574=AXIS2_PLACEMENT_3D('',#19610,#19611,#19612);
#17575=CARTESIAN_POINT('',(8.72938055098077,8.65000065681814,-0.0750000000000099));
#17576=CARTESIAN_POINT('',(8.72938055098077,7.20000065681814,-0.0749999999999997));
#17577=VECTOR('',#19613,1000.0);
#17578=CARTESIAN_POINT('',(8.52938055098077,8.45000065681814,-0.0750000000000099));
#17579=AXIS2_PLACEMENT_3D('',#19614,#19615,#19616);
#17580=CARTESIAN_POINT('',(4.81338055098077,8.45000065681814,-0.0750000000000202));
#17581=VECTOR('',#19617,1000.0);
#17582=COLOUR_RGB('',0.823529481887817,0.823529481887817,0.784313797950745);
#17583=CARTESIAN_POINT('',(8.52938055098077,5.95000065681814,-0.0750000000000099));
#17584=CARTESIAN_POINT('',(8.72938055098077,5.75000065681814,-0.0750000000000099));
#17585=AXIS2_PLACEMENT_3D('',#19618,#19619,#19620);
#17586=CARTESIAN_POINT('',(8.52938055098077,5.95000065681814,0.32499999999999));
#17587=CARTESIAN_POINT('',(8.52938055098077,5.95000065681814,0.325));
#17588=VECTOR('',#19621,1000.0);
#17589=CARTESIAN_POINT('',(8.72938055098077,5.75000065681814,0.32499999999999));
#17590=AXIS2_PLACEMENT_3D('',#19622,#19623,#19624);
#17591=CARTESIAN_POINT('',(8.72938055098077,5.75000065681814,0.325));
#17592=VECTOR('',#19625,1000.0);
#17593=COLOUR_RGB('',0.823529481887817,0.823529481887817,0.784313797950745);
#17594=CARTESIAN_POINT('',(8.52938055098077,3.60000065681814,0.32499999999999));
#17595=CARTESIAN_POINT('',(7.92938055098077,3.60000065681814,0.32499999999999));
#17596=CARTESIAN_POINT('',(4.81338055098076,3.60000065681814,0.32499999999998));
#17597=VECTOR('',#19626,1000.0);
#17598=CARTESIAN_POINT('',(7.92938055098077,3.60000065681814,-0.0750000000000099));
#17599=CARTESIAN_POINT('',(7.92938055098077,3.60000065681814,0.32499999999999));
#17600=VECTOR('',#19627,1000.0);
#17601=CARTESIAN_POINT('',(8.52938055098077,3.60000065681814,-0.0750000000000099));
#17602=CARTESIAN_POINT('',(4.81338055098077,3.60000065681814,-0.0750000000000202));
#17603=VECTOR('',#19628,1000.0);
#17604=CARTESIAN_POINT('',(8.52938055098077,3.60000065681814,0.325));
#17605=VECTOR('',#19629,1000.0);
#17606=COLOUR_RGB('',0.823529481887817,0.823529481887817,0.784313797950745);
#17607=CARTESIAN_POINT('',(8.13,5.95000065681814,2.37038055098076));
#17608=CARTESIAN_POINT('',(8.13,8.45000065681814,2.37038055098076));
#17609=CARTESIAN_POINT('',(8.13,7.22500065681814,2.37038055098076));
#17610=VECTOR('',#19630,1.0);
#17611=CARTESIAN_POINT('',(7.73,5.95000065681814,2.37038055098076));
#17612=CARTESIAN_POINT('',(7.93,5.95000065681814,2.37038055098076));
#17613=VECTOR('',#19631,1.0);
#17614=CARTESIAN_POINT('',(7.73,8.45000065681814,2.37038055098076));
#17615=CARTESIAN_POINT('',(7.73,7.22500065681814,2.37038055098076));
#17616=VECTOR('',#19632,1.0);
#17617=CARTESIAN_POINT('',(7.93,8.45000065681814,2.37038055098076));
#17618=VECTOR('',#19633,1.0);
#17619=COLOUR_RGB('',0.823529481887817,0.823529481887817,0.784313797950745);
#17620=CARTESIAN_POINT('',(7.73,10.6157294803788,-1.72002310014176));
#17621=VECTOR('',#19634,1.0);
#17622=CARTESIAN_POINT('',(7.92938055098077,10.8000006568181,0.32499999999999));
#17623=VECTOR('',#19635,1000.0);
#17624=COLOUR_RGB('',0.823529481887817,0.823529481887817,0.784313797950745);
#17625=CARTESIAN_POINT('',(8.72938055098077,3.80000065681814,-0.0750000000000099));
#17626=AXIS2_PLACEMENT_3D('',#19636,#19637,#19638);
#17627=CARTESIAN_POINT('',(8.72938055098077,3.80000065681814,0.32499999999999));
#17628=CARTESIAN_POINT('',(8.72938055098077,3.80000065681814,0.325));
#17629=VECTOR('',#19639,1000.0);
#17630=AXIS2_PLACEMENT_3D('',#19640,#19641,#19642);
#17631=COLOUR_RGB('',0.823529481887817,0.823529481887817,0.784313797950745);
#17632=CARTESIAN_POINT('',(8.52938055098077,10.8000006568181,0.325));
#17633=VECTOR('',#19643,1000.0);
#17634=CARTESIAN_POINT('',(8.72938055098077,10.6000006568181,0.325));
#17635=VECTOR('',#19644,1000.0);
#17636=COLOUR_RGB('',0.823529481887817,0.823529481887817,0.784313797950745);
#17637=COLOUR_RGB('',0.823529481887817,0.823529481887817,0.784313797950745);
#17638=CARTESIAN_POINT('',(8.72938055098077,8.65000065681814,0.325));
#17639=VECTOR('',#19645,1000.0);
#17640=COLOUR_RGB('',0.823529481887817,0.823529481887817,0.784313797950745);
#17641=CARTESIAN_POINT('',(8.13,5.65000065681814,3.37038055098076));
#17642=CARTESIAN_POINT('',(8.13,8.75000065681814,3.37038055098076));
#17643=CARTESIAN_POINT('',(8.13,7.22500065681814,3.37038055098076));
#17644=VECTOR('',#19646,1.0);
#17645=CARTESIAN_POINT('',(7.73,8.75000065681814,3.37038055098076));
#17646=CARTESIAN_POINT('',(8.13,8.75000065681814,3.37038055098076));
#17647=VECTOR('',#19647,1000.0);
#17648=CARTESIAN_POINT('',(7.73,5.65000065681814,3.37038055098076));
#17649=CARTESIAN_POINT('',(7.73,7.22500065681814,3.37038055098076));
#17650=VECTOR('',#19648,1.0);
#17651=CARTESIAN_POINT('',(8.13,5.65000065681814,3.37038055098076));
#17652=VECTOR('',#19649,1000.0);
#17653=COLOUR_RGB('',0.823529481887817,0.823529481887817,0.784313797950745);
#17654=CARTESIAN_POINT('',(7.73,5.15000065681814,0.32499999999999));
#17655=CARTESIAN_POINT('',(8.13,5.15000065681814,0.32499999999999));
#17656=CARTESIAN_POINT('',(7.93,5.15000065681814,0.32499999999999));
#17657=VECTOR('',#19650,1.0);
#17658=CARTESIAN_POINT('',(8.13,5.15000065681814,2.87038055098076));
#17659=CARTESIAN_POINT('',(8.13,5.15000065681814,3.37038055098076));
#17660=VECTOR('',#19651,1.0);
#17661=CARTESIAN_POINT('',(7.73,5.15000065681814,2.87038055098076));
#17662=CARTESIAN_POINT('',(7.93,5.15000065681814,2.87038055098076));
#17663=VECTOR('',#19652,1.0);
#17664=CARTESIAN_POINT('',(7.73,5.15000065681814,3.37038055098076));
#17665=VECTOR('',#19653,1.0);
#17666=COLOUR_RGB('',0.823529481887817,0.823529481887817,0.784313797950745);
#17667=CARTESIAN_POINT('',(7.73,3.78427183325738,0.32499999999999));
#17668=CARTESIAN_POINT('',(7.73,7.22500065681814,0.32499999999999));
#17669=VECTOR('',#19654,1.0);
#17670=AXIS2_PLACEMENT_3D('',#19655,#19656,#19657);
#17671=CARTESIAN_POINT('',(8.72938055098077,10.8000006568181,0.325));
#17672=VECTOR('',#19658,1000.0);
#17673=CARTESIAN_POINT('',(8.13,5.95000065681814,0.32499999999999));
#17674=CARTESIAN_POINT('',(8.72938055098077,5.95000065681814,0.325));
#17675=VECTOR('',#19659,1000.0);
#17676=CARTESIAN_POINT('',(8.13,7.22500065681814,0.32499999999999));
#17677=VECTOR('',#19660,1.0);
#17678=COLOUR_RGB('',0.823529481887817,0.823529481887817,0.784313797950745);
#17679=CARTESIAN_POINT('',(7.73,3.78427183325739,-0.0750000000000099));
#17680=CARTESIAN_POINT('',(7.73,5.95000065681814,-0.0750000000000099));
#17681=CARTESIAN_POINT('',(7.73,7.22500065681814,-0.0750000000000099));
#17682=VECTOR('',#19661,1.0);
#17683=CARTESIAN_POINT('',(4.81338055098077,5.95000065681814,-0.0750000000000202));
#17684=VECTOR('',#19662,1000.0);
#17685=CARTESIAN_POINT('',(8.72938055098077,7.20000065681814,-0.0749999999999997));
#17686=VECTOR('',#19663,1000.0);
#17687=AXIS2_PLACEMENT_3D('',#19664,#19665,#19666);
#17688=COLOUR_RGB('',0.823529481887817,0.823529481887817,0.784313797950745);
#17689=CARTESIAN_POINT('',(7.73,8.45000065681814,3.37038055098076));
#17690=VECTOR('',#19667,1.0);
#17691=CARTESIAN_POINT('',(8.52938055098077,8.45000065681814,0.325));
#17692=VECTOR('',#19668,1000.0);
#17693=CARTESIAN_POINT('',(8.13,8.45000065681814,3.37038055098076));
#17694=VECTOR('',#19669,1.0);
#17695=COLOUR_RGB('',0.823529481887817,0.823529481887817,0.784313797950745);
#17696=CARTESIAN_POINT('',(7.73,3.78427183325747,-1.72002310014176));
#17697=VECTOR('',#19670,1.0);
#17698=COLOUR_RGB('',0.823529481887817,0.823529481887817,0.784313797950745);
#17699=CARTESIAN_POINT('',(7.73,9.25000065681814,2.87038055098076));
#17700=CARTESIAN_POINT('',(7.73,9.25000065681814,3.37038055098076));
#17701=VECTOR('',#19671,1.0);
#17702=CARTESIAN_POINT('',(8.13,9.25000065681814,2.87038055098076));
#17703=CARTESIAN_POINT('',(7.93,9.25000065681814,2.87038055098076));
#17704=VECTOR('',#19672,1.0);
#17705=CARTESIAN_POINT('',(8.13,9.25000065681814,3.37038055098076));
#17706=VECTOR('',#19673,1.0);
#17707=COLOUR_RGB('',0.823529481887817,0.823529481887817,0.784313797950745);
#17708=CARTESIAN_POINT('',(8.13,5.65000065681814,3.37038055098076));
#17709=VECTOR('',#19674,1.0);
#17710=CARTESIAN_POINT('',(7.73,6.42500065681814,4.14538055098076));
#17711=VECTOR('',#19675,1000.0);
#17712=COLOUR_RGB('',0.823529481887817,0.823529481887817,0.784313797950745);
#17713=CARTESIAN_POINT('',(7.73,5.95000065681814,3.37038055098076));
#17714=VECTOR('',#19676,1.0);
#17715=CARTESIAN_POINT('',(7.73,7.97500065681814,4.14538055098076));
#17716=VECTOR('',#19677,1000.0);
#17717=COLOUR_RGB('',0.823529481887817,0.823529481887817,0.784313797950745);
#17718=CARTESIAN_POINT('',(8.13,8.75000065681814,3.37038055098076));
#17719=VECTOR('',#19678,1.0);
#17720=CARTESIAN_POINT('',(8.13,5.95000065681814,3.37038055098076));
#17721=VECTOR('',#19679,1.0);
#17722=COLOUR_RGB('',0.823529481887817,0.823529481887817,0.784313797950745);
#17723=COLOUR_RGB('',0.823529481887817,0.823529481887817,0.784313797950745);
#17724=COLOUR_RGB('',0.823529481887817,0.823529481887817,0.784313797950745);
#17725=COLOUR_RGB('',0.823529481887817,0.823529481887817,0.784313797950745);
#17726=COLOUR_RGB('',0.313725501298904,0.313725501298904,0.313725501298904);
#17727=COLOUR_RGB('',1.0,0.843137323856354,0.0);
#17728=CARTESIAN_POINT('',(4.02,1.06408530805543,1.37502597999597));
#17729=CARTESIAN_POINT('',(4.88,1.06408530805543,1.37502597999597));
#17730=CARTESIAN_POINT('',(4.45,1.06408530805543,1.37502597999597));
#17731=VECTOR('',#19680,1.0);
#17732=CARTESIAN_POINT('',(4.02,0.61557411240484,1.23747424769396));
#17733=AXIS2_PLACEMENT_3D('',#19681,#19682,#19683);
#17734=CARTESIAN_POINT('',(4.88,0.61557411240484,1.23747424769396));
#17735=CARTESIAN_POINT('',(4.45,0.61557411240484,1.23747424769396));
#17736=VECTOR('',#19684,1.0);
#17737=AXIS2_PLACEMENT_3D('',#19685,#19686,#19687);
#17738=COLOUR_RGB('',1.0,0.843137323856354,0.0);
#17739=CARTESIAN_POINT('',(4.88,1.03379293323653,1.49901530779579));
#17740=CARTESIAN_POINT('',(4.02,1.03379293323653,1.4990153077958));
#17741=CARTESIAN_POINT('',(4.45,1.03379293323653,1.49901530779579));
#17742=VECTOR('',#19688,1.0);
#17743=CARTESIAN_POINT('',(4.88,0.641345637042259,1.61937307356004));
#17744=AXIS2_PLACEMENT_3D('',#19689,#19690,#19691);
#17745=CARTESIAN_POINT('',(4.02,0.641345637042259,1.61937307356005));
#17746=CARTESIAN_POINT('',(4.45,0.641345637042259,1.61937307356004));
#17747=VECTOR('',#19692,1.0);
#17748=AXIS2_PLACEMENT_3D('',#19693,#19694,#19695);
#17749=COLOUR_RGB('',0.823529481887817,0.823529481887817,0.784313797950745);
#17750=CARTESIAN_POINT('',(4.75,8.38959534660515,1.14));
#17751=CARTESIAN_POINT('',(4.15,8.38959534660515,1.14));
#17752=CARTESIAN_POINT('',(4.45,8.38959534660515,1.14));
#17753=VECTOR('',#19696,1.0);
#17754=CARTESIAN_POINT('',(4.15,8.35026,1.14));
#17755=CARTESIAN_POINT('',(4.15,8.45,1.14));
#17756=VECTOR('',#19697,1.0);
#17757=CARTESIAN_POINT('',(4.02,8.35026,1.14));
#17758=CARTESIAN_POINT('',(4.45,8.35026,1.14));
#17759=VECTOR('',#19698,1.0);
#17760=CARTESIAN_POINT('',(4.02,8.15026,1.14));
#17761=CARTESIAN_POINT('',(4.02,8.45,1.14));
#17762=VECTOR('',#19699,1.0);
#17763=CARTESIAN_POINT('',(4.88,8.15026,1.14));
#17764=CARTESIAN_POINT('',(4.45,8.15026,1.14));
#17765=VECTOR('',#19700,1.0);
#17766=CARTESIAN_POINT('',(4.88,8.35026,1.14));
#17767=CARTESIAN_POINT('',(4.88,8.45,1.14));
#17768=VECTOR('',#19701,1.0);
#17769=CARTESIAN_POINT('',(4.75,8.35026,1.14));
#17770=CARTESIAN_POINT('',(4.45,8.35026,1.14));
#17771=VECTOR('',#19702,1.0);
#17772=CARTESIAN_POINT('',(4.75,8.45,1.14));
#17773=VECTOR('',#19703,1.0);
#17774=COLOUR_RGB('',0.823529481887817,0.823529481887817,0.784313797950745);
#17775=CARTESIAN_POINT('',(4.15,8.53142313294505,0.888835223168573));
#17776=CARTESIAN_POINT('',(4.15,8.80524183801762,0.0936079613857013));
#17777=CARTESIAN_POINT('',(4.15,8.46215654546073,1.09));
#17778=VECTOR('',#19704,1.0);
#17779=CARTESIAN_POINT('',(4.15,8.38959534660515,0.99));
#17780=AXIS2_PLACEMENT_3D('',#19705,#19706,#19707);
#17781=CARTESIAN_POINT('',(4.15,8.35026,0.99));
#17782=CARTESIAN_POINT('',(4.15,8.45,0.99));
#17783=VECTOR('',#19708,1.0);
#17784=CARTESIAN_POINT('',(4.15,8.35026,1.09));
#17785=VECTOR('',#19709,1.0);
#17786=CARTESIAN_POINT('',(4.15,8.67325091928494,0.937670446337146));
#17787=AXIS2_PLACEMENT_3D('',#19710,#19711,#19712);
#17788=CARTESIAN_POINT('',(4.15,8.94706962435752,0.142443184554274));
#17789=CARTESIAN_POINT('',(4.15,8.55848104323525,1.27098636879019));
#17790=VECTOR('',#19713,1000.0);
#17791=CARTESIAN_POINT('',(4.15,9.04162148191745,0.0749999999999906));
#17792=AXIS2_PLACEMENT_3D('',#19714,#19715,#19716);
#17793=CARTESIAN_POINT('',(4.15,9.25000045379809,0.0749999999999906));
#17794=CARTESIAN_POINT('',(4.15,8.35026,0.0749999999999902));
#17795=VECTOR('',#19717,1.0);
#17796=CARTESIAN_POINT('',(4.15,9.25000045379809,-0.0750000000000095));
#17797=CARTESIAN_POINT('',(4.15,9.2500004537981,-1.91959628764808));
#17798=VECTOR('',#19718,1000.0);
#17799=CARTESIAN_POINT('',(4.15,9.04162148191745,-0.0750000000000095));
#17800=CARTESIAN_POINT('',(4.15,8.45,-0.0750000000000099));
#17801=VECTOR('',#19719,1.0);
#17802=AXIS2_PLACEMENT_3D('',#19720,#19721,#19722);
#17803=COLOUR_RGB('',0.823529481887817,0.823529481887817,0.784313797950745);
#17804=CARTESIAN_POINT('',(4.75,9.04162148191745,0.0749999999999906));
#17805=CARTESIAN_POINT('',(4.75,9.25000045379809,0.0749999999999906));
#17806=CARTESIAN_POINT('',(4.75,8.35026,0.0749999999999902));
#17807=VECTOR('',#19723,1.0);
#17808=CARTESIAN_POINT('',(4.6,9.40000045379809,0.0749999999999909));
#17809=AXIS2_PLACEMENT_3D('',#19724,#19725,#19726);
#17810=CARTESIAN_POINT('',(4.3,9.40000045379809,0.0749999999999909));
#17811=CARTESIAN_POINT('',(4.75,9.40000045379809,0.0749999999999909));
#17812=VECTOR('',#19727,1000.0);
#17813=AXIS2_PLACEMENT_3D('',#19728,#19729,#19730);
#17814=CARTESIAN_POINT('',(4.45,9.04162148191745,0.0749999999999906));
#17815=VECTOR('',#19731,1.0);
#17816=COLOUR_RGB('',0.823529481887817,0.823529481887817,0.784313797950745);
#17817=CARTESIAN_POINT('',(4.75,8.80524183801762,0.0936079613857013));
#17818=CARTESIAN_POINT('',(4.45,8.80524183801762,0.0936079613857013));
#17819=VECTOR('',#19732,1.0);
#17820=CARTESIAN_POINT('',(4.75,9.04162148191745,-0.0750000000000095));
#17821=CARTESIAN_POINT('',(4.45,9.04162148191745,-0.0750000000000095));
#17822=VECTOR('',#19733,1.0);
#17823=AXIS2_PLACEMENT_3D('',#19734,#19735,#19736);
#17824=COLOUR_RGB('',0.823529481887817,0.823529481887817,0.784313797950745);
#17825=CARTESIAN_POINT('',(4.3,9.40000045379809,-0.0750000000000093));
#17826=CARTESIAN_POINT('',(4.6,9.40000045379809,-0.0750000000000093));
#17827=CARTESIAN_POINT('',(4.75,9.40000045379809,-0.0750000000000093));
#17828=VECTOR('',#19737,1000.0);
#17829=CARTESIAN_POINT('',(4.3,9.4000004537981,-1.91959628764808));
#17830=VECTOR('',#19738,1000.0);
#17831=CARTESIAN_POINT('',(4.6,9.4000004537981,-1.91959628764808));
#17832=VECTOR('',#19739,1000.0);
#17833=COLOUR_RGB('',0.823529481887817,0.823529481887817,0.784313797950745);
#17834=CARTESIAN_POINT('',(4.75,8.53142313294505,0.888835223168573));
#17835=CARTESIAN_POINT('',(4.75,8.46215654546073,1.09));
#17836=VECTOR('',#19740,1.0);
#17837=CARTESIAN_POINT('',(4.45,8.53142313294505,0.888835223168573));
#17838=VECTOR('',#19741,1.0);
#17839=COLOUR_RGB('',0.823529481887817,0.823529481887817,0.784313797950745);
#17840=CARTESIAN_POINT('',(4.75,8.38959534660515,0.99));
#17841=CARTESIAN_POINT('',(4.45,8.38959534660515,0.99));
#17842=VECTOR('',#19742,1.0);
#17843=CARTESIAN_POINT('',(4.75,8.35026,0.99));
#17844=CARTESIAN_POINT('',(4.75,8.45,0.99));
#17845=VECTOR('',#19743,1.0);
#17846=CARTESIAN_POINT('',(4.88,8.35026,0.99));
#17847=CARTESIAN_POINT('',(4.45,8.35026,0.99));
#17848=VECTOR('',#19744,1.0);
#17849=CARTESIAN_POINT('',(4.88,2.35483691660787,0.989999999999995));
#17850=CARTESIAN_POINT('',(4.88,8.45,0.99));
#17851=VECTOR('',#19745,1.0);
#17852=CARTESIAN_POINT('',(4.02,2.35483691660787,0.989999999999995));
#17853=CARTESIAN_POINT('',(4.45,2.35483691660787,0.989999999999995));
#17854=VECTOR('',#19746,1.0);
#17855=CARTESIAN_POINT('',(4.02,8.35026,0.99));
#17856=CARTESIAN_POINT('',(4.02,8.45,0.99));
#17857=VECTOR('',#19747,1.0);
#17858=CARTESIAN_POINT('',(4.45,8.35026,0.99));
#17859=VECTOR('',#19748,1.0);
#17860=COLOUR_RGB('',0.823529481887817,0.823529481887817,0.784313797950745);
#17861=AXIS2_PLACEMENT_3D('',#19749,#19750,#19751);
#17862=COLOUR_RGB('',0.823529481887817,0.823529481887817,0.784313797950745);
#17863=AXIS2_PLACEMENT_3D('',#19752,#19753,#19754);
#17864=COLOUR_RGB('',1.0,0.843137323856354,0.0);
#17865=CARTESIAN_POINT('',(4.88,0.596776977453159,1.64954832463333));
#17866=CARTESIAN_POINT('',(4.88,8.17,-3.47790913642174));
#17867=VECTOR('',#19755,1.0);
#17868=CARTESIAN_POINT('',(4.02,0.596776977453159,1.64954832463333));
#17869=CARTESIAN_POINT('',(4.45,0.596776977453159,1.64954832463333));
#17870=VECTOR('',#19756,1.0);
#17871=CARTESIAN_POINT('',(4.02,8.17,-3.47790913642173));
#17872=VECTOR('',#19757,1.0);
#17873=COLOUR_RGB('',0.823529481887817,0.823529481887817,0.784313797950745);
#17874=CARTESIAN_POINT('',(4.75,9.25000045379809,-0.0750000000000095));
#17875=CARTESIAN_POINT('',(4.75,8.45,-0.0750000000000099));
#17876=VECTOR('',#19758,1.0);
#17877=CARTESIAN_POINT('',(4.75,9.2500004537981,-1.91959628764808));
#17878=VECTOR('',#19759,1000.0);
#17879=CARTESIAN_POINT('',(4.75,8.94706962435752,0.142443184554274));
#17880=AXIS2_PLACEMENT_3D('',#19760,#19761,#19762);
#17881=CARTESIAN_POINT('',(4.75,8.67325091928494,0.937670446337146));
#17882=CARTESIAN_POINT('',(4.75,8.55848104323525,1.27098636879019));
#17883=VECTOR('',#19763,1000.0);
#17884=AXIS2_PLACEMENT_3D('',#19764,#19765,#19766);
#17885=CARTESIAN_POINT('',(4.75,8.35026,1.09));
#17886=VECTOR('',#19767,1.0);
#17887=COLOUR_RGB('',0.823529481887817,0.823529481887817,0.784313797950745);
#17888=CARTESIAN_POINT('',(4.88,0.673345809589799,1.74954832463333));
#17889=CARTESIAN_POINT('',(4.02,0.673345809589759,1.74954832463333));
#17890=CARTESIAN_POINT('',(4.45,0.67334580958978,1.74954832463333));
#17891=VECTOR('',#19768,1.0);
#17892=CARTESIAN_POINT('',(4.87999999999999,0.829263100804149,1.76177821053776));
#17893=AXIS2_PLACEMENT_3D('',#19769,#19770,#19771);
#17894=CARTESIAN_POINT('',(4.01999999999999,0.829263100804109,1.76177821053776));
#17895=CARTESIAN_POINT('',(4.44999999999999,0.82926310080413,1.76177821053776));
#17896=VECTOR('',#19772,1.0);
#17897=AXIS2_PLACEMENT_3D('',#19773,#19774,#19775);
#17898=COLOUR_RGB('',0.823529481887817,0.823529481887817,0.784313797950745);
#17899=CARTESIAN_POINT('',(4.88000000000004,1.25418115905595,1.82885057047785));
#17900=CARTESIAN_POINT('',(4.02000000000003,1.25418115905595,1.82885057047785));
#17901=CARTESIAN_POINT('',(4.45000000000003,1.25418115905595,1.82885057047785));
#17902=VECTOR('',#19776,1.0);
#17903=CARTESIAN_POINT('',(4.02,8.17,2.92049702224008));
#17904=VECTOR('',#19777,1.0);
#17905=CARTESIAN_POINT('',(4.88,8.17,2.92049702224008));
#17906=VECTOR('',#19778,1.0);
#17907=COLOUR_RGB('',0.823529481887817,0.823529481887817,0.784313797950745);
#17908=CARTESIAN_POINT('',(4.45,8.94706962435752,0.142443184554274));
#17909=VECTOR('',#19779,1.0);
#17910=CARTESIAN_POINT('',(4.45,8.67325091928494,0.937670446337146));
#17911=VECTOR('',#19780,1.0);
#17912=COLOUR_RGB('',0.823529481887817,0.823529481887817,0.784313797950745);
#17913=COLOUR_RGB('',0.823529481887817,0.823529481887817,0.784313797950745);
#17914=COLOUR_RGB('',0.823529481887817,0.823529481887817,0.784313797950745);
#17915=CARTESIAN_POINT('',(4.88,8.35026,1.09));
#17916=VECTOR('',#19781,1.0);
#17917=COLOUR_RGB('',0.823529481887817,0.823529481887817,0.784313797950745);
#17918=CARTESIAN_POINT('',(4.88,2.03376761512772,1.88999999999999));
#17919=AXIS2_PLACEMENT_3D('',#19782,#19783,#19784);
#17920=CARTESIAN_POINT('',(4.02,2.03376761512772,1.89));
#17921=CARTESIAN_POINT('',(4.45000000000003,2.03376761512772,1.88999999999999));
#17922=VECTOR('',#19785,1.0);
#17923=AXIS2_PLACEMENT_3D('',#19786,#19787,#19788);
#17924=COLOUR_RGB('',0.823529481887817,0.823529481887817,0.784313797950745);
#17925=CARTESIAN_POINT('',(4.02,8.35026,1.09));
#17926=VECTOR('',#19789,1.0);
#17927=CARTESIAN_POINT('',(4.02,1.57525046053608,1.05114942952214));
#17928=AXIS2_PLACEMENT_3D('',#19790,#19791,#19792);
#17929=CARTESIAN_POINT('',(4.02,1.34142677254131,1.08805797284983));
#17930=CARTESIAN_POINT('',(4.02,8.17,0.0101830449784999));
#17931=VECTOR('',#19793,1.0);
#17932=CARTESIAN_POINT('',(4.02,0.873674898898249,1.12474763056312));
#17933=AXIS2_PLACEMENT_3D('',#19794,#19795,#19796);
#17934=CARTESIAN_POINT('',(4.02,0.596776977453159,1.12474763056312));
#17935=CARTESIAN_POINT('',(4.02,8.17,1.12474763056312));
#17936=VECTOR('',#19797,1.0);
#17937=CARTESIAN_POINT('',(4.02,0.596776977453159,1.22474763056312));
#17938=CARTESIAN_POINT('',(4.02,0.596776977453159,1.08999999999999));
#17939=VECTOR('',#19798,1.0);
#17940=CARTESIAN_POINT('',(4.02,8.17,6.35220509161819));
#17941=VECTOR('',#19799,1.0);
#17942=CARTESIAN_POINT('',(4.02,1.18881914102691,1.36524207127242));
#17943=AXIS2_PLACEMENT_3D('',#19800,#19801,#19802);
#17944=CARTESIAN_POINT('',(4.02,1.34873317895423,1.33999999999999));
#17945=CARTESIAN_POINT('',(4.02,8.17,0.263278371950308));
#17946=VECTOR('',#19803,1.0);
#17947=CARTESIAN_POINT('',(4.02,2.835,1.34));
#17948=CARTESIAN_POINT('',(4.02,8.17,1.34));
#17949=VECTOR('',#19804,1.0);
#17950=CARTESIAN_POINT('',(4.02,2.835,1.54));
#17951=CARTESIAN_POINT('',(4.02,2.835,1.08999999999999));
#17952=VECTOR('',#19805,1.0);
#17953=CARTESIAN_POINT('',(4.02,1.34834671906642,1.54));
#17954=CARTESIAN_POINT('',(4.02,8.17,1.54));
#17955=VECTOR('',#19806,1.0);
#17956=CARTESIAN_POINT('',(4.02,1.14293503708657,1.50757622792889));
#17957=CARTESIAN_POINT('',(4.02,8.17,2.61678262987391));
#17958=VECTOR('',#19807,1.0);
#17959=AXIS2_PLACEMENT_3D('',#19808,#19809,#19810);
#17960=CARTESIAN_POINT('',(4.02,0.596776977453159,1.74954832463333));
#17961=CARTESIAN_POINT('',(4.02,0.596776977453159,1.08999999999999));
#17962=VECTOR('',#19811,1.0);
#17963=CARTESIAN_POINT('',(4.02,8.17,1.74954832463333));
#17964=VECTOR('',#19812,1.0);
#17965=CARTESIAN_POINT('',(4.02,8.15026,1.89));
#17966=CARTESIAN_POINT('',(4.02,8.17,1.89));
#17967=VECTOR('',#19813,1.0);
#17968=CARTESIAN_POINT('',(4.02,8.15026,1.09));
#17969=VECTOR('',#19814,1.0);
#17970=COLOUR_RGB('',0.823529481887817,0.823529481887817,0.784313797950745);
#17971=CARTESIAN_POINT('',(4.88,8.15026,1.89));
#17972=CARTESIAN_POINT('',(4.88,8.15026,1.09));
#17973=VECTOR('',#19815,1.0);
#17974=CARTESIAN_POINT('',(4.88,8.17,1.89));
#17975=VECTOR('',#19816,1.0);
#17976=CARTESIAN_POINT('',(4.88,0.596776977453159,1.74954832463333));
#17977=CARTESIAN_POINT('',(4.88,8.17,1.74954832463333));
#17978=VECTOR('',#19817,1.0);
#17979=CARTESIAN_POINT('',(4.88,0.596776977453159,1.08999999999999));
#17980=VECTOR('',#19818,1.0);
#17981=CARTESIAN_POINT('',(4.88,1.14293503708657,1.50757622792889));
#17982=AXIS2_PLACEMENT_3D('',#19819,#19820,#19821);
#17983=CARTESIAN_POINT('',(4.88,1.34834671906642,1.53999999999999));
#17984=CARTESIAN_POINT('',(4.88,8.17,2.61678262987391));
#17985=VECTOR('',#19822,1.0);
#17986=CARTESIAN_POINT('',(4.88,2.835,1.53999999999999));
#17987=CARTESIAN_POINT('',(4.88,8.17,1.54));
#17988=VECTOR('',#19823,1.0);
#17989=CARTESIAN_POINT('',(4.88,2.835,1.34));
#17990=CARTESIAN_POINT('',(4.88,2.835,1.08999999999999));
#17991=VECTOR('',#19824,1.0);
#17992=CARTESIAN_POINT('',(4.88,1.34873317895423,1.33999999999999));
#17993=CARTESIAN_POINT('',(4.88,8.17,1.34));
#17994=VECTOR('',#19825,1.0);
#17995=CARTESIAN_POINT('',(4.88,1.18881914102691,1.36524207127242));
#17996=CARTESIAN_POINT('',(4.88,8.17,0.263278371950308));
#17997=VECTOR('',#19826,1.0);
#17998=AXIS2_PLACEMENT_3D('',#19827,#19828,#19829);
#17999=CARTESIAN_POINT('',(4.88,0.596776977453159,1.22474763056312));
#18000=CARTESIAN_POINT('',(4.88,8.17,6.35220509161819));
#18001=VECTOR('',#19830,1.0);
#18002=CARTESIAN_POINT('',(4.88,0.596776977453159,1.12474763056312));
#18003=CARTESIAN_POINT('',(4.88,0.596776977453159,1.08999999999999));
#18004=VECTOR('',#19831,1.0);
#18005=CARTESIAN_POINT('',(4.88,0.873674898898249,1.12474763056312));
#18006=CARTESIAN_POINT('',(4.88,8.17,1.12474763056312));
#18007=VECTOR('',#19832,1.0);
#18008=CARTESIAN_POINT('',(4.88,1.34142677254131,1.08805797284983));
#18009=AXIS2_PLACEMENT_3D('',#19833,#19834,#19835);
#18010=CARTESIAN_POINT('',(4.88,1.57525046053608,1.05114942952214));
#18011=CARTESIAN_POINT('',(4.88,8.17,0.0101830449784999));
#18012=VECTOR('',#19836,1.0);
#18013=AXIS2_PLACEMENT_3D('',#19837,#19838,#19839);
#18014=COLOUR_RGB('',0.823529481887817,0.823529481887817,0.784313797950745);
#18015=COLOUR_RGB('',0.823529481887817,0.823529481887817,0.784313797950745);
#18016=AXIS2_PLACEMENT_3D('',#19840,#19841,#19842);
#18017=COLOUR_RGB('',0.823529481887817,0.823529481887817,0.784313797950745);
#18018=COLOUR_RGB('',0.823529481887817,0.823529481887817,0.784313797950745);
#18019=CARTESIAN_POINT('',(4.45,8.15026,1.89));
#18020=VECTOR('',#19843,1.0);
#18021=COLOUR_RGB('',1.0,0.843137323856354,0.0);
#18022=CARTESIAN_POINT('',(4.45,1.14293503708657,1.50757622792889));
#18023=VECTOR('',#19844,1.0);
#18024=CARTESIAN_POINT('',(4.45,1.34834671906642,1.53999999999999));
#18025=VECTOR('',#19845,1.0);
#18026=COLOUR_RGB('',1.0,0.843137323856354,0.0);
#18027=COLOUR_RGB('',0.823529481887817,0.823529481887817,0.784313797950745);
#18028=CARTESIAN_POINT('',(4.88,0.596776977453159,1.74954832463333));
#18029=VECTOR('',#19846,1.0);
#18030=COLOUR_RGB('',0.823529481887817,0.823529481887817,0.784313797950745);
#18031=CARTESIAN_POINT('',(4.45,2.835,1.53999999999999));
#18032=VECTOR('',#19847,1.0);
#18033=COLOUR_RGB('',0.823529481887817,0.823529481887817,0.784313797950745);
#18034=CARTESIAN_POINT('',(4.45,2.835,1.34));
#18035=VECTOR('',#19848,1.0);
#18036=COLOUR_RGB('',0.823529481887817,0.823529481887817,0.784313797950745);
#18037=CARTESIAN_POINT('',(4.45,1.34873317895423,1.33999999999999));
#18038=VECTOR('',#19849,1.0);
#18039=COLOUR_RGB('',1.0,0.843137323856354,0.0);
#18040=CARTESIAN_POINT('',(4.45,1.18881914102691,1.36524207127242));
#18041=VECTOR('',#19850,1.0);
#18042=COLOUR_RGB('',1.0,0.843137323856354,0.0);
#18043=CARTESIAN_POINT('',(4.45,0.596776977453159,1.22474763056312));
#18044=VECTOR('',#19851,1.0);
#18045=COLOUR_RGB('',0.823529481887817,0.823529481887817,0.784313797950745);
#18046=CARTESIAN_POINT('',(4.88,0.596776977453159,1.12474763056312));
#18047=VECTOR('',#19852,1.0);
#18048=COLOUR_RGB('',0.823529481887817,0.823529481887817,0.784313797950745);
#18049=CARTESIAN_POINT('',(4.45,0.873674898898249,1.12474763056312));
#18050=VECTOR('',#19853,1.0);
#18051=COLOUR_RGB('',0.823529481887817,0.823529481887817,0.784313797950745);
#18052=CARTESIAN_POINT('',(4.45,1.34142677254131,1.08805797284983));
#18053=VECTOR('',#19854,1.0);
#18054=CARTESIAN_POINT('',(4.45,1.57525046053609,1.05114942952214));
#18055=VECTOR('',#19855,1.0);
#18056=COLOUR_RGB('',0.823529481887817,0.823529481887817,0.784313797950745);
#18057=COLOUR_RGB('',0.823529481887817,0.823529481887817,0.784313797950745);
#18058=COLOUR_RGB('',0.823529481887817,0.823529481887817,0.784313797950745);
#18059=COLOUR_RGB('',1.0,0.843137323856354,0.0);
#18060=COLOUR_RGB('',0.823529481887817,0.823529481887817,0.784313797950745);
#18061=COLOUR_RGB('',0.313725501298904,0.313725501298904,0.313725501298904);
#18062=DIRECTION('',(0.0,1.0,0.0));
#18063=DIRECTION('',(1.0,-1.38050658413677E-30,-3.49148133884313E-15));
#18064=DIRECTION('',(0.0,-1.0,0.0));
#18065=DIRECTION('',(1.0,2.97449155688753E-16,-3.49148133884313E-15));
#18066=CARTESIAN_POINT('',(0.370619449019243,5.75,0.32500000000001));
#18067=DIRECTION('',(-3.49148133884313E-15,0.0,-1.0));
#18068=DIRECTION('',(-1.0,0.0,3.49148133884313E-15));
#18069=DIRECTION('',(1.20466908053945E-16,-1.0,-4.2060796141848E-31));
#18070=CARTESIAN_POINT('',(0.370619449019243,3.8,0.32500000000001));
#18071=DIRECTION('',(-3.49148133884313E-15,0.0,-1.0));
#18072=DIRECTION('',(-1.0,0.0,3.49148133884313E-15));
#18073=DIRECTION('',(1.0,1.10745880744178E-16,-3.49148133884313E-15));
#18074=CARTESIAN_POINT('',(0.970619449019242,3.8,0.325));
#18075=DIRECTION('',(-3.49148133884313E-15,0.0,-1.0));
#18076=DIRECTION('',(1.0,0.0,-3.49148133884313E-15));
#18077=DIRECTION('',(0.0,1.0,0.0));
#18078=CARTESIAN_POINT('',(0.970619449019241,3.8,-0.0750000000000002));
#18079=DIRECTION('',(3.49148133884313E-15,0.0,1.0));
#18080=DIRECTION('',(1.0,0.0,-3.49148133884313E-15));
#18081=DIRECTION('',(1.0,0.0,-3.49148133884313E-15));
#18082=CARTESIAN_POINT('',(0.370619449019242,3.8,-0.07499999999999));
#18083=DIRECTION('',(3.49148133884313E-15,0.0,1.0));
#18084=DIRECTION('',(-1.0,0.0,3.49148133884313E-15));
#18085=DIRECTION('',(0.0,-1.0,0.0));
#18086=CARTESIAN_POINT('',(0.370619449019242,5.75,-0.07499999999999));
#18087=DIRECTION('',(3.49148133884313E-15,0.0,1.0));
#18088=DIRECTION('',(-1.0,0.0,3.49148133884313E-15));
#18089=DIRECTION('',(1.0,0.0,-3.49148133884313E-15));
#18090=CARTESIAN_POINT('',(0.370619449019242,8.65,-0.07499999999999));
#18091=DIRECTION('',(-3.49148133884313E-15,0.0,-1.0));
#18092=DIRECTION('',(-1.0,0.0,3.49148133884313E-15));
#18093=DIRECTION('',(-3.49148133884313E-15,0.0,-1.0));
#18094=CARTESIAN_POINT('',(0.370619449019243,8.65,0.32500000000001));
#18095=DIRECTION('',(3.49148133884313E-15,0.0,1.0));
#18096=DIRECTION('',(-1.0,0.0,3.49148133884313E-15));
#18097=DIRECTION('',(3.49148133884313E-15,0.0,1.0));
#18098=DIRECTION('',(1.0,-1.10745880744178E-16,-3.49148133884313E-15));
#18099=DIRECTION('',(-3.49148133884313E-15,0.0,-1.0));
#18100=DIRECTION('',(1.0,0.0,-3.49148133884313E-15));
#18101=DIRECTION('',(3.49148133884313E-15,0.0,1.0));
#18102=DIRECTION('',(0.0,-1.0,-2.47817639425258E-16));
#18103=DIRECTION('',(-1.0,0.0,0.0));
#18104=DIRECTION('',(0.0,1.0,-2.47817639425258E-16));
#18105=DIRECTION('',(-1.0,0.0,0.0));
#18106=DIRECTION('',(3.49148133884313E-15,0.0,1.0));
#18107=DIRECTION('',(-3.49148133884313E-15,0.0,-1.0));
#18108=CARTESIAN_POINT('',(0.370619449019242,10.6,-0.07499999999999));
#18109=DIRECTION('',(-3.49148133884313E-15,0.0,-1.0));
#18110=DIRECTION('',(-1.0,0.0,3.49148133884313E-15));
#18111=DIRECTION('',(-3.49148133884313E-15,0.0,-1.0));
#18112=CARTESIAN_POINT('',(0.370619449019243,10.6,0.32500000000001));
#18113=DIRECTION('',(3.49148133884313E-15,0.0,1.0));
#18114=DIRECTION('',(-1.0,0.0,3.49148133884313E-15));
#18115=DIRECTION('',(3.49148133884313E-15,0.0,1.0));
#18116=DIRECTION('',(-3.49148133884313E-15,0.0,-1.0));
#18117=DIRECTION('',(3.49148133884313E-15,0.0,1.0));
#18118=DIRECTION('',(0.0,-1.0,-1.22464679914735E-16));
#18119=DIRECTION('',(-1.0,0.0,0.0));
#18120=DIRECTION('',(0.0,1.0,-1.22464679914735E-16));
#18121=DIRECTION('',(-1.0,0.0,0.0));
#18122=DIRECTION('',(-1.0,-1.38050658413677E-30,3.49148133884313E-15));
#18123=DIRECTION('',(0.0,3.75264668872975E-16,-1.0));
#18124=DIRECTION('',(1.0,0.0,0.0));
#18125=DIRECTION('',(0.0,-3.75264668872975E-16,1.0));
#18126=DIRECTION('',(0.0,-1.0,0.0));
#18127=CARTESIAN_POINT('',(0.970619449019242,10.6,0.325));
#18128=DIRECTION('',(3.49148133884313E-15,0.0,1.0));
#18129=DIRECTION('',(1.0,0.0,-3.49148133884313E-15));
#18130=DIRECTION('',(1.20466908053945E-16,1.0,-4.2060796141848E-31));
#18131=DIRECTION('',(1.0,-2.97449155688753E-16,-3.49148133884313E-15));
#18132=DIRECTION('',(0.0,1.0,0.0));
#18133=DIRECTION('',(0.0,-1.0,0.0));
#18134=DIRECTION('',(1.0,0.0,-3.49148133884313E-15));
#18135=DIRECTION('',(0.0,1.0,0.0));
#18136=CARTESIAN_POINT('',(0.970619449019241,10.6,-0.0750000000000002));
#18137=DIRECTION('',(-3.49148133884313E-15,0.0,-1.0));
#18138=DIRECTION('',(1.0,0.0,-3.49148133884313E-15));
#18139=DIRECTION('',(0.0,2.97449155688753E-16,1.0));
#18140=DIRECTION('',(-3.49148133884313E-15,0.0,-1.0));
#18141=DIRECTION('',(0.0,2.97449155688753E-16,1.0));
#18142=DIRECTION('',(3.49148133884313E-15,0.0,1.0));
#18143=DIRECTION('',(0.0,3.75264668872975E-16,1.0));
#18144=DIRECTION('',(1.0,0.0,0.0));
#18145=DIRECTION('',(0.0,-3.75264668872975E-16,-1.0));
#18146=DIRECTION('',(0.0,0.707106781186546,-0.707106781186549));
#18147=DIRECTION('',(0.0,-0.707106781186546,0.707106781186549));
#18148=DIRECTION('',(0.0,-2.97449155688753E-16,1.0));
#18149=DIRECTION('',(0.0,0.707106781186546,0.707106781186549));
#18150=DIRECTION('',(0.0,-0.707106781186546,-0.707106781186549));
#18151=DIRECTION('',(0.0,-2.97449155688753E-16,1.0));
#18152=DIRECTION('',(1.0,3.13688606629153E-32,7.84179531399106E-32));
#18153=CARTESIAN_POINT('',(5.29,1.06408530805543,0.575025979995966));
#18154=DIRECTION('',(-1.0,-3.13688606629153E-32,-7.84179531399106E-32));
#18155=DIRECTION('',(7.84179531399106E-32,6.10622663543836E-16,-1.0));
#18156=DIRECTION('',(-1.0,-3.13688606629153E-32,-7.84179531399106E-32));
#18157=CARTESIAN_POINT('',(6.15,1.06408530805543,0.575025979995966));
#18158=DIRECTION('',(-1.0,-3.13688606629153E-32,-7.84179531399106E-32));
#18159=DIRECTION('',(7.84179531399106E-32,6.10622663543836E-16,-1.0));
#18160=DIRECTION('',(-1.0,-1.07020666685099E-15,6.81403296200264E-15));
#18161=CARTESIAN_POINT('',(6.15,1.03379293323653,2.19901530779579));
#18162=DIRECTION('',(-1.0,-1.07020666685099E-15,6.81403296200264E-15));
#18163=DIRECTION('',(-6.81403296200264E-15,6.10622663543836E-16,-1.0));
#18164=DIRECTION('',(-1.0,-1.07020666685099E-15,6.81403296200264E-15));
#18165=CARTESIAN_POINT('',(5.29,1.03379293323652,2.1990153077958));
#18166=DIRECTION('',(-1.0,-1.07020666685099E-15,6.81403296200264E-15));
#18167=DIRECTION('',(-6.81403296200264E-15,6.10622663543836E-16,-1.0));
#18168=DIRECTION('',(-1.0,3.08148791101957E-32,5.54667823983524E-32));
#18169=DIRECTION('',(1.24335111523567E-16,-1.0,-6.10622663543836E-16));
#18170=DIRECTION('',(-1.0,3.08148791101957E-32,5.54667823983524E-32));
#18171=DIRECTION('',(1.23797123060244E-16,-1.0,-6.10622663543836E-16));
#18172=DIRECTION('',(-1.0,-1.23797123060244E-16,-2.01265466237578E-32));
#18173=DIRECTION('',(-1.23797123060244E-16,1.0,6.10622663543836E-16));
#18174=DIRECTION('',(-1.0,3.08148791101957E-32,5.54667823983524E-32));
#18175=DIRECTION('',(-1.24335111523567E-16,1.0,6.10622663543836E-16));
#18176=DIRECTION('',(-2.77555756156289E-17,0.325568154457155,-0.945518575599318));
#18177=CARTESIAN_POINT('',(5.42,8.38959534660515,0.84));
#18178=DIRECTION('',(-1.0,3.08148791101957E-32,5.54667823983524E-32));
#18179=DIRECTION('',(3.08148791101957E-32,1.0,6.10622663543836E-16));
#18180=DIRECTION('',(-1.24335111523567E-16,1.0,6.10622663543836E-16));
#18181=DIRECTION('',(-5.54667823983524E-32,6.10622663543836E-16,-1.0));
#18182=CARTESIAN_POINT('',(5.42,8.38959534660515,0.84));
#18183=DIRECTION('',(-1.0,3.08148791101957E-32,5.54667823983524E-32));
#18184=DIRECTION('',(3.08148791101957E-32,1.0,6.10622663543836E-16));
#18185=DIRECTION('',(1.24335111523567E-16,-0.325568154457155,0.945518575599318));
#18186=CARTESIAN_POINT('',(5.42,9.04162148191745,0.174999999999989));
#18187=DIRECTION('',(1.0,-3.08148791101957E-32,-5.54667823983524E-32));
#18188=DIRECTION('',(-3.08148791101957E-32,-1.0,-6.10622663543836E-16));
#18189=DIRECTION('',(1.24335111523567E-16,-1.0,-6.10622663543836E-16));
#18190=DIRECTION('',(-5.54667823983524E-32,6.10622663543836E-16,-1.0));
#18191=DIRECTION('',(-1.24335111523567E-16,1.0,6.10622663543836E-16));
#18192=CARTESIAN_POINT('',(5.42,9.04162148191745,0.174999999999989));
#18193=DIRECTION('',(1.0,-3.08148791101957E-32,-5.54667823983524E-32));
#18194=DIRECTION('',(-3.08148791101957E-32,-1.0,-6.10622663543836E-16));
#18195=DIRECTION('',(-1.24335111523567E-16,1.0,6.10622663543836E-16));
#18196=CARTESIAN_POINT('',(5.87,9.25000045379809,0.0749999999999906));
#18197=DIRECTION('',(5.54667823983524E-32,-6.10622663543836E-16,1.0));
#18198=DIRECTION('',(-1.0,3.08148791101957E-32,5.54667823983524E-32));
#18199=DIRECTION('',(-1.0,3.08148791101957E-32,5.54667823983524E-32));
#18200=CARTESIAN_POINT('',(5.57,9.25000045379809,0.0749999999999906));
#18201=DIRECTION('',(5.54667823983524E-32,-6.10622663543836E-16,1.0));
#18202=DIRECTION('',(-1.0,3.08148791101957E-32,5.54667823983524E-32));
#18203=DIRECTION('',(1.0,-3.08148791101957E-32,-5.54667823983524E-32));
#18204=DIRECTION('',(1.0,-3.08148791101957E-32,-5.54667823983524E-32));
#18205=DIRECTION('',(1.0,-3.08148791101957E-32,-5.54667823983524E-32));
#18206=CARTESIAN_POINT('',(6.02,9.04162148191745,0.174999999999989));
#18207=DIRECTION('',(1.0,-3.08148791101957E-32,-5.54667823983524E-32));
#18208=DIRECTION('',(-3.08148791101957E-32,-1.0,-6.10622663543836E-16));
#18209=DIRECTION('',(1.0,-3.08148791101957E-32,-5.54667823983524E-32));
#18210=DIRECTION('',(5.54667823983524E-32,-6.10622663543836E-16,1.0));
#18211=DIRECTION('',(-5.54667823983524E-32,6.10622663543836E-16,-1.0));
#18212=DIRECTION('',(2.77555756156289E-17,-0.325568154457155,0.945518575599318));
#18213=DIRECTION('',(-1.0,3.08148791101957E-32,5.54667823983524E-32));
#18214=DIRECTION('',(-1.0,3.08148791101957E-32,5.54667823983524E-32));
#18215=DIRECTION('',(1.24335111523567E-16,-1.0,-6.10622663543836E-16));
#18216=DIRECTION('',(-1.0,3.08148791101957E-32,5.54667823983524E-32));
#18217=DIRECTION('',(-1.23797123060244E-16,1.0,6.10622663543836E-16));
#18218=DIRECTION('',(1.0,8.79557919543317E-31,-5.54667823983518E-32));
#18219=DIRECTION('',(1.23797123060244E-16,-1.0,-6.10622663543836E-16));
#18220=DIRECTION('',(-1.0,3.08148791101957E-32,5.54667823983524E-32));
#18221=CARTESIAN_POINT('',(6.02,8.38959534660515,0.84));
#18222=DIRECTION('',(-1.0,3.08148791101957E-32,5.54667823983524E-32));
#18223=DIRECTION('',(3.08148791101957E-32,1.0,6.10622663543836E-16));
#18224=CARTESIAN_POINT('',(5.57,9.25000045379809,-0.0750000000000095));
#18225=DIRECTION('',(-5.54667823983524E-32,6.10622663543836E-16,-1.0));
#18226=DIRECTION('',(-1.0,3.08148791101957E-32,5.54667823983524E-32));
#18227=DIRECTION('',(8.32667268468867E-17,-0.828060334622494,0.560638994563242));
#18228=DIRECTION('',(1.0,1.23797123060248E-16,-6.17326552889307E-15));
#18229=DIRECTION('',(-8.32667268468867E-17,0.828060334622494,-0.560638994563242));
#18230=DIRECTION('',(1.24335111523567E-16,-1.0,-6.10622663543836E-16));
#18231=DIRECTION('',(5.54667823983524E-32,-6.10622663543836E-16,1.0));
#18232=CARTESIAN_POINT('',(6.02,9.04162148191745,0.174999999999989));
#18233=DIRECTION('',(1.0,-3.08148791101957E-32,-5.54667823983524E-32));
#18234=DIRECTION('',(-3.08148791101957E-32,-1.0,-6.10622663543836E-16));
#18235=DIRECTION('',(-1.24335111523567E-16,0.325568154457155,-0.945518575599318));
#18236=CARTESIAN_POINT('',(6.02,8.38959534660515,0.84));
#18237=DIRECTION('',(-1.0,3.08148791101957E-32,5.54667823983524E-32));
#18238=DIRECTION('',(3.08148791101957E-32,1.0,6.10622663543836E-16));
#18239=DIRECTION('',(5.54667823983524E-32,-6.10622663543836E-16,1.0));
#18240=DIRECTION('',(-1.0,-4.42385946237387E-14,-2.6957621698185E-29));
#18241=CARTESIAN_POINT('',(6.15,0.673345809589798,2.74954832463333));
#18242=DIRECTION('',(1.0,4.42385946237387E-14,2.6957621698185E-29));
#18243=DIRECTION('',(4.42385946237387E-14,-1.0,-6.10622663543836E-16));
#18244=DIRECTION('',(-1.0,-4.42385946237387E-14,-2.6957621698185E-29));
#18245=CARTESIAN_POINT('',(5.29,0.673345809589758,2.74954832463333));
#18246=DIRECTION('',(1.0,4.42385946237387E-14,2.6957621698185E-29));
#18247=DIRECTION('',(4.42385946237387E-14,-1.0,-6.10622663543836E-16));
#18248=DIRECTION('',(-1.0,-3.99597711865262E-30,6.98296267768627E-15));
#18249=DIRECTION('',(-1.11022302462516E-16,0.987770114095571,0.155917291214356));
#18250=DIRECTION('',(1.11022302462516E-16,-0.987770114095571,-0.155917291214356));
#18251=DIRECTION('',(1.0,-3.08148791101957E-32,-5.54667823983524E-32));
#18252=DIRECTION('',(-1.0,3.08148791101957E-32,5.54667823983524E-32));
#18253=DIRECTION('',(-5.54667823983524E-32,6.10622663543836E-16,-1.0));
#18254=CARTESIAN_POINT('',(6.15,2.03376761512772,-3.11));
#18255=DIRECTION('',(-1.0,-3.99597711865262E-30,6.98296267768627E-15));
#18256=DIRECTION('',(-6.98296267768627E-15,6.10622663543836E-16,-1.0));
#18257=DIRECTION('',(-1.0,-3.99597711865262E-30,6.98296267768627E-15));
#18258=CARTESIAN_POINT('',(5.29,2.03376761512772,-3.11));
#18259=DIRECTION('',(-1.0,-3.99597711865262E-30,6.98296267768627E-15));
#18260=DIRECTION('',(-6.98296267768627E-15,6.10622663543836E-16,-1.0));
#18261=DIRECTION('',(5.54667823983524E-32,-6.10622663543836E-16,1.0));
#18262=CARTESIAN_POINT('',(5.29,2.35483691660787,5.99));
#18263=DIRECTION('',(1.0,8.79557919543317E-31,-5.54667823983518E-32));
#18264=DIRECTION('',(8.79557919543317E-31,-1.0,-6.10622663543836E-16));
#18265=DIRECTION('',(1.11022302462516E-16,-0.987770114095571,0.155917291214354));
#18266=CARTESIAN_POINT('',(5.29,0.873674898898251,-1.87525236943688));
#18267=DIRECTION('',(1.0,8.79557919543317E-31,-5.54667823983518E-32));
#18268=DIRECTION('',(8.79557919543317E-31,-1.0,-6.10622663543836E-16));
#18269=DIRECTION('',(1.23797123060244E-16,-1.0,-6.10622663543836E-16));
#18270=DIRECTION('',(5.54667823983524E-32,-6.10622663543836E-16,1.0));
#18271=DIRECTION('',(1.11022302462516E-16,-0.828060334622493,-0.560638994563243));
#18272=CARTESIAN_POINT('',(5.29,1.06408530805543,0.575025979995966));
#18273=DIRECTION('',(-1.0,-3.13688606629153E-32,-7.84179531399106E-32));
#18274=DIRECTION('',(7.84179531399106E-32,6.10622663543836E-16,-1.0));
#18275=DIRECTION('',(1.11022302462516E-16,-0.987770114095571,0.155917291214354));
#18276=DIRECTION('',(1.23797123060244E-16,-1.0,-6.10622663543836E-16));
#18277=DIRECTION('',(5.54667823983524E-32,-6.10622663543836E-16,1.0));
#18278=DIRECTION('',(-1.23797123060244E-16,1.0,7.40156973279262E-16));
#18279=DIRECTION('',(-1.11022302462516E-16,0.987770114095571,0.155917291214356));
#18280=CARTESIAN_POINT('',(5.29,1.03379293323652,2.1990153077958));
#18281=DIRECTION('',(-1.0,-1.07020666685099E-15,6.81403296200264E-15));
#18282=DIRECTION('',(-6.81403296200264E-15,6.10622663543836E-16,-1.0));
#18283=DIRECTION('',(5.54667823983524E-32,-6.10622663543836E-16,1.0));
#18284=DIRECTION('',(-1.23797123060244E-16,1.0,6.10622663543836E-16));
#18285=DIRECTION('',(-1.23797123060244E-16,1.0,7.40156973279262E-16));
#18286=DIRECTION('',(-5.54667823983524E-32,6.10622663543836E-16,-1.0));
#18287=DIRECTION('',(5.54667823983524E-32,-6.10622663543836E-16,1.0));
#18288=DIRECTION('',(1.23797123060244E-16,-1.0,-7.40156973279262E-16));
#18289=DIRECTION('',(1.23797123060244E-16,-1.0,-6.10622663543836E-16));
#18290=DIRECTION('',(-5.54667823983524E-32,6.10622663543836E-16,-1.0));
#18291=CARTESIAN_POINT('',(6.15,1.03379293323653,2.19901530779579));
#18292=DIRECTION('',(-1.0,-1.07020666685099E-15,6.81403296200264E-15));
#18293=DIRECTION('',(-6.81403296200264E-15,6.10622663543836E-16,-1.0));
#18294=DIRECTION('',(1.11022302462516E-16,-0.987770114095571,-0.155917291214356));
#18295=DIRECTION('',(1.23797123060244E-16,-1.0,-7.40156973279262E-16));
#18296=DIRECTION('',(-5.54667823983524E-32,6.10622663543836E-16,-1.0));
#18297=DIRECTION('',(-1.23797123060244E-16,1.0,6.10622663543836E-16));
#18298=DIRECTION('',(-1.11022302462516E-16,0.987770114095571,-0.155917291214354));
#18299=CARTESIAN_POINT('',(6.15,1.06408530805543,0.575025979995966));
#18300=DIRECTION('',(-1.0,-3.13688606629153E-32,-7.84179531399106E-32));
#18301=DIRECTION('',(7.84179531399106E-32,6.10622663543836E-16,-1.0));
#18302=DIRECTION('',(-1.11022302462516E-16,0.828060334622493,0.560638994563243));
#18303=DIRECTION('',(-5.54667823983524E-32,6.10622663543836E-16,-1.0));
#18304=DIRECTION('',(-1.23797123060244E-16,1.0,6.10622663543836E-16));
#18305=CARTESIAN_POINT('',(6.15,0.873674898898251,-1.87525236943688));
#18306=DIRECTION('',(1.0,8.79557919543317E-31,-5.54667823983518E-32));
#18307=DIRECTION('',(8.79557919543317E-31,-1.0,-6.10622663543836E-16));
#18308=DIRECTION('',(-1.11022302462516E-16,0.987770114095571,-0.155917291214354));
#18309=CARTESIAN_POINT('',(6.15,2.35483691660787,5.99));
#18310=DIRECTION('',(1.0,8.79557919543317E-31,-5.54667823983518E-32));
#18311=DIRECTION('',(8.79557919543317E-31,-1.0,-6.10622663543836E-16));
#18312=CARTESIAN_POINT('',(5.87,9.25000045379809,-0.0750000000000095));
#18313=DIRECTION('',(-5.54667823983524E-32,6.10622663543836E-16,-1.0));
#18314=DIRECTION('',(-1.0,3.08148791101957E-32,5.54667823983524E-32));
#18315=DIRECTION('',(1.0,1.23797123060248E-16,-6.98296267768627E-15));
#18316=DIRECTION('',(-1.0,-1.07020666685099E-15,6.81403296200264E-15));
#18317=DIRECTION('',(1.0,3.99597711865262E-30,-6.98296267768627E-15));
#18318=DIRECTION('',(-1.0,-1.23797123060244E-16,-2.01265466237578E-32));
#18319=DIRECTION('',(1.0,4.23314039056579E-30,-6.98296267768627E-15));
#18320=DIRECTION('',(1.0,-3.08148791101957E-32,-5.54667823983524E-32));
#18321=DIRECTION('',(1.0,8.79557919543317E-31,-5.54667823983518E-32));
#18322=DIRECTION('',(-1.0,-3.13688606629153E-32,-7.84179531399106E-32));
#18323=DIRECTION('',(1.0,1.23797123060244E-16,8.38169535483893E-17));
#18324=DIRECTION('',(-1.0,-1.23797123060244E-16,-2.01265466237578E-32));
#18325=DIRECTION('',(1.0,8.79557919543317E-31,-5.54667823983518E-32));
#18326=DIRECTION('',(1.0,8.79557919543317E-31,-5.54667823983518E-32));
#18327=DIRECTION('',(1.0,8.79557919543317E-31,-5.54667823983518E-32));
#18328=DIRECTION('',(1.0,3.13688606629153E-32,7.84179531399106E-32));
#18329=CARTESIAN_POINT('',(2.75,1.06408530805543,0.575025979995966));
#18330=DIRECTION('',(-1.0,-3.13688606629153E-32,-7.84179531399106E-32));
#18331=DIRECTION('',(7.84179531399106E-32,6.10622663543836E-16,-1.0));
#18332=DIRECTION('',(-1.0,-3.13688606629153E-32,-7.84179531399106E-32));
#18333=CARTESIAN_POINT('',(3.61,1.06408530805543,0.575025979995966));
#18334=DIRECTION('',(-1.0,-3.13688606629153E-32,-7.84179531399106E-32));
#18335=DIRECTION('',(7.84179531399106E-32,6.10622663543836E-16,-1.0));
#18336=DIRECTION('',(-1.0,-1.07020666685099E-15,6.81403296200264E-15));
#18337=CARTESIAN_POINT('',(3.61,1.03379293323653,2.19901530779579));
#18338=DIRECTION('',(-1.0,-1.07020666685099E-15,6.81403296200264E-15));
#18339=DIRECTION('',(-6.81403296200264E-15,6.10622663543836E-16,-1.0));
#18340=DIRECTION('',(-1.0,-1.07020666685099E-15,6.81403296200264E-15));
#18341=CARTESIAN_POINT('',(2.75,1.03379293323652,2.1990153077958));
#18342=DIRECTION('',(-1.0,-1.07020666685099E-15,6.81403296200264E-15));
#18343=DIRECTION('',(-6.81403296200264E-15,6.10622663543836E-16,-1.0));
#18344=DIRECTION('',(-1.0,3.08148791101957E-32,5.54667823983524E-32));
#18345=DIRECTION('',(1.24335111523567E-16,-1.0,-6.10622663543836E-16));
#18346=DIRECTION('',(-1.0,3.08148791101957E-32,5.54667823983524E-32));
#18347=DIRECTION('',(1.23797123060244E-16,-1.0,-6.10622663543836E-16));
#18348=DIRECTION('',(-1.0,-1.23797123060244E-16,-2.01265466237578E-32));
#18349=DIRECTION('',(-1.23797123060244E-16,1.0,6.10622663543836E-16));
#18350=DIRECTION('',(-1.0,3.08148791101957E-32,5.54667823983524E-32));
#18351=DIRECTION('',(-1.24335111523567E-16,1.0,6.10622663543836E-16));
#18352=DIRECTION('',(-2.77555756156289E-17,0.325568154457155,-0.945518575599318));
#18353=CARTESIAN_POINT('',(2.88,8.38959534660515,0.84));
#18354=DIRECTION('',(-1.0,3.08148791101957E-32,5.54667823983524E-32));
#18355=DIRECTION('',(3.08148791101957E-32,1.0,6.10622663543836E-16));
#18356=DIRECTION('',(-1.24335111523567E-16,1.0,6.10622663543836E-16));
#18357=DIRECTION('',(-5.54667823983524E-32,6.10622663543836E-16,-1.0));
#18358=CARTESIAN_POINT('',(2.88,8.38959534660515,0.84));
#18359=DIRECTION('',(-1.0,3.08148791101957E-32,5.54667823983524E-32));
#18360=DIRECTION('',(3.08148791101957E-32,1.0,6.10622663543836E-16));
#18361=DIRECTION('',(1.24335111523567E-16,-0.325568154457155,0.945518575599318));
#18362=CARTESIAN_POINT('',(2.88,9.04162148191745,0.174999999999989));
#18363=DIRECTION('',(1.0,-3.08148791101957E-32,-5.54667823983524E-32));
#18364=DIRECTION('',(-3.08148791101957E-32,-1.0,-6.10622663543836E-16));
#18365=DIRECTION('',(1.24335111523567E-16,-1.0,-6.10622663543836E-16));
#18366=DIRECTION('',(-5.54667823983524E-32,6.10622663543836E-16,-1.0));
#18367=DIRECTION('',(-1.24335111523567E-16,1.0,6.10622663543836E-16));
#18368=CARTESIAN_POINT('',(2.88,9.04162148191745,0.174999999999989));
#18369=DIRECTION('',(1.0,-3.08148791101957E-32,-5.54667823983524E-32));
#18370=DIRECTION('',(-3.08148791101957E-32,-1.0,-6.10622663543836E-16));
#18371=DIRECTION('',(-1.24335111523567E-16,1.0,6.10622663543836E-16));
#18372=CARTESIAN_POINT('',(3.33,9.25000045379809,0.0749999999999906));
#18373=DIRECTION('',(5.54667823983524E-32,-6.10622663543836E-16,1.0));
#18374=DIRECTION('',(-1.0,3.08148791101957E-32,5.54667823983524E-32));
#18375=DIRECTION('',(-1.0,3.08148791101957E-32,5.54667823983524E-32));
#18376=CARTESIAN_POINT('',(3.03,9.25000045379809,0.0749999999999906));
#18377=DIRECTION('',(5.54667823983524E-32,-6.10622663543836E-16,1.0));
#18378=DIRECTION('',(-1.0,3.08148791101957E-32,5.54667823983524E-32));
#18379=DIRECTION('',(1.0,-3.08148791101957E-32,-5.54667823983524E-32));
#18380=DIRECTION('',(1.0,-3.08148791101957E-32,-5.54667823983524E-32));
#18381=DIRECTION('',(1.0,-3.08148791101957E-32,-5.54667823983524E-32));
#18382=CARTESIAN_POINT('',(3.48,9.04162148191745,0.174999999999989));
#18383=DIRECTION('',(1.0,-3.08148791101957E-32,-5.54667823983524E-32));
#18384=DIRECTION('',(-3.08148791101957E-32,-1.0,-6.10622663543836E-16));
#18385=DIRECTION('',(1.0,-3.08148791101957E-32,-5.54667823983524E-32));
#18386=DIRECTION('',(5.54667823983524E-32,-6.10622663543836E-16,1.0));
#18387=DIRECTION('',(-5.54667823983524E-32,6.10622663543836E-16,-1.0));
#18388=DIRECTION('',(2.77555756156289E-17,-0.325568154457155,0.945518575599318));
#18389=DIRECTION('',(-1.0,3.08148791101957E-32,5.54667823983524E-32));
#18390=DIRECTION('',(-1.0,3.08148791101957E-32,5.54667823983524E-32));
#18391=DIRECTION('',(1.24335111523567E-16,-1.0,-6.10622663543836E-16));
#18392=DIRECTION('',(-1.0,3.08148791101957E-32,5.54667823983524E-32));
#18393=DIRECTION('',(-1.23797123060244E-16,1.0,6.10622663543836E-16));
#18394=DIRECTION('',(1.0,8.79557919543317E-31,-5.54667823983518E-32));
#18395=DIRECTION('',(1.23797123060244E-16,-1.0,-6.10622663543836E-16));
#18396=DIRECTION('',(-1.0,3.08148791101957E-32,5.54667823983524E-32));
#18397=CARTESIAN_POINT('',(3.48,8.38959534660515,0.84));
#18398=DIRECTION('',(-1.0,3.08148791101957E-32,5.54667823983524E-32));
#18399=DIRECTION('',(3.08148791101957E-32,1.0,6.10622663543836E-16));
#18400=CARTESIAN_POINT('',(3.03,9.25000045379809,-0.0750000000000095));
#18401=DIRECTION('',(-5.54667823983524E-32,6.10622663543836E-16,-1.0));
#18402=DIRECTION('',(-1.0,3.08148791101957E-32,5.54667823983524E-32));
#18403=DIRECTION('',(8.32667268468867E-17,-0.828060334622494,0.560638994563242));
#18404=DIRECTION('',(1.0,1.23797123060248E-16,-6.17326552889307E-15));
#18405=DIRECTION('',(-8.32667268468867E-17,0.828060334622494,-0.560638994563242));
#18406=DIRECTION('',(1.24335111523567E-16,-1.0,-6.10622663543836E-16));
#18407=DIRECTION('',(5.54667823983524E-32,-6.10622663543836E-16,1.0));
#18408=CARTESIAN_POINT('',(3.48,9.04162148191745,0.174999999999989));
#18409=DIRECTION('',(1.0,-3.08148791101957E-32,-5.54667823983524E-32));
#18410=DIRECTION('',(-3.08148791101957E-32,-1.0,-6.10622663543836E-16));
#18411=DIRECTION('',(-1.24335111523567E-16,0.325568154457155,-0.945518575599318));
#18412=CARTESIAN_POINT('',(3.48,8.38959534660515,0.84));
#18413=DIRECTION('',(-1.0,3.08148791101957E-32,5.54667823983524E-32));
#18414=DIRECTION('',(3.08148791101957E-32,1.0,6.10622663543836E-16));
#18415=DIRECTION('',(5.54667823983524E-32,-6.10622663543836E-16,1.0));
#18416=DIRECTION('',(-1.0,-4.42385946237387E-14,-2.6957621698185E-29));
#18417=CARTESIAN_POINT('',(3.61,0.673345809589798,2.74954832463333));
#18418=DIRECTION('',(1.0,4.42385946237387E-14,2.6957621698185E-29));
#18419=DIRECTION('',(4.42385946237387E-14,-1.0,-6.10622663543836E-16));
#18420=DIRECTION('',(-1.0,-4.42385946237387E-14,-2.6957621698185E-29));
#18421=CARTESIAN_POINT('',(2.75,0.673345809589758,2.74954832463333));
#18422=DIRECTION('',(1.0,4.42385946237387E-14,2.6957621698185E-29));
#18423=DIRECTION('',(4.42385946237387E-14,-1.0,-6.10622663543836E-16));
#18424=DIRECTION('',(-1.0,-3.99597711865262E-30,6.98296267768627E-15));
#18425=DIRECTION('',(-1.11022302462516E-16,0.987770114095571,0.155917291214356));
#18426=DIRECTION('',(1.11022302462516E-16,-0.987770114095571,-0.155917291214356));
#18427=DIRECTION('',(1.0,-3.08148791101957E-32,-5.54667823983524E-32));
#18428=DIRECTION('',(-1.0,3.08148791101957E-32,5.54667823983524E-32));
#18429=DIRECTION('',(-5.54667823983524E-32,6.10622663543836E-16,-1.0));
#18430=CARTESIAN_POINT('',(3.61,2.03376761512772,-3.11));
#18431=DIRECTION('',(-1.0,-3.99597711865262E-30,6.98296267768627E-15));
#18432=DIRECTION('',(-6.98296267768627E-15,6.10622663543836E-16,-1.0));
#18433=DIRECTION('',(-1.0,-3.99597711865262E-30,6.98296267768627E-15));
#18434=CARTESIAN_POINT('',(2.75,2.03376761512772,-3.11));
#18435=DIRECTION('',(-1.0,-3.99597711865262E-30,6.98296267768627E-15));
#18436=DIRECTION('',(-6.98296267768627E-15,6.10622663543836E-16,-1.0));
#18437=DIRECTION('',(5.54667823983524E-32,-6.10622663543836E-16,1.0));
#18438=CARTESIAN_POINT('',(2.75,2.35483691660787,5.99));
#18439=DIRECTION('',(1.0,8.79557919543317E-31,-5.54667823983518E-32));
#18440=DIRECTION('',(8.79557919543317E-31,-1.0,-6.10622663543836E-16));
#18441=DIRECTION('',(1.11022302462516E-16,-0.987770114095571,0.155917291214354));
#18442=CARTESIAN_POINT('',(2.75,0.873674898898251,-1.87525236943688));
#18443=DIRECTION('',(1.0,8.79557919543317E-31,-5.54667823983518E-32));
#18444=DIRECTION('',(8.79557919543317E-31,-1.0,-6.10622663543836E-16));
#18445=DIRECTION('',(1.23797123060244E-16,-1.0,-6.10622663543836E-16));
#18446=DIRECTION('',(5.54667823983524E-32,-6.10622663543836E-16,1.0));
#18447=DIRECTION('',(1.11022302462516E-16,-0.828060334622493,-0.560638994563243));
#18448=CARTESIAN_POINT('',(2.75,1.06408530805543,0.575025979995966));
#18449=DIRECTION('',(-1.0,-3.13688606629153E-32,-7.84179531399106E-32));
#18450=DIRECTION('',(7.84179531399106E-32,6.10622663543836E-16,-1.0));
#18451=DIRECTION('',(1.11022302462516E-16,-0.987770114095571,0.155917291214354));
#18452=DIRECTION('',(1.23797123060244E-16,-1.0,-6.10622663543836E-16));
#18453=DIRECTION('',(5.54667823983524E-32,-6.10622663543836E-16,1.0));
#18454=DIRECTION('',(-1.23797123060244E-16,1.0,7.40156973279262E-16));
#18455=DIRECTION('',(-1.11022302462516E-16,0.987770114095571,0.155917291214356));
#18456=CARTESIAN_POINT('',(2.75,1.03379293323652,2.1990153077958));
#18457=DIRECTION('',(-1.0,-1.07020666685099E-15,6.81403296200264E-15));
#18458=DIRECTION('',(-6.81403296200264E-15,6.10622663543836E-16,-1.0));
#18459=DIRECTION('',(5.54667823983524E-32,-6.10622663543836E-16,1.0));
#18460=DIRECTION('',(-1.23797123060244E-16,1.0,6.10622663543836E-16));
#18461=DIRECTION('',(-1.23797123060244E-16,1.0,7.40156973279262E-16));
#18462=DIRECTION('',(-5.54667823983524E-32,6.10622663543836E-16,-1.0));
#18463=DIRECTION('',(5.54667823983524E-32,-6.10622663543836E-16,1.0));
#18464=DIRECTION('',(1.23797123060244E-16,-1.0,-7.40156973279262E-16));
#18465=DIRECTION('',(1.23797123060244E-16,-1.0,-6.10622663543836E-16));
#18466=DIRECTION('',(-5.54667823983524E-32,6.10622663543836E-16,-1.0));
#18467=CARTESIAN_POINT('',(3.61,1.03379293323653,2.19901530779579));
#18468=DIRECTION('',(-1.0,-1.07020666685099E-15,6.81403296200264E-15));
#18469=DIRECTION('',(-6.81403296200264E-15,6.10622663543836E-16,-1.0));
#18470=DIRECTION('',(1.11022302462516E-16,-0.987770114095571,-0.155917291214356));
#18471=DIRECTION('',(1.23797123060244E-16,-1.0,-7.40156973279262E-16));
#18472=DIRECTION('',(-5.54667823983524E-32,6.10622663543836E-16,-1.0));
#18473=DIRECTION('',(-1.23797123060244E-16,1.0,6.10622663543836E-16));
#18474=DIRECTION('',(-1.11022302462516E-16,0.987770114095571,-0.155917291214354));
#18475=CARTESIAN_POINT('',(3.61,1.06408530805543,0.575025979995966));
#18476=DIRECTION('',(-1.0,-3.13688606629153E-32,-7.84179531399106E-32));
#18477=DIRECTION('',(7.84179531399106E-32,6.10622663543836E-16,-1.0));
#18478=DIRECTION('',(-1.11022302462516E-16,0.828060334622493,0.560638994563243));
#18479=DIRECTION('',(-5.54667823983524E-32,6.10622663543836E-16,-1.0));
#18480=DIRECTION('',(-1.23797123060244E-16,1.0,6.10622663543836E-16));
#18481=CARTESIAN_POINT('',(3.61,0.873674898898251,-1.87525236943688));
#18482=DIRECTION('',(1.0,8.79557919543317E-31,-5.54667823983518E-32));
#18483=DIRECTION('',(8.79557919543317E-31,-1.0,-6.10622663543836E-16));
#18484=DIRECTION('',(-1.11022302462516E-16,0.987770114095571,-0.155917291214354));
#18485=CARTESIAN_POINT('',(3.61,2.35483691660787,5.99));
#18486=DIRECTION('',(1.0,8.79557919543317E-31,-5.54667823983518E-32));
#18487=DIRECTION('',(8.79557919543317E-31,-1.0,-6.10622663543836E-16));
#18488=CARTESIAN_POINT('',(3.33,9.25000045379809,-0.0750000000000095));
#18489=DIRECTION('',(-5.54667823983524E-32,6.10622663543836E-16,-1.0));
#18490=DIRECTION('',(-1.0,3.08148791101957E-32,5.54667823983524E-32));
#18491=DIRECTION('',(1.0,1.23797123060248E-16,-6.98296267768627E-15));
#18492=DIRECTION('',(-1.0,-1.07020666685099E-15,6.81403296200264E-15));
#18493=DIRECTION('',(1.0,3.99597711865262E-30,-6.98296267768627E-15));
#18494=DIRECTION('',(-1.0,-1.23797123060244E-16,-2.01265466237578E-32));
#18495=DIRECTION('',(1.0,4.23314039056579E-30,-6.98296267768627E-15));
#18496=DIRECTION('',(1.0,-3.08148791101957E-32,-5.54667823983524E-32));
#18497=DIRECTION('',(1.0,8.79557919543317E-31,-5.54667823983518E-32));
#18498=DIRECTION('',(-1.0,-3.13688606629153E-32,-7.84179531399106E-32));
#18499=DIRECTION('',(1.0,1.23797123060244E-16,8.38169535483893E-17));
#18500=DIRECTION('',(-1.0,-1.23797123060244E-16,-2.01265466237578E-32));
#18501=DIRECTION('',(1.0,8.79557919543317E-31,-5.54667823983518E-32));
#18502=DIRECTION('',(1.0,8.79557919543317E-31,-5.54667823983518E-32));
#18503=DIRECTION('',(1.0,8.79557919543317E-31,-5.54667823983518E-32));
#18504=DIRECTION('',(-0.0,-0.0,1.0));
#18505=CARTESIAN_POINT('',(0.970000000000002,6.95,-0.725));
#18506=DIRECTION('',(0.0,-0.0,1.0));
#18507=DIRECTION('',(0.0,1.0,0.0));
#18508=DIRECTION('',(0.0,0.0,1.0));
#18509=CARTESIAN_POINT('',(0.970000000000002,6.95,0.0));
#18510=DIRECTION('',(0.0,0.0,-1.0));
#18511=DIRECTION('',(0.0,1.0,0.0));
#18512=DIRECTION('',(0.0,0.0,-1.0));
#18513=CARTESIAN_POINT('',(0.970000000000002,7.45,0.0));
#18514=DIRECTION('',(0.0,0.0,-1.0));
#18515=DIRECTION('',(0.0,1.0,0.0));
#18516=DIRECTION('',(0.0,0.0,1.0));
#18517=CARTESIAN_POINT('',(0.970000000000002,7.45,-0.725));
#18518=DIRECTION('',(0.0,-0.0,1.0));
#18519=DIRECTION('',(0.0,1.0,0.0));
#18520=DIRECTION('',(0.0,1.0,-2.47817639425258E-16));
#18521=DIRECTION('',(1.0,0.0,0.0));
#18522=DIRECTION('',(0.0,1.0,-2.47817639425258E-16));
#18523=DIRECTION('',(1.0,3.5258607235301E-16,9.86076131526265E-32));
#18524=DIRECTION('',(0.0,0.0,1.0));
#18525=DIRECTION('',(-0.577350269189626,0.577350269189626,-0.577350269189626));
#18526=DIRECTION('',(0.0,0.0,1.0));
#18527=DIRECTION('',(0.577350269189626,-0.577350269189626,-0.577350269189626));
#18528=DIRECTION('',(0.0,0.0,-1.0));
#18529=DIRECTION('',(0.0,1.0,0.0));
#18530=DIRECTION('',(0.0,0.0,1.0));
#18531=DIRECTION('',(0.0,0.0,-1.0));
#18532=DIRECTION('',(-0.476731294622796,-0.667423812471914,0.572077553547356));
#18533=DIRECTION('',(0.0,0.0,-1.0));
#18534=DIRECTION('',(0.476731294622796,0.667423812471914,0.572077553547356));
#18535=DIRECTION('',(-1.0,0.0,0.0));
#18536=DIRECTION('',(0.0,-1.0,0.0));
#18537=DIRECTION('',(1.0,0.0,0.0));
#18538=DIRECTION('',(0.0,-1.0,0.0));
#18539=DIRECTION('',(0.0,0.0,1.0));
#18540=DIRECTION('',(-1.0,0.0,0.0));
#18541=DIRECTION('',(0.0,0.0,1.0));
#18542=DIRECTION('',(-1.0,0.0,0.0));
#18543=DIRECTION('',(-9.37688365392869E-16,0.0,1.0));
#18544=DIRECTION('',(-1.0,0.0,0.0));
#18545=DIRECTION('',(0.0,0.0,-1.0));
#18546=DIRECTION('',(1.23797123060244E-16,-1.0,0.0));
#18547=DIRECTION('',(0.0,0.0,1.0));
#18548=DIRECTION('',(-1.23797123060244E-16,1.0,0.0));
#18549=DIRECTION('',(-1.0,0.0,0.0));
#18550=DIRECTION('',(0.0,-1.0,0.0));
#18551=DIRECTION('',(-1.0,0.0,0.0));
#18552=DIRECTION('',(0.0,-1.0,0.0));
#18553=DIRECTION('',(0.519862585319966,0.0,0.854249900429869));
#18554=DIRECTION('',(0.519862585319966,0.0,0.854249900429869));
#18555=DIRECTION('',(0.0,-1.0,0.0));
#18556=DIRECTION('',(-0.520130786672103,0.0,0.854086626025639));
#18557=DIRECTION('',(-0.520130786672103,0.0,0.854086626025639));
#18558=DIRECTION('',(0.0,-1.0,0.0));
#18559=DIRECTION('',(1.0,0.0,0.0));
#18560=DIRECTION('',(1.0,0.0,0.0));
#18561=DIRECTION('',(0.0,-1.0,0.0));
#18562=DIRECTION('',(0.520308975041091,0.0,-0.853978085486794));
#18563=DIRECTION('',(0.520308975041091,0.0,-0.853978085486794));
#18564=DIRECTION('',(0.0,-1.0,0.0));
#18565=DIRECTION('',(0.0,-1.0,0.0));
#18566=DIRECTION('',(0.0,-1.0,0.0));
#18567=DIRECTION('',(0.519657694418404,0.0,0.854374555234265));
#18568=DIRECTION('',(0.519657694418404,0.0,0.854374555234265));
#18569=DIRECTION('',(0.0,-1.0,0.0));
#18570=DIRECTION('',(1.0,0.0,0.0));
#18571=DIRECTION('',(1.0,0.0,0.0));
#18572=DIRECTION('',(0.0,-1.0,0.0));
#18573=DIRECTION('',(-0.519809136535767,-0.0,-0.854282424947359));
#18574=DIRECTION('',(-0.519809136535767,-0.0,-0.854282424947359));
#18575=DIRECTION('',(0.0,-1.0,0.0));
#18576=DIRECTION('',(0.520157948453763,0.0,-0.854070084161934));
#18577=DIRECTION('',(0.520157948453763,0.0,-0.854070084161934));
#18578=DIRECTION('',(0.0,-1.0,0.0));
#18579=DIRECTION('',(-1.0,0.0,0.0));
#18580=DIRECTION('',(-1.0,0.0,0.0));
#18581=DIRECTION('',(0.0,-1.0,0.0));
#18582=DIRECTION('',(-0.520310343438026,0.0,0.853977251752881));
#18583=DIRECTION('',(-0.520310343438026,0.0,0.853977251752881));
#18584=DIRECTION('',(0.0,-1.0,0.0));
#18585=DIRECTION('',(0.0,-1.0,0.0));
#18586=DIRECTION('',(0.0,-1.0,0.0));
#18587=DIRECTION('',(-0.520104379505483,-0.0,-0.854102707184105));
#18588=DIRECTION('',(-0.520104379505483,-0.0,-0.854102707184105));
#18589=DIRECTION('',(-1.0,0.0,0.0));
#18590=DIRECTION('',(0.0,1.0,0.0));
#18591=DIRECTION('',(1.0,0.0,0.0));
#18592=DIRECTION('',(0.0,1.0,0.0));
#18593=DIRECTION('',(-1.0,0.0,0.0));
#18594=DIRECTION('',(0.0,0.0,1.0));
#18595=DIRECTION('',(1.0,0.0,0.0));
#18596=DIRECTION('',(0.0,0.0,-1.0));
#18597=DIRECTION('',(-1.0,0.0,0.0));
#18598=DIRECTION('',(0.0,0.0,-1.0));
#18599=DIRECTION('',(1.0,0.0,0.0));
#18600=DIRECTION('',(0.0,0.0,1.0));
#18601=DIRECTION('',(0.0,0.0,1.0));
#18602=DIRECTION('',(0.0,-1.0,0.0));
#18603=DIRECTION('',(0.0,0.0,-1.0));
#18604=DIRECTION('',(0.0,-1.0,0.0));
#18605=DIRECTION('',(0.0,-1.0,0.0));
#18606=DIRECTION('',(0.0,0.0,-1.0));
#18607=DIRECTION('',(0.0,-1.0,0.0));
#18608=DIRECTION('',(0.0,0.0,-1.0));
#18609=DIRECTION('',(0.0,-1.0,0.0));
#18610=DIRECTION('',(0.0,0.0,1.0));
#18611=DIRECTION('',(0.0,0.866025403784429,0.500000000000017));
#18612=DIRECTION('',(0.0,-0.866025403784429,0.500000000000017));
#18613=DIRECTION('',(0.0,0.0,1.0));
#18614=DIRECTION('',(0.0,-1.0,0.0));
#18615=DIRECTION('',(0.0,0.0,-1.0));
#18616=DIRECTION('',(0.0,0.866025403784429,-0.500000000000017));
#18617=DIRECTION('',(0.0,-0.866025403784429,-0.500000000000017));
#18618=DIRECTION('',(0.0,0.0,-1.0));
#18619=DIRECTION('',(0.577350269189626,-0.577350269189626,0.577350269189626));
#18620=DIRECTION('',(0.0,0.0,-1.0));
#18621=DIRECTION('',(0.577350269189626,-0.577350269189626,0.577350269189626));
#18622=DIRECTION('',(0.654653670707973,-0.654653670707973,0.377964473009242));
#18623=DIRECTION('',(-0.654653670707973,0.654653670707973,0.377964473009242));
#18624=DIRECTION('',(1.0,1.20902593074032E-16,0.0));
#18625=DIRECTION('',(-1.23797123060244E-16,1.0,0.0));
#18626=DIRECTION('',(-1.0,0.0,0.0));
#18627=DIRECTION('',(1.23797123060244E-16,-1.0,0.0));
#18628=DIRECTION('',(-1.23797123060244E-16,1.0,0.0));
#18629=DIRECTION('',(-1.0,0.0,0.0));
#18630=DIRECTION('',(-1.23797123060244E-16,1.0,0.0));
#18631=DIRECTION('',(-1.0,0.0,0.0));
#18632=DIRECTION('',(-1.0,0.0,0.0));
#18633=DIRECTION('',(-0.476731294622796,0.667423812471914,-0.572077553547356));
#18634=DIRECTION('',(-1.0,0.0,0.0));
#18635=DIRECTION('',(0.0,0.0,-1.0));
#18636=DIRECTION('',(1.23797123060244E-16,-1.0,0.0));
#18637=DIRECTION('',(0.0,0.0,-1.0));
#18638=DIRECTION('',(-1.23797123060244E-16,1.0,0.0));
#18639=DIRECTION('',(-1.23797123060244E-16,1.0,0.0));
#18640=DIRECTION('',(1.0,0.0,0.0));
#18641=DIRECTION('',(1.0,0.0,0.0));
#18642=DIRECTION('',(0.0,0.0,-1.0));
#18643=DIRECTION('',(0.0,0.0,1.0));
#18644=DIRECTION('',(-1.23797123060244E-16,1.0,0.0));
#18645=DIRECTION('',(0.0,0.0,1.0));
#18646=DIRECTION('',(-1.23797123060244E-16,1.0,0.0));
#18647=DIRECTION('',(1.0,0.0,0.0));
#18648=DIRECTION('',(0.476731294622796,-0.667423812471914,-0.572077553547356));
#18649=DIRECTION('',(-1.0,0.0,0.0));
#18650=DIRECTION('',(-0.476731294622796,0.667423812471914,-0.572077553547356));
#18651=DIRECTION('',(-1.0,0.0,0.0));
#18652=DIRECTION('',(-0.476731294622796,-0.667423812471914,0.572077553547356));
#18653=DIRECTION('',(0.0,1.0,0.0));
#18654=DIRECTION('',(1.0,0.0,0.0));
#18655=DIRECTION('',(0.0,-1.0,0.0));
#18656=DIRECTION('',(0.0,0.0,1.0));
#18657=DIRECTION('',(0.0,1.0,0.0));
#18658=DIRECTION('',(0.0,0.0,1.0));
#18659=DIRECTION('',(0.0,-1.0,0.0));
#18660=DIRECTION('',(0.0,0.0,-1.0));
#18661=DIRECTION('',(0.0,-1.0,0.0));
#18662=DIRECTION('',(0.0,-1.0,0.0));
#18663=DIRECTION('',(-1.0,0.0,0.0));
#18664=DIRECTION('',(0.0,0.0,1.0));
#18665=DIRECTION('',(1.0,0.0,0.0));
#18666=DIRECTION('',(0.0,0.0,-1.0));
#18667=DIRECTION('',(0.0,0.0,1.0));
#18668=DIRECTION('',(0.0,0.0,1.0));
#18669=DIRECTION('',(0.0,1.0,0.0));
#18670=DIRECTION('',(0.0,0.0,-1.0));
#18671=DIRECTION('',(-1.0,0.0,0.0));
#18672=DIRECTION('',(1.0,0.0,0.0));
#18673=DIRECTION('',(0.0,-1.0,0.0));
#18674=DIRECTION('',(0.0,0.0,-1.0));
#18675=DIRECTION('',(0.0,-1.0,0.0));
#18676=DIRECTION('',(-0.500000000000017,0.866025403784429,0.0));
#18677=DIRECTION('',(0.0,0.0,-1.0));
#18678=DIRECTION('',(0.500000000000017,-0.866025403784429,0.0));
#18679=DIRECTION('',(0.0,0.0,1.0));
#18680=DIRECTION('',(-1.23797123060244E-16,1.0,0.0));
#18681=DIRECTION('',(-1.0,-1.20902593074032E-16,0.0));
#18682=DIRECTION('',(1.0,0.0,0.0));
#18683=DIRECTION('',(-1.23797123060244E-16,1.0,0.0));
#18684=DIRECTION('',(0.0,0.0,1.0));
#18685=DIRECTION('',(-1.23797123060244E-16,1.0,0.0));
#18686=DIRECTION('',(0.0,0.0,-1.0));
#18687=DIRECTION('',(0.0,0.0,-1.0));
#18688=DIRECTION('',(0.0,0.0,1.0));
#18689=DIRECTION('',(-1.23797123060244E-16,1.0,0.0));
#18690=DIRECTION('',(0.0,0.0,-1.0));
#18691=DIRECTION('',(-1.23797123060244E-16,1.0,0.0));
#18692=DIRECTION('',(-1.23797123060244E-16,1.0,0.0));
#18693=DIRECTION('',(0.0,0.0,-1.0));
#18694=DIRECTION('',(0.0,-1.0,0.0));
#18695=DIRECTION('',(0.0,0.0,1.0));
#18696=DIRECTION('',(0.0,-1.0,0.0));
#18697=DIRECTION('',(1.0,1.20902593074032E-16,0.0));
#18698=CARTESIAN_POINT('',(1.43,5.2,3.5));
#18699=DIRECTION('',(0.0,-1.0,0.0));
#18700=DIRECTION('',(1.0,0.0,0.0));
#18701=DIRECTION('',(0.0,-1.0,0.0));
#18702=CARTESIAN_POINT('',(1.43,9.4,3.5));
#18703=DIRECTION('',(-0.0,1.0,0.0));
#18704=DIRECTION('',(1.0,0.0,0.0));
#18705=DIRECTION('',(0.0,0.0,1.0));
#18706=DIRECTION('',(-5.78241158658936E-15,-1.0,0.0));
#18707=DIRECTION('',(0.0,0.0,-1.0));
#18708=DIRECTION('',(-5.78241158658936E-15,-1.0,0.0));
#18709=DIRECTION('',(0.0,0.0,1.0));
#18710=DIRECTION('',(-5.78241158658936E-15,-1.0,0.0));
#18711=DIRECTION('',(1.0,0.0,0.0));
#18712=DIRECTION('',(0.0,-1.0,0.0));
#18713=DIRECTION('',(0.0,1.0,0.0));
#18714=DIRECTION('',(0.0,0.0,-1.0));
#18715=DIRECTION('',(0.0,1.0,0.0));
#18716=DIRECTION('',(0.0,1.0,0.0));
#18717=DIRECTION('',(0.0,1.0,0.0));
#18718=DIRECTION('',(9.37688365392869E-16,3.94430452610506E-31,-1.0));
#18719=DIRECTION('',(-1.0,0.0,0.0));
#18720=DIRECTION('',(0.0,-1.0,0.0));
#18721=DIRECTION('',(1.0,0.0,0.0));
#18722=DIRECTION('',(-1.0,0.0,0.0));
#18723=DIRECTION('',(0.0,1.0,0.0));
#18724=DIRECTION('',(1.0,0.0,0.0));
#18725=DIRECTION('',(0.0,-1.0,0.0));
#18726=CARTESIAN_POINT('',(0.970000000000002,7.45,0.0));
#18727=DIRECTION('',(0.0,0.0,-1.0));
#18728=DIRECTION('',(0.0,1.0,0.0));
#18729=DIRECTION('',(0.0,1.0,0.0));
#18730=CARTESIAN_POINT('',(0.970000000000002,6.95,0.0));
#18731=DIRECTION('',(0.0,0.0,-1.0));
#18732=DIRECTION('',(0.0,1.0,0.0));
#18733=CARTESIAN_POINT('',(0.970000000000002,6.95,-0.825));
#18734=DIRECTION('',(0.0,0.0,-1.0));
#18735=DIRECTION('',(0.0,1.0,0.0));
#18736=DIRECTION('',(0.707106781186548,0.0,0.707106781186548));
#18737=CARTESIAN_POINT('',(0.970000000000002,6.95,-0.725));
#18738=DIRECTION('',(0.0,-0.0,1.0));
#18739=DIRECTION('',(0.0,1.0,0.0));
#18740=DIRECTION('',(-0.707106781186548,0.0,0.707106781186548));
#18741=DIRECTION('',(0.0,-1.0,0.0));
#18742=DIRECTION('',(0.707106781186548,0.0,-0.707106781186548));
#18743=DIRECTION('',(0.0,1.0,0.0));
#18744=DIRECTION('',(0.0,1.0,0.0));
#18745=CARTESIAN_POINT('',(0.970000000000002,7.45,-0.725));
#18746=DIRECTION('',(0.0,-0.0,1.0));
#18747=DIRECTION('',(0.0,1.0,0.0));
#18748=DIRECTION('',(0.0,0.0,1.0));
#18749=DIRECTION('',(-0.707106781186548,-0.0,-0.707106781186548));
#18750=CARTESIAN_POINT('',(0.970000000000002,7.45,-0.825));
#18751=DIRECTION('',(0.0,0.0,-1.0));
#18752=DIRECTION('',(0.0,1.0,0.0));
#18753=DIRECTION('',(0.0,-1.0,0.0));
#18754=DIRECTION('',(0.0,0.0,1.0));
#18755=DIRECTION('',(0.0,0.0,1.0));
#18756=DIRECTION('',(0.0,-1.0,0.0));
#18757=DIRECTION('',(0.0,0.0,-1.0));
#18758=DIRECTION('',(0.476731294622796,0.667423812471914,0.572077553547356));
#18759=DIRECTION('',(1.0,0.0,0.0));
#18760=DIRECTION('',(0.476731294622796,-0.667423812471914,-0.572077553547356));
#18761=DIRECTION('',(1.0,0.0,0.0));
#18762=DIRECTION('',(0.0,-1.0,0.0));
#18763=DIRECTION('',(-1.0,0.0,0.0));
#18764=DIRECTION('',(0.0,1.0,0.0));
#18765=DIRECTION('',(-1.0,0.0,0.0));
#18766=DIRECTION('',(-1.0,0.0,0.0));
#18767=DIRECTION('',(-1.23797123060244E-16,1.0,0.0));
#18768=DIRECTION('',(0.0,0.0,1.0));
#18769=DIRECTION('',(-1.23797123060244E-16,1.0,0.0));
#18770=DIRECTION('',(-1.23797123060244E-16,1.0,0.0));
#18771=DIRECTION('',(-1.0,-1.20902593074032E-16,0.0));
#18772=DIRECTION('',(-5.78241158658936E-15,1.0,0.0));
#18773=DIRECTION('',(1.0,0.0,0.0));
#18774=DIRECTION('',(-1.23797123060244E-16,1.0,0.0));
#18775=DIRECTION('',(1.0,0.0,0.0));
#18776=DIRECTION('',(-1.23797123060244E-16,1.0,0.0));
#18777=DIRECTION('',(1.0,0.0,0.0));
#18778=DIRECTION('',(-1.23797123060244E-16,1.0,0.0));
#18779=DIRECTION('',(1.0,0.0,0.0));
#18780=DIRECTION('',(-1.23797123060244E-16,1.0,0.0));
#18781=DIRECTION('',(1.0,0.0,0.0));
#18782=DIRECTION('',(1.0,0.0,0.0));
#18783=DIRECTION('',(-1.0,0.0,0.0));
#18784=DIRECTION('',(0.0,0.0,1.0));
#18785=DIRECTION('',(-1.0,0.0,0.0));
#18786=DIRECTION('',(0.0,0.0,1.0));
#18787=DIRECTION('',(0.0,0.0,1.0));
#18788=DIRECTION('',(0.0,0.0,-1.0));
#18789=DIRECTION('',(-0.476731294622796,-0.667423812471914,0.572077553547356));
#18790=DIRECTION('',(0.0,0.0,-1.0));
#18791=DIRECTION('',(0.476731294622796,0.667423812471914,0.572077553547356));
#18792=DIRECTION('',(-1.0,0.0,0.0));
#18793=DIRECTION('',(0.0,1.0,0.0));
#18794=DIRECTION('',(-1.0,0.0,0.0));
#18795=DIRECTION('',(-5.78241158658936E-15,1.0,0.0));
#18796=DIRECTION('',(1.0,1.20902593074032E-16,0.0));
#18797=DIRECTION('',(0.0,0.0,-1.0));
#18798=DIRECTION('',(1.0,3.5258607235301E-16,0.0));
#18799=DIRECTION('',(1.0,3.5258607235301E-16,0.0));
#18800=DIRECTION('',(1.0,3.5258607235301E-16,0.0));
#18801=DIRECTION('',(0.0,1.0,0.0));
#18802=DIRECTION('',(0.500000000000017,0.866025403784429,0.0));
#18803=DIRECTION('',(1.0,0.0,0.0));
#18804=DIRECTION('',(-1.0,0.0,0.0));
#18805=DIRECTION('',(0.0,0.0,-1.0));
#18806=DIRECTION('',(0.0,0.0,-1.0));
#18807=DIRECTION('',(0.0,-1.0,0.0));
#18808=DIRECTION('',(-1.0,0.0,0.0));
#18809=DIRECTION('',(0.0,0.0,-1.0));
#18810=DIRECTION('',(0.0,0.0,-1.0));
#18811=DIRECTION('',(1.0,0.0,0.0));
#18812=DIRECTION('',(-0.500000000000017,-0.866025403784429,0.0));
#18813=DIRECTION('',(0.0,0.0,1.0));
#18814=DIRECTION('',(1.23797123060244E-16,-1.0,0.0));
#18815=DIRECTION('',(-1.0,0.0,0.0));
#18816=DIRECTION('',(0.577350269189626,0.577350269189626,0.577350269189626));
#18817=DIRECTION('',(0.0,0.0,-1.0));
#18818=DIRECTION('',(-0.577350269189626,-0.577350269189626,0.577350269189626));
#18819=DIRECTION('',(0.0,0.0,-1.0));
#18820=DIRECTION('',(0.0,0.0,1.0));
#18821=DIRECTION('',(0.0,0.0,1.0));
#18822=DIRECTION('',(-0.577350269189626,-0.577350269189626,0.577350269189626));
#18823=DIRECTION('',(0.0,0.0,-1.0));
#18824=DIRECTION('',(0.577350269189626,0.577350269189626,-0.577350269189626));
#18825=DIRECTION('',(0.0,0.0,1.0));
#18826=DIRECTION('',(0.0,0.0,-1.0));
#18827=DIRECTION('',(-0.476731294622796,0.667423812471914,-0.572077553547356));
#18828=DIRECTION('',(0.0,0.0,1.0));
#18829=DIRECTION('',(0.476731294622796,-0.667423812471914,-0.572077553547356));
#18830=DIRECTION('',(-1.0,0.0,0.0));
#18831=DIRECTION('',(-1.23797123060244E-16,1.0,0.0));
#18832=DIRECTION('',(-0.476731294622796,0.667423812471914,-0.572077553547356));
#18833=DIRECTION('',(-1.0,0.0,0.0));
#18834=DIRECTION('',(-0.476731294622796,-0.667423812471914,0.572077553547356));
#18835=DIRECTION('',(-1.0,0.0,0.0));
#18836=DIRECTION('',(1.0,0.0,0.0));
#18837=DIRECTION('',(0.0,1.0,0.0));
#18838=DIRECTION('',(-1.0,0.0,0.0));
#18839=DIRECTION('',(-0.476731294622796,0.667423812471914,-0.572077553547356));
#18840=DIRECTION('',(-1.0,0.0,0.0));
#18841=DIRECTION('',(0.0,0.0,-1.0));
#18842=DIRECTION('',(0.0,1.0,0.0));
#18843=DIRECTION('',(0.0,0.0,-1.0));
#18844=DIRECTION('',(0.476731294622796,0.667423812471914,0.572077553547356));
#18845=DIRECTION('',(0.0,-1.0,0.0));
#18846=DIRECTION('',(0.0,-1.0,0.0));
#18847=DIRECTION('',(0.0,0.0,1.0));
#18848=DIRECTION('',(0.0,1.0,0.0));
#18849=DIRECTION('',(0.0,0.0,1.0));
#18850=DIRECTION('',(1.0,0.0,0.0));
#18851=DIRECTION('',(-1.0,0.0,0.0));
#18852=DIRECTION('',(0.0,0.0,1.0));
#18853=DIRECTION('',(0.0,1.0,0.0));
#18854=DIRECTION('',(0.0,0.0,-1.0));
#18855=DIRECTION('',(0.0,-1.0,0.0));
#18856=DIRECTION('',(-0.476731294622796,-0.667423812471914,0.572077553547356));
#18857=DIRECTION('',(0.0,0.0,-1.0));
#18858=DIRECTION('',(0.476731294622796,0.667423812471914,0.572077553547356));
#18859=DIRECTION('',(1.0,0.0,0.0));
#18860=DIRECTION('',(-1.0,0.0,0.0));
#18861=DIRECTION('',(0.0,0.0,-1.0));
#18862=DIRECTION('',(-1.23797123060244E-16,1.0,0.0));
#18863=DIRECTION('',(-1.23797123060244E-16,1.0,0.0));
#18864=DIRECTION('',(0.0,0.0,1.0));
#18865=DIRECTION('',(-1.23797123060244E-16,1.0,0.0));
#18866=DIRECTION('',(-1.0,0.0,0.0));
#18867=DIRECTION('',(0.0,-1.0,0.0));
#18868=DIRECTION('',(-1.0,0.0,0.0));
#18869=DIRECTION('',(0.0,1.0,0.0));
#18870=DIRECTION('',(1.0,0.0,0.0));
#18871=DIRECTION('',(-1.0,0.0,0.0));
#18872=DIRECTION('',(1.0,0.0,0.0));
#18873=DIRECTION('',(0.0,-1.0,0.0));
#18874=DIRECTION('',(0.0,0.0,-1.0));
#18875=DIRECTION('',(0.0,1.0,0.0));
#18876=DIRECTION('',(1.0,0.0,0.0));
#18877=DIRECTION('',(0.0,0.0,1.0));
#18878=DIRECTION('',(-1.0,-1.20902593074032E-16,0.0));
#18879=DIRECTION('',(0.0,0.0,-1.0));
#18880=DIRECTION('',(0.0,0.0,-1.0));
#18881=DIRECTION('',(1.0,1.20902593074032E-16,0.0));
#18882=DIRECTION('',(0.0,0.0,-1.0));
#18883=DIRECTION('',(-1.0,-1.20902593074032E-16,0.0));
#18884=DIRECTION('',(0.0,0.0,1.0));
#18885=DIRECTION('',(0.0,1.0,0.0));
#18886=DIRECTION('',(0.0,-1.0,0.0));
#18887=DIRECTION('',(1.0,0.0,0.0));
#18888=DIRECTION('',(1.0,0.0,0.0));
#18889=DIRECTION('',(0.0,0.0,-1.0));
#18890=DIRECTION('',(1.0,0.0,0.0));
#18891=DIRECTION('',(0.0,0.0,-1.0));
#18892=DIRECTION('',(-1.0,0.0,0.0));
#18893=DIRECTION('',(0.0,0.0,-1.0));
#18894=CARTESIAN_POINT('',(7.47,5.2,3.5));
#18895=DIRECTION('',(0.0,-1.0,0.0));
#18896=DIRECTION('',(1.0,0.0,0.0));
#18897=DIRECTION('',(1.0,0.0,0.0));
#18898=DIRECTION('',(0.0,0.0,-1.0));
#18899=DIRECTION('',(0.0,0.0,-1.0));
#18900=DIRECTION('',(-1.23797123060244E-16,1.0,0.0));
#18901=DIRECTION('',(0.0,0.0,1.0));
#18902=DIRECTION('',(1.23797123060244E-16,-1.0,0.0));
#18903=DIRECTION('',(0.0,0.0,-1.0));
#18904=DIRECTION('',(-1.23797123060244E-16,1.0,0.0));
#18905=DIRECTION('',(-1.23797123060244E-16,1.0,0.0));
#18906=DIRECTION('',(0.0,0.0,1.0));
#18907=DIRECTION('',(-1.23797123060244E-16,1.0,0.0));
#18908=DIRECTION('',(0.0,0.0,-1.0));
#18909=DIRECTION('',(-1.23797123060244E-16,1.0,0.0));
#18910=DIRECTION('',(0.0,0.0,1.0));
#18911=DIRECTION('',(1.0,0.0,0.0));
#18912=DIRECTION('',(1.0,0.0,0.0));
#18913=DIRECTION('',(1.0,0.0,0.0));
#18914=DIRECTION('',(-1.0,0.0,0.0));
#18915=DIRECTION('',(0.0,0.0,1.0));
#18916=DIRECTION('',(-0.476731294622796,0.667423812471914,0.572077553547356));
#18917=DIRECTION('',(1.0,0.0,0.0));
#18918=DIRECTION('',(1.0,0.0,0.0));
#18919=DIRECTION('',(-1.0,0.0,0.0));
#18920=DIRECTION('',(1.0,0.0,0.0));
#18921=DIRECTION('',(0.0,0.0,-1.0));
#18922=DIRECTION('',(0.0,0.0,1.0));
#18923=DIRECTION('',(1.0,0.0,0.0));
#18924=DIRECTION('',(-1.0,0.0,0.0));
#18925=DIRECTION('',(0.0,0.0,1.0));
#18926=DIRECTION('',(1.0,0.0,0.0));
#18927=DIRECTION('',(-1.0,0.0,0.0));
#18928=DIRECTION('',(0.0,1.0,0.0));
#18929=DIRECTION('',(1.0,0.0,0.0));
#18930=DIRECTION('',(0.476731294622796,0.667423812471914,0.572077553547356));
#18931=DIRECTION('',(0.0,0.0,-1.0));
#18932=DIRECTION('',(-0.476731294622796,-0.667423812471914,0.572077553547356));
#18933=DIRECTION('',(0.0,0.0,1.0));
#18934=DIRECTION('',(0.0,1.0,0.0));
#18935=DIRECTION('',(1.0,0.0,0.0));
#18936=DIRECTION('',(-1.0,0.0,0.0));
#18937=DIRECTION('',(0.0,0.0,1.0));
#18938=DIRECTION('',(0.0,0.0,-1.0));
#18939=DIRECTION('',(0.0,0.0,1.0));
#18940=DIRECTION('',(0.0,0.0,-1.0));
#18941=DIRECTION('',(0.0,0.0,-1.0));
#18942=DIRECTION('',(-1.0,0.0,0.0));
#18943=DIRECTION('',(0.0,0.0,-1.0));
#18944=DIRECTION('',(-1.0,0.0,0.0));
#18945=DIRECTION('',(0.0,1.0,0.0));
#18946=DIRECTION('',(1.0,0.0,0.0));
#18947=DIRECTION('',(0.0,1.0,0.0));
#18948=DIRECTION('',(0.0,-1.0,0.0));
#18949=DIRECTION('',(-5.78241158658936E-15,1.0,0.0));
#18950=DIRECTION('',(1.0,0.0,0.0));
#18951=DIRECTION('',(0.0,1.0,0.0));
#18952=DIRECTION('',(-1.0,0.0,0.0));
#18953=CARTESIAN_POINT('',(7.93,7.2,0.0));
#18954=DIRECTION('',(0.0,0.0,-1.0));
#18955=DIRECTION('',(0.0,-1.0,0.0));
#18956=CARTESIAN_POINT('',(7.93,7.2,0.0));
#18957=DIRECTION('',(0.0,0.0,-1.0));
#18958=DIRECTION('',(0.0,-1.0,0.0));
#18959=DIRECTION('',(0.0,0.0,1.0));
#18960=CARTESIAN_POINT('',(7.93,7.2,-0.72500000000001));
#18961=DIRECTION('',(0.0,-0.0,1.0));
#18962=DIRECTION('',(0.0,1.0,0.0));
#18963=CARTESIAN_POINT('',(7.93,7.2,-0.72500000000001));
#18964=DIRECTION('',(0.0,-0.0,1.0));
#18965=DIRECTION('',(0.0,1.0,0.0));
#18966=DIRECTION('',(0.0,0.0,1.0));
#18967=CARTESIAN_POINT('',(7.93,7.2,-0.72500000000001));
#18968=DIRECTION('',(0.0,-0.0,1.0));
#18969=DIRECTION('',(0.0,1.0,0.0));
#18970=DIRECTION('',(-0.707106781186545,0.0,0.70710678118655));
#18971=CARTESIAN_POINT('',(7.93,7.2,-0.825));
#18972=DIRECTION('',(0.0,0.0,-1.0));
#18973=DIRECTION('',(0.0,1.0,0.0));
#18974=DIRECTION('',(0.707106781186545,0.0,0.70710678118655));
#18975=CARTESIAN_POINT('',(7.93,7.2,-0.825));
#18976=DIRECTION('',(0.0,0.0,-1.0));
#18977=DIRECTION('',(0.0,1.0,0.0));
#18978=DIRECTION('',(0.0,0.0,1.0));
#18979=CARTESIAN_POINT('',(7.47,9.4,3.5));
#18980=DIRECTION('',(-0.0,1.0,0.0));
#18981=DIRECTION('',(1.0,0.0,2.16840434497102E-15));
#18982=DIRECTION('',(0.0,0.0,-1.0));
#18983=DIRECTION('',(-1.0,0.0,0.0));
#18984=DIRECTION('',(0.0,0.0,-1.0));
#18985=DIRECTION('',(0.0,-1.0,0.0));
#18986=DIRECTION('',(0.0,1.0,0.0));
#18987=DIRECTION('',(0.0,0.0,1.0));
#18988=DIRECTION('',(0.0,1.0,0.0));
#18989=DIRECTION('',(0.0,0.0,1.0));
#18990=DIRECTION('',(0.0,1.0,0.0));
#18991=DIRECTION('',(0.0,1.0,0.0));
#18992=DIRECTION('',(1.0,0.0,0.0));
#18993=DIRECTION('',(0.0,-1.0,0.0));
#18994=DIRECTION('',(1.0,-6.69913537470719E-15,0.0));
#18995=DIRECTION('',(0.0,0.0,-1.0));
#18996=DIRECTION('',(0.0,0.0,-1.0));
#18997=DIRECTION('',(0.0,0.0,1.0));
#18998=DIRECTION('',(1.0,-6.69913537470719E-15,0.0));
#18999=DIRECTION('',(0.0,0.0,1.0));
#19000=DIRECTION('',(-1.0,6.69913537470719E-15,0.0));
#19001=DIRECTION('',(0.0,0.0,1.0));
#19002=DIRECTION('',(1.0,-6.69913537470719E-15,1.57772181044202E-30));
#19003=DIRECTION('',(0.0,1.0,0.0));
#19004=DIRECTION('',(0.0,0.0,-1.0));
#19005=DIRECTION('',(0.0,-1.0,-2.47817639425258E-16));
#19006=DIRECTION('',(1.0,-3.5258607235301E-16,-9.86076131526265E-32));
#19007=DIRECTION('',(0.0,1.0,-2.47817639425258E-16));
#19008=DIRECTION('',(-1.0,3.5258607235301E-16,0.0));
#19009=DIRECTION('',(0.0,0.0,-1.0));
#19010=DIRECTION('',(1.0,-3.5258607235301E-16,0.0));
#19011=DIRECTION('',(0.0,0.0,1.0));
#19012=DIRECTION('',(-1.0,3.5258607235301E-16,0.0));
#19013=DIRECTION('',(0.0,-1.0,0.0));
#19014=DIRECTION('',(0.0,-1.0,0.0));
#19015=DIRECTION('',(-1.0,0.0,0.0));
#19016=DIRECTION('',(0.0,1.0,0.0));
#19017=DIRECTION('',(0.0,0.0,-1.0));
#19018=DIRECTION('',(0.0,0.0,-1.0));
#19019=DIRECTION('',(0.0,-1.0,0.0));
#19020=DIRECTION('',(0.0,1.0,0.0));
#19021=DIRECTION('',(-1.23797123060244E-16,1.0,0.0));
#19022=DIRECTION('',(0.0,0.0,-1.0));
#19023=DIRECTION('',(-1.23797123060244E-16,1.0,0.0));
#19024=DIRECTION('',(0.0,0.0,1.0));
#19025=DIRECTION('',(1.23797123060244E-16,-1.0,0.0));
#19026=DIRECTION('',(0.0,0.0,-1.0));
#19027=DIRECTION('',(-1.23797123060244E-16,1.0,0.0));
#19028=DIRECTION('',(-1.0,0.0,0.0));
#19029=DIRECTION('',(-1.0,0.0,0.0));
#19030=DIRECTION('',(1.0,0.0,0.0));
#19031=DIRECTION('',(1.0,0.0,0.0));
#19032=DIRECTION('',(0.0,-1.0,0.0));
#19033=DIRECTION('',(-1.0,0.0,0.0));
#19034=DIRECTION('',(-1.0,0.0,0.0));
#19035=DIRECTION('',(0.0,0.0,-1.0));
#19036=DIRECTION('',(1.0,0.0,0.0));
#19037=DIRECTION('',(0.0,-1.0,0.0));
#19038=DIRECTION('',(0.0,0.0,1.0));
#19039=DIRECTION('',(0.0,-1.0,0.0));
#19040=DIRECTION('',(-0.476731294622796,0.667423812471914,-0.572077553547356));
#19041=DIRECTION('',(0.476731294622796,-0.667423812471914,-0.572077553547356));
#19042=DIRECTION('',(-1.0,0.0,0.0));
#19043=DIRECTION('',(1.0,0.0,0.0));
#19044=DIRECTION('',(0.476731294622796,-0.667423812471914,-0.572077553547356));
#19045=DIRECTION('',(1.0,0.0,0.0));
#19046=DIRECTION('',(-1.23797123060244E-16,1.0,0.0));
#19047=DIRECTION('',(-1.23797123060244E-16,1.0,0.0));
#19048=DIRECTION('',(1.0,0.0,0.0));
#19049=DIRECTION('',(-1.23797123060244E-16,1.0,0.0));
#19050=DIRECTION('',(-1.0,0.0,0.0));
#19051=DIRECTION('',(0.0,1.0,0.0));
#19052=DIRECTION('',(-1.0,0.0,0.0));
#19053=DIRECTION('',(0.0,-1.0,0.0));
#19054=DIRECTION('',(1.0,0.0,0.0));
#19055=DIRECTION('',(0.0,0.0,1.0));
#19056=DIRECTION('',(0.0,0.0,1.0));
#19057=DIRECTION('',(0.0,0.0,1.0));
#19058=DIRECTION('',(0.0,0.0,1.0));
#19059=CARTESIAN_POINT('',(7.93,7.2,-0.72500000000001));
#19060=DIRECTION('',(0.0,-0.0,1.0));
#19061=DIRECTION('',(0.0,1.0,0.0));
#19062=DIRECTION('',(1.0,6.21837397731111E-32,1.33884735538263E-31));
#19063=CARTESIAN_POINT('',(5.29,1.06408530805543,1.84502597999597));
#19064=DIRECTION('',(-1.0,-6.21837397731111E-32,-1.33884735538263E-31));
#19065=DIRECTION('',(1.33884735538263E-31,0.0,-1.0));
#19066=DIRECTION('',(-1.0,-6.21837397731111E-32,-1.33884735538263E-31));
#19067=CARTESIAN_POINT('',(6.15,1.06408530805543,1.84502597999597));
#19068=DIRECTION('',(-1.0,-6.21837397731111E-32,-1.33884735538263E-31));
#19069=DIRECTION('',(1.33884735538263E-31,0.0,-1.0));
#19070=DIRECTION('',(-1.0,-1.07020666685099E-15,6.81403296200264E-15));
#19071=CARTESIAN_POINT('',(6.15,1.03379293323653,3.46901530779579));
#19072=DIRECTION('',(-1.0,-1.07020666685099E-15,6.81403296200264E-15));
#19073=DIRECTION('',(-6.81403296200264E-15,0.0,-1.0));
#19074=DIRECTION('',(-1.0,-1.07020666685099E-15,6.81403296200264E-15));
#19075=CARTESIAN_POINT('',(5.29,1.03379293323652,3.4690153077958));
#19076=DIRECTION('',(-1.0,-1.07020666685099E-15,6.81403296200264E-15));
#19077=DIRECTION('',(-6.81403296200264E-15,0.0,-1.0));
#19078=DIRECTION('',(-1.10717607606383E-16,1.0,0.0));
#19079=CARTESIAN_POINT('',(5.87,10.5200005071935,0.07499999999999));
#19080=DIRECTION('',(0.0,0.0,1.0));
#19081=DIRECTION('',(-1.0,0.0,0.0));
#19082=DIRECTION('',(-1.0,0.0,0.0));
#19083=CARTESIAN_POINT('',(5.57,10.5200005071935,0.07499999999999));
#19084=DIRECTION('',(0.0,0.0,1.0));
#19085=DIRECTION('',(-1.0,0.0,0.0));
#19086=DIRECTION('',(1.38397009507979E-16,-1.0,0.0));
#19087=DIRECTION('',(1.0,0.0,0.0));
#19088=CARTESIAN_POINT('',(5.87,10.5200005071935,-0.0750000000000099));
#19089=DIRECTION('',(0.0,0.0,-1.0));
#19090=DIRECTION('',(-1.0,0.0,0.0));
#19091=DIRECTION('',(6.16297582203915E-33,-0.0,-1.0));
#19092=DIRECTION('',(-6.16297582203915E-33,0.0,1.0));
#19093=DIRECTION('',(1.0,9.10372798653513E-31,0.0));
#19094=DIRECTION('',(1.11022302462516E-16,-0.987770114095571,0.155917291214355));
#19095=DIRECTION('',(-1.0,-6.21837397731111E-32,-1.33884735538263E-31));
#19096=DIRECTION('',(-1.11022302462516E-16,0.987770114095571,-0.155917291214355));
#19097=DIRECTION('',(1.0,0.0,0.0));
#19098=DIRECTION('',(0.0,0.0,1.0));
#19099=DIRECTION('',(-1.38397009507979E-16,1.0,0.0));
#19100=CARTESIAN_POINT('',(5.57,10.5200005071935,-0.0750000000000099));
#19101=DIRECTION('',(0.0,0.0,-1.0));
#19102=DIRECTION('',(-1.0,0.0,0.0));
#19103=DIRECTION('',(1.10717607606383E-16,-1.0,0.0));
#19104=DIRECTION('',(1.0,0.0,0.0));
#19105=CARTESIAN_POINT('',(6.02,10.2972374375735,0.17499999999999));
#19106=DIRECTION('',(1.0,0.0,0.0));
#19107=DIRECTION('',(0.0,-1.0,0.0));
#19108=DIRECTION('',(-1.10717607606383E-16,0.496216503675206,-0.868198814489143));
#19109=CARTESIAN_POINT('',(6.02,8.7305698587749,2.11));
#19110=DIRECTION('',(-1.0,0.0,0.0));
#19111=DIRECTION('',(0.0,1.0,0.0));
#19112=DIRECTION('',(-1.10717607606383E-16,1.0,0.0));
#19113=DIRECTION('',(0.0,0.0,1.0));
#19114=DIRECTION('',(1.10717607606383E-16,-1.0,0.0));
#19115=CARTESIAN_POINT('',(6.02,8.7305698587749,2.11));
#19116=DIRECTION('',(-1.0,0.0,0.0));
#19117=DIRECTION('',(0.0,1.0,0.0));
#19118=DIRECTION('',(5.55111512312578E-17,-0.496216503675206,0.868198814489143));
#19119=CARTESIAN_POINT('',(6.02,10.2972374375735,0.17499999999999));
#19120=DIRECTION('',(1.0,0.0,0.0));
#19121=DIRECTION('',(0.0,-1.0,0.0));
#19122=DIRECTION('',(1.0,9.10372798653513E-31,0.0));
#19123=DIRECTION('',(1.11022302462516E-16,-0.987770114095571,0.155917291214355));
#19124=DIRECTION('',(1.0,9.10372798653513E-31,0.0));
#19125=DIRECTION('',(-1.11022302462516E-16,0.987770114095571,-0.155917291214355));
#19126=DIRECTION('',(-5.55111512312578E-17,0.496216503675206,-0.868198814489143));
#19127=CARTESIAN_POINT('',(5.42,8.7305698587749,2.11));
#19128=DIRECTION('',(-1.0,0.0,0.0));
#19129=DIRECTION('',(0.0,1.0,0.0));
#19130=DIRECTION('',(-1.38397009507979E-16,1.0,0.0));
#19131=DIRECTION('',(0.0,0.0,-1.0));
#19132=DIRECTION('',(1.38397009507979E-16,-1.0,0.0));
#19133=CARTESIAN_POINT('',(5.42,8.7305698587749,2.11));
#19134=DIRECTION('',(-1.0,0.0,0.0));
#19135=DIRECTION('',(0.0,1.0,0.0));
#19136=DIRECTION('',(1.38397009507979E-16,-0.496216503675206,0.868198814489143));
#19137=CARTESIAN_POINT('',(5.42,10.2972374375735,0.17499999999999));
#19138=DIRECTION('',(1.0,0.0,0.0));
#19139=DIRECTION('',(0.0,-1.0,0.0));
#19140=DIRECTION('',(0.0,0.0,-1.0));
#19141=CARTESIAN_POINT('',(5.42,10.2972374375735,0.17499999999999));
#19142=DIRECTION('',(1.0,0.0,0.0));
#19143=DIRECTION('',(0.0,-1.0,0.0));
#19144=CARTESIAN_POINT('',(6.15,0.87367489889825,-0.60525236943688));
#19145=DIRECTION('',(1.0,9.10372798653513E-31,0.0));
#19146=DIRECTION('',(9.10372798653513E-31,-1.0,0.0));
#19147=DIRECTION('',(1.0,9.10372798653513E-31,0.0));
#19148=CARTESIAN_POINT('',(5.29,0.87367489889825,-0.60525236943688));
#19149=DIRECTION('',(1.0,9.10372798653513E-31,0.0));
#19150=DIRECTION('',(9.10372798653513E-31,-1.0,0.0));
#19151=DIRECTION('',(1.0,0.0,0.0));
#19152=DIRECTION('',(-1.0,0.0,0.0));
#19153=CARTESIAN_POINT('',(5.29,1.03379293323652,3.4690153077958));
#19154=DIRECTION('',(-1.0,-1.07020666685099E-15,6.81403296200264E-15));
#19155=DIRECTION('',(-6.81403296200264E-15,0.0,-1.0));
#19156=DIRECTION('',(-1.0,-1.07020666685099E-15,6.81403296200264E-15));
#19157=CARTESIAN_POINT('',(6.15,1.03379293323653,3.46901530779579));
#19158=DIRECTION('',(-1.0,-1.07020666685099E-15,6.81403296200264E-15));
#19159=DIRECTION('',(-6.81403296200264E-15,0.0,-1.0));
#19160=DIRECTION('',(8.32667268468867E-17,-0.828060334622494,0.560638994563243));
#19161=DIRECTION('',(1.0,1.23797123060244E-16,-6.17326552889307E-15));
#19162=DIRECTION('',(-8.32667268468867E-17,0.828060334622494,-0.560638994563243));
#19163=CARTESIAN_POINT('',(6.15,1.06408530805543,1.84502597999597));
#19164=DIRECTION('',(-1.0,-6.21837397731111E-32,-1.33884735538263E-31));
#19165=DIRECTION('',(1.33884735538263E-31,0.0,-1.0));
#19166=CARTESIAN_POINT('',(5.29,1.06408530805543,1.84502597999597));
#19167=DIRECTION('',(-1.0,-6.21837397731111E-32,-1.33884735538263E-31));
#19168=DIRECTION('',(1.33884735538263E-31,0.0,-1.0));
#19169=DIRECTION('',(-1.0,2.3716327191317E-31,6.98296267768627E-15));
#19170=CARTESIAN_POINT('',(6.15,2.03376761512772,-1.84));
#19171=DIRECTION('',(-1.0,2.3716327191317E-31,6.98296267768627E-15));
#19172=DIRECTION('',(-6.98296267768627E-15,0.0,-1.0));
#19173=DIRECTION('',(-1.0,2.3716327191317E-31,6.98296267768627E-15));
#19174=CARTESIAN_POINT('',(5.29,2.03376761512772,-1.84));
#19175=DIRECTION('',(-1.0,2.3716327191317E-31,6.98296267768627E-15));
#19176=DIRECTION('',(-6.98296267768627E-15,0.0,-1.0));
#19177=DIRECTION('',(-1.11022302462516E-16,0.987770114095571,0.155917291214355));
#19178=DIRECTION('',(1.0,-2.3716327191317E-31,-6.98296267768627E-15));
#19179=DIRECTION('',(1.11022302462516E-16,-0.987770114095571,-0.155917291214355));
#19180=DIRECTION('',(-1.0,0.0,6.98296267768627E-15));
#19181=DIRECTION('',(0.0,0.0,1.0));
#19182=DIRECTION('',(-1.0,0.0,0.0));
#19183=DIRECTION('',(0.0,0.0,-1.0));
#19184=DIRECTION('',(-1.0,0.0,0.0));
#19185=DIRECTION('',(-1.23797123060244E-16,1.0,1.29534309735426E-16));
#19186=DIRECTION('',(1.23797123060244E-16,-1.0,-1.29534309735426E-16));
#19187=DIRECTION('',(-1.23797123060244E-16,1.0,1.29534309735426E-16));
#19188=DIRECTION('',(1.0,-0.0,-6.98296267768627E-15));
#19189=DIRECTION('',(1.23797123060244E-16,-1.0,-1.29534309735426E-16));
#19190=DIRECTION('',(0.0,0.0,1.0));
#19191=DIRECTION('',(-1.0,0.0,0.0));
#19192=DIRECTION('',(1.0,0.0,0.0));
#19193=DIRECTION('',(0.0,0.0,-1.0));
#19194=DIRECTION('',(1.0,0.0,0.0));
#19195=DIRECTION('',(-1.0,0.0,0.0));
#19196=DIRECTION('',(-1.23797123060244E-16,1.0,0.0));
#19197=DIRECTION('',(1.23797123060244E-16,-1.0,0.0));
#19198=DIRECTION('',(-1.23797123060244E-16,1.0,0.0));
#19199=DIRECTION('',(1.0,0.0,0.0));
#19200=DIRECTION('',(1.23797123060244E-16,-1.0,0.0));
#19201=DIRECTION('',(1.0,1.23797123060244E-16,8.38169535483893E-17));
#19202=DIRECTION('',(0.0,0.0,1.0));
#19203=DIRECTION('',(-1.0,-1.23797123060244E-16,0.0));
#19204=DIRECTION('',(0.0,0.0,-1.0));
#19205=DIRECTION('',(-1.0,-1.23797123060244E-16,0.0));
#19206=DIRECTION('',(0.0,0.0,1.0));
#19207=DIRECTION('',(0.0,0.0,-1.0));
#19208=DIRECTION('',(-1.0,-4.42385946237387E-14,0.0));
#19209=CARTESIAN_POINT('',(6.15,0.6733458095898,4.01954832463333));
#19210=DIRECTION('',(1.0,4.42385946237387E-14,0.0));
#19211=DIRECTION('',(4.42385946237387E-14,-1.0,0.0));
#19212=DIRECTION('',(-1.0,-4.42385946237387E-14,0.0));
#19213=CARTESIAN_POINT('',(5.29,0.67334580958976,4.01954832463333));
#19214=DIRECTION('',(1.0,4.42385946237387E-14,0.0));
#19215=DIRECTION('',(4.42385946237387E-14,-1.0,0.0));
#19216=CARTESIAN_POINT('',(5.29,2.35483691660787,7.26));
#19217=DIRECTION('',(1.0,9.10372798653513E-31,0.0));
#19218=DIRECTION('',(9.10372798653513E-31,-1.0,0.0));
#19219=DIRECTION('',(1.0,9.10372798653513E-31,0.0));
#19220=CARTESIAN_POINT('',(6.15,2.35483691660787,7.26));
#19221=DIRECTION('',(1.0,9.10372798653513E-31,0.0));
#19222=DIRECTION('',(9.10372798653513E-31,-1.0,0.0));
#19223=DIRECTION('',(-1.23797123060244E-16,1.0,0.0));
#19224=DIRECTION('',(1.23797123060244E-16,-1.0,0.0));
#19225=DIRECTION('',(1.0,0.0,0.0));
#19226=DIRECTION('',(-1.0,0.0,0.0));
#19227=DIRECTION('',(-1.11022302462516E-16,0.987770114095571,0.155917291214355));
#19228=DIRECTION('',(1.11022302462516E-16,-0.987770114095571,-0.155917291214355));
#19229=DIRECTION('',(-1.0,0.0,0.0));
#19230=DIRECTION('',(-1.23797123060244E-16,1.0,0.0));
#19231=DIRECTION('',(1.23797123060244E-16,-1.0,0.0));
#19232=DIRECTION('',(0.0,0.0,-1.0));
#19233=DIRECTION('',(0.0,0.0,1.0));
#19234=DIRECTION('',(1.11022302462516E-16,-0.828060334622494,-0.560638994563243));
#19235=DIRECTION('',(-1.11022302462516E-16,0.828060334622494,0.560638994563243));
#19236=DIRECTION('',(-1.23797123060244E-16,1.0,0.0));
#19237=DIRECTION('',(1.23797123060244E-16,-1.0,0.0));
#19238=DIRECTION('',(1.0,6.21837397731111E-32,1.33884735538263E-31));
#19239=CARTESIAN_POINT('',(2.75,1.06408530805543,1.84502597999597));
#19240=DIRECTION('',(-1.0,-6.21837397731111E-32,-1.33884735538263E-31));
#19241=DIRECTION('',(1.33884735538263E-31,0.0,-1.0));
#19242=DIRECTION('',(-1.0,-6.21837397731111E-32,-1.33884735538263E-31));
#19243=CARTESIAN_POINT('',(3.61,1.06408530805543,1.84502597999597));
#19244=DIRECTION('',(-1.0,-6.21837397731111E-32,-1.33884735538263E-31));
#19245=DIRECTION('',(1.33884735538263E-31,0.0,-1.0));
#19246=DIRECTION('',(-1.0,-1.07020666685099E-15,6.81403296200264E-15));
#19247=CARTESIAN_POINT('',(3.61,1.03379293323653,3.46901530779579));
#19248=DIRECTION('',(-1.0,-1.07020666685099E-15,6.81403296200264E-15));
#19249=DIRECTION('',(-6.81403296200264E-15,0.0,-1.0));
#19250=DIRECTION('',(-1.0,-1.07020666685099E-15,6.81403296200264E-15));
#19251=CARTESIAN_POINT('',(2.75,1.03379293323652,3.4690153077958));
#19252=DIRECTION('',(-1.0,-1.07020666685099E-15,6.81403296200264E-15));
#19253=DIRECTION('',(-6.81403296200264E-15,0.0,-1.0));
#19254=DIRECTION('',(-1.10717607606383E-16,1.0,0.0));
#19255=CARTESIAN_POINT('',(3.33,10.5200005071935,0.07499999999999));
#19256=DIRECTION('',(0.0,0.0,1.0));
#19257=DIRECTION('',(-1.0,0.0,0.0));
#19258=DIRECTION('',(-1.0,0.0,0.0));
#19259=CARTESIAN_POINT('',(3.03,10.5200005071935,0.07499999999999));
#19260=DIRECTION('',(0.0,0.0,1.0));
#19261=DIRECTION('',(-1.0,0.0,0.0));
#19262=DIRECTION('',(1.38397009507979E-16,-1.0,0.0));
#19263=DIRECTION('',(1.0,0.0,0.0));
#19264=CARTESIAN_POINT('',(3.33,10.5200005071935,-0.0750000000000099));
#19265=DIRECTION('',(0.0,0.0,-1.0));
#19266=DIRECTION('',(-1.0,0.0,0.0));
#19267=DIRECTION('',(6.16297582203915E-33,-0.0,-1.0));
#19268=DIRECTION('',(-6.16297582203915E-33,0.0,1.0));
#19269=DIRECTION('',(1.0,9.10372798653513E-31,0.0));
#19270=DIRECTION('',(1.11022302462516E-16,-0.987770114095571,0.155917291214355));
#19271=DIRECTION('',(-1.0,-6.21837397731111E-32,-1.33884735538263E-31));
#19272=DIRECTION('',(-1.11022302462516E-16,0.987770114095571,-0.155917291214355));
#19273=DIRECTION('',(1.0,0.0,0.0));
#19274=DIRECTION('',(0.0,0.0,1.0));
#19275=DIRECTION('',(-1.38397009507979E-16,1.0,0.0));
#19276=CARTESIAN_POINT('',(3.03,10.5200005071935,-0.0750000000000099));
#19277=DIRECTION('',(0.0,0.0,-1.0));
#19278=DIRECTION('',(-1.0,0.0,0.0));
#19279=DIRECTION('',(1.10717607606383E-16,-1.0,0.0));
#19280=DIRECTION('',(1.0,0.0,0.0));
#19281=CARTESIAN_POINT('',(3.48,10.2972374375735,0.17499999999999));
#19282=DIRECTION('',(1.0,0.0,0.0));
#19283=DIRECTION('',(0.0,-1.0,0.0));
#19284=DIRECTION('',(-1.10717607606383E-16,0.496216503675206,-0.868198814489143));
#19285=CARTESIAN_POINT('',(3.48,8.7305698587749,2.11));
#19286=DIRECTION('',(-1.0,0.0,0.0));
#19287=DIRECTION('',(0.0,1.0,0.0));
#19288=DIRECTION('',(-1.10717607606383E-16,1.0,0.0));
#19289=DIRECTION('',(0.0,0.0,1.0));
#19290=DIRECTION('',(1.10717607606383E-16,-1.0,0.0));
#19291=CARTESIAN_POINT('',(3.48,8.7305698587749,2.11));
#19292=DIRECTION('',(-1.0,0.0,0.0));
#19293=DIRECTION('',(0.0,1.0,0.0));
#19294=DIRECTION('',(5.55111512312578E-17,-0.496216503675206,0.868198814489143));
#19295=CARTESIAN_POINT('',(3.48,10.2972374375735,0.17499999999999));
#19296=DIRECTION('',(1.0,0.0,0.0));
#19297=DIRECTION('',(0.0,-1.0,0.0));
#19298=DIRECTION('',(1.0,9.10372798653513E-31,0.0));
#19299=DIRECTION('',(1.11022302462516E-16,-0.987770114095571,0.155917291214355));
#19300=DIRECTION('',(1.0,9.10372798653513E-31,0.0));
#19301=DIRECTION('',(-1.11022302462516E-16,0.987770114095571,-0.155917291214355));
#19302=DIRECTION('',(-5.55111512312578E-17,0.496216503675206,-0.868198814489143));
#19303=CARTESIAN_POINT('',(2.88,8.7305698587749,2.11));
#19304=DIRECTION('',(-1.0,0.0,0.0));
#19305=DIRECTION('',(0.0,1.0,0.0));
#19306=DIRECTION('',(-1.38397009507979E-16,1.0,0.0));
#19307=DIRECTION('',(0.0,0.0,-1.0));
#19308=DIRECTION('',(1.38397009507979E-16,-1.0,0.0));
#19309=CARTESIAN_POINT('',(2.88,8.7305698587749,2.11));
#19310=DIRECTION('',(-1.0,0.0,0.0));
#19311=DIRECTION('',(0.0,1.0,0.0));
#19312=DIRECTION('',(1.38397009507979E-16,-0.496216503675206,0.868198814489143));
#19313=CARTESIAN_POINT('',(2.88,10.2972374375735,0.17499999999999));
#19314=DIRECTION('',(1.0,0.0,0.0));
#19315=DIRECTION('',(0.0,-1.0,0.0));
#19316=DIRECTION('',(0.0,0.0,-1.0));
#19317=CARTESIAN_POINT('',(2.88,10.2972374375735,0.17499999999999));
#19318=DIRECTION('',(1.0,0.0,0.0));
#19319=DIRECTION('',(0.0,-1.0,0.0));
#19320=CARTESIAN_POINT('',(3.61,0.87367489889825,-0.60525236943688));
#19321=DIRECTION('',(1.0,9.10372798653513E-31,0.0));
#19322=DIRECTION('',(9.10372798653513E-31,-1.0,0.0));
#19323=DIRECTION('',(1.0,9.10372798653513E-31,0.0));
#19324=CARTESIAN_POINT('',(2.75,0.87367489889825,-0.60525236943688));
#19325=DIRECTION('',(1.0,9.10372798653513E-31,0.0));
#19326=DIRECTION('',(9.10372798653513E-31,-1.0,0.0));
#19327=DIRECTION('',(1.0,0.0,0.0));
#19328=DIRECTION('',(-1.0,0.0,0.0));
#19329=CARTESIAN_POINT('',(2.75,1.03379293323652,3.4690153077958));
#19330=DIRECTION('',(-1.0,-1.07020666685099E-15,6.81403296200264E-15));
#19331=DIRECTION('',(-6.81403296200264E-15,0.0,-1.0));
#19332=DIRECTION('',(-1.0,-1.07020666685099E-15,6.81403296200264E-15));
#19333=CARTESIAN_POINT('',(3.61,1.03379293323653,3.46901530779579));
#19334=DIRECTION('',(-1.0,-1.07020666685099E-15,6.81403296200264E-15));
#19335=DIRECTION('',(-6.81403296200264E-15,0.0,-1.0));
#19336=DIRECTION('',(8.32667268468867E-17,-0.828060334622494,0.560638994563243));
#19337=DIRECTION('',(1.0,1.23797123060244E-16,-6.17326552889307E-15));
#19338=DIRECTION('',(-8.32667268468867E-17,0.828060334622494,-0.560638994563243));
#19339=CARTESIAN_POINT('',(3.61,1.06408530805543,1.84502597999597));
#19340=DIRECTION('',(-1.0,-6.21837397731111E-32,-1.33884735538263E-31));
#19341=DIRECTION('',(1.33884735538263E-31,0.0,-1.0));
#19342=CARTESIAN_POINT('',(2.75,1.06408530805543,1.84502597999597));
#19343=DIRECTION('',(-1.0,-6.21837397731111E-32,-1.33884735538263E-31));
#19344=DIRECTION('',(1.33884735538263E-31,0.0,-1.0));
#19345=DIRECTION('',(-1.0,2.3716327191317E-31,6.98296267768627E-15));
#19346=CARTESIAN_POINT('',(3.61,2.03376761512772,-1.84));
#19347=DIRECTION('',(-1.0,2.3716327191317E-31,6.98296267768627E-15));
#19348=DIRECTION('',(-6.98296267768627E-15,0.0,-1.0));
#19349=DIRECTION('',(-1.0,2.3716327191317E-31,6.98296267768627E-15));
#19350=CARTESIAN_POINT('',(2.75,2.03376761512772,-1.84));
#19351=DIRECTION('',(-1.0,2.3716327191317E-31,6.98296267768627E-15));
#19352=DIRECTION('',(-6.98296267768627E-15,0.0,-1.0));
#19353=DIRECTION('',(-1.11022302462516E-16,0.987770114095571,0.155917291214355));
#19354=DIRECTION('',(1.0,-2.3716327191317E-31,-6.98296267768627E-15));
#19355=DIRECTION('',(1.11022302462516E-16,-0.987770114095571,-0.155917291214355));
#19356=DIRECTION('',(-1.0,0.0,6.98296267768627E-15));
#19357=DIRECTION('',(0.0,0.0,1.0));
#19358=DIRECTION('',(-1.0,0.0,0.0));
#19359=DIRECTION('',(0.0,0.0,-1.0));
#19360=DIRECTION('',(-1.0,0.0,0.0));
#19361=DIRECTION('',(-1.23797123060244E-16,1.0,1.29534309735426E-16));
#19362=DIRECTION('',(1.23797123060244E-16,-1.0,-1.29534309735426E-16));
#19363=DIRECTION('',(-1.23797123060244E-16,1.0,1.29534309735426E-16));
#19364=DIRECTION('',(1.0,-0.0,-6.98296267768627E-15));
#19365=DIRECTION('',(1.23797123060244E-16,-1.0,-1.29534309735426E-16));
#19366=DIRECTION('',(0.0,0.0,1.0));
#19367=DIRECTION('',(-1.0,0.0,0.0));
#19368=DIRECTION('',(1.0,0.0,0.0));
#19369=DIRECTION('',(0.0,0.0,-1.0));
#19370=DIRECTION('',(1.0,0.0,0.0));
#19371=DIRECTION('',(-1.0,0.0,0.0));
#19372=DIRECTION('',(-1.23797123060244E-16,1.0,0.0));
#19373=DIRECTION('',(1.23797123060244E-16,-1.0,0.0));
#19374=DIRECTION('',(-1.23797123060244E-16,1.0,0.0));
#19375=DIRECTION('',(1.0,0.0,0.0));
#19376=DIRECTION('',(1.23797123060244E-16,-1.0,0.0));
#19377=DIRECTION('',(1.0,1.23797123060244E-16,8.38169535483893E-17));
#19378=DIRECTION('',(0.0,0.0,1.0));
#19379=DIRECTION('',(-1.0,-1.23797123060244E-16,0.0));
#19380=DIRECTION('',(0.0,0.0,-1.0));
#19381=DIRECTION('',(-1.0,-1.23797123060244E-16,0.0));
#19382=DIRECTION('',(0.0,0.0,1.0));
#19383=DIRECTION('',(0.0,0.0,-1.0));
#19384=DIRECTION('',(-1.0,-4.42385946237387E-14,0.0));
#19385=CARTESIAN_POINT('',(3.61,0.6733458095898,4.01954832463333));
#19386=DIRECTION('',(1.0,4.42385946237387E-14,0.0));
#19387=DIRECTION('',(4.42385946237387E-14,-1.0,0.0));
#19388=DIRECTION('',(-1.0,-4.42385946237387E-14,0.0));
#19389=CARTESIAN_POINT('',(2.75,0.67334580958976,4.01954832463333));
#19390=DIRECTION('',(1.0,4.42385946237387E-14,0.0));
#19391=DIRECTION('',(4.42385946237387E-14,-1.0,0.0));
#19392=CARTESIAN_POINT('',(2.75,2.35483691660787,7.26));
#19393=DIRECTION('',(1.0,9.10372798653513E-31,0.0));
#19394=DIRECTION('',(9.10372798653513E-31,-1.0,0.0));
#19395=DIRECTION('',(1.0,9.10372798653513E-31,0.0));
#19396=CARTESIAN_POINT('',(3.61,2.35483691660787,7.26));
#19397=DIRECTION('',(1.0,9.10372798653513E-31,0.0));
#19398=DIRECTION('',(9.10372798653513E-31,-1.0,0.0));
#19399=DIRECTION('',(-1.23797123060244E-16,1.0,0.0));
#19400=DIRECTION('',(1.23797123060244E-16,-1.0,0.0));
#19401=DIRECTION('',(1.0,0.0,0.0));
#19402=DIRECTION('',(-1.0,0.0,0.0));
#19403=DIRECTION('',(-1.11022302462516E-16,0.987770114095571,0.155917291214355));
#19404=DIRECTION('',(1.11022302462516E-16,-0.987770114095571,-0.155917291214355));
#19405=DIRECTION('',(-1.0,0.0,0.0));
#19406=DIRECTION('',(-1.23797123060244E-16,1.0,0.0));
#19407=DIRECTION('',(1.23797123060244E-16,-1.0,0.0));
#19408=DIRECTION('',(0.0,0.0,-1.0));
#19409=DIRECTION('',(0.0,0.0,1.0));
#19410=DIRECTION('',(1.11022302462516E-16,-0.828060334622494,-0.560638994563243));
#19411=DIRECTION('',(-1.11022302462516E-16,0.828060334622494,0.560638994563243));
#19412=DIRECTION('',(-1.23797123060244E-16,1.0,0.0));
#19413=DIRECTION('',(1.23797123060244E-16,-1.0,0.0));
#19414=DIRECTION('',(1.0,6.21837397731111E-32,1.33884735538263E-31));
#19415=CARTESIAN_POINT('',(4.02,1.06408530805543,1.84502597999597));
#19416=DIRECTION('',(-1.0,-6.21837397731111E-32,-1.33884735538263E-31));
#19417=DIRECTION('',(1.33884735538263E-31,0.0,-1.0));
#19418=DIRECTION('',(-1.0,-6.21837397731111E-32,-1.33884735538263E-31));
#19419=CARTESIAN_POINT('',(4.88,1.06408530805543,1.84502597999597));
#19420=DIRECTION('',(-1.0,-6.21837397731111E-32,-1.33884735538263E-31));
#19421=DIRECTION('',(1.33884735538263E-31,0.0,-1.0));
#19422=DIRECTION('',(-1.0,-1.07020666685099E-15,6.81403296200264E-15));
#19423=CARTESIAN_POINT('',(4.88,1.03379293323653,3.46901530779579));
#19424=DIRECTION('',(-1.0,-1.07020666685099E-15,6.81403296200264E-15));
#19425=DIRECTION('',(-6.81403296200264E-15,0.0,-1.0));
#19426=DIRECTION('',(-1.0,-1.07020666685099E-15,6.81403296200264E-15));
#19427=CARTESIAN_POINT('',(4.02,1.03379293323652,3.4690153077958));
#19428=DIRECTION('',(-1.0,-1.07020666685099E-15,6.81403296200264E-15));
#19429=DIRECTION('',(-6.81403296200264E-15,0.0,-1.0));
#19430=DIRECTION('',(-1.10717607606383E-16,1.0,0.0));
#19431=CARTESIAN_POINT('',(4.6,10.5200005071935,0.07499999999999));
#19432=DIRECTION('',(0.0,0.0,1.0));
#19433=DIRECTION('',(-1.0,0.0,0.0));
#19434=DIRECTION('',(-1.0,0.0,0.0));
#19435=CARTESIAN_POINT('',(4.3,10.5200005071935,0.07499999999999));
#19436=DIRECTION('',(0.0,0.0,1.0));
#19437=DIRECTION('',(-1.0,0.0,0.0));
#19438=DIRECTION('',(1.38397009507979E-16,-1.0,0.0));
#19439=DIRECTION('',(1.0,0.0,0.0));
#19440=CARTESIAN_POINT('',(4.6,10.5200005071935,-0.0750000000000099));
#19441=DIRECTION('',(0.0,0.0,-1.0));
#19442=DIRECTION('',(-1.0,0.0,0.0));
#19443=DIRECTION('',(6.16297582203915E-33,-0.0,-1.0));
#19444=DIRECTION('',(-6.16297582203915E-33,0.0,1.0));
#19445=DIRECTION('',(1.0,9.10372798653513E-31,0.0));
#19446=DIRECTION('',(1.11022302462516E-16,-0.987770114095571,0.155917291214355));
#19447=DIRECTION('',(-1.0,-6.21837397731111E-32,-1.33884735538263E-31));
#19448=DIRECTION('',(-1.11022302462516E-16,0.987770114095571,-0.155917291214355));
#19449=DIRECTION('',(1.0,0.0,0.0));
#19450=DIRECTION('',(0.0,0.0,1.0));
#19451=DIRECTION('',(-1.38397009507979E-16,1.0,0.0));
#19452=CARTESIAN_POINT('',(4.3,10.5200005071935,-0.0750000000000099));
#19453=DIRECTION('',(0.0,0.0,-1.0));
#19454=DIRECTION('',(-1.0,0.0,0.0));
#19455=DIRECTION('',(1.10717607606383E-16,-1.0,0.0));
#19456=DIRECTION('',(1.0,0.0,0.0));
#19457=CARTESIAN_POINT('',(4.75,10.2972374375735,0.17499999999999));
#19458=DIRECTION('',(1.0,0.0,0.0));
#19459=DIRECTION('',(0.0,-1.0,0.0));
#19460=DIRECTION('',(-1.10717607606383E-16,0.496216503675206,-0.868198814489143));
#19461=CARTESIAN_POINT('',(4.75,8.7305698587749,2.11));
#19462=DIRECTION('',(-1.0,0.0,0.0));
#19463=DIRECTION('',(0.0,1.0,0.0));
#19464=DIRECTION('',(-1.10717607606383E-16,1.0,0.0));
#19465=DIRECTION('',(0.0,0.0,1.0));
#19466=DIRECTION('',(1.10717607606383E-16,-1.0,0.0));
#19467=CARTESIAN_POINT('',(4.75,8.7305698587749,2.11));
#19468=DIRECTION('',(-1.0,0.0,0.0));
#19469=DIRECTION('',(0.0,1.0,0.0));
#19470=DIRECTION('',(5.55111512312578E-17,-0.496216503675206,0.868198814489143));
#19471=CARTESIAN_POINT('',(4.75,10.2972374375735,0.17499999999999));
#19472=DIRECTION('',(1.0,0.0,0.0));
#19473=DIRECTION('',(0.0,-1.0,0.0));
#19474=DIRECTION('',(1.0,9.10372798653513E-31,0.0));
#19475=DIRECTION('',(1.11022302462516E-16,-0.987770114095571,0.155917291214355));
#19476=DIRECTION('',(1.0,9.10372798653513E-31,0.0));
#19477=DIRECTION('',(-1.11022302462516E-16,0.987770114095571,-0.155917291214355));
#19478=DIRECTION('',(-5.55111512312578E-17,0.496216503675206,-0.868198814489143));
#19479=CARTESIAN_POINT('',(4.15,8.7305698587749,2.11));
#19480=DIRECTION('',(-1.0,0.0,0.0));
#19481=DIRECTION('',(0.0,1.0,0.0));
#19482=DIRECTION('',(-1.38397009507979E-16,1.0,0.0));
#19483=DIRECTION('',(0.0,0.0,-1.0));
#19484=DIRECTION('',(1.38397009507979E-16,-1.0,0.0));
#19485=CARTESIAN_POINT('',(4.15,8.7305698587749,2.11));
#19486=DIRECTION('',(-1.0,0.0,0.0));
#19487=DIRECTION('',(0.0,1.0,0.0));
#19488=DIRECTION('',(1.38397009507979E-16,-0.496216503675206,0.868198814489143));
#19489=CARTESIAN_POINT('',(4.15,10.2972374375735,0.17499999999999));
#19490=DIRECTION('',(1.0,0.0,0.0));
#19491=DIRECTION('',(0.0,-1.0,0.0));
#19492=DIRECTION('',(0.0,0.0,-1.0));
#19493=CARTESIAN_POINT('',(4.15,10.2972374375735,0.17499999999999));
#19494=DIRECTION('',(1.0,0.0,0.0));
#19495=DIRECTION('',(0.0,-1.0,0.0));
#19496=CARTESIAN_POINT('',(4.88,0.87367489889825,-0.60525236943688));
#19497=DIRECTION('',(1.0,9.10372798653513E-31,0.0));
#19498=DIRECTION('',(9.10372798653513E-31,-1.0,0.0));
#19499=DIRECTION('',(1.0,9.10372798653513E-31,0.0));
#19500=CARTESIAN_POINT('',(4.02,0.87367489889825,-0.60525236943688));
#19501=DIRECTION('',(1.0,9.10372798653513E-31,0.0));
#19502=DIRECTION('',(9.10372798653513E-31,-1.0,0.0));
#19503=DIRECTION('',(1.0,0.0,0.0));
#19504=DIRECTION('',(-1.0,0.0,0.0));
#19505=CARTESIAN_POINT('',(4.02,1.03379293323652,3.4690153077958));
#19506=DIRECTION('',(-1.0,-1.07020666685099E-15,6.81403296200264E-15));
#19507=DIRECTION('',(-6.81403296200264E-15,0.0,-1.0));
#19508=DIRECTION('',(-1.0,-1.07020666685099E-15,6.81403296200264E-15));
#19509=CARTESIAN_POINT('',(4.88,1.03379293323653,3.46901530779579));
#19510=DIRECTION('',(-1.0,-1.07020666685099E-15,6.81403296200264E-15));
#19511=DIRECTION('',(-6.81403296200264E-15,0.0,-1.0));
#19512=DIRECTION('',(8.32667268468867E-17,-0.828060334622494,0.560638994563243));
#19513=DIRECTION('',(1.0,1.23797123060244E-16,-6.17326552889307E-15));
#19514=DIRECTION('',(-8.32667268468867E-17,0.828060334622494,-0.560638994563243));
#19515=CARTESIAN_POINT('',(4.88,1.06408530805543,1.84502597999597));
#19516=DIRECTION('',(-1.0,-6.21837397731111E-32,-1.33884735538263E-31));
#19517=DIRECTION('',(1.33884735538263E-31,0.0,-1.0));
#19518=CARTESIAN_POINT('',(4.02,1.06408530805543,1.84502597999597));
#19519=DIRECTION('',(-1.0,-6.21837397731111E-32,-1.33884735538263E-31));
#19520=DIRECTION('',(1.33884735538263E-31,0.0,-1.0));
#19521=DIRECTION('',(-1.0,2.3716327191317E-31,6.98296267768627E-15));
#19522=CARTESIAN_POINT('',(4.88,2.03376761512772,-1.84));
#19523=DIRECTION('',(-1.0,2.3716327191317E-31,6.98296267768627E-15));
#19524=DIRECTION('',(-6.98296267768627E-15,0.0,-1.0));
#19525=DIRECTION('',(-1.0,2.3716327191317E-31,6.98296267768627E-15));
#19526=CARTESIAN_POINT('',(4.02,2.03376761512772,-1.84));
#19527=DIRECTION('',(-1.0,2.3716327191317E-31,6.98296267768627E-15));
#19528=DIRECTION('',(-6.98296267768627E-15,0.0,-1.0));
#19529=DIRECTION('',(-1.11022302462516E-16,0.987770114095571,0.155917291214355));
#19530=DIRECTION('',(1.0,-2.3716327191317E-31,-6.98296267768627E-15));
#19531=DIRECTION('',(1.11022302462516E-16,-0.987770114095571,-0.155917291214355));
#19532=DIRECTION('',(-1.0,0.0,6.98296267768627E-15));
#19533=DIRECTION('',(0.0,0.0,1.0));
#19534=DIRECTION('',(-1.0,0.0,0.0));
#19535=DIRECTION('',(0.0,0.0,-1.0));
#19536=DIRECTION('',(-1.0,0.0,0.0));
#19537=DIRECTION('',(-1.23797123060244E-16,1.0,1.29534309735426E-16));
#19538=DIRECTION('',(1.23797123060244E-16,-1.0,-1.29534309735426E-16));
#19539=DIRECTION('',(-1.23797123060244E-16,1.0,1.29534309735426E-16));
#19540=DIRECTION('',(1.0,-0.0,-6.98296267768627E-15));
#19541=DIRECTION('',(1.23797123060244E-16,-1.0,-1.29534309735426E-16));
#19542=DIRECTION('',(0.0,0.0,1.0));
#19543=DIRECTION('',(-1.0,0.0,0.0));
#19544=DIRECTION('',(1.0,0.0,0.0));
#19545=DIRECTION('',(0.0,0.0,-1.0));
#19546=DIRECTION('',(1.0,0.0,0.0));
#19547=DIRECTION('',(-1.0,0.0,0.0));
#19548=DIRECTION('',(-1.23797123060244E-16,1.0,0.0));
#19549=DIRECTION('',(1.23797123060244E-16,-1.0,0.0));
#19550=DIRECTION('',(-1.23797123060244E-16,1.0,0.0));
#19551=DIRECTION('',(1.0,0.0,0.0));
#19552=DIRECTION('',(1.23797123060244E-16,-1.0,0.0));
#19553=DIRECTION('',(1.0,1.23797123060244E-16,8.38169535483893E-17));
#19554=DIRECTION('',(0.0,0.0,1.0));
#19555=DIRECTION('',(-1.0,-1.23797123060244E-16,0.0));
#19556=DIRECTION('',(0.0,0.0,-1.0));
#19557=DIRECTION('',(-1.0,-1.23797123060244E-16,0.0));
#19558=DIRECTION('',(0.0,0.0,1.0));
#19559=DIRECTION('',(0.0,0.0,-1.0));
#19560=DIRECTION('',(-1.0,-4.42385946237387E-14,0.0));
#19561=CARTESIAN_POINT('',(4.88,0.6733458095898,4.01954832463333));
#19562=DIRECTION('',(1.0,4.42385946237387E-14,0.0));
#19563=DIRECTION('',(4.42385946237387E-14,-1.0,0.0));
#19564=DIRECTION('',(-1.0,-4.42385946237387E-14,0.0));
#19565=CARTESIAN_POINT('',(4.02,0.67334580958976,4.01954832463333));
#19566=DIRECTION('',(1.0,4.42385946237387E-14,0.0));
#19567=DIRECTION('',(4.42385946237387E-14,-1.0,0.0));
#19568=CARTESIAN_POINT('',(4.02,2.35483691660787,7.26));
#19569=DIRECTION('',(1.0,9.10372798653513E-31,0.0));
#19570=DIRECTION('',(9.10372798653513E-31,-1.0,0.0));
#19571=DIRECTION('',(1.0,9.10372798653513E-31,0.0));
#19572=CARTESIAN_POINT('',(4.88,2.35483691660787,7.26));
#19573=DIRECTION('',(1.0,9.10372798653513E-31,0.0));
#19574=DIRECTION('',(9.10372798653513E-31,-1.0,0.0));
#19575=DIRECTION('',(-1.23797123060244E-16,1.0,0.0));
#19576=DIRECTION('',(1.23797123060244E-16,-1.0,0.0));
#19577=DIRECTION('',(1.0,0.0,0.0));
#19578=DIRECTION('',(-1.0,0.0,0.0));
#19579=DIRECTION('',(-1.11022302462516E-16,0.987770114095571,0.155917291214355));
#19580=DIRECTION('',(1.11022302462516E-16,-0.987770114095571,-0.155917291214355));
#19581=DIRECTION('',(-1.0,0.0,0.0));
#19582=DIRECTION('',(-1.23797123060244E-16,1.0,0.0));
#19583=DIRECTION('',(1.23797123060244E-16,-1.0,0.0));
#19584=DIRECTION('',(0.0,0.0,-1.0));
#19585=DIRECTION('',(0.0,0.0,1.0));
#19586=DIRECTION('',(1.11022302462516E-16,-0.828060334622494,-0.560638994563243));
#19587=DIRECTION('',(-1.11022302462516E-16,0.828060334622494,0.560638994563243));
#19588=DIRECTION('',(-1.23797123060244E-16,1.0,0.0));
#19589=DIRECTION('',(1.23797123060244E-16,-1.0,0.0));
#19590=DIRECTION('',(0.0,-1.0,0.0));
#19591=DIRECTION('',(-1.0,1.38050658413677E-30,-3.49148133884313E-15));
#19592=DIRECTION('',(0.0,1.0,0.0));
#19593=DIRECTION('',(-1.0,-2.97449155688753E-16,-3.49148133884313E-15));
#19594=CARTESIAN_POINT('',(8.52938055098077,8.65000065681814,0.325));
#19595=DIRECTION('',(3.49148133884313E-15,0.0,-1.0));
#19596=DIRECTION('',(1.0,0.0,3.49148133884313E-15));
#19597=DIRECTION('',(-1.20466908053945E-16,1.0,-4.2060796141848E-31));
#19598=CARTESIAN_POINT('',(8.52938055098077,10.6000006568181,0.325));
#19599=DIRECTION('',(3.49148133884313E-15,0.0,-1.0));
#19600=DIRECTION('',(1.0,0.0,3.49148133884313E-15));
#19601=DIRECTION('',(-1.0,-1.10745880744178E-16,-3.49148133884313E-15));
#19602=CARTESIAN_POINT('',(7.92938055098077,10.6000006568181,0.32499999999999));
#19603=DIRECTION('',(3.49148133884313E-15,0.0,-1.0));
#19604=DIRECTION('',(-1.0,0.0,-3.49148133884313E-15));
#19605=DIRECTION('',(0.0,-1.0,0.0));
#19606=CARTESIAN_POINT('',(7.92938055098077,10.6000006568181,-0.0750000000000099));
#19607=DIRECTION('',(-3.49148133884313E-15,0.0,1.0));
#19608=DIRECTION('',(-1.0,0.0,-3.49148133884313E-15));
#19609=DIRECTION('',(-1.0,0.0,-3.49148133884313E-15));
#19610=CARTESIAN_POINT('',(8.52938055098077,10.6000006568181,-0.0749999999999997));
#19611=DIRECTION('',(-3.49148133884313E-15,0.0,1.0));
#19612=DIRECTION('',(1.0,0.0,3.49148133884313E-15));
#19613=DIRECTION('',(0.0,1.0,0.0));
#19614=CARTESIAN_POINT('',(8.52938055098077,8.65000065681814,-0.0749999999999997));
#19615=DIRECTION('',(-3.49148133884313E-15,0.0,1.0));
#19616=DIRECTION('',(1.0,0.0,3.49148133884313E-15));
#19617=DIRECTION('',(-1.0,0.0,-3.49148133884313E-15));
#19618=CARTESIAN_POINT('',(8.52938055098077,5.75000065681814,-0.0749999999999997));
#19619=DIRECTION('',(3.49148133884313E-15,0.0,-1.0));
#19620=DIRECTION('',(1.0,0.0,3.49148133884313E-15));
#19621=DIRECTION('',(3.49148133884313E-15,-0.0,-1.0));
#19622=CARTESIAN_POINT('',(8.52938055098077,5.75000065681814,0.325));
#19623=DIRECTION('',(-3.49148133884313E-15,0.0,1.0));
#19624=DIRECTION('',(1.0,0.0,3.49148133884313E-15));
#19625=DIRECTION('',(-3.49148133884313E-15,0.0,1.0));
#19626=DIRECTION('',(-1.0,1.10745880744178E-16,-3.49148133884313E-15));
#19627=DIRECTION('',(3.49148133884313E-15,-0.0,-1.0));
#19628=DIRECTION('',(-1.0,0.0,-3.49148133884313E-15));
#19629=DIRECTION('',(-3.49148133884313E-15,0.0,1.0));
#19630=DIRECTION('',(-0.0,1.0,-2.47817639425258E-16));
#19631=DIRECTION('',(1.0,0.0,0.0));
#19632=DIRECTION('',(0.0,-1.0,-2.47817639425258E-16));
#19633=DIRECTION('',(1.0,0.0,0.0));
#19634=DIRECTION('',(-3.49148133884313E-15,0.0,1.0));
#19635=DIRECTION('',(3.49148133884313E-15,-0.0,-1.0));
#19636=CARTESIAN_POINT('',(8.52938055098077,3.80000065681814,-0.0749999999999997));
#19637=DIRECTION('',(3.49148133884313E-15,0.0,-1.0));
#19638=DIRECTION('',(1.0,0.0,3.49148133884313E-15));
#19639=DIRECTION('',(3.49148133884313E-15,-0.0,-1.0));
#19640=CARTESIAN_POINT('',(8.52938055098077,3.80000065681814,0.325));
#19641=DIRECTION('',(-3.49148133884313E-15,0.0,1.0));
#19642=DIRECTION('',(1.0,0.0,3.49148133884313E-15));
#19643=DIRECTION('',(-3.49148133884313E-15,0.0,1.0));
#19644=DIRECTION('',(3.49148133884313E-15,-0.0,-1.0));
#19645=DIRECTION('',(-3.49148133884313E-15,0.0,1.0));
#19646=DIRECTION('',(-0.0,1.0,-1.22464679914735E-16));
#19647=DIRECTION('',(1.0,0.0,0.0));
#19648=DIRECTION('',(0.0,-1.0,-1.22464679914735E-16));
#19649=DIRECTION('',(1.0,0.0,0.0));
#19650=DIRECTION('',(1.0,1.38050658413677E-30,3.49148133884313E-15));
#19651=DIRECTION('',(0.0,-3.75264668872975E-16,-1.0));
#19652=DIRECTION('',(-1.0,0.0,0.0));
#19653=DIRECTION('',(0.0,3.75264668872975E-16,1.0));
#19654=DIRECTION('',(0.0,1.0,0.0));
#19655=CARTESIAN_POINT('',(7.92938055098077,3.80000065681814,0.32499999999999));
#19656=DIRECTION('',(-3.49148133884313E-15,0.0,1.0));
#19657=DIRECTION('',(-1.0,0.0,-3.49148133884313E-15));
#19658=DIRECTION('',(-1.20466908053945E-16,-1.0,-4.2060796141848E-31));
#19659=DIRECTION('',(-1.0,2.97449155688753E-16,-3.49148133884313E-15));
#19660=DIRECTION('',(0.0,-1.0,0.0));
#19661=DIRECTION('',(0.0,1.0,0.0));
#19662=DIRECTION('',(-1.0,0.0,-3.49148133884313E-15));
#19663=DIRECTION('',(0.0,-1.0,0.0));
#19664=CARTESIAN_POINT('',(7.92938055098077,3.80000065681814,-0.0750000000000099));
#19665=DIRECTION('',(3.49148133884313E-15,0.0,-1.0));
#19666=DIRECTION('',(-1.0,0.0,-3.49148133884313E-15));
#19667=DIRECTION('',(0.0,-2.97449155688753E-16,1.0));
#19668=DIRECTION('',(3.49148133884313E-15,-0.0,-1.0));
#19669=DIRECTION('',(0.0,-2.97449155688753E-16,1.0));
#19670=DIRECTION('',(-3.49148133884313E-15,0.0,1.0));
#19671=DIRECTION('',(0.0,-3.75264668872975E-16,1.0));
#19672=DIRECTION('',(-1.0,0.0,0.0));
#19673=DIRECTION('',(-0.0,3.75264668872975E-16,-1.0));
#19674=DIRECTION('',(0.0,-0.707106781186546,-0.707106781186549));
#19675=DIRECTION('',(0.0,0.707106781186546,0.707106781186549));
#19676=DIRECTION('',(0.0,2.97449155688753E-16,1.0));
#19677=DIRECTION('',(0.0,-0.707106781186546,0.707106781186549));
#19678=DIRECTION('',(-0.0,0.707106781186546,-0.707106781186549));
#19679=DIRECTION('',(0.0,2.97449155688753E-16,1.0));
#19680=DIRECTION('',(1.0,3.13688606629153E-32,7.84179531399106E-32));
#19681=CARTESIAN_POINT('',(4.02,1.06408530805543,0.575025979995966));
#19682=DIRECTION('',(-1.0,-3.13688606629153E-32,-7.84179531399106E-32));
#19683=DIRECTION('',(7.84179531399106E-32,6.10622663543836E-16,-1.0));
#19684=DIRECTION('',(-1.0,-3.13688606629153E-32,-7.84179531399106E-32));
#19685=CARTESIAN_POINT('',(4.88,1.06408530805543,0.575025979995966));
#19686=DIRECTION('',(-1.0,-3.13688606629153E-32,-7.84179531399106E-32));
#19687=DIRECTION('',(7.84179531399106E-32,6.10622663543836E-16,-1.0));
#19688=DIRECTION('',(-1.0,-1.07020666685099E-15,6.81403296200264E-15));
#19689=CARTESIAN_POINT('',(4.88,1.03379293323653,2.19901530779579));
#19690=DIRECTION('',(-1.0,-1.07020666685099E-15,6.81403296200264E-15));
#19691=DIRECTION('',(-6.81403296200264E-15,6.10622663543836E-16,-1.0));
#19692=DIRECTION('',(-1.0,-1.07020666685099E-15,6.81403296200264E-15));
#19693=CARTESIAN_POINT('',(4.02,1.03379293323652,2.1990153077958));
#19694=DIRECTION('',(-1.0,-1.07020666685099E-15,6.81403296200264E-15));
#19695=DIRECTION('',(-6.81403296200264E-15,6.10622663543836E-16,-1.0));
#19696=DIRECTION('',(-1.0,3.08148791101957E-32,5.54667823983524E-32));
#19697=DIRECTION('',(1.24335111523567E-16,-1.0,-6.10622663543836E-16));
#19698=DIRECTION('',(-1.0,3.08148791101957E-32,5.54667823983524E-32));
#19699=DIRECTION('',(1.23797123060244E-16,-1.0,-6.10622663543836E-16));
#19700=DIRECTION('',(-1.0,-1.23797123060244E-16,-2.01265466237578E-32));
#19701=DIRECTION('',(-1.23797123060244E-16,1.0,6.10622663543836E-16));
#19702=DIRECTION('',(-1.0,3.08148791101957E-32,5.54667823983524E-32));
#19703=DIRECTION('',(-1.24335111523567E-16,1.0,6.10622663543836E-16));
#19704=DIRECTION('',(-2.77555756156289E-17,0.325568154457155,-0.945518575599318));
#19705=CARTESIAN_POINT('',(4.15,8.38959534660515,0.84));
#19706=DIRECTION('',(-1.0,3.08148791101957E-32,5.54667823983524E-32));
#19707=DIRECTION('',(3.08148791101957E-32,1.0,6.10622663543836E-16));
#19708=DIRECTION('',(-1.24335111523567E-16,1.0,6.10622663543836E-16));
#19709=DIRECTION('',(-5.54667823983524E-32,6.10622663543836E-16,-1.0));
#19710=CARTESIAN_POINT('',(4.15,8.38959534660515,0.84));
#19711=DIRECTION('',(-1.0,3.08148791101957E-32,5.54667823983524E-32));
#19712=DIRECTION('',(3.08148791101957E-32,1.0,6.10622663543836E-16));
#19713=DIRECTION('',(1.24335111523567E-16,-0.325568154457155,0.945518575599318));
#19714=CARTESIAN_POINT('',(4.15,9.04162148191745,0.174999999999989));
#19715=DIRECTION('',(1.0,-3.08148791101957E-32,-5.54667823983524E-32));
#19716=DIRECTION('',(-3.08148791101957E-32,-1.0,-6.10622663543836E-16));
#19717=DIRECTION('',(1.24335111523567E-16,-1.0,-6.10622663543836E-16));
#19718=DIRECTION('',(-5.54667823983524E-32,6.10622663543836E-16,-1.0));
#19719=DIRECTION('',(-1.24335111523567E-16,1.0,6.10622663543836E-16));
#19720=CARTESIAN_POINT('',(4.15,9.04162148191745,0.174999999999989));
#19721=DIRECTION('',(1.0,-3.08148791101957E-32,-5.54667823983524E-32));
#19722=DIRECTION('',(-3.08148791101957E-32,-1.0,-6.10622663543836E-16));
#19723=DIRECTION('',(-1.24335111523567E-16,1.0,6.10622663543836E-16));
#19724=CARTESIAN_POINT('',(4.6,9.25000045379809,0.0749999999999906));
#19725=DIRECTION('',(5.54667823983524E-32,-6.10622663543836E-16,1.0));
#19726=DIRECTION('',(-1.0,3.08148791101957E-32,5.54667823983524E-32));
#19727=DIRECTION('',(-1.0,3.08148791101957E-32,5.54667823983524E-32));
#19728=CARTESIAN_POINT('',(4.3,9.25000045379809,0.0749999999999906));
#19729=DIRECTION('',(5.54667823983524E-32,-6.10622663543836E-16,1.0));
#19730=DIRECTION('',(-1.0,3.08148791101957E-32,5.54667823983524E-32));
#19731=DIRECTION('',(1.0,-3.08148791101957E-32,-5.54667823983524E-32));
#19732=DIRECTION('',(1.0,-3.08148791101957E-32,-5.54667823983524E-32));
#19733=DIRECTION('',(1.0,-3.08148791101957E-32,-5.54667823983524E-32));
#19734=CARTESIAN_POINT('',(4.75,9.04162148191745,0.174999999999989));
#19735=DIRECTION('',(1.0,-3.08148791101957E-32,-5.54667823983524E-32));
#19736=DIRECTION('',(-3.08148791101957E-32,-1.0,-6.10622663543836E-16));
#19737=DIRECTION('',(1.0,-3.08148791101957E-32,-5.54667823983524E-32));
#19738=DIRECTION('',(5.54667823983524E-32,-6.10622663543836E-16,1.0));
#19739=DIRECTION('',(-5.54667823983524E-32,6.10622663543836E-16,-1.0));
#19740=DIRECTION('',(2.77555756156289E-17,-0.325568154457155,0.945518575599318));
#19741=DIRECTION('',(-1.0,3.08148791101957E-32,5.54667823983524E-32));
#19742=DIRECTION('',(-1.0,3.08148791101957E-32,5.54667823983524E-32));
#19743=DIRECTION('',(1.24335111523567E-16,-1.0,-6.10622663543836E-16));
#19744=DIRECTION('',(-1.0,3.08148791101957E-32,5.54667823983524E-32));
#19745=DIRECTION('',(-1.23797123060244E-16,1.0,6.10622663543836E-16));
#19746=DIRECTION('',(1.0,8.79557919543317E-31,-5.54667823983518E-32));
#19747=DIRECTION('',(1.23797123060244E-16,-1.0,-6.10622663543836E-16));
#19748=DIRECTION('',(-1.0,3.08148791101957E-32,5.54667823983524E-32));
#19749=CARTESIAN_POINT('',(4.75,8.38959534660515,0.84));
#19750=DIRECTION('',(-1.0,3.08148791101957E-32,5.54667823983524E-32));
#19751=DIRECTION('',(3.08148791101957E-32,1.0,6.10622663543836E-16));
#19752=CARTESIAN_POINT('',(4.3,9.25000045379809,-0.0750000000000095));
#19753=DIRECTION('',(-5.54667823983524E-32,6.10622663543836E-16,-1.0));
#19754=DIRECTION('',(-1.0,3.08148791101957E-32,5.54667823983524E-32));
#19755=DIRECTION('',(8.32667268468867E-17,-0.828060334622494,0.560638994563242));
#19756=DIRECTION('',(1.0,1.23797123060248E-16,-6.17326552889307E-15));
#19757=DIRECTION('',(-8.32667268468867E-17,0.828060334622494,-0.560638994563242));
#19758=DIRECTION('',(1.24335111523567E-16,-1.0,-6.10622663543836E-16));
#19759=DIRECTION('',(5.54667823983524E-32,-6.10622663543836E-16,1.0));
#19760=CARTESIAN_POINT('',(4.75,9.04162148191745,0.174999999999989));
#19761=DIRECTION('',(1.0,-3.08148791101957E-32,-5.54667823983524E-32));
#19762=DIRECTION('',(-3.08148791101957E-32,-1.0,-6.10622663543836E-16));
#19763=DIRECTION('',(-1.24335111523567E-16,0.325568154457155,-0.945518575599318));
#19764=CARTESIAN_POINT('',(4.75,8.38959534660515,0.84));
#19765=DIRECTION('',(-1.0,3.08148791101957E-32,5.54667823983524E-32));
#19766=DIRECTION('',(3.08148791101957E-32,1.0,6.10622663543836E-16));
#19767=DIRECTION('',(5.54667823983524E-32,-6.10622663543836E-16,1.0));
#19768=DIRECTION('',(-1.0,-4.42385946237387E-14,-2.6957621698185E-29));
#19769=CARTESIAN_POINT('',(4.88,0.673345809589798,2.74954832463333));
#19770=DIRECTION('',(1.0,4.42385946237387E-14,2.6957621698185E-29));
#19771=DIRECTION('',(4.42385946237387E-14,-1.0,-6.10622663543836E-16));
#19772=DIRECTION('',(-1.0,-4.42385946237387E-14,-2.6957621698185E-29));
#19773=CARTESIAN_POINT('',(4.02,0.673345809589758,2.74954832463333));
#19774=DIRECTION('',(1.0,4.42385946237387E-14,2.6957621698185E-29));
#19775=DIRECTION('',(4.42385946237387E-14,-1.0,-6.10622663543836E-16));
#19776=DIRECTION('',(-1.0,-3.99597711865262E-30,6.98296267768627E-15));
#19777=DIRECTION('',(-1.11022302462516E-16,0.987770114095571,0.155917291214356));
#19778=DIRECTION('',(1.11022302462516E-16,-0.987770114095571,-0.155917291214356));
#19779=DIRECTION('',(1.0,-3.08148791101957E-32,-5.54667823983524E-32));
#19780=DIRECTION('',(-1.0,3.08148791101957E-32,5.54667823983524E-32));
#19781=DIRECTION('',(-5.54667823983524E-32,6.10622663543836E-16,-1.0));
#19782=CARTESIAN_POINT('',(4.88,2.03376761512772,-3.11));
#19783=DIRECTION('',(-1.0,-3.99597711865262E-30,6.98296267768627E-15));
#19784=DIRECTION('',(-6.98296267768627E-15,6.10622663543836E-16,-1.0));
#19785=DIRECTION('',(-1.0,-3.99597711865262E-30,6.98296267768627E-15));
#19786=CARTESIAN_POINT('',(4.02,2.03376761512772,-3.11));
#19787=DIRECTION('',(-1.0,-3.99597711865262E-30,6.98296267768627E-15));
#19788=DIRECTION('',(-6.98296267768627E-15,6.10622663543836E-16,-1.0));
#19789=DIRECTION('',(5.54667823983524E-32,-6.10622663543836E-16,1.0));
#19790=CARTESIAN_POINT('',(4.02,2.35483691660787,5.99));
#19791=DIRECTION('',(1.0,8.79557919543317E-31,-5.54667823983518E-32));
#19792=DIRECTION('',(8.79557919543317E-31,-1.0,-6.10622663543836E-16));
#19793=DIRECTION('',(1.11022302462516E-16,-0.987770114095571,0.155917291214354));
#19794=CARTESIAN_POINT('',(4.02,0.873674898898251,-1.87525236943688));
#19795=DIRECTION('',(1.0,8.79557919543317E-31,-5.54667823983518E-32));
#19796=DIRECTION('',(8.79557919543317E-31,-1.0,-6.10622663543836E-16));
#19797=DIRECTION('',(1.23797123060244E-16,-1.0,-6.10622663543836E-16));
#19798=DIRECTION('',(5.54667823983524E-32,-6.10622663543836E-16,1.0));
#19799=DIRECTION('',(1.11022302462516E-16,-0.828060334622493,-0.560638994563243));
#19800=CARTESIAN_POINT('',(4.02,1.06408530805543,0.575025979995966));
#19801=DIRECTION('',(-1.0,-3.13688606629153E-32,-7.84179531399106E-32));
#19802=DIRECTION('',(7.84179531399106E-32,6.10622663543836E-16,-1.0));
#19803=DIRECTION('',(1.11022302462516E-16,-0.987770114095571,0.155917291214354));
#19804=DIRECTION('',(1.23797123060244E-16,-1.0,-6.10622663543836E-16));
#19805=DIRECTION('',(5.54667823983524E-32,-6.10622663543836E-16,1.0));
#19806=DIRECTION('',(-1.23797123060244E-16,1.0,7.40156973279262E-16));
#19807=DIRECTION('',(-1.11022302462516E-16,0.987770114095571,0.155917291214356));
#19808=CARTESIAN_POINT('',(4.02,1.03379293323652,2.1990153077958));
#19809=DIRECTION('',(-1.0,-1.07020666685099E-15,6.81403296200264E-15));
#19810=DIRECTION('',(-6.81403296200264E-15,6.10622663543836E-16,-1.0));
#19811=DIRECTION('',(5.54667823983524E-32,-6.10622663543836E-16,1.0));
#19812=DIRECTION('',(-1.23797123060244E-16,1.0,6.10622663543836E-16));
#19813=DIRECTION('',(-1.23797123060244E-16,1.0,7.40156973279262E-16));
#19814=DIRECTION('',(-5.54667823983524E-32,6.10622663543836E-16,-1.0));
#19815=DIRECTION('',(5.54667823983524E-32,-6.10622663543836E-16,1.0));
#19816=DIRECTION('',(1.23797123060244E-16,-1.0,-7.40156973279262E-16));
#19817=DIRECTION('',(1.23797123060244E-16,-1.0,-6.10622663543836E-16));
#19818=DIRECTION('',(-5.54667823983524E-32,6.10622663543836E-16,-1.0));
#19819=CARTESIAN_POINT('',(4.88,1.03379293323653,2.19901530779579));
#19820=DIRECTION('',(-1.0,-1.07020666685099E-15,6.81403296200264E-15));
#19821=DIRECTION('',(-6.81403296200264E-15,6.10622663543836E-16,-1.0));
#19822=DIRECTION('',(1.11022302462516E-16,-0.987770114095571,-0.155917291214356));
#19823=DIRECTION('',(1.23797123060244E-16,-1.0,-7.40156973279262E-16));
#19824=DIRECTION('',(-5.54667823983524E-32,6.10622663543836E-16,-1.0));
#19825=DIRECTION('',(-1.23797123060244E-16,1.0,6.10622663543836E-16));
#19826=DIRECTION('',(-1.11022302462516E-16,0.987770114095571,-0.155917291214354));
#19827=CARTESIAN_POINT('',(4.88,1.06408530805543,0.575025979995966));
#19828=DIRECTION('',(-1.0,-3.13688606629153E-32,-7.84179531399106E-32));
#19829=DIRECTION('',(7.84179531399106E-32,6.10622663543836E-16,-1.0));
#19830=DIRECTION('',(-1.11022302462516E-16,0.828060334622493,0.560638994563243));
#19831=DIRECTION('',(-5.54667823983524E-32,6.10622663543836E-16,-1.0));
#19832=DIRECTION('',(-1.23797123060244E-16,1.0,6.10622663543836E-16));
#19833=CARTESIAN_POINT('',(4.88,0.873674898898251,-1.87525236943688));
#19834=DIRECTION('',(1.0,8.79557919543317E-31,-5.54667823983518E-32));
#19835=DIRECTION('',(8.79557919543317E-31,-1.0,-6.10622663543836E-16));
#19836=DIRECTION('',(-1.11022302462516E-16,0.987770114095571,-0.155917291214354));
#19837=CARTESIAN_POINT('',(4.88,2.35483691660787,5.99));
#19838=DIRECTION('',(1.0,8.79557919543317E-31,-5.54667823983518E-32));
#19839=DIRECTION('',(8.79557919543317E-31,-1.0,-6.10622663543836E-16));
#19840=CARTESIAN_POINT('',(4.6,9.25000045379809,-0.0750000000000095));
#19841=DIRECTION('',(-5.54667823983524E-32,6.10622663543836E-16,-1.0));
#19842=DIRECTION('',(-1.0,3.08148791101957E-32,5.54667823983524E-32));
#19843=DIRECTION('',(1.0,1.23797123060248E-16,-6.98296267768627E-15));
#19844=DIRECTION('',(-1.0,-1.07020666685099E-15,6.81403296200264E-15));
#19845=DIRECTION('',(1.0,3.99597711865262E-30,-6.98296267768627E-15));
#19846=DIRECTION('',(-1.0,-1.23797123060244E-16,-2.01265466237578E-32));
#19847=DIRECTION('',(1.0,4.23314039056579E-30,-6.98296267768627E-15));
#19848=DIRECTION('',(1.0,-3.08148791101957E-32,-5.54667823983524E-32));
#19849=DIRECTION('',(1.0,8.79557919543317E-31,-5.54667823983518E-32));
#19850=DIRECTION('',(-1.0,-3.13688606629153E-32,-7.84179531399106E-32));
#19851=DIRECTION('',(1.0,1.23797123060244E-16,8.38169535483893E-17));
#19852=DIRECTION('',(-1.0,-1.23797123060244E-16,-2.01265466237578E-32));
#19853=DIRECTION('',(1.0,8.79557919543317E-31,-5.54667823983518E-32));
#19854=DIRECTION('',(1.0,8.79557919543317E-31,-5.54667823983518E-32));
#19855=DIRECTION('',(1.0,8.79557919543317E-31,-5.54667823983518E-32));
ENDSEC;
END-ISO-10303-21;
