ISO-10303-21;
HEADER;
FILE_DESCRIPTION (( 'STEP AP214' ),
    '1' );
FILE_NAME ('LM2576.STEP',
    '2020-03-22T22:55:19',
    ( '' ),
    ( '' ),
    'SwSTEP 2.0',
    'SolidWorks 2017',
    '' );
FILE_SCHEMA (( 'AUTOMOTIVE_DESIGN' ));
ENDSEC;

DATA;
#1 =( GEOMETRIC_REPRESENTATION_CONTEXT ( 3 ) GLOBAL_UNCERTAINTY_ASSIGNED_CONTEXT ( ( #173 ) ) GLOBAL_UNIT_ASSIGNED_CONTEXT ( ( #2, #2355, #799 ) ) REPRESENTATION_CONTEXT ( 'NONE', 'WORKASPACE' ) );
#2 =( CONVERSION_BASED_UNIT ( 'INCH', #27 ) LENGTH_UNIT ( ) NAMED_UNIT ( #1728 ) );
#3 = ORIENTED_EDGE ( 'NONE', *, *, #2435, .F. ) ;
#4 = VERTEX_POINT ( 'NONE', #217 ) ;
#5 = CARTESIAN_POINT ( 'NONE',  ( 0.1165000000000000100, 0.3629999999999998800, -0.05424999999999637100 ) ) ;
#6 = DIRECTION ( 'NONE',  ( 7.168278826350445500E-017, 1.000000000000000000, 0.0000000000000000000 ) ) ;
#7 = DIRECTION ( 'NONE',  ( 0.0000000000000000000, 0.0000000000000000000, -1.000000000000000000 ) ) ;
#8 = LINE ( 'NONE', #1744, #1815 ) ;
#9 = CIRCLE ( 'NONE', #2493, 0.02000000000000000000 ) ;
#10 = FILL_AREA_STYLE ('',( #2641 ) ) ;
#11 = LINE ( 'NONE', #1049, #1988 ) ;
#12 = DIRECTION ( 'NONE',  ( 1.000000000000000000, 0.0000000000000000000, -0.0000000000000000000 ) ) ;
#13 = DIRECTION ( 'NONE',  ( 0.0000000000000000000, 0.0000000000000000000, -1.000000000000000000 ) ) ;
#14 = EDGE_CURVE ( 'NONE', #2707, #1113, #797, .T. ) ;
#15 = ORIENTED_EDGE ( 'NONE', *, *, #946, .F. ) ;
#16 = CARTESIAN_POINT ( 'NONE',  ( 0.08449999999999999200, 0.1629215429372074300, 0.003065436170423566700 ) ) ;
#17 = DIRECTION ( 'NONE',  ( -1.000000000000000000, -0.0000000000000000000, -0.0000000000000000000 ) ) ;
#18 = DIRECTION ( 'NONE',  ( 1.000000000000000000, 0.0000000000000000000, -0.0000000000000000000 ) ) ;
#19 = ORIENTED_EDGE ( 'NONE', *, *, #2435, .T. ) ;
#20 = EDGE_LOOP ( 'NONE', ( #3235, #2074, #763, #141 ) ) ;
#21 = CARTESIAN_POINT ( 'NONE',  ( 0.2000000000000000400, 0.7011889763779527400, -0.1667500000000000100 ) ) ;
#22 = ORIENTED_EDGE ( 'NONE', *, *, #886, .F. ) ;
#23 = ORIENTED_EDGE ( 'NONE', *, *, #651, .F. ) ;
#24 = LINE ( 'NONE', #1736, #1389 ) ;
#25 = ORIENTED_EDGE ( 'NONE', *, *, #1543, .F. ) ;
#26 = DIRECTION ( 'NONE',  ( 1.000000000000000000, 0.0000000000000000000, 0.0000000000000000000 ) ) ;
#27 = LENGTH_MEASURE_WITH_UNIT ( LENGTH_MEASURE( 0.02539999999999999900 ), #1044 );
#28 = ORIENTED_EDGE ( 'NONE', *, *, #2318, .T. ) ;
#29 = CARTESIAN_POINT ( 'NONE',  ( -0.04950000000000000900, 0.2215370392552048500, -0.05556543617041998000 ) ) ;
#30 = FACE_OUTER_BOUND ( 'NONE', #2887, .T. ) ;
#31 = UNCERTAINTY_MEASURE_WITH_UNIT (LENGTH_MEASURE( 1.000000000000000100E-005 ), #1750, 'distance_accuracy_value', 'NONE');
#32 = DIRECTION ( 'NONE',  ( 0.0000000000000000000, 0.0000000000000000000, -1.000000000000000000 ) ) ;
#33 = EDGE_CURVE ( 'NONE', #484, #2040, #1269, .T. ) ;
#34 = PLANE ( 'NONE',  #1767 ) ;
#35 = CARTESIAN_POINT ( 'NONE',  ( 0.01750000000000000200, 0.2512473236267506700, -0.02674999999999637400 ) ) ;
#36 = EDGE_CURVE ( 'NONE', #3020, #1914, #2543, .T. ) ;
#37 = CARTESIAN_POINT ( 'NONE',  ( -0.1515000000000000000, 0.1374301007847140200, 0.1517499999999998800 ) ) ;
#38 = LINE ( 'NONE', #423, #3096 ) ;
#39 = VERTEX_POINT ( 'NONE', #1273 ) ;
#40 =( NAMED_UNIT ( * ) PLANE_ANGLE_UNIT ( ) SI_UNIT ( $, .RADIAN. ) );
#41 =( GEOMETRIC_REPRESENTATION_CONTEXT ( 3 ) GLOBAL_UNCERTAINTY_ASSIGNED_CONTEXT ( ( #506 ) ) GLOBAL_UNIT_ASSIGNED_CONTEXT ( ( #1311, #3158, #1811 ) ) REPRESENTATION_CONTEXT ( 'NONE', 'WORKASPACE' ) );
#42 = VECTOR ( 'NONE', #114, 39.37007874015748100 ) ;
#43 = PRESENTATION_STYLE_ASSIGNMENT (( #1918 ) ) ;
#44 = ORIENTED_EDGE ( 'NONE', *, *, #1452, .F. ) ;
#45 = PRESENTATION_LAYER_ASSIGNMENT (  '', '', ( #2909 ) ) ;
#46 = CARTESIAN_POINT ( 'NONE',  ( 0.1399999999999999600, 0.4629999999999999700, -0.1167499999999999900 ) ) ;
#47 = VECTOR ( 'NONE', #938, 39.37007874015748100 ) ;
#48 = FACE_OUTER_BOUND ( 'NONE', #1839, .T. ) ;
#49 = DIRECTION ( 'NONE',  ( 0.0000000000000000000, 0.0000000000000000000, 1.000000000000000000 ) ) ;
#50 = PLANE ( 'NONE',  #1416 ) ;
#51 = DIRECTION ( 'NONE',  ( 0.0000000000000000000, 0.0000000000000000000, 1.000000000000000000 ) ) ;
#52 = LINE ( 'NONE', #3134, #2459 ) ;
#53 = VERTEX_POINT ( 'NONE', #1001 ) ;
#54 = DIRECTION ( 'NONE',  ( -1.000000000000000000, -0.0000000000000000000, -0.0000000000000000000 ) ) ;
#55 = DIRECTION ( 'NONE',  ( -0.0000000000000000000, -0.0000000000000000000, 1.000000000000000000 ) ) ;
#56 = EDGE_CURVE ( 'NONE', #2283, #2071, #866, .T. ) ;
#57 = CARTESIAN_POINT ( 'NONE',  ( 0.1515000000000000000, -5.525702197383582500E-017, 0.1667500000000000100 ) ) ;
#58 = CARTESIAN_POINT ( 'NONE',  ( -0.04950000000000000900, 0.2414033584489619600, -0.02674999999999635700 ) ) ;
#59 = ORIENTED_EDGE ( 'NONE', *, *, #241, .F. ) ;
#60 = CARTESIAN_POINT ( 'NONE',  ( -0.1165000000000000100, 0.1374301007847140200, 0.1517499999999998800 ) ) ;
#61 = VECTOR ( 'NONE', #289, 39.37007874015748100 ) ;
#62 = CARTESIAN_POINT ( 'NONE',  ( -0.08450000000000002000, 0.1629215429372074800, 0.003065436170423566700 ) ) ;
#63 = EDGE_LOOP ( 'NONE', ( #2136, #1967, #2277, #94 ) ) ;
#64 = ORIENTED_EDGE ( 'NONE', *, *, #2579, .F. ) ;
#65 = VECTOR ( 'NONE', #386, 39.37007874015748100 ) ;
#66 = VERTEX_POINT ( 'NONE', #2571 ) ;
#67 = AXIS2_PLACEMENT_3D ( 'NONE', #3175, #3194, #70 ) ;
#68 = DIRECTION ( 'NONE',  ( 0.0000000000000000000, 0.0000000000000000000, 1.000000000000000000 ) ) ;
#69 = CARTESIAN_POINT ( 'NONE',  ( 0.04949999999999999500, 0.1430552237434503400, 0.009249999999999977000 ) ) ;
#70 = DIRECTION ( 'NONE',  ( 0.0000000000000000000, 0.0000000000000000000, 1.000000000000000000 ) ) ;
#71 = ORIENTED_EDGE ( 'NONE', *, *, #1876, .F. ) ;
#72 = DIRECTION ( 'NONE',  ( -0.0000000000000000000, 0.8232981762978168700, -0.5676091198216327600 ) ) ;
#73 =( LENGTH_UNIT ( ) NAMED_UNIT ( * ) SI_UNIT ( $, .METRE. ) );
#74 = EDGE_CURVE ( 'NONE', #1666, #1947, #2797, .T. ) ;
#75 = VECTOR ( 'NONE', #2552, 39.37007874015748900 ) ;
#76 = PRESENTATION_STYLE_ASSIGNMENT (( #807 ) ) ;
#77 = VERTEX_POINT ( 'NONE', #1772 ) ;
#78 = CARTESIAN_POINT ( 'NONE',  ( 0.1999785507422887600, 0.3746950715293825300, -0.1655211728487475900 ) ) ;
#79 = VECTOR ( 'NONE', #2477, 39.37007874015748100 ) ;
#80 = CARTESIAN_POINT ( 'NONE',  ( 0.1340000000000000100, 0.01749999999999994600, 0.1317500000000000100 ) ) ;
#81 = VECTOR ( 'NONE', #212, 39.37007874015748100 ) ;
#82 = LINE ( 'NONE', #328, #1535 ) ;
#83 = ORIENTED_EDGE ( 'NONE', *, *, #1448, .F. ) ;
#84 = CARTESIAN_POINT ( 'NONE',  ( -0.1400000000000000700, 0.4630000000000000200, -0.1667500000000000100 ) ) ;
#85 = CARTESIAN_POINT ( 'NONE',  ( -0.1165000000000000100, 0.1374301007847140200, 0.1667500000000000400 ) ) ;
#86 = DIRECTION ( 'NONE',  ( 0.0000000000000000000, 0.1045284632676528600, -0.9945218953682732900 ) ) ;
#87 = CARTESIAN_POINT ( 'NONE',  ( -0.04950000000000000900, 0.1430552237434503700, 0.009249999999999977000 ) ) ;
#88 = CARTESIAN_POINT ( 'NONE',  ( 0.08449999999999999200, 0.2300511760525292800, -0.04321596352595271500 ) ) ;
#89 = ORIENTED_EDGE ( 'NONE', *, *, #1714, .F. ) ;
#90 = CARTESIAN_POINT ( 'NONE',  ( 0.1515000000000000000, 0.3640540562602678200, -0.04674999999999636400 ) ) ;
#91 = EDGE_CURVE ( 'NONE', #2063, #1553, #1889, .T. ) ;
#92 = CARTESIAN_POINT ( 'NONE',  ( -0.1515000000000000000, 0.1374301007847140200, 0.1317499999999998400 ) ) ;
#93 = ORIENTED_EDGE ( 'NONE', *, *, #2199, .T. ) ;
#94 = ORIENTED_EDGE ( 'NONE', *, *, #1831, .F. ) ;
#95 = ORIENTED_EDGE ( 'NONE', *, *, #3067, .F. ) ;
#96 = DIRECTION ( 'NONE',  ( -1.000000000000000000, -0.0000000000000000000, -0.0000000000000000000 ) ) ;
#97 = VERTEX_POINT ( 'NONE', #2884 ) ;
#98 = EDGE_CURVE ( 'NONE', #66, #2584, #1850, .T. ) ;
#99 = DIRECTION ( 'NONE',  ( 0.01735682921029302300, -0.1045127169842842400, 0.9943720794895277700 ) ) ;
#100 = ADVANCED_FACE ( 'NONE', ( #2591 ), #1018, .F. ) ;
#101 = CIRCLE ( 'NONE', #1059, 0.03499999999999994800 ) ;
#102 = ORIENTED_EDGE ( 'NONE', *, *, #1365, .T. ) ;
#103 = DIRECTION ( 'NONE',  ( 0.0000000000000000000, -1.000000000000000000, 0.0000000000000000000 ) ) ;
#104 = ORIENTED_EDGE ( 'NONE', *, *, #867, .T. ) ;
#105 = ORIENTED_EDGE ( 'NONE', *, *, #206, .T. ) ;
#106 = CARTESIAN_POINT ( 'NONE',  ( 0.04949999999999999500, 0.2414033584489619400, -0.02674999999999635700 ) ) ;
#107 = FACE_OUTER_BOUND ( 'NONE', #2624, .T. ) ;
#108 = ORIENTED_EDGE ( 'NONE', *, *, #2274, .F. ) ;
#109 = DIMENSIONAL_EXPONENTS ( 1.000000000000000000, 0.0000000000000000000, 0.0000000000000000000, 0.0000000000000000000, 0.0000000000000000000, 0.0000000000000000000, 0.0000000000000000000 ) ;
#110 = DIRECTION ( 'NONE',  ( -0.0000000000000000000, -0.0000000000000000000, 1.000000000000000000 ) ) ;
#111 = AXIS2_PLACEMENT_3D ( 'NONE', #2731, #2476, #910 ) ;
#112 = FACE_OUTER_BOUND ( 'NONE', #1993, .T. ) ;
#113 = DIRECTION ( 'NONE',  ( 0.0000000000000000000, -1.000000000000000000, -7.585704903766804200E-017 ) ) ;
#114 = DIRECTION ( 'NONE',  ( -1.000000000000000000, -0.0000000000000000000, -0.0000000000000000000 ) ) ;
#115 = DIRECTION ( 'NONE',  ( -1.000000000000000000, 1.707404996040164000E-016, 0.0000000000000000000 ) ) ;
#116 = LENGTH_MEASURE_WITH_UNIT ( LENGTH_MEASURE( 0.02539999999999999900 ), #1597 );
#117 = VERTEX_POINT ( 'NONE', #503 ) ;
#118 = ADVANCED_FACE ( 'NONE', ( #30 ), #2600, .F. ) ;
#119 = DIRECTION ( 'NONE',  ( -0.0000000000000000000, 1.000000000000000000, 7.585704903766803000E-017 ) ) ;
#120 = PLANE ( 'NONE',  #211 ) ;
#121 = VECTOR ( 'NONE', #433, 39.37007874015748900 ) ;
#122 = ORIENTED_EDGE ( 'NONE', *, *, #2805, .F. ) ;
#123 = EDGE_CURVE ( 'NONE', #1334, #2812, #2718, .T. ) ;
#124 = LINE ( 'NONE', #1955, #1570 ) ;
#125 = LINE ( 'NONE', #1123, #3300 ) ;
#126 = AXIS2_PLACEMENT_3D ( 'NONE', #2799, #1692, #156 ) ;
#127 = VECTOR ( 'NONE', #1293, 39.37007874015748100 ) ;
#128 = VECTOR ( 'NONE', #3118, 39.37007874015748100 ) ;
#129 = ORIENTED_EDGE ( 'NONE', *, *, #74, .T. ) ;
#130 = CARTESIAN_POINT ( 'NONE',  ( 0.01750000000000000200, 0.2512473236267506700, -0.02674999999999637400 ) ) ;
#131 = LINE ( 'NONE', #677, #2565 ) ;
#132 = AXIS2_PLACEMENT_3D ( 'NONE', #3282, #1940, #153 ) ;
#133 =( NAMED_UNIT ( * ) PLANE_ANGLE_UNIT ( ) SI_UNIT ( $, .RADIAN. ) );
#134 = ORIENTED_EDGE ( 'NONE', *, *, #2385, .F. ) ;
#135 = ADVANCED_FACE ( 'NONE', ( #900 ), #782, .F. ) ;
#136 = VERTEX_POINT ( 'NONE', #2082 ) ;
#137 = ORIENTED_EDGE ( 'NONE', *, *, #508, .F. ) ;
#138 = CARTESIAN_POINT ( 'NONE',  ( -0.06700000000000001800, 0.01750000000000001900, 0.009249999999999977000 ) ) ;
#139 =( GEOMETRIC_REPRESENTATION_CONTEXT ( 3 ) GLOBAL_UNCERTAINTY_ASSIGNED_CONTEXT ( ( #2953 ) ) GLOBAL_UNIT_ASSIGNED_CONTEXT ( ( #1317, #40, #542 ) ) REPRESENTATION_CONTEXT ( 'NONE', 'WORKASPACE' ) );
#140 = EDGE_LOOP ( 'NONE', ( #3058, #1013, #23, #2169 ) ) ;
#141 = ORIENTED_EDGE ( 'NONE', *, *, #2959, .T. ) ;
#142 = EDGE_CURVE ( 'NONE', #1873, #1246, #3287, .T. ) ;
#143 = PLANE ( 'NONE',  #1917 ) ;
#144 = VERTEX_POINT ( 'NONE', #634 ) ;
#145 = ORIENTED_EDGE ( 'NONE', *, *, #1876, .T. ) ;
#146 = VECTOR ( 'NONE', #2273, 39.37007874015748100 ) ;
#147 = ORIENTED_EDGE ( 'NONE', *, *, #322, .T. ) ;
#148 = EDGE_CURVE ( 'NONE', #1164, #1888, #622, .T. ) ;
#149 = FACE_OUTER_BOUND ( 'NONE', #1172, .T. ) ;
#150 = EDGE_LOOP ( 'NONE', ( #2633, #1752, #3275, #3263 ) ) ;
#151 = CARTESIAN_POINT ( 'NONE',  ( -0.1418580883129208500, 0.4274865063424114800, 0.01325000000000000000 ) ) ;
#152 = ADVANCED_FACE ( 'NONE', ( #226 ), #2452, .F. ) ;
#153 = DIRECTION ( 'NONE',  ( 0.0000000000000000000, 0.0000000000000000000, 1.000000000000000000 ) ) ;
#154 = CARTESIAN_POINT ( 'NONE',  ( -0.1400000000000000700, 0.4630000000000000200, -0.1167499999999999900 ) ) ;
#155 = CIRCLE ( 'NONE', #3232, 0.03500000000000000300 ) ;
#156 = DIRECTION ( 'NONE',  ( 1.000000000000000000, 0.0000000000000000000, -0.0000000000000000000 ) ) ;
#157 = PLANE ( 'NONE',  #896 ) ;
#158 = CARTESIAN_POINT ( 'NONE',  ( 0.1515000000000000000, 0.3629999999999998800, -0.05424999999999637100 ) ) ;
#159 = LINE ( 'NONE', #759, #387 ) ;
#160 = ORIENTED_EDGE ( 'NONE', *, *, #266, .T. ) ;
#161 = DIRECTION ( 'NONE',  ( 0.0000000000000000000, 0.1045284632676528600, -0.9945218953682732900 ) ) ;
#162 = COLOUR_RGB ( '',0.7921568627450980000, 0.8196078431372548800, 0.9333333333333333500 ) ;
#163 = ADVANCED_FACE ( 'NONE', ( #149 ), #453, .T. ) ;
#164 = CARTESIAN_POINT ( 'NONE',  ( 0.06699999999999999000, 0.01749999999999999500, -0.005750000000000090100 ) ) ;
#165 = EDGE_CURVE ( 'NONE', #2609, #2612, #1558, .T. ) ;
#166 = FACE_OUTER_BOUND ( 'NONE', #696, .T. ) ;
#167 = VECTOR ( 'NONE', #1252, 39.37007874015748100 ) ;
#168 = CARTESIAN_POINT ( 'NONE',  ( -0.2000000000000001200, 0.9729999999999999800, -0.1667500000000000100 ) ) ;
#169 = VECTOR ( 'NONE', #2479, 39.37007874015748100 ) ;
#170 = CARTESIAN_POINT ( 'NONE',  ( -0.1400000000000000400, 0.7011889763779527400, -0.1167499999999999900 ) ) ;
#171 = CARTESIAN_POINT ( 'NONE',  ( 0.01750000000000000200, 0.3637882817644925200, -0.06174999999999637700 ) ) ;
#172 = ORIENTED_EDGE ( 'NONE', *, *, #2245, .T. ) ;
#173 = UNCERTAINTY_MEASURE_WITH_UNIT (LENGTH_MEASURE( 1.000000000000000100E-005 ), #2, 'distance_accuracy_value', 'NONE');
#174 = FACE_OUTER_BOUND ( 'NONE', #2527, .T. ) ;
#175 = CARTESIAN_POINT ( 'NONE',  ( 0.01750000000000000200, 0.1374301007847139900, 0.1317499999999998400 ) ) ;
#176 = ORIENTED_EDGE ( 'NONE', *, *, #2776, .T. ) ;
#177 = ORIENTED_EDGE ( 'NONE', *, *, #1852, .F. ) ;
#178 = ORIENTED_EDGE ( 'NONE', *, *, #1234, .T. ) ;
#179 = ADVANCED_FACE ( 'NONE', ( #107 ), #2266, .F. ) ;
#180 = EDGE_CURVE ( 'NONE', #2587, #3126, #3330, .T. ) ;
#181 = ORIENTED_EDGE ( 'NONE', *, *, #1384, .F. ) ;
#182 = DIRECTION ( 'NONE',  ( -1.000000000000000000, -0.0000000000000000000, -0.0000000000000000000 ) ) ;
#183 = DIRECTION ( 'NONE',  ( -0.0000000000000000000, 8.696664634630411300E-016, 1.000000000000000000 ) ) ;
#184 = ORIENTED_EDGE ( 'NONE', *, *, #2339, .F. ) ;
#185 = ADVANCED_FACE ( 'NONE', ( #2637 ), #1982, .F. ) ;
#186 = DIRECTION ( 'NONE',  ( -0.0000000000000000000, -0.0000000000000000000, -1.000000000000000000 ) ) ;
#187 = EDGE_CURVE ( 'NONE', #331, #1970, #3169, .T. ) ;
#188 = DIRECTION ( 'NONE',  ( -0.0000000000000000000, 0.3306871607406204900, -0.9437404313270184600 ) ) ;
#189 = VECTOR ( 'NONE', #664, 39.37007874015748100 ) ;
#190 = VECTOR ( 'NONE', #2860, 39.37007874015748100 ) ;
#191 = VERTEX_POINT ( 'NONE', #2864 ) ;
#192 = CARTESIAN_POINT ( 'NONE',  ( -0.1693580883129208200, 0.4274865063424114800, 0.01325000000000000000 ) ) ;
#193 = CARTESIAN_POINT ( 'NONE',  ( -0.01750000000000000200, 0.1374301007847139900, 0.1317499999999998400 ) ) ;
#194 = CARTESIAN_POINT ( 'NONE',  ( -0.1165000000000000100, 0.3629999999999999300, -0.05424999999999637100 ) ) ;
#195 = LINE ( 'NONE', #835, #2969 ) ;
#196 = ADVANCED_FACE ( 'NONE', ( #2303 ), #1455, .F. ) ;
#197 = LINE ( 'NONE', #3127, #2182 ) ;
#198 = CARTESIAN_POINT ( 'NONE',  ( -0.04950000000000000900, 0.3629999999999999300, -0.05424999999999637100 ) ) ;
#199 = CYLINDRICAL_SURFACE ( 'NONE', #611, 0.03499999999999994800 ) ;
#200 = CIRCLE ( 'NONE', #2330, 0.07549999999999998400 ) ;
#201 = DIRECTION ( 'NONE',  ( -1.000000000000000000, 0.0000000000000000000, 0.0000000000000000000 ) ) ;
#202 = ORIENTED_EDGE ( 'NONE', *, *, #1206, .T. ) ;
#203 = EDGE_CURVE ( 'NONE', #3180, #2896, #1223, .T. ) ;
#204 = VECTOR ( 'NONE', #760, 39.37007874015748100 ) ;
#205 = FACE_OUTER_BOUND ( 'NONE', #665, .T. ) ;
#206 = EDGE_CURVE ( 'NONE', #410, #2272, #1921, .T. ) ;
#207 = VECTOR ( 'NONE', #1183, 39.37007874015748100 ) ;
#208 = DIRECTION ( 'NONE',  ( -1.000000000000000000, -0.0000000000000000000, -0.0000000000000000000 ) ) ;
#209 = PLANE ( 'NONE',  #2638 ) ;
#210 = EDGE_LOOP ( 'NONE', ( #676, #2841, #2533, #59 ) ) ;
#211 = AXIS2_PLACEMENT_3D ( 'NONE', #2997, #1920, #1170 ) ;
#212 = DIRECTION ( 'NONE',  ( -0.0000000000000000000, -0.0000000000000000000, 1.000000000000000000 ) ) ;
#213 = ORIENTED_EDGE ( 'NONE', *, *, #3136, .T. ) ;
#214 = CARTESIAN_POINT ( 'NONE',  ( 0.2000000000000001200, 0.9729999999999999800, -0.1667500000000000100 ) ) ;
#215 = MECHANICAL_DESIGN_GEOMETRIC_PRESENTATION_REPRESENTATION (  '', ( #2909 ), #376 ) ;
#216 = ADVANCED_FACE ( 'NONE', ( #298 ), #209, .T. ) ;
#217 = CARTESIAN_POINT ( 'NONE',  ( -0.1515000000000000000, 0.1563049094112543800, 0.1383637432148122600 ) ) ;
#218 = ORIENTED_EDGE ( 'NONE', *, *, #869, .F. ) ;
#219 = ORIENTED_EDGE ( 'NONE', *, *, #3060, .T. ) ;
#220 = AXIS2_PLACEMENT_3D ( 'NONE', #2212, #902, #1437 ) ;
#221 = CARTESIAN_POINT ( 'NONE',  ( 0.2000000000000000400, 0.7011889763779527400, 0.5314012169239522600 ) ) ;
#222 = ORIENTED_EDGE ( 'NONE', *, *, #2312, .F. ) ;
#223 = CARTESIAN_POINT ( 'NONE',  ( 0.2000000000000000400, 0.7011889763779527400, 0.5314012169239522600 ) ) ;
#224 = EDGE_LOOP ( 'NONE', ( #2951, #888, #3068, #1484 ) ) ;
#225 = CARTESIAN_POINT ( 'NONE',  ( -0.2000000000000001200, 0.7011889763779527400, -0.1667500000000000100 ) ) ;
#226 = FACE_OUTER_BOUND ( 'NONE', #1070, .T. ) ;
#227 = EDGE_CURVE ( 'NONE', #77, #66, #3084, .T. ) ;
#228 = DIRECTION ( 'NONE',  ( -1.000000000000000000, -0.0000000000000000000, -0.0000000000000000000 ) ) ;
#229 = SURFACE_STYLE_FILL_AREA ( #301 ) ;
#230 = ORIENTED_EDGE ( 'NONE', *, *, #1073, .T. ) ;
#231 = PLANE ( 'NONE',  #1837 ) ;
#232 = DIRECTION ( 'NONE',  ( 0.0000000000000000000, 0.0000000000000000000, -1.000000000000000000 ) ) ;
#233 = AXIS2_PLACEMENT_3D ( 'NONE', #477, #3111, #2065 ) ;
#234 = LINE ( 'NONE', #1830, #3174 ) ;
#235 =( NAMED_UNIT ( * ) PLANE_ANGLE_UNIT ( ) SI_UNIT ( $, .RADIAN. ) );
#236 = AXIS2_PLACEMENT_3D ( 'NONE', #2307, #243, #746 ) ;
#237 = VECTOR ( 'NONE', #626, 39.37007874015748100 ) ;
#238 = ORIENTED_EDGE ( 'NONE', *, *, #2837, .F. ) ;
#239 = DIRECTION ( 'NONE',  ( 1.000000000000000000, 0.0000000000000000000, 0.0000000000000000000 ) ) ;
#240 = CARTESIAN_POINT ( 'NONE',  ( 0.01750000000000000200, 0.3629999999999999300, -0.05424999999999637100 ) ) ;
#241 = EDGE_CURVE ( 'NONE', #654, #3156, #1762, .T. ) ;
#242 = DIRECTION ( 'NONE',  ( 0.0000000000000000000, 0.0000000000000000000, -1.000000000000000000 ) ) ;
#243 = DIRECTION ( 'NONE',  ( 0.0000000000000000000, -7.757935840332562600E-016, 1.000000000000000000 ) ) ;
#244 = VECTOR ( 'NONE', #1878, 39.37007874015748100 ) ;
#245 = ORIENTED_EDGE ( 'NONE', *, *, #599, .T. ) ;
#246 = DIRECTION ( 'NONE',  ( 0.0000000000000000000, 1.000000000000000000, 0.0000000000000000000 ) ) ;
#247 = CARTESIAN_POINT ( 'NONE',  ( -0.08450000000000002000, 0.1430552237434503700, -0.02574999999999999200 ) ) ;
#248 = EDGE_CURVE ( 'NONE', #1463, #2000, #2450, .T. ) ;
#249 = CARTESIAN_POINT ( 'NONE',  ( -0.2000000000000001200, 0.7011889763779527400, 0.5314012169239522600 ) ) ;
#250 = EDGE_LOOP ( 'NONE', ( #404, #569, #3322, #3131 ) ) ;
#251 = DIRECTION ( 'NONE',  ( 0.0000000000000000000, 1.000000000000000000, 0.0000000000000000000 ) ) ;
#252 = CARTESIAN_POINT ( 'NONE',  ( -0.1693580883129208200, 0.4274865063424114800, 0.003249999999999999000 ) ) ;
#253 = ORIENTED_EDGE ( 'NONE', *, *, #2506, .F. ) ;
#254 = CARTESIAN_POINT ( 'NONE',  ( -0.1165000000000000100, 0.1704610158811598300, 0.1433240506259216000 ) ) ;
#255 = DIRECTION ( 'NONE',  ( 7.168278826350443000E-017, 1.000000000000000000, 0.0000000000000000000 ) ) ;
#256 = DIRECTION ( 'NONE',  ( 0.0000000000000000000, 0.0000000000000000000, -1.000000000000000000 ) ) ;
#257 = ORIENTED_EDGE ( 'NONE', *, *, #867, .F. ) ;
#258 = DIRECTION ( 'NONE',  ( 0.0000000000000000000, 0.0000000000000000000, 1.000000000000000000 ) ) ;
#259 = AXIS2_PLACEMENT_3D ( 'NONE', #1617, #852, #2145 ) ;
#260 = VECTOR ( 'NONE', #2117, 39.37007874015747400 ) ;
#261 = CARTESIAN_POINT ( 'NONE',  ( 0.0000000000000000000, 0.8529999999999999800, -0.1667500000000000100 ) ) ;
#262 = EDGE_LOOP ( 'NONE', ( #747, #3298, #441, #947 ) ) ;
#263 = EDGE_CURVE ( 'NONE', #1914, #3020, #488, .T. ) ;
#264 = DIRECTION ( 'NONE',  ( 0.0000000000000000000, 0.0000000000000000000, -1.000000000000000000 ) ) ;
#265 = DIRECTION ( 'NONE',  ( -0.0000000000000000000, 0.3306871607406204900, -0.9437404313270184600 ) ) ;
#266 = EDGE_CURVE ( 'NONE', #3117, #2707, #1014, .T. ) ;
#267 = DIRECTION ( 'NONE',  ( 0.0000000000000000000, 0.0000000000000000000, -1.000000000000000000 ) ) ;
#268 = DIRECTION ( 'NONE',  ( 1.000000000000000000, 0.0000000000000000000, -0.0000000000000000000 ) ) ;
#269 =( GEOMETRIC_REPRESENTATION_CONTEXT ( 3 ) GLOBAL_UNCERTAINTY_ASSIGNED_CONTEXT ( ( #1209 ) ) GLOBAL_UNIT_ASSIGNED_CONTEXT ( ( #3115, #235, #1502 ) ) REPRESENTATION_CONTEXT ( 'NONE', 'WORKASPACE' ) );
#270 = ORIENTED_EDGE ( 'NONE', *, *, #187, .F. ) ;
#271 = DIRECTION ( 'NONE',  ( 0.0000000000000000000, 0.0000000000000000000, -1.000000000000000000 ) ) ;
#272 = LINE ( 'NONE', #2949, #840 ) ;
#273 = CARTESIAN_POINT ( 'NONE',  ( -0.04950000000000000900, 1.745121688784979100E-017, 0.009249999999999977000 ) ) ;
#274 = FACE_OUTER_BOUND ( 'NONE', #739, .T. ) ;
#275 = LINE ( 'NONE', #2379, #2153 ) ;
#276 = DIRECTION ( 'NONE',  ( -0.0000000000000000000, 1.000000000000000000, 7.585704903766803000E-017 ) ) ;
#277 = AXIS2_PLACEMENT_3D ( 'NONE', #58, #1867, #1348 ) ;
#278 = LINE ( 'NONE', #2194, #642 ) ;
#279 = LINE ( 'NONE', #1028, #3219 ) ;
#280 = CARTESIAN_POINT ( 'NONE',  ( -0.1418580883129208500, 0.4274865063424114800, 0.003249999999999999000 ) ) ;
#281 = LINE ( 'NONE', #903, #2034 ) ;
#282 = VERTEX_POINT ( 'NONE', #2809 ) ;
#283 = CARTESIAN_POINT ( 'NONE',  ( 0.1399999999999999600, 0.4629999999999999700, -0.1167499999999999900 ) ) ;
#284 = PLANE ( 'NONE',  #909 ) ;
#285 = LINE ( 'NONE', #2910, #1202 ) ;
#286 = CARTESIAN_POINT ( 'NONE',  ( -0.2000000000000000400, 0.3629999999999999900, -0.1667500000000347000 ) ) ;
#287 = EDGE_CURVE ( 'NONE', #2707, #3265, #2298, .T. ) ;
#288 = ORIENTED_EDGE ( 'NONE', *, *, #1393, .T. ) ;
#289 = DIRECTION ( 'NONE',  ( 1.000000000000000000, -1.707404996040164000E-016, 0.0000000000000000000 ) ) ;
#290 = DIRECTION ( 'NONE',  ( -0.0000000000000000000, 0.3306871607406204900, -0.9437404313270184600 ) ) ;
#291 = ORIENTED_EDGE ( 'NONE', *, *, #772, .T. ) ;
#292 = EDGE_LOOP ( 'NONE', ( #2154, #661, #926, #3344 ) ) ;
#293 = DIRECTION ( 'NONE',  ( -1.000000000000000000, 0.0000000000000000000, 0.0000000000000000000 ) ) ;
#294 = CARTESIAN_POINT ( 'NONE',  ( 0.08449999999999999200, 0.3629999999999999300, -0.05424999999999637100 ) ) ;
#295 = CARTESIAN_POINT ( 'NONE',  ( 0.0000000000000000000, 0.01749999999999997000, 0.1667500000000000100 ) ) ;
#296 = CARTESIAN_POINT ( 'NONE',  ( 0.1399999999999999900, 0.7011889763779527400, -0.1167499999999999900 ) ) ;
#297 = DIRECTION ( 'NONE',  ( -0.0000000000000000000, 1.000000000000000000, -8.696664634630410300E-016 ) ) ;
#298 = FACE_OUTER_BOUND ( 'NONE', #1533, .T. ) ;
#299 = VERTEX_POINT ( 'NONE', #2086 ) ;
#300 = PRODUCT_DEFINITION ( 'UNKNOWN', '', #1404, #2759 ) ;
#301 = FILL_AREA_STYLE ('',( #2648 ) ) ;
#302 = EDGE_CURVE ( 'NONE', #621, #3265, #532, .T. ) ;
#303 = CARTESIAN_POINT ( 'NONE',  ( 0.1165000000000000100, 0.2512473236267506700, -0.06174999999999638400 ) ) ;
#304 = LINE ( 'NONE', #283, #940 ) ;
#305 = EDGE_CURVE ( 'NONE', #781, #2247, #3201, .T. ) ;
#306 = MANIFOLD_SOLID_BREP ( 'Housing', #388 ) ;
#307 = DIRECTION ( 'NONE',  ( -2.512635393940913900E-016, -1.000000000000000000, -0.0000000000000000000 ) ) ;
#308 = DIRECTION ( 'NONE',  ( 0.0000000000000000000, 0.0000000000000000000, 1.000000000000000000 ) ) ;
#309 = LINE ( 'NONE', #3293, #2972 ) ;
#310 = ORIENTED_EDGE ( 'NONE', *, *, #2061, .T. ) ;
#311 = VECTOR ( 'NONE', #1541, 39.37007874015748100 ) ;
#312 = DIRECTION ( 'NONE',  ( -1.000000000000000000, -0.0000000000000000000, -0.0000000000000000000 ) ) ;
#313 = FACE_OUTER_BOUND ( 'NONE', #2150, .T. ) ;
#314 = VERTEX_POINT ( 'NONE', #1580 ) ;
#315 = DIRECTION ( 'NONE',  ( 0.0000000000000000000, 0.0000000000000000000, 1.000000000000000000 ) ) ;
#316 = LINE ( 'NONE', #1130, #2321 ) ;
#317 = ORIENTED_EDGE ( 'NONE', *, *, #2525, .T. ) ;
#318 = FILL_AREA_STYLE_COLOUR ( '', #2268 ) ;
#319 = AXIS2_PLACEMENT_3D ( 'NONE', #3078, #1204, #932 ) ;
#320 = DIRECTION ( 'NONE',  ( -1.000000000000000000, -0.0000000000000000000, -0.0000000000000000000 ) ) ;
#321 = VECTOR ( 'NONE', #2376, 39.37007874015748100 ) ;
#322 = EDGE_CURVE ( 'NONE', #1620, #2096, #3032, .T. ) ;
#323 = ORIENTED_EDGE ( 'NONE', *, *, #142, .F. ) ;
#324 = EDGE_CURVE ( 'NONE', #1420, #1566, #2416, .T. ) ;
#325 = ORIENTED_EDGE ( 'NONE', *, *, #2253, .T. ) ;
#326 = ORIENTED_EDGE ( 'NONE', *, *, #1626, .F. ) ;
#327 = DIRECTION ( 'NONE',  ( -0.0000000000000000000, 0.9437404313270185700, 0.3306871607406206000 ) ) ;
#328 = CARTESIAN_POINT ( 'NONE',  ( 0.01750000000000000200, 0.3640540562602678800, -0.04674999999999636400 ) ) ;
#329 = AXIS2_PLACEMENT_3D ( 'NONE', #460, #741, #471 ) ;
#330 = ORIENTED_EDGE ( 'NONE', *, *, #2122, .F. ) ;
#331 = VERTEX_POINT ( 'NONE', #21 ) ;
#332 = CARTESIAN_POINT ( 'NONE',  ( -0.01750000000000000200, 0.1704610158811598100, 0.1433240506259216000 ) ) ;
#333 = VERTEX_POINT ( 'NONE', #2907 ) ;
#334 = DIRECTION ( 'NONE',  ( -0.0000000000000000000, -0.0000000000000000000, 1.000000000000000000 ) ) ;
#335 = DIRECTION ( 'NONE',  ( 0.0000000000000000000, 0.0000000000000000000, 1.000000000000000000 ) ) ;
#336 = DIRECTION ( 'NONE',  ( 0.0000000000000000000, 0.0000000000000000000, 1.000000000000000000 ) ) ;
#337 = ORIENTED_EDGE ( 'NONE', *, *, #1661, .T. ) ;
#338 = ADVANCED_FACE ( 'NONE', ( #975 ), #284, .F. ) ;
#339 = EDGE_CURVE ( 'NONE', #1246, #1798, #1052, .T. ) ;
#340 = FACE_OUTER_BOUND ( 'NONE', #1845, .T. ) ;
#341 = DIRECTION ( 'NONE',  ( -7.168278826350443000E-017, -1.000000000000000000, 0.0000000000000000000 ) ) ;
#342 = ORIENTED_EDGE ( 'NONE', *, *, #886, .T. ) ;
#343 = CARTESIAN_POINT ( 'NONE',  ( -0.1165000000000000100, 0.1374301007847140200, 0.1517499999999998600 ) ) ;
#344 = AXIS2_PLACEMENT_3D ( 'NONE', #1235, #3085, #1508 ) ;
#345 = FACE_OUTER_BOUND ( 'NONE', #2504, .T. ) ;
#346 = CARTESIAN_POINT ( 'NONE',  ( -0.04950000000000000900, 0.2414033584489619600, -0.04674999999999634300 ) ) ;
#347 = CARTESIAN_POINT ( 'NONE',  ( 0.2000000000000000400, 0.7011889763779527400, -0.1667500000000347000 ) ) ;
#348 = ORIENTED_EDGE ( 'NONE', *, *, #508, .T. ) ;
#349 = ORIENTED_EDGE ( 'NONE', *, *, #2555, .F. ) ;
#350 = FACE_OUTER_BOUND ( 'NONE', #3371, .T. ) ;
#351 = LINE ( 'NONE', #2705, #1900 ) ;
#352 = CARTESIAN_POINT ( 'NONE',  ( -0.2000000000000001200, 0.9729999999999999800, 0.5314012169239522600 ) ) ;
#353 = ADVANCED_FACE ( 'NONE', ( #3125 ), #2886, .F. ) ;
#354 = LINE ( 'NONE', #3274, #1247 ) ;
#355 = PLANE ( 'NONE',  #1532 ) ;
#356 = CARTESIAN_POINT ( 'NONE',  ( 0.04949999999999999500, -5.793169099044418500E-018, 0.009249999999999977000 ) ) ;
#357 = AXIS2_PLACEMENT_3D ( 'NONE', #373, #1387, #3015 ) ;
#358 = ORIENTED_EDGE ( 'NONE', *, *, #1891, .T. ) ;
#359 = EDGE_CURVE ( 'NONE', #1886, #4, #1137, .T. ) ;
#360 = EDGE_LOOP ( 'NONE', ( #3253, #2050, #2252, #2950 ) ) ;
#361 = ORIENTED_EDGE ( 'NONE', *, *, #2333, .F. ) ;
#362 = CARTESIAN_POINT ( 'NONE',  ( -0.1418580883129208500, 0.4274865063424114800, 0.003249999999999999000 ) ) ;
#363 = ORIENTED_EDGE ( 'NONE', *, *, #3214, .F. ) ;
#364 = ORIENTED_EDGE ( 'NONE', *, *, #1370, .F. ) ;
#365 = EDGE_CURVE ( 'NONE', #2159, #2368, #2962, .T. ) ;
#366 = ADVANCED_FACE ( 'NONE', ( #2924 ), #2931, .F. ) ;
#367 = ORIENTED_EDGE ( 'NONE', *, *, #794, .T. ) ;
#368 = PLANE ( 'NONE',  #1382 ) ;
#369 = DIRECTION ( 'NONE',  ( 1.000000000000000000, 0.0000000000000000000, 0.0000000000000000000 ) ) ;
#370 = DIRECTION ( 'NONE',  ( 0.0000000000000000000, 0.0000000000000000000, -1.000000000000000000 ) ) ;
#371 = AXIS2_PLACEMENT_3D ( 'NONE', #2198, #1925, #369 ) ;
#372 = ADVANCED_FACE ( 'NONE', ( #707 ), #2204, .T. ) ;
#373 = CARTESIAN_POINT ( 'NONE',  ( -0.04950000000000000900, 0.2414033584489619600, -0.02674999999999635700 ) ) ;
#374 = ORIENTED_EDGE ( 'NONE', *, *, #2080, .T. ) ;
#375 = DIRECTION ( 'NONE',  ( 0.0000000000000000000, -1.000000000000000000, -0.0000000000000000000 ) ) ;
#376 =( GEOMETRIC_REPRESENTATION_CONTEXT ( 3 ) GLOBAL_UNCERTAINTY_ASSIGNED_CONTEXT ( ( #2594 ) ) GLOBAL_UNIT_ASSIGNED_CONTEXT ( ( #1145, #1673, #648 ) ) REPRESENTATION_CONTEXT ( 'NONE', 'WORKASPACE' ) );
#377 = AXIS2_PLACEMENT_3D ( 'NONE', #1540, #1026, #2349 ) ;
#378 = CARTESIAN_POINT ( 'NONE',  ( -0.1165000000000000100, 0.1704610158811598300, 0.1433240506259216000 ) ) ;
#379 = STYLED_ITEM ( 'NONE', ( #2271 ), #3101 ) ;
#380 = VECTOR ( 'NONE', #1119, 39.37007874015748100 ) ;
#381 = CARTESIAN_POINT ( 'NONE',  ( 0.04949999999999999500, 0.01749999999999999500, -0.005750000000000051100 ) ) ;
#382 = DIRECTION ( 'NONE',  ( -0.0000000000000000000, -0.0000000000000000000, -1.000000000000000000 ) ) ;
#383 = CARTESIAN_POINT ( 'NONE',  ( -0.1515000000000000000, 0.1704610158811598300, 0.1433240506259216000 ) ) ;
#384 = ORIENTED_EDGE ( 'NONE', *, *, #2837, .T. ) ;
#385 = DIRECTION ( 'NONE',  ( -1.000000000000000000, 0.0000000000000000000, -0.0000000000000000000 ) ) ;
#386 = DIRECTION ( 'NONE',  ( -1.000000000000000000, 2.439149994343092200E-016, 0.0000000000000000000 ) ) ;
#387 = VECTOR ( 'NONE', #2854, 39.37007874015748900 ) ;
#388 = CLOSED_SHELL ( 'NONE', ( #1958, #3014, #1132, #196, #1188, #2486, #706, #2186, #697, #1716, #2233, #2209, #1629, #455, #1443, #3048 ) ) ;
#389 = EDGE_CURVE ( 'NONE', #1113, #2411, #2097, .T. ) ;
#390 = VERTEX_POINT ( 'NONE', #1631 ) ;
#391 = CYLINDRICAL_SURFACE ( 'NONE', #434, 0.03499999999999999600 ) ;
#392 = ADVANCED_FACE ( 'NONE', ( #2713 ), #143, .T. ) ;
#393 = CIRCLE ( 'NONE', #111, 0.01999999999999999000 ) ;
#394 = ORIENTED_EDGE ( 'NONE', *, *, #2657, .T. ) ;
#395 = ORIENTED_EDGE ( 'NONE', *, *, #2858, .T. ) ;
#396 = CIRCLE ( 'NONE', #2690, 0.02749999999999999700 ) ;
#397 = ORIENTED_EDGE ( 'NONE', *, *, #148, .T. ) ;
#398 = PLANE ( 'NONE',  #2370 ) ;
#399 = DIRECTION ( 'NONE',  ( -0.0000000000000000000, -1.000000000000000000, -0.0000000000000000000 ) ) ;
#400 = LINE ( 'NONE', #1083, #2434 ) ;
#401 = AXIS2_PLACEMENT_3D ( 'NONE', #2551, #1972, #3320 ) ;
#402 = AXIS2_PLACEMENT_3D ( 'NONE', #1694, #3309, #161 ) ;
#403 = CARTESIAN_POINT ( 'NONE',  ( -0.01750000000000000200, 0.2512473236267506700, -0.04674999999999638500 ) ) ;
#404 = ORIENTED_EDGE ( 'NONE', *, *, #2008, .T. ) ;
#405 = ORIENTED_EDGE ( 'NONE', *, *, #1178, .T. ) ;
#406 = ORIENTED_EDGE ( 'NONE', *, *, #98, .F. ) ;
#407 = MANIFOLD_SOLID_BREP ( 'Tab', #602 ) ;
#408 = ADVANCED_FACE ( 'NONE', ( #750 ), #3260, .F. ) ;
#409 = EDGE_CURVE ( 'NONE', #1300, #1056, #3367, .T. ) ;
#410 = VERTEX_POINT ( 'NONE', #1931 ) ;
#411 = EDGE_LOOP ( 'NONE', ( #2802, #3083, #1271, #2922 ) ) ;
#412 = EDGE_CURVE ( 'NONE', #2817, #2096, #2052, .T. ) ;
#413 = CLOSED_SHELL ( 'NONE', ( #2548, #882, #185, #2763 ) ) ;
#414 = ORIENTED_EDGE ( 'NONE', *, *, #1802, .T. ) ;
#415 = VERTEX_POINT ( 'NONE', #894 ) ;
#416 = DIRECTION ( 'NONE',  ( 0.0000000000000000000, 1.000000000000000000, 2.484761324180116700E-016 ) ) ;
#417 = CARTESIAN_POINT ( 'NONE',  ( -0.04950000000000000900, 0.3629999999999999300, -0.05424999999999637100 ) ) ;
#418 = PLANE ( 'NONE',  #1630 ) ;
#419 = AXIS2_PLACEMENT_3D ( 'NONE', #1321, #841, #1591 ) ;
#420 = SHAPE_DEFINITION_REPRESENTATION ( #3247, #1874 ) ;
#421 = ORIENTED_EDGE ( 'NONE', *, *, #2161, .T. ) ;
#422 = ADVANCED_FACE ( 'NONE', ( #827 ), #3248, .F. ) ;
#423 = CARTESIAN_POINT ( 'NONE',  ( 0.1515000000000000000, 0.2182164085303049900, -0.03832405062591805900 ) ) ;
#424 = VECTOR ( 'NONE', #1709, 39.37007874015748100 ) ;
#425 = EDGE_CURVE ( 'NONE', #2439, #2447, #659, .T. ) ;
#426 =( NAMED_UNIT ( * ) SI_UNIT ( $, .STERADIAN. ) SOLID_ANGLE_UNIT ( ) );
#427 = LINE ( 'NONE', #1595, #1237 ) ;
#428 = DIRECTION ( 'NONE',  ( 0.0000000000000000000, 0.0000000000000000000, 1.000000000000000000 ) ) ;
#429 = CARTESIAN_POINT ( 'NONE',  ( -0.1515000000000000000, 0.3637882817644925200, -0.06174999999999637700 ) ) ;
#430 = DIRECTION ( 'NONE',  ( 0.01745240643728009800, 0.0000000000000000000, 0.9998476951563912700 ) ) ;
#431 = VERTEX_POINT ( 'NONE', #1911 ) ;
#432 = VECTOR ( 'NONE', #1857, 39.37007874015748100 ) ;
#433 = DIRECTION ( 'NONE',  ( -0.0000000000000000000, -0.1045284632676528600, 0.9945218953682732900 ) ) ;
#434 = AXIS2_PLACEMENT_3D ( 'NONE', #1602, #54, #68 ) ;
#435 = VECTOR ( 'NONE', #1616, 39.37007874015748100 ) ;
#436 = ADVANCED_FACE ( 'NONE', ( #1428 ), #120, .T. ) ;
#437 = CIRCLE ( 'NONE', #1184, 0.01999999999999999000 ) ;
#438 = DIRECTION ( 'NONE',  ( -0.0000000000000000000, -0.8232981762978172100, 0.5676091198216323100 ) ) ;
#439 = ORIENTED_EDGE ( 'NONE', *, *, #668, .T. ) ;
#440 = VECTOR ( 'NONE', #801, 39.37007874015748100 ) ;
#441 = ORIENTED_EDGE ( 'NONE', *, *, #2122, .T. ) ;
#442 = ORIENTED_EDGE ( 'NONE', *, *, #1228, .F. ) ;
#443 = DIRECTION ( 'NONE',  ( 0.0000000000000000000, -7.757935840332562600E-016, 1.000000000000000000 ) ) ;
#444 = ORIENTED_EDGE ( 'NONE', *, *, #3012, .T. ) ;
#445 = DIRECTION ( 'NONE',  ( 0.0000000000000000000, 0.0000000000000000000, -1.000000000000000000 ) ) ;
#446 = DIRECTION ( 'NONE',  ( 1.000000000000000000, 0.0000000000000000000, 0.0000000000000000000 ) ) ;
#447 = ORIENTED_EDGE ( 'NONE', *, *, #2457, .T. ) ;
#448 = CARTESIAN_POINT ( 'NONE',  ( -0.2000000000000001200, 0.7011889763779527400, -0.1667500000000000100 ) ) ;
#449 = VERTEX_POINT ( 'NONE', #154 ) ;
#450 = EDGE_LOOP ( 'NONE', ( #1459, #218, #2100, #2608 ) ) ;
#451 = EDGE_CURVE ( 'NONE', #704, #3176, #2844, .T. ) ;
#452 = PLANE ( 'NONE',  #826 ) ;
#453 = CYLINDRICAL_SURFACE ( 'NONE', #1260, 0.01750000000000001900 ) ;
#454 = DIRECTION ( 'NONE',  ( -0.0000000000000000000, 0.3306871607406204900, -0.9437404313270184600 ) ) ;
#455 = ADVANCED_FACE ( 'NONE', ( #1263 ), #3225, .T. ) ;
#456 = CARTESIAN_POINT ( 'NONE',  ( -0.01750000000000000200, 0.1704610158811598100, 0.1433240506259216000 ) ) ;
#457 = CARTESIAN_POINT ( 'NONE',  ( 0.1165000000000000100, 0.3629999999999998800, -0.05424999999999637100 ) ) ;
#458 = DIRECTION ( 'NONE',  ( -1.000000000000000000, -0.0000000000000000000, -0.0000000000000000000 ) ) ;
#459 = DIRECTION ( 'NONE',  ( 0.0000000000000000000, 0.0000000000000000000, 1.000000000000000000 ) ) ;
#460 = CARTESIAN_POINT ( 'NONE',  ( -0.1418580883129208500, 0.4274865063424114800, 0.003249999999999999000 ) ) ;
#461 = CARTESIAN_POINT ( 'NONE',  ( -0.04950000000000000900, 0.2300511760525293100, -0.04321596352595271500 ) ) ;
#462 = DIRECTION ( 'NONE',  ( 0.0000000000000000000, -1.000000000000000000, 0.0000000000000000000 ) ) ;
#463 = LINE ( 'NONE', #2267, #2855 ) ;
#464 = LINE ( 'NONE', #170, #2862 ) ;
#465 = ORIENTED_EDGE ( 'NONE', *, *, #1581, .T. ) ;
#466 = EDGE_CURVE ( 'NONE', #2208, #1713, #1954, .T. ) ;
#467 = DIRECTION ( 'NONE',  ( 0.0000000000000000000, 0.0000000000000000000, 1.000000000000000000 ) ) ;
#468 = CARTESIAN_POINT ( 'NONE',  ( -0.1400000000000000700, 0.4630000000000000200, -0.1167499999999999900 ) ) ;
#469 = LINE ( 'NONE', #1253, #2470 ) ;
#470 = CARTESIAN_POINT ( 'NONE',  ( 0.1399999999999999900, 0.7011889763779527400, 0.5314012169239522600 ) ) ;
#471 = DIRECTION ( 'NONE',  ( 1.000000000000000000, 0.0000000000000000000, 0.0000000000000000000 ) ) ;
#472 = EDGE_CURVE ( 'NONE', #39, #431, #752, .T. ) ;
#473 = FACE_OUTER_BOUND ( 'NONE', #2582, .T. ) ;
#474 = CARTESIAN_POINT ( 'NONE',  ( -0.1400000000000000400, 0.7011889763779527400, -0.1667500000000000100 ) ) ;
#475 = ORIENTED_EDGE ( 'NONE', *, *, #2923, .F. ) ;
#476 = AXIS2_PLACEMENT_3D ( 'NONE', #2123, #1329, #551 ) ;
#477 = CARTESIAN_POINT ( 'NONE',  ( -0.1165000000000000100, 0.2182164085303050500, -0.03832405062591805200 ) ) ;
#478 = DIRECTION ( 'NONE',  ( -0.0000000000000000000, -1.000000000000000000, -0.0000000000000000000 ) ) ;
#479 = DIRECTION ( 'NONE',  ( -1.000000000000000000, -0.0000000000000000000, -0.0000000000000000000 ) ) ;
#480 = ORIENTED_EDGE ( 'NONE', *, *, #1644, .T. ) ;
#481 = PLANE ( 'NONE',  #899 ) ;
#482 = ORIENTED_EDGE ( 'NONE', *, *, #2805, .T. ) ;
#483 = EDGE_CURVE ( 'NONE', #3165, #1545, #2911, .T. ) ;
#484 = VERTEX_POINT ( 'NONE', #724 ) ;
#485 = CARTESIAN_POINT ( 'NONE',  ( 0.1515000000000000000, 0.1704610158811598100, 0.1433240506259216000 ) ) ;
#486 = CARTESIAN_POINT ( 'NONE',  ( -0.1340000000000000100, 0.01749999999999999500, 0.1317500000000000100 ) ) ;
#487 = VERTEX_POINT ( 'NONE', #671 ) ;
#488 = CIRCLE ( 'NONE', #344, 0.02749999999999999700 ) ;
#489 = DIRECTION ( 'NONE',  ( -1.000000000000000000, -0.0000000000000000000, -0.0000000000000000000 ) ) ;
#490 = EDGE_CURVE ( 'NONE', #136, #39, #2203, .T. ) ;
#491 = CARTESIAN_POINT ( 'NONE',  ( -0.04950000000000000900, 0.2414033584489619600, -0.02674999999999635700 ) ) ;
#492 = DIRECTION ( 'NONE',  ( 0.0000000000000000000, 0.0000000000000000000, 1.000000000000000000 ) ) ;
#493 = AXIS2_PLACEMENT_3D ( 'NONE', #2873, #1818, #771 ) ;
#494 = CARTESIAN_POINT ( 'NONE',  ( -0.1418580883129208500, 0.4274865063424114800, 0.003249999999999999000 ) ) ;
#495 = VECTOR ( 'NONE', #3171, 39.37007874015748100 ) ;
#496 = CARTESIAN_POINT ( 'NONE',  ( 0.1515000000000000000, 0.3637882817644924000, -0.06174999999999637700 ) ) ;
#497 = PLANE ( 'NONE',  #3082 ) ;
#498 = CARTESIAN_POINT ( 'NONE',  ( 0.1515000000000000000, 0.2512473236267506700, -0.04674999999999638500 ) ) ;
#499 = AXIS2_PLACEMENT_3D ( 'NONE', #1008, #2578, #2055 ) ;
#500 = LINE ( 'NONE', #2286, #75 ) ;
#501 = ORIENTED_EDGE ( 'NONE', *, *, #965, .F. ) ;
#502 = DIRECTION ( 'NONE',  ( -0.0000000000000000000, -0.3306871607406194300, 0.9437404313270189000 ) ) ;
#503 = CARTESIAN_POINT ( 'NONE',  ( -0.04950000000000000900, 0.01750000000000001900, -0.005750000000000051100 ) ) ;
#504 = AXIS2_PLACEMENT_3D ( 'NONE', #1778, #2078, #467 ) ;
#505 = APPLICATION_PROTOCOL_DEFINITION ( 'draft international standard', 'automotive_design', 1998, #2083 ) ;
#506 = UNCERTAINTY_MEASURE_WITH_UNIT (LENGTH_MEASURE( 1.000000000000000100E-005 ), #1311, 'distance_accuracy_value', 'NONE');
#507 = PLANE ( 'NONE',  #1945 ) ;
#508 = EDGE_CURVE ( 'NONE', #2152, #2753, #2480, .T. ) ;
#509 = PLANE ( 'NONE',  #3252 ) ;
#510 = CARTESIAN_POINT ( 'NONE',  ( 0.01750000000000000200, 0.2512473236267506700, -0.06174999999999638400 ) ) ;
#511 = LINE ( 'NONE', #851, #3053 ) ;
#512 = VECTOR ( 'NONE', #1201, 39.37007874015748900 ) ;
#513 = ORIENTED_EDGE ( 'NONE', *, *, #1562, .T. ) ;
#514 = PLANE ( 'NONE',  #377 ) ;
#515 = EDGE_CURVE ( 'NONE', #314, #2115, #1504, .T. ) ;
#516 = CIRCLE ( 'NONE', #1089, 0.01750000000000001900 ) ;
#517 = ORIENTED_EDGE ( 'NONE', *, *, #1408, .F. ) ;
#518 = CARTESIAN_POINT ( 'NONE',  ( -0.1515000000000000000, 0.2182164085303050200, -0.03832405062591805900 ) ) ;
#519 = CARTESIAN_POINT ( 'NONE',  ( 0.01750000000000000200, 0.1704610158811598100, 0.1433240506259216000 ) ) ;
#520 = VECTOR ( 'NONE', #3302, 39.37007874015748100 ) ;
#521 = DIRECTION ( 'NONE',  ( 0.0000000000000000000, -0.9902680687415695800, 0.1391731009600709900 ) ) ;
#522 = ORIENTED_EDGE ( 'NONE', *, *, #1340, .T. ) ;
#523 = AXIS2_PLACEMENT_3D ( 'NONE', #2347, #804, #2614 ) ;
#524 = FACE_OUTER_BOUND ( 'NONE', #3114, .T. ) ;
#525 = ORIENTED_EDGE ( 'NONE', *, *, #180, .F. ) ;
#526 = CARTESIAN_POINT ( 'NONE',  ( 0.1515000000000000000, 0.1374301007847139600, 0.1317499999999998400 ) ) ;
#527 = VERTEX_POINT ( 'NONE', #2532 ) ;
#528 = DIRECTION ( 'NONE',  ( 0.0000000000000000000, 0.0000000000000000000, -1.000000000000000000 ) ) ;
#529 = EDGE_LOOP ( 'NONE', ( #533, #1847, #1724, #2829 ) ) ;
#530 = CARTESIAN_POINT ( 'NONE',  ( -0.04950000000000000900, 0.2300511760525293100, -0.04321596352595271500 ) ) ;
#531 = ORIENTED_EDGE ( 'NONE', *, *, #305, .T. ) ;
#532 = LINE ( 'NONE', #1297, #3167 ) ;
#533 = ORIENTED_EDGE ( 'NONE', *, *, #2506, .T. ) ;
#534 = EDGE_CURVE ( 'NONE', #1619, #1656, #1995, .T. ) ;
#535 = VECTOR ( 'NONE', #1492, 39.37007874015748100 ) ;
#536 = DIRECTION ( 'NONE',  ( 0.0000000000000000000, -1.000000000000000000, -7.585704903766804200E-017 ) ) ;
#537 = ORIENTED_EDGE ( 'NONE', *, *, #832, .T. ) ;
#538 = VECTOR ( 'NONE', #2505, 39.37007874015748100 ) ;
#539 = EDGE_CURVE ( 'NONE', #1970, #1873, #1783, .T. ) ;
#540 = DIRECTION ( 'NONE',  ( -1.000000000000000000, -0.0000000000000000000, -0.0000000000000000000 ) ) ;
#541 = DIRECTION ( 'NONE',  ( 0.0000000000000000000, -1.000000000000000000, -7.585704903766804200E-017 ) ) ;
#542 =( NAMED_UNIT ( * ) SI_UNIT ( $, .STERADIAN. ) SOLID_ANGLE_UNIT ( ) );
#543 = MECHANICAL_DESIGN_GEOMETRIC_PRESENTATION_REPRESENTATION (  '', ( #1652 ), #41 ) ;
#544 = FACE_OUTER_BOUND ( 'NONE', #1647, .T. ) ;
#545 = LENGTH_MEASURE_WITH_UNIT ( LENGTH_MEASURE( 0.02539999999999999900 ), #941 );
#546 = DIRECTION ( 'NONE',  ( -1.000000000000000000, -0.0000000000000000000, -0.0000000000000000000 ) ) ;
#547 = LINE ( 'NONE', #1882, #2427 ) ;
#548 = DIRECTION ( 'NONE',  ( -1.000000000000000000, -0.0000000000000000000, -0.0000000000000000000 ) ) ;
#549 = CYLINDRICAL_SURFACE ( 'NONE', #3326, 0.02000000000000000000 ) ;
#550 = ORIENTED_EDGE ( 'NONE', *, *, #1686, .T. ) ;
#551 = DIRECTION ( 'NONE',  ( 0.0000000000000000000, -0.1391731009600709900, -0.9902680687415695800 ) ) ;
#552 = CARTESIAN_POINT ( 'NONE',  ( 0.08449999999999999200, 0.01749999999999999500, 0.009249999999999977000 ) ) ;
#553 = AXIS2_PLACEMENT_3D ( 'NONE', #2323, #1024, #258 ) ;
#554 = FACE_OUTER_BOUND ( 'NONE', #2062, .T. ) ;
#555 = VERTEX_POINT ( 'NONE', #1475 ) ;
#556 = FACE_OUTER_BOUND ( 'NONE', #3030, .T. ) ;
#557 = LINE ( 'NONE', #2093, #1423 ) ;
#558 = EDGE_CURVE ( 'NONE', #3192, #1313, #1696, .T. ) ;
#559 = ORIENTED_EDGE ( 'NONE', *, *, #2720, .T. ) ;
#560 = VECTOR ( 'NONE', #251, 39.37007874015748100 ) ;
#561 = DIRECTION ( 'NONE',  ( 0.0000000000000000000, 0.0000000000000000000, 1.000000000000000000 ) ) ;
#562 = VECTOR ( 'NONE', #2806, 39.37007874015748900 ) ;
#563 = PLANE ( 'NONE',  #732 ) ;
#564 = ORIENTED_EDGE ( 'NONE', *, *, #3018, .T. ) ;
#565 = PLANE ( 'NONE',  #577 ) ;
#566 = VERTEX_POINT ( 'NONE', #1992 ) ;
#567 = ORIENTED_EDGE ( 'NONE', *, *, #628, .T. ) ;
#568 = VERTEX_POINT ( 'NONE', #2794 ) ;
#569 = ORIENTED_EDGE ( 'NONE', *, *, #451, .F. ) ;
#570 = CARTESIAN_POINT ( 'NONE',  ( -0.1165000000000000100, 0.3629999999999999300, -0.05424999999999637100 ) ) ;
#571 = ORIENTED_EDGE ( 'NONE', *, *, #3120, .T. ) ;
#572 = VECTOR ( 'NONE', #917, 39.37007874015748100 ) ;
#573 = AXIS2_PLACEMENT_3D ( 'NONE', #3113, #3363, #232 ) ;
#574 = EDGE_LOOP ( 'NONE', ( #2666, #3166, #2135, #1959 ) ) ;
#575 = CARTESIAN_POINT ( 'NONE',  ( 0.08449999999999999200, 0.3629999999999999300, -0.05424999999999637100 ) ) ;
#576 = ORIENTED_EDGE ( 'NONE', *, *, #1606, .T. ) ;
#577 = AXIS2_PLACEMENT_3D ( 'NONE', #2384, #2415, #308 ) ;
#578 = FILL_AREA_STYLE ('',( #318 ) ) ;
#579 = DIRECTION ( 'NONE',  ( 0.0000000000000000000, -0.1391731009600705200, -0.9902680687415695800 ) ) ;
#580 = VECTOR ( 'NONE', #2309, 39.37007874015748100 ) ;
#581 = ORIENTED_EDGE ( 'NONE', *, *, #2535, .F. ) ;
#582 = EDGE_CURVE ( 'NONE', #2149, #1300, #2572, .T. ) ;
#583 = CARTESIAN_POINT ( 'NONE',  ( -0.04950000000000000900, 0.2215370392552048500, -0.05556543617041998000 ) ) ;
#584 = FACE_OUTER_BOUND ( 'NONE', #210, .T. ) ;
#585 = CARTESIAN_POINT ( 'NONE',  ( 0.08449999999999999200, 0.3640540562602678800, -0.04674999999999634300 ) ) ;
#586 = EDGE_CURVE ( 'NONE', #97, #1619, #2620, .T. ) ;
#587 = CARTESIAN_POINT ( 'NONE',  ( 0.08449999999999999200, 0.2414033584489619400, -0.02674999999999635700 ) ) ;
#588 = DIRECTION ( 'NONE',  ( 0.0000000000000000000, 0.0000000000000000000, 1.000000000000000000 ) ) ;
#589 = LINE ( 'NONE', #736, #2178 ) ;
#590 = ORIENTED_EDGE ( 'NONE', *, *, #2457, .F. ) ;
#591 = EDGE_LOOP ( 'NONE', ( #2413, #2561, #2792, #2847 ) ) ;
#592 = CARTESIAN_POINT ( 'NONE',  ( -0.01750000000000000200, 0.3629999999999999300, -0.05424999999999637100 ) ) ;
#593 = VECTOR ( 'NONE', #2823, 39.37007874015748100 ) ;
#594 = DIRECTION ( 'NONE',  ( -0.0000000000000000000, -0.3306871607406194300, 0.9437404313270189000 ) ) ;
#595 = ORIENTED_EDGE ( 'NONE', *, *, #1384, .T. ) ;
#596 = DIRECTION ( 'NONE',  ( -0.0000000000000000000, 1.000000000000000000, -8.696664634630410300E-016 ) ) ;
#597 = VECTOR ( 'NONE', #693, 39.37007874015748100 ) ;
#598 = AXIS2_PLACEMENT_3D ( 'NONE', #2383, #2138, #1057 ) ;
#599 = EDGE_CURVE ( 'NONE', #2629, #1313, #1207, .T. ) ;
#600 = LINE ( 'NONE', #3046, #1290 ) ;
#601 = LINE ( 'NONE', #485, #2616 ) ;
#602 = CLOSED_SHELL ( 'NONE', ( #1110, #2987, #436, #3222, #3331, #1196, #1148, #649, #392, #2777, #1657, #614 ) ) ;
#603 = DIRECTION ( 'NONE',  ( -0.0000000000000000000, 1.000000000000000000, 7.757935840332562600E-016 ) ) ;
#604 = EDGE_CURVE ( 'NONE', #144, #2406, #3319, .T. ) ;
#605 = DIRECTION ( 'NONE',  ( 0.0000000000000000000, 0.0000000000000000000, -1.000000000000000000 ) ) ;
#606 = ORIENTED_EDGE ( 'NONE', *, *, #1738, .F. ) ;
#607 = ORIENTED_EDGE ( 'NONE', *, *, #1626, .T. ) ;
#608 = CARTESIAN_POINT ( 'NONE',  ( -0.01750000000000000200, 0.3637882817644925200, -0.06174999999999637700 ) ) ;
#609 = FACE_OUTER_BOUND ( 'NONE', #1390, .T. ) ;
#610 = DIRECTION ( 'NONE',  ( 0.0000000000000000000, 0.0000000000000000000, 1.000000000000000000 ) ) ;
#611 = AXIS2_PLACEMENT_3D ( 'NONE', #1518, #733, #1777 ) ;
#612 = ORIENTED_EDGE ( 'NONE', *, *, #847, .T. ) ;
#613 = ORIENTED_EDGE ( 'NONE', *, *, #1095, .F. ) ;
#614 = ADVANCED_FACE ( 'NONE', ( #174, #885 ), #3081, .T. ) ;
#615 = FILL_AREA_STYLE ('',( #2130 ) ) ;
#616 = ORIENTED_EDGE ( 'NONE', *, *, #2630, .F. ) ;
#617 = MANIFOLD_SOLID_BREP ( 'Pin 3', #1704 ) ;
#618 = CARTESIAN_POINT ( 'NONE',  ( 0.04949999999999999500, 0.2414033584489619400, -0.04674999999999635700 ) ) ;
#619 = EDGE_LOOP ( 'NONE', ( #1948, #2895 ) ) ;
#620 = ORIENTED_EDGE ( 'NONE', *, *, #2180, .T. ) ;
#621 = VERTEX_POINT ( 'NONE', #2035 ) ;
#622 = LINE ( 'NONE', #352, #2140 ) ;
#623 = CARTESIAN_POINT ( 'NONE',  ( 0.01750000000000000200, 0.3637882817644925200, -0.06174999999999637700 ) ) ;
#624 = SURFACE_SIDE_STYLE ('',( #727 ) ) ;
#625 = ORIENTED_EDGE ( 'NONE', *, *, #2419, .T. ) ;
#626 = DIRECTION ( 'NONE',  ( 0.01735682921029303000, 0.1045127169842842400, -0.9943720794895277700 ) ) ;
#627 = CARTESIAN_POINT ( 'NONE',  ( -0.1143580883129208400, 0.4274865063424114800, 0.01325000000000000000 ) ) ;
#628 = EDGE_CURVE ( 'NONE', #3055, #2584, #3226, .T. ) ;
#629 = DIRECTION ( 'NONE',  ( -1.000000000000000000, -0.0000000000000000000, 0.0000000000000000000 ) ) ;
#630 = CARTESIAN_POINT ( 'NONE',  ( 0.1165000000000000100, 0.1374301007847139600, 0.1517499999999998800 ) ) ;
#631 = EDGE_CURVE ( 'NONE', #1713, #566, #1124, .T. ) ;
#632 = LINE ( 'NONE', #1192, #1723 ) ;
#633 = ORIENTED_EDGE ( 'NONE', *, *, #2419, .F. ) ;
#634 = CARTESIAN_POINT ( 'NONE',  ( -0.1165000000000000100, 0.2323725150002103100, -0.03336374321480876900 ) ) ;
#635 = ADVANCED_FACE ( 'NONE', ( #524 ), #2567, .F. ) ;
#636 = CARTESIAN_POINT ( 'NONE',  ( -0.1165000000000000100, 0.2512473236267506700, -0.02674999999999637400 ) ) ;
#637 = SURFACE_STYLE_USAGE ( .BOTH. , #2201 ) ;
#638 = CIRCLE ( 'NONE', #2085, 0.03500000000000019100 ) ;
#639 = FACE_OUTER_BOUND ( 'NONE', #2688, .T. ) ;
#640 = AXIS2_PLACEMENT_3D ( 'NONE', #1418, #1929, #670 ) ;
#641 = DIRECTION ( 'NONE',  ( -1.000000000000000000, -0.0000000000000000000, -0.0000000000000000000 ) ) ;
#642 = VECTOR ( 'NONE', #2218, 39.37007874015748100 ) ;
#643 = FACE_OUTER_BOUND ( 'NONE', #2750, .T. ) ;
#644 = FACE_OUTER_BOUND ( 'NONE', #931, .T. ) ;
#645 = LINE ( 'NONE', #583, #2236 ) ;
#646 = AXIS2_PLACEMENT_3D ( 'NONE', #1697, #1966, #3039 ) ;
#647 = ORIENTED_EDGE ( 'NONE', *, *, #389, .F. ) ;
#648 =( NAMED_UNIT ( * ) SI_UNIT ( $, .STERADIAN. ) SOLID_ANGLE_UNIT ( ) );
#649 = ADVANCED_FACE ( 'NONE', ( #1499 ), #3366, .T. ) ;
#650 = DIRECTION ( 'NONE',  ( -2.439149994343092200E-016, -1.000000000000000000, 0.0000000000000000000 ) ) ;
#651 = EDGE_CURVE ( 'NONE', #1961, #669, #1780, .T. ) ;
#652 = DIRECTION ( 'NONE',  ( -0.0000000000000000000, 8.696664634630411300E-016, 1.000000000000000000 ) ) ;
#653 = EDGE_LOOP ( 'NONE', ( #559, #44, #1216, #982 ) ) ;
#654 = VERTEX_POINT ( 'NONE', #2598 ) ;
#655 = ORIENTED_EDGE ( 'NONE', *, *, #287, .F. ) ;
#656 = EDGE_CURVE ( 'NONE', #2283, #708, #437, .T. ) ;
#657 = ORIENTED_EDGE ( 'NONE', *, *, #1894, .F. ) ;
#658 = CARTESIAN_POINT ( 'NONE',  ( -0.1515000000000000000, 0.3640540562602678800, -0.04674999999999636400 ) ) ;
#659 = LINE ( 'NONE', #2458, #65 ) ;
#660 = FACE_OUTER_BOUND ( 'NONE', #1699, .T. ) ;
#661 = ORIENTED_EDGE ( 'NONE', *, *, #1568, .F. ) ;
#662 = ADVANCED_FACE ( 'NONE', ( #777 ), #2157, .F. ) ;
#663 = CARTESIAN_POINT ( 'NONE',  ( -0.1991272467535886700, 0.7129999999999999700, -0.1167499999999999900 ) ) ;
#664 = DIRECTION ( 'NONE',  ( -0.0000000000000000000, -1.000000000000000000, -2.484761324180116700E-016 ) ) ;
#665 = EDGE_LOOP ( 'NONE', ( #3098, #3361, #1349, #367 ) ) ;
#666 = ORIENTED_EDGE ( 'NONE', *, *, #2167, .T. ) ;
#667 = CARTESIAN_POINT ( 'NONE',  ( 0.2000000000000001200, 0.9729999999999999800, -0.1167499999999999900 ) ) ;
#668 = EDGE_CURVE ( 'NONE', #945, #2389, #2401, .T. ) ;
#669 = VERTEX_POINT ( 'NONE', #2646 ) ;
#670 = DIRECTION ( 'NONE',  ( -1.000000000000000000, 0.0000000000000000000, -0.0000000000000000000 ) ) ;
#671 = CARTESIAN_POINT ( 'NONE',  ( -0.1165000000000000100, 0.3629999999999999300, -0.05424999999999637100 ) ) ;
#672 = FACE_OUTER_BOUND ( 'NONE', #703, .T. ) ;
#673 = ORIENTED_EDGE ( 'NONE', *, *, #3067, .T. ) ;
#674 = EDGE_CURVE ( 'NONE', #282, #66, #557, .T. ) ;
#675 = DIMENSIONAL_EXPONENTS ( 1.000000000000000000, 0.0000000000000000000, 0.0000000000000000000, 0.0000000000000000000, 0.0000000000000000000, 0.0000000000000000000, 0.0000000000000000000 ) ;
#676 = ORIENTED_EDGE ( 'NONE', *, *, #3091, .F. ) ;
#677 = CARTESIAN_POINT ( 'NONE',  ( 0.1515000000000000000, 0.2512473236267506700, -0.06174999999999638400 ) ) ;
#678 = ORIENTED_EDGE ( 'NONE', *, *, #2359, .T. ) ;
#679 = CARTESIAN_POINT ( 'NONE',  ( 0.04949999999999999500, 0.1430552237434503400, -0.02574999999999999200 ) ) ;
#680 = DIRECTION ( 'NONE',  ( 0.0000000000000000000, -7.585704903766804200E-017, 1.000000000000000000 ) ) ;
#681 = CIRCLE ( 'NONE', #504, 0.03499999999999999600 ) ;
#682 = CARTESIAN_POINT ( 'NONE',  ( 0.04949999999999999500, 0.2414033584489619400, -0.02674999999999635700 ) ) ;
#683 = ORIENTED_EDGE ( 'NONE', *, *, #2879, .F. ) ;
#684 = CARTESIAN_POINT ( 'NONE',  ( 0.1515000000000000000, 0.2323725150002102500, -0.03336374321480876900 ) ) ;
#685 = ADVANCED_FACE ( 'NONE', ( #1301 ), #1870, .F. ) ;
#686 = DIRECTION ( 'NONE',  ( 1.000000000000000000, -2.439149994343092200E-016, 0.0000000000000000000 ) ) ;
#687 = VECTOR ( 'NONE', #1040, 39.37007874015748100 ) ;
#688 = DIRECTION ( 'NONE',  ( -0.0000000000000000000, 0.0000000000000000000, 1.000000000000000000 ) ) ;
#689 = CYLINDRICAL_SURFACE ( 'NONE', #3079, 0.02000000000000000700 ) ;
#690 = AXIS2_PLACEMENT_3D ( 'NONE', #2255, #2265, #2808 ) ;
#691 = EDGE_CURVE ( 'NONE', #1435, #1553, #929, .T. ) ;
#692 = ORIENTED_EDGE ( 'NONE', *, *, #1667, .F. ) ;
#693 = DIRECTION ( 'NONE',  ( -1.000000000000000000, -0.0000000000000000000, -0.0000000000000000000 ) ) ;
#694 = DIRECTION ( 'NONE',  ( -0.0000000000000000000, -0.0000000000000000000, -1.000000000000000000 ) ) ;
#695 = ORIENTED_EDGE ( 'NONE', *, *, #2381, .T. ) ;
#696 = EDGE_LOOP ( 'NONE', ( #1625, #2487, #71, #482 ) ) ;
#697 = ADVANCED_FACE ( 'NONE', ( #609 ), #563, .F. ) ;
#698 = CARTESIAN_POINT ( 'NONE',  ( 0.2000000000000000400, 0.7011889763779527400, -0.1667500000000000100 ) ) ;
#699 = EDGE_CURVE ( 'NONE', #1435, #2269, #1546, .T. ) ;
#700 = CARTESIAN_POINT ( 'NONE',  ( 0.1399999999999999900, 0.7011889763779527400, -0.1667500000000000100 ) ) ;
#701 = CARTESIAN_POINT ( 'NONE',  ( 0.04949999999999999500, 0.3640540562602678800, -0.04674999999999634300 ) ) ;
#702 = ORIENTED_EDGE ( 'NONE', *, *, #1047, .T. ) ;
#703 = EDGE_LOOP ( 'NONE', ( #1429, #3097, #3332, #820 ) ) ;
#704 = VERTEX_POINT ( 'NONE', #1305 ) ;
#705 = AXIS2_PLACEMENT_3D ( 'NONE', #1678, #1944, #2220 ) ;
#706 = ADVANCED_FACE ( 'NONE', ( #2484 ), #50, .F. ) ;
#707 = FACE_OUTER_BOUND ( 'NONE', #2207, .T. ) ;
#708 = VERTEX_POINT ( 'NONE', #2667 ) ;
#709 = VECTOR ( 'NONE', #99, 39.37007874015748100 ) ;
#710 = ORIENTED_EDGE ( 'NONE', *, *, #850, .T. ) ;
#711 = CARTESIAN_POINT ( 'NONE',  ( -0.01750000000000000200, 0.1374301007847139900, 0.1667500000000000400 ) ) ;
#712 = CARTESIAN_POINT ( 'NONE',  ( 0.1993555637139228500, 0.7143747917646129400, -0.1298302698971952100 ) ) ;
#713 = DIRECTION ( 'NONE',  ( 0.0000000000000000000, 0.0000000000000000000, 1.000000000000000000 ) ) ;
#714 = AXIS2_PLACEMENT_3D ( 'NONE', #3106, #1991, #428 ) ;
#715 = PLANE ( 'NONE',  #2094 ) ;
#716 = LINE ( 'NONE', #214, #424 ) ;
#717 = CARTESIAN_POINT ( 'NONE',  ( -0.1340000000000000100, 0.01749999999999999500, 0.1667500000000000100 ) ) ;
#718 = DIRECTION ( 'NONE',  ( 1.000000000000000000, 0.0000000000000000000, -0.0000000000000000000 ) ) ;
#719 = EDGE_CURVE ( 'NONE', #1751, #1407, #2407, .T. ) ;
#720 = CARTESIAN_POINT ( 'NONE',  ( 0.1515000000000000000, 0.1374301007847139600, 0.1517499999999998800 ) ) ;
#721 = ADVANCED_FACE ( 'NONE', ( #2784 ), #2382, .F. ) ;
#722 = VECTOR ( 'NONE', #271, 39.37007874015748100 ) ;
#723 = CARTESIAN_POINT ( 'NONE',  ( -0.1980363051955752700, 0.3629999999999999900, -0.05424999999999637100 ) ) ;
#724 = CARTESIAN_POINT ( 'NONE',  ( -0.04950000000000000900, 0.3629999999999999300, -0.05424999999999637100 ) ) ;
#725 = FACE_OUTER_BOUND ( 'NONE', #2162, .T. ) ;
#726 = EDGE_CURVE ( 'NONE', #568, #1668, #3270, .T. ) ;
#727 = SURFACE_STYLE_FILL_AREA ( #901 ) ;
#728 = VERTEX_POINT ( 'NONE', #1567 ) ;
#729 = CARTESIAN_POINT ( 'NONE',  ( -0.1515000000000000000, -8.768250000047403600E-018, 0.1667500000000000100 ) ) ;
#730 = FACE_OUTER_BOUND ( 'NONE', #653, .T. ) ;
#731 = VECTOR ( 'NONE', #2956, 39.37007874015748100 ) ;
#732 = AXIS2_PLACEMENT_3D ( 'NONE', #1817, #1031, #2928 ) ;
#733 = DIRECTION ( 'NONE',  ( -1.000000000000000000, -0.0000000000000000000, -0.0000000000000000000 ) ) ;
#734 = CARTESIAN_POINT ( 'NONE',  ( -0.1165000000000000100, 0.2182164085303050200, -0.03832405062591805900 ) ) ;
#735 = CYLINDRICAL_SURFACE ( 'NONE', #1359, 0.02749999999999999700 ) ;
#736 = CARTESIAN_POINT ( 'NONE',  ( -0.08450000000000002000, 0.3637882817644925200, -0.06174999999999636300 ) ) ;
#737 = AXIS2_PLACEMENT_3D ( 'NONE', #1481, #694, #446 ) ;
#738 = CARTESIAN_POINT ( 'NONE',  ( -0.06700000000000001800, 0.01750000000000001900, -0.005750000000000090100 ) ) ;
#739 = EDGE_LOOP ( 'NONE', ( #2881, #2536, #2166, #2985 ) ) ;
#740 = ORIENTED_EDGE ( 'NONE', *, *, #322, .F. ) ;
#741 = DIRECTION ( 'NONE',  ( 0.0000000000000000000, 0.0000000000000000000, 1.000000000000000000 ) ) ;
#742 = ORIENTED_EDGE ( 'NONE', *, *, #1180, .T. ) ;
#743 = DIRECTION ( 'NONE',  ( -1.000000000000000000, -0.0000000000000000000, -0.0000000000000000000 ) ) ;
#744 = DIRECTION ( 'NONE',  ( -0.0000000000000000000, -1.000000000000000000, -2.484761324180116700E-016 ) ) ;
#745 = VERTEX_POINT ( 'NONE', #2635 ) ;
#746 = DIRECTION ( 'NONE',  ( 0.0000000000000000000, -1.000000000000000000, -7.757935840332562600E-016 ) ) ;
#747 = ORIENTED_EDGE ( 'NONE', *, *, #2403, .F. ) ;
#748 = DIRECTION ( 'NONE',  ( 0.0000000000000000000, -1.000000000000000000, -7.927237481615049400E-016 ) ) ;
#749 = EDGE_CURVE ( 'NONE', #2057, #1512, #890, .T. ) ;
#750 = FACE_OUTER_BOUND ( 'NONE', #150, .T. ) ;
#751 = ORIENTED_EDGE ( 'NONE', *, *, #2167, .F. ) ;
#752 = LINE ( 'NONE', #1388, #2676 ) ;
#753 = CARTESIAN_POINT ( 'NONE',  ( 0.06699999999999999000, 0.01749999999999999500, 0.009249999999999977000 ) ) ;
#754 = AXIS2_PLACEMENT_3D ( 'NONE', #1600, #2936, #1613 ) ;
#755 = DIRECTION ( 'NONE',  ( -1.000000000000000000, 0.0000000000000000000, 0.0000000000000000000 ) ) ;
#756 = CARTESIAN_POINT ( 'NONE',  ( 0.01750000000000000200, 0.1704610158811598100, 0.1433240506259216000 ) ) ;
#757 = CARTESIAN_POINT ( 'NONE',  ( -0.1418580883129208500, 0.4274865063424114800, 0.01325000000000000000 ) ) ;
#758 = DIRECTION ( 'NONE',  ( 0.0000000000000000000, 0.0000000000000000000, -1.000000000000000000 ) ) ;
#759 = CARTESIAN_POINT ( 'NONE',  ( -0.08450000000000002000, 0.2215370392552048500, -0.05556543617041998000 ) ) ;
#760 = DIRECTION ( 'NONE',  ( 0.0000000000000000000, 0.0000000000000000000, -1.000000000000000000 ) ) ;
#761 = DIRECTION ( 'NONE',  ( 0.0000000000000000000, 0.0000000000000000000, 1.000000000000000000 ) ) ;
#762 = LINE ( 'NONE', #2348, #722 ) ;
#763 = ORIENTED_EDGE ( 'NONE', *, *, #1158, .F. ) ;
#764 = DIRECTION ( 'NONE',  ( 0.0000000000000000000, 0.0000000000000000000, -1.000000000000000000 ) ) ;
#765 = DIRECTION ( 'NONE',  ( -7.168278826350443000E-017, -1.000000000000000000, 0.0000000000000000000 ) ) ;
#766 = ORIENTED_EDGE ( 'NONE', *, *, #1411, .T. ) ;
#767 = ORIENTED_EDGE ( 'NONE', *, *, #1350, .F. ) ;
#768 = EDGE_CURVE ( 'NONE', #1798, #2170, #2250, .T. ) ;
#769 = LINE ( 'NONE', #346, #79 ) ;
#770 = SURFACE_STYLE_USAGE ( .BOTH. , #2556 ) ;
#771 = DIRECTION ( 'NONE',  ( -1.000000000000000000, 0.0000000000000000000, -0.0000000000000000000 ) ) ;
#772 = EDGE_CURVE ( 'NONE', #2294, #1663, #2664, .T. ) ;
#773 = LINE ( 'NONE', #2076, #2655 ) ;
#774 = LINE ( 'NONE', #2045, #2192 ) ;
#775 = DIRECTION ( 'NONE',  ( -1.000000000000000000, -0.0000000000000000000, -0.0000000000000000000 ) ) ;
#776 = ORIENTED_EDGE ( 'NONE', *, *, #2965, .F. ) ;
#777 = FACE_OUTER_BOUND ( 'NONE', #250, .T. ) ;
#778 = DIRECTION ( 'NONE',  ( 0.0000000000000000000, 0.0000000000000000000, -1.000000000000000000 ) ) ;
#779 = PLANE ( 'NONE',  #1726 ) ;
#780 = DIRECTION ( 'NONE',  ( 0.0000000000000000000, 0.0000000000000000000, 1.000000000000000000 ) ) ;
#781 = VERTEX_POINT ( 'NONE', #1075 ) ;
#782 = PLANE ( 'NONE',  #2147 ) ;
#783 = VERTEX_POINT ( 'NONE', #2443 ) ;
#784 = ORIENTED_EDGE ( 'NONE', *, *, #409, .F. ) ;
#785 = AXIS2_PLACEMENT_3D ( 'NONE', #2263, #1449, #3285 ) ;
#786 = DIRECTION ( 'NONE',  ( 0.0000000000000000000, 0.0000000000000000000, -1.000000000000000000 ) ) ;
#787 = ORIENTED_EDGE ( 'NONE', *, *, #869, .T. ) ;
#788 = EDGE_LOOP ( 'NONE', ( #421, #1336, #1322, #178 ) ) ;
#789 = EDGE_CURVE ( 'NONE', #390, #1970, #924, .T. ) ;
#790 = EDGE_LOOP ( 'NONE', ( #550, #803, #3281, #821 ) ) ;
#791 = CARTESIAN_POINT ( 'NONE',  ( 0.1165000000000000100, 0.1374301007847139600, 0.1317499999999998400 ) ) ;
#792 = LENGTH_MEASURE_WITH_UNIT ( LENGTH_MEASURE( 0.02539999999999999900 ), #873 );
#793 = CARTESIAN_POINT ( 'NONE',  ( -0.1165000000000000100, 0.1374301007847140200, 0.1667500000000000400 ) ) ;
#794 = EDGE_CURVE ( 'NONE', #2609, #1864, #3216, .T. ) ;
#795 = CARTESIAN_POINT ( 'NONE',  ( 0.1515000000000000000, 0.2512473236267506700, -0.04674999999999638500 ) ) ;
#796 = DIRECTION ( 'NONE',  ( -7.168278826350443000E-017, -1.000000000000000000, 0.0000000000000000000 ) ) ;
#797 = LINE ( 'NONE', #2036, #2680 ) ;
#798 = AXIS2_PLACEMENT_3D ( 'NONE', #1794, #256, #1021 ) ;
#799 =( NAMED_UNIT ( * ) SI_UNIT ( $, .STERADIAN. ) SOLID_ANGLE_UNIT ( ) );
#800 = CYLINDRICAL_SURFACE ( 'NONE', #357, 0.03500000000000000300 ) ;
#801 = DIRECTION ( 'NONE',  ( -0.0000000000000000000, -1.000000000000000000, -0.0000000000000000000 ) ) ;
#802 = ORIENTED_EDGE ( 'NONE', *, *, #3160, .T. ) ;
#803 = ORIENTED_EDGE ( 'NONE', *, *, #2023, .F. ) ;
#804 = DIRECTION ( 'NONE',  ( -1.000000000000000000, -0.0000000000000000000, -0.0000000000000000000 ) ) ;
#805 = LINE ( 'NONE', #356, #3177 ) ;
#806 = VECTOR ( 'NONE', #1846, 39.37007874015748100 ) ;
#807 = SURFACE_STYLE_USAGE ( .BOTH. , #2899 ) ;
#808 = CYLINDRICAL_SURFACE ( 'NONE', #1173, 0.01999999999999999000 ) ;
#809 = EDGE_CURVE ( 'NONE', #728, #2629, #547, .T. ) ;
#810 = CIRCLE ( 'NONE', #1703, 0.03500000000000000300 ) ;
#811 = ORIENTED_EDGE ( 'NONE', *, *, #1228, .T. ) ;
#812 = CARTESIAN_POINT ( 'NONE',  ( 0.08449999999999999200, 0.1430552237434503400, -0.02574999999999999200 ) ) ;
#813 = DIRECTION ( 'NONE',  ( 1.000000000000000000, 0.0000000000000000000, -0.0000000000000000000 ) ) ;
#814 = CARTESIAN_POINT ( 'NONE',  ( 0.1399999999999999900, 0.7011889763779527400, -0.1167499999999999900 ) ) ;
#815 = LINE ( 'NONE', #1289, #2518 ) ;
#816 = SURFACE_STYLE_USAGE ( .BOTH. , #2124 ) ;
#817 = ORIENTED_EDGE ( 'NONE', *, *, #2675, .F. ) ;
#818 = ORIENTED_EDGE ( 'NONE', *, *, #2832, .T. ) ;
#819 = DIRECTION ( 'NONE',  ( -0.0000000000000000000, -0.0000000000000000000, -1.000000000000000000 ) ) ;
#820 = ORIENTED_EDGE ( 'NONE', *, *, #2144, .T. ) ;
#821 = ORIENTED_EDGE ( 'NONE', *, *, #483, .T. ) ;
#822 = CARTESIAN_POINT ( 'NONE',  ( 0.08449999999999999200, 0.1430552237434503400, -0.02574999999999999200 ) ) ;
#823 = CARTESIAN_POINT ( 'NONE',  ( -0.08450000000000002000, 0.01750000000000001600, 0.009249999999999977000 ) ) ;
#824 = ORIENTED_EDGE ( 'NONE', *, *, #2359, .F. ) ;
#825 = ORIENTED_EDGE ( 'NONE', *, *, #3290, .T. ) ;
#826 = AXIS2_PLACEMENT_3D ( 'NONE', #1352, #1609, #541 ) ;
#827 = FACE_OUTER_BOUND ( 'NONE', #3080, .T. ) ;
#828 = CLOSED_SHELL ( 'NONE', ( #2172, #338, #2700, #2014, #3291, #2530, #2456, #1397, #2740, #1236, #408, #366, #2219, #2820, #1998 ) ) ;
#829 = EDGE_CURVE ( 'NONE', #1211, #333, #511, .T. ) ;
#830 = CARTESIAN_POINT ( 'NONE',  ( -0.1968580883129209000, 0.3724865063424114800, 0.01325000000000000000 ) ) ;
#831 = VERTEX_POINT ( 'NONE', #1351 ) ;
#832 = EDGE_CURVE ( 'NONE', #1656, #1177, #2356, .T. ) ;
#833 = CARTESIAN_POINT ( 'NONE',  ( 0.1399999999999999900, 0.7011889763779527400, -0.1167499999999999900 ) ) ;
#834 = DIRECTION ( 'NONE',  ( 0.0000000000000000000, -0.9902680687415695800, 0.1391731009600705200 ) ) ;
#835 = CARTESIAN_POINT ( 'NONE',  ( -0.1968580883129209000, 0.3629999999999999900, 0.01325000000000000000 ) ) ;
#836 = DIRECTION ( 'NONE',  ( 0.0000000000000000000, 0.0000000000000000000, 1.000000000000000000 ) ) ;
#837 = DIRECTION ( 'NONE',  ( 0.0000000000000000000, 0.0000000000000000000, 1.000000000000000000 ) ) ;
#838 = LENGTH_MEASURE_WITH_UNIT ( LENGTH_MEASURE( 0.02539999999999999900 ), #73 );
#839 = ORIENTED_EDGE ( 'NONE', *, *, #1012, .F. ) ;
#840 = VECTOR ( 'NONE', #2163, 39.37007874015748100 ) ;
#841 = DIRECTION ( 'NONE',  ( -0.0000000000000000000, 6.975552828668951900E-017, 1.000000000000000000 ) ) ;
#842 = LINE ( 'NONE', #2852, #1528 ) ;
#843 = LINE ( 'NONE', #1554, #806 ) ;
#844 = ORIENTED_EDGE ( 'NONE', *, *, #631, .F. ) ;
#845 = DIRECTION ( 'NONE',  ( 0.0000000000000000000, -8.696664634630411300E-016, -1.000000000000000000 ) ) ;
#846 = FACE_OUTER_BOUND ( 'NONE', #1681, .T. ) ;
#847 = EDGE_CURVE ( 'NONE', #1046, #3273, #805, .T. ) ;
#848 = VECTOR ( 'NONE', #2337, 39.37007874015748900 ) ;
#849 = LINE ( 'NONE', #854, #1291 ) ;
#850 = EDGE_CURVE ( 'NONE', #1816, #1463, #638, .T. ) ;
#851 = CARTESIAN_POINT ( 'NONE',  ( 0.1515000000000000000, 0.3637882817644924000, -0.06174999999999637700 ) ) ;
#852 = DIRECTION ( 'NONE',  ( 0.0000000000000000000, -8.696664634630411300E-016, -1.000000000000000000 ) ) ;
#853 = VERTEX_POINT ( 'NONE', #2955 ) ;
#854 = CARTESIAN_POINT ( 'NONE',  ( 0.01750000000000000200, 0.1374301007847139900, 0.1667500000000000400 ) ) ;
#855 = ORIENTED_EDGE ( 'NONE', *, *, #2075, .T. ) ;
#856 = EDGE_LOOP ( 'NONE', ( #1153, #3128, #3238, #3086, #145, #1658, #1456, #993, #1134, #1010, #2301, #3370, #160 ) ) ;
#857 = DIRECTION ( 'NONE',  ( 0.0000000000000000000, 0.0000000000000000000, -1.000000000000000000 ) ) ;
#858 = AXIS2_PLACEMENT_3D ( 'NONE', #35, #2402, #3159 ) ;
#859 = CARTESIAN_POINT ( 'NONE',  ( -0.1515000000000000000, 0.1374301007847140200, 0.1517499999999998600 ) ) ;
#860 = EDGE_LOOP ( 'NONE', ( #576, #2709, #1480, #245 ) ) ;
#861 = ORIENTED_EDGE ( 'NONE', *, *, #472, .T. ) ;
#862 = FILL_AREA_STYLE_COLOUR ( '', #1106 ) ;
#863 = DIRECTION ( 'NONE',  ( 1.951319995474474200E-016, 1.000000000000000000, 0.0000000000000000000 ) ) ;
#864 = CARTESIAN_POINT ( 'NONE',  ( -0.08450000000000002000, 0.01750000000000001900, -0.005750000000000051100 ) ) ;
#865 = COLOUR_RGB ( '',0.2509803921568627400, 0.2509803921568627400, 0.2509803921568627400 ) ;
#866 = LINE ( 'NONE', #960, #580 ) ;
#867 = EDGE_CURVE ( 'NONE', #1007, #1046, #1773, .T. ) ;
#868 = ADVANCED_FACE ( 'NONE', ( #1325 ), #3231, .F. ) ;
#869 = EDGE_CURVE ( 'NONE', #2269, #2098, #3255, .T. ) ;
#870 = PLANE ( 'NONE',  #1250 ) ;
#871 = FACE_OUTER_BOUND ( 'NONE', #1759, .T. ) ;
#872 = ORIENTED_EDGE ( 'NONE', *, *, #2938, .F. ) ;
#873 =( LENGTH_UNIT ( ) NAMED_UNIT ( * ) SI_UNIT ( $, .METRE. ) );
#874 = CARTESIAN_POINT ( 'NONE',  ( 0.1399999999999999900, 0.7011889763779527400, -0.1167499999999999900 ) ) ;
#875 = CIRCLE ( 'NONE', #1424, 0.01999999999999999000 ) ;
#876 = VECTOR ( 'NONE', #994, 39.37007874015748100 ) ;
#877 = CARTESIAN_POINT ( 'NONE',  ( -0.08450000000000002000, 0.1629215429372074800, 0.003065436170423545000 ) ) ;
#878 = CIRCLE ( 'NONE', #2193, 0.02000000000000000700 ) ;
#879 = FACE_OUTER_BOUND ( 'NONE', #1584, .T. ) ;
#880 = PLANE ( 'NONE',  #1868 ) ;
#881 =( GEOMETRIC_REPRESENTATION_CONTEXT ( 3 ) GLOBAL_UNCERTAINTY_ASSIGNED_CONTEXT ( ( #2089 ) ) GLOBAL_UNIT_ASSIGNED_CONTEXT ( ( #3295, #2297, #1739 ) ) REPRESENTATION_CONTEXT ( 'NONE', 'WORKASPACE' ) );
#882 = ADVANCED_FACE ( 'NONE', ( #1814 ), #2275, .T. ) ;
#883 = LINE ( 'NONE', #332, #1693 ) ;
#884 = CARTESIAN_POINT ( 'NONE',  ( -0.08450000000000002000, 0.2414033584489619600, -0.02674999999999635700 ) ) ;
#885 = FACE_BOUND ( 'NONE', #1251, .T. ) ;
#886 = EDGE_CURVE ( 'NONE', #708, #831, #951, .T. ) ;
#887 = ORIENTED_EDGE ( 'NONE', *, *, #691, .F. ) ;
#888 = ORIENTED_EDGE ( 'NONE', *, *, #3241, .F. ) ;
#889 = DIRECTION ( 'NONE',  ( -0.0000000000000000000, 0.5676091198216328700, 0.8232981762978169900 ) ) ;
#890 = LINE ( 'NONE', #530, #1538 ) ;
#891 = ORIENTED_EDGE ( 'NONE', *, *, #36, .F. ) ;
#892 = VERTEX_POINT ( 'NONE', #1672 ) ;
#893 = ADVANCED_FACE ( 'NONE', ( #274 ), #391, .T. ) ;
#894 = CARTESIAN_POINT ( 'NONE',  ( 0.1515000000000000000, 0.2182164085303049900, -0.03832405062591805900 ) ) ;
#895 = ORIENTED_EDGE ( 'NONE', *, *, #1933, .T. ) ;
#896 = AXIS2_PLACEMENT_3D ( 'NONE', #198, #2282, #2828 ) ;
#897 = DIRECTION ( 'NONE',  ( 0.0000000000000000000, -0.9945218953682734000, -0.1045284632676528700 ) ) ;
#898 = ORIENTED_EDGE ( 'NONE', *, *, #1142, .F. ) ;
#899 = AXIS2_PLACEMENT_3D ( 'NONE', #1115, #327, #2912 ) ;
#900 = FACE_OUTER_BOUND ( 'NONE', #1036, .T. ) ;
#901 = FILL_AREA_STYLE ('',( #862 ) ) ;
#902 = DIRECTION ( 'NONE',  ( -1.000000000000000000, -0.0000000000000000000, 0.0000000000000000000 ) ) ;
#903 = CARTESIAN_POINT ( 'NONE',  ( 0.01750000000000000200, 0.2182164085303049900, -0.03832405062591805900 ) ) ;
#904 = PLANE ( 'NONE',  #785 ) ;
#905 = DIRECTION ( 'NONE',  ( -1.000000000000000000, -0.0000000000000000000, -0.0000000000000000000 ) ) ;
#906 = EDGE_CURVE ( 'NONE', #2057, #2002, #124, .T. ) ;
#907 = ADVANCED_FACE ( 'NONE', ( #2727 ), #1193, .F. ) ;
#908 = CARTESIAN_POINT ( 'NONE',  ( -0.04950000000000000900, 0.3637882817644925200, -0.06174999999999636300 ) ) ;
#909 = AXIS2_PLACEMENT_3D ( 'NONE', #1821, #786, #1537 ) ;
#910 = DIRECTION ( 'NONE',  ( 0.0000000000000000000, 0.0000000000000000000, -1.000000000000000000 ) ) ;
#911 = FACE_OUTER_BOUND ( 'NONE', #591, .T. ) ;
#912 = CARTESIAN_POINT ( 'NONE',  ( 0.08449999999999999200, -5.793169099044418500E-018, 0.009249999999999977000 ) ) ;
#913 = ORIENTED_EDGE ( 'NONE', *, *, #1852, .T. ) ;
#914 = ADVANCED_FACE ( 'NONE', ( #725 ), #1399, .F. ) ;
#915 = VECTOR ( 'NONE', #996, 39.37007874015748100 ) ;
#916 = CARTESIAN_POINT ( 'NONE',  ( 0.1399999999999999600, 0.4629999999999999700, 0.5314012169239522600 ) ) ;
#917 = DIRECTION ( 'NONE',  ( -0.0000000000000000000, -1.000000000000000000, -0.0000000000000000000 ) ) ;
#918 = CYLINDRICAL_SURFACE ( 'NONE', #1722, 0.01750000000000001900 ) ;
#919 = CARTESIAN_POINT ( 'NONE',  ( -0.04950000000000000900, 0.01750000000000001900, 0.009249999999999977000 ) ) ;
#920 = ADVANCED_FACE ( 'NONE', ( #2393 ), #199, .T. ) ;
#921 = EDGE_CURVE ( 'NONE', #1092, #136, #2185, .T. ) ;
#922 = DIRECTION ( 'NONE',  ( -0.0000000000000000000, 0.1391731009600705400, 0.9902680687415695800 ) ) ;
#923 = ORIENTED_EDGE ( 'NONE', *, *, #1095, .T. ) ;
#924 = LINE ( 'NONE', #78, #237 ) ;
#925 = ORIENTED_EDGE ( 'NONE', *, *, #558, .F. ) ;
#926 = ORIENTED_EDGE ( 'NONE', *, *, #2293, .F. ) ;
#927 = EDGE_CURVE ( 'NONE', #1161, #191, #1487, .T. ) ;
#928 = DIRECTION ( 'NONE',  ( 0.0000000000000000000, 0.0000000000000000000, -1.000000000000000000 ) ) ;
#929 = LINE ( 'NONE', #1314, #1088 ) ;
#930 = DIRECTION ( 'NONE',  ( -0.0000000000000000000, 0.3306871607406204900, -0.9437404313270184600 ) ) ;
#931 = EDGE_LOOP ( 'NONE', ( #2783, #64, #323, #2770 ) ) ;
#932 = DIRECTION ( 'NONE',  ( 1.000000000000000000, 0.0000000000000000000, 0.0000000000000000000 ) ) ;
#934 = ORIENTED_EDGE ( 'NONE', *, *, #2579, .T. ) ;
#933 = DIRECTION ( 'NONE',  ( 0.0000000000000000000, 0.0000000000000000000, 1.000000000000000000 ) ) ;
#935 = SURFACE_STYLE_FILL_AREA ( #10 ) ;
#936 = ORIENTED_EDGE ( 'NONE', *, *, #990, .F. ) ;
#937 = CARTESIAN_POINT ( 'NONE',  ( 0.08449999999999999200, 0.1629215429372074300, 0.003065436170423545000 ) ) ;
#938 = DIRECTION ( 'NONE',  ( -1.000000000000000000, -0.0000000000000000000, -0.0000000000000000000 ) ) ;
#939 = EDGE_CURVE ( 'NONE', #1112, #2000, #2975, .T. ) ;
#940 = VECTOR ( 'NONE', #1069, 39.37007874015748100 ) ;
#941 =( LENGTH_UNIT ( ) NAMED_UNIT ( * ) SI_UNIT ( $, .METRE. ) );
#942 = ADVANCED_FACE ( 'NONE', ( #3100 ), #231, .F. ) ;
#943 = DIRECTION ( 'NONE',  ( -1.000000000000000000, -0.0000000000000000000, -0.0000000000000000000 ) ) ;
#944 = CIRCLE ( 'NONE', #2522, 0.03499999999999999600 ) ;
#945 = VERTEX_POINT ( 'NONE', #756 ) ;
#946 = EDGE_CURVE ( 'NONE', #1177, #314, #842, .T. ) ;
#947 = ORIENTED_EDGE ( 'NONE', *, *, #2206, .F. ) ;
#948 = CARTESIAN_POINT ( 'NONE',  ( 0.1399999999999999600, 0.4629999999999999700, -0.1167499999999999900 ) ) ;
#949 = SURFACE_STYLE_FILL_AREA ( #1720 ) ;
#950 = ORIENTED_EDGE ( 'NONE', *, *, #425, .F. ) ;
#951 = LINE ( 'NONE', #2391, #2466 ) ;
#952 = VECTOR ( 'NONE', #3035, 39.37007874015748900 ) ;
#953 = DIRECTION ( 'NONE',  ( -0.0000000000000000000, 1.000000000000000000, -6.975552828668951900E-017 ) ) ;
#954 = ORIENTED_EDGE ( 'NONE', *, *, #515, .F. ) ;
#955 = ORIENTED_EDGE ( 'NONE', *, *, #3261, .T. ) ;
#956 = CARTESIAN_POINT ( 'NONE',  ( 0.01750000000000000200, 0.1374301007847139900, 0.1317499999999998400 ) ) ;
#957 = CARTESIAN_POINT ( 'NONE',  ( 0.04949999999999999500, 0.3637882817644925200, -0.06174999999999636300 ) ) ;
#958 = LENGTH_MEASURE_WITH_UNIT ( LENGTH_MEASURE( 0.02539999999999999900 ), #2455 );
#959 = CARTESIAN_POINT ( 'NONE',  ( 0.01750000000000000200, 0.2512473236267506700, -0.04674999999999636400 ) ) ;
#960 = CARTESIAN_POINT ( 'NONE',  ( 0.08449999999999999200, 0.1430552237434503400, -0.005749999999999999900 ) ) ;
#961 = FACE_OUTER_BOUND ( 'NONE', #1787, .T. ) ;
#962 = MANIFOLD_SOLID_BREP ( 'Pin 4', #828 ) ;
#963 = DIRECTION ( 'NONE',  ( 0.0000000000000000000, -8.696664634630411300E-016, -1.000000000000000000 ) ) ;
#964 = ADVANCED_FACE ( 'NONE', ( #1825 ), #34, .F. ) ;
#965 = EDGE_CURVE ( 'NONE', #3126, #3117, #11, .T. ) ;
#966 = CARTESIAN_POINT ( 'NONE',  ( -0.01750000000000000200, 0.2512473236267506700, -0.02674999999999637400 ) ) ;
#967 = CARTESIAN_POINT ( 'NONE',  ( -0.08450000000000002000, 0.1430552237434503700, -0.005749999999999991200 ) ) ;
#968 = ORIENTED_EDGE ( 'NONE', *, *, #2225, .T. ) ;
#969 = EDGE_CURVE ( 'NONE', #3117, #2919, #601, .T. ) ;
#970 = DIRECTION ( 'NONE',  ( -0.0000000000000000000, 1.000000000000000000, -6.975552828668951900E-017 ) ) ;
#971 = CARTESIAN_POINT ( 'NONE',  ( 0.04949999999999999500, 0.2414033584489619400, -0.04674999999999634300 ) ) ;
#972 = ORIENTED_EDGE ( 'NONE', *, *, #1738, .T. ) ;
#973 = CARTESIAN_POINT ( 'NONE',  ( 0.1515000000000000000, 0.2512473236267506700, -0.04674999999999636400 ) ) ;
#974 = VERTEX_POINT ( 'NONE', #2324 ) ;
#975 = FACE_OUTER_BOUND ( 'NONE', #2627, .T. ) ;
#976 = ORIENTED_EDGE ( 'NONE', *, *, #1298, .T. ) ;
#977 = CARTESIAN_POINT ( 'NONE',  ( -0.01750000000000000200, 0.01749999999999997000, 0.1317500000000000100 ) ) ;
#978 = CARTESIAN_POINT ( 'NONE',  ( -0.1165000000000000100, 0.2512473236267506700, -0.04674999999999638500 ) ) ;
#979 = CARTESIAN_POINT ( 'NONE',  ( 0.1165000000000000100, 0.1374301007847139600, 0.1317499999999998400 ) ) ;
#980 = ORIENTED_EDGE ( 'NONE', *, *, #2385, .T. ) ;
#981 = ADVANCED_FACE ( 'NONE', ( #2830 ), #1904, .T. ) ;
#982 = ORIENTED_EDGE ( 'NONE', *, *, #56, .T. ) ;
#983 = DIRECTION ( 'NONE',  ( -7.168278826350446700E-017, -1.000000000000000000, 0.0000000000000000000 ) ) ;
#984 = CARTESIAN_POINT ( 'NONE',  ( -0.1515000000000000000, 0.2512473236267506700, -0.02674999999999637400 ) ) ;
#985 = CARTESIAN_POINT ( 'NONE',  ( -0.1515000000000000000, 0.3629999999999999300, -0.05424999999999637100 ) ) ;
#986 = DIRECTION ( 'NONE',  ( -1.000000000000000000, -0.0000000000000000000, -0.0000000000000000000 ) ) ;
#987 = EDGE_CURVE ( 'NONE', #1733, #1164, #1203, .T. ) ;
#988 = VECTOR ( 'NONE', #1964, 39.37007874015748100 ) ;
#989 = ORIENTED_EDGE ( 'NONE', *, *, #324, .F. ) ;
#990 = EDGE_CURVE ( 'NONE', #1174, #1961, #52, .T. ) ;
#991 = LINE ( 'NONE', #608, #311 ) ;
#992 = CARTESIAN_POINT ( 'NONE',  ( 0.1399999999999999900, 0.7011889763779527400, -0.1667500000000000100 ) ) ;
#993 = ORIENTED_EDGE ( 'NONE', *, *, #2737, .T. ) ;
#994 = DIRECTION ( 'NONE',  ( -0.0000000000000000000, 1.000000000000000000, -8.696664634630410300E-016 ) ) ;
#995 = DIRECTION ( 'NONE',  ( -1.690788647988402300E-016, -0.9902680687415705800, 0.1391731009600633000 ) ) ;
#996 = DIRECTION ( 'NONE',  ( -0.0000000000000000000, -0.0000000000000000000, 1.000000000000000000 ) ) ;
#997 = DIRECTION ( 'NONE',  ( 0.01728261179770658100, -0.1391523146935407800, -0.9901201667701147200 ) ) ;
#998 = VECTOR ( 'NONE', #2190, 39.37007874015748100 ) ;
#999 = DIRECTION ( 'NONE',  ( 0.0000000000000000000, 0.0000000000000000000, -1.000000000000000000 ) ) ;
#1000 = AXIS2_PLACEMENT_3D ( 'NONE', #2420, #12, #1082 ) ;
#1001 = CARTESIAN_POINT ( 'NONE',  ( -0.04950000000000000900, 0.1544074061398829600, -0.009284036474043634900 ) ) ;
#1002 = CARTESIAN_POINT ( 'NONE',  ( 0.08449999999999999200, 0.1629215429372074300, 0.003065436170423545000 ) ) ;
#1003 = PRESENTATION_LAYER_ASSIGNMENT (  '', '', ( #1598 ) ) ;
#1004 = ORIENTED_EDGE ( 'NONE', *, *, #2897, .F. ) ;
#1005 = CARTESIAN_POINT ( 'NONE',  ( -0.1340000000000000100, 0.01749999999999999500, 0.1517499999999999700 ) ) ;
#1006 = EDGE_CURVE ( 'NONE', #2000, #2272, #3089, .T. ) ;
#1007 = VERTEX_POINT ( 'NONE', #3205 ) ;
#1008 = CARTESIAN_POINT ( 'NONE',  ( 0.0000000000000000000, 0.0000000000000000000, -0.1667500000000000100 ) ) ;
#1009 = DIRECTION ( 'NONE',  ( -1.000000000000000000, -0.0000000000000000000, -0.0000000000000000000 ) ) ;
#1010 = ORIENTED_EDGE ( 'NONE', *, *, #1114, .T. ) ;
#1011 = ORIENTED_EDGE ( 'NONE', *, *, #263, .F. ) ;
#1012 = EDGE_CURVE ( 'NONE', #1495, #1713, #3317, .T. ) ;
#1013 = ORIENTED_EDGE ( 'NONE', *, *, #1781, .F. ) ;
#1014 = CIRCLE ( 'NONE', #2983, 0.03500000000000019100 ) ;
#1015 = AXIS2_PLACEMENT_3D ( 'NONE', #164, #2546, #1219 ) ;
#1016 = DIRECTION ( 'NONE',  ( 1.000000000000000000, 0.0000000000000000000, 0.0000000000000000000 ) ) ;
#1017 = DIRECTION ( 'NONE',  ( 0.0000000000000000000, 0.0000000000000000000, 1.000000000000000000 ) ) ;
#1018 = PLANE ( 'NONE',  #1078 ) ;
#1019 = MECHANICAL_DESIGN_GEOMETRIC_PRESENTATION_REPRESENTATION (  '', ( #1598 ), #2019 ) ;
#1020 = EDGE_LOOP ( 'NONE', ( #2672, #2589, #1648, #1094 ) ) ;
#1021 = DIRECTION ( 'NONE',  ( -1.000000000000000000, 0.0000000000000000000, -0.0000000000000000000 ) ) ;
#1022 = LINE ( 'NONE', #701, #3042 ) ;
#1023 = ORIENTED_EDGE ( 'NONE', *, *, #726, .F. ) ;
#1024 = DIRECTION ( 'NONE',  ( -1.000000000000000000, -0.0000000000000000000, -0.0000000000000000000 ) ) ;
#1025 = LINE ( 'NONE', #2222, #988 ) ;
#1026 = DIRECTION ( 'NONE',  ( 0.0000000000000000000, -0.5676091198216322000, -0.8232981762978173200 ) ) ;
#1027 = EDGE_CURVE ( 'NONE', #1472, #282, #1774, .T. ) ;
#1028 = CARTESIAN_POINT ( 'NONE',  ( -0.1400000000000000700, 0.4630000000000000200, -0.1167499999999999900 ) ) ;
#1029 = VECTOR ( 'NONE', #1510, 39.37007874015748900 ) ;
#1030 = ORIENTED_EDGE ( 'NONE', *, *, #534, .F. ) ;
#1031 = DIRECTION ( 'NONE',  ( 0.0000000000000000000, -0.0000000000000000000, 1.000000000000000000 ) ) ;
#1032 = AXIS2_PLACEMENT_3D ( 'NONE', #884, #629, #1665 ) ;
#1033 = FACE_BOUND ( 'NONE', #2751, .T. ) ;
#1034 = VECTOR ( 'NONE', #336, 39.37007874015748100 ) ;
#1035 = VECTOR ( 'NONE', #96, 39.37007874015748100 ) ;
#1036 = EDGE_LOOP ( 'NONE', ( #1131, #2670, #692, #291 ) ) ;
#1037 = DIRECTION ( 'NONE',  ( -1.000000000000000000, 0.0000000000000000000, -0.0000000000000000000 ) ) ;
#1038 = CARTESIAN_POINT ( 'NONE',  ( -0.08450000000000002000, 0.2414033584489619600, -0.04674999999999634300 ) ) ;
#1039 = ORIENTED_EDGE ( 'NONE', *, *, #1282, .F. ) ;
#1040 = DIRECTION ( 'NONE',  ( -1.000000000000000000, -0.0000000000000000000, -0.0000000000000000000 ) ) ;
#1041 = CARTESIAN_POINT ( 'NONE',  ( -0.04950000000000000900, 0.3640540562602678800, -0.04674999999999634300 ) ) ;
#1042 = CARTESIAN_POINT ( 'NONE',  ( -0.06700000000000001800, 0.01750000000000001900, -0.02575000000000002600 ) ) ;
#1043 = DIRECTION ( 'NONE',  ( -1.000000000000000000, -0.0000000000000000000, -0.0000000000000000000 ) ) ;
#1044 =( LENGTH_UNIT ( ) NAMED_UNIT ( * ) SI_UNIT ( $, .METRE. ) );
#1045 = ORIENTED_EDGE ( 'NONE', *, *, #789, .T. ) ;
#1046 = VERTEX_POINT ( 'NONE', #69 ) ;
#1047 = EDGE_CURVE ( 'NONE', #2528, #1912, #2547, .T. ) ;
#1048 = ORIENTED_EDGE ( 'NONE', *, *, #3314, .F. ) ;
#1049 = CARTESIAN_POINT ( 'NONE',  ( 0.1515000000000000000, 0.1704610158811598100, 0.1433240506259216000 ) ) ;
#1050 = CARTESIAN_POINT ( 'NONE',  ( 0.01750000000000001900, 0.01749999999999997000, 0.1667500000000000100 ) ) ;
#1051 = ORIENTED_EDGE ( 'NONE', *, *, #1822, .T. ) ;
#1052 = LINE ( 'NONE', #2108, #260 ) ;
#1053 = ORIENTED_EDGE ( 'NONE', *, *, #1585, .F. ) ;
#1054 = EDGE_CURVE ( 'NONE', #2159, #4, #278, .T. ) ;
#1055 = DIRECTION ( 'NONE',  ( 0.0000000000000000000, 0.3306871607406194300, -0.9437404313270189000 ) ) ;
#1056 = VERTEX_POINT ( 'NONE', #403 ) ;
#1057 = DIRECTION ( 'NONE',  ( 0.0000000000000000000, 0.0000000000000000000, -1.000000000000000000 ) ) ;
#1058 = ORIENTED_EDGE ( 'NONE', *, *, #3112, .T. ) ;
#1059 = AXIS2_PLACEMENT_3D ( 'NONE', #2217, #2779, #2995 ) ;
#1060 = CARTESIAN_POINT ( 'NONE',  ( 0.2000000000000001200, 0.9729999999999999800, 0.5314012169239522600 ) ) ;
#1061 = FACE_OUTER_BOUND ( 'NONE', #1550, .T. ) ;
#1062 = EDGE_LOOP ( 'NONE', ( #1328, #742, #2084, #1302 ) ) ;
#1063 = DIRECTION ( 'NONE',  ( -1.000000000000000000, -0.0000000000000000000, -0.0000000000000000000 ) ) ;
#1064 =( CONVERSION_BASED_UNIT ( 'INCH', #116 ) LENGTH_UNIT ( ) NAMED_UNIT ( #675 ) );
#1065 = AXIS2_PLACEMENT_3D ( 'NONE', #822, #2927, #315 ) ;
#1066 = CARTESIAN_POINT ( 'NONE',  ( 0.1968580883129209000, 0.6993364494154620200, 0.01325000000000000000 ) ) ;
#1067 = FACE_OUTER_BOUND ( 'NONE', #360, .T. ) ;
#1068 = CARTESIAN_POINT ( 'NONE',  ( -0.1418580883129208500, 0.4274865063424114800, 0.003249999999999999000 ) ) ;
#1069 = DIRECTION ( 'NONE',  ( -1.000000000000000000, 2.439149994343092200E-016, 0.0000000000000000000 ) ) ;
#1070 = EDGE_LOOP ( 'NONE', ( #968, #1884, #3133, #1957 ) ) ;
#1071 = ORIENTED_EDGE ( 'NONE', *, *, #674, .T. ) ;
#1072 = VECTOR ( 'NONE', #3186, 39.37007874015748100 ) ;
#1073 = EDGE_CURVE ( 'NONE', #1164, #1472, #3076, .T. ) ;
#1074 = VECTOR ( 'NONE', #208, 39.37007874015748100 ) ;
#1075 = CARTESIAN_POINT ( 'NONE',  ( -0.1165000000000000100, 0.2512473236267507300, -0.06174999999999638400 ) ) ;
#1076 = CIRCLE ( 'NONE', #67, 0.03499999999999999600 ) ;
#1077 = PLANE ( 'NONE',  #598 ) ;
#1078 = AXIS2_PLACEMENT_3D ( 'NONE', #1544, #1281, #1806 ) ;
#1079 = APPLICATION_PROTOCOL_DEFINITION ( 'draft international standard', 'automotive_design', 1998, #1807 ) ;
#1080 = VECTOR ( 'NONE', #943, 39.37007874015748100 ) ;
#1081 = ORIENTED_EDGE ( 'NONE', *, *, #1120, .F. ) ;
#1082 = DIRECTION ( 'NONE',  ( 0.0000000000000000000, 0.0000000000000000000, 1.000000000000000000 ) ) ;
#1083 = CARTESIAN_POINT ( 'NONE',  ( 0.08449999999999999200, 0.2414033584489619400, -0.04674999999999635700 ) ) ;
#1084 = DIRECTION ( 'NONE',  ( 0.0000000000000000000, 1.000000000000000000, 2.484761324180116700E-016 ) ) ;
#1085 = AXIS2_PLACEMENT_3D ( 'NONE', #979, #3376, #780 ) ;
#1086 = ORIENTED_EDGE ( 'NONE', *, *, #1881, .F. ) ;
#1087 = VERTEX_POINT ( 'NONE', #2047 ) ;
#1088 = VECTOR ( 'NONE', #1063, 39.37007874015748100 ) ;
#1089 = AXIS2_PLACEMENT_3D ( 'NONE', #2397, #845, #2669 ) ;
#1090 = DIRECTION ( 'NONE',  ( -0.0000000000000000000, 0.1391731009600709900, 0.9902680687415695800 ) ) ;
#1091 = LINE ( 'NONE', #3037, #2671 ) ;
#1092 = VERTEX_POINT ( 'NONE', #2798 ) ;
#1093 = ORIENTED_EDGE ( 'NONE', *, *, #2103, .F. ) ;
#1094 = ORIENTED_EDGE ( 'NONE', *, *, #2943, .T. ) ;
#1095 = EDGE_CURVE ( 'NONE', #3324, #3273, #1264, .T. ) ;
#1096 = COLOUR_RGB ( '',0.7921568627450980000, 0.8196078431372548800, 0.9333333333333333500 ) ;
#1097 = CARTESIAN_POINT ( 'NONE',  ( -0.1400000000000000700, 0.4630000000000000200, -0.1667500000000000100 ) ) ;
#1098 = ORIENTED_EDGE ( 'NONE', *, *, #3120, .F. ) ;
#1099 = EDGE_CURVE ( 'NONE', #2812, #1684, #2053, .T. ) ;
#1100 = CARTESIAN_POINT ( 'NONE',  ( -0.1991272467535887500, 0.3629999999999999900, -0.1167499999999999900 ) ) ;
#1101 = CARTESIAN_POINT ( 'NONE',  ( 0.04949999999999999500, 0.1430552237434503400, -0.005749999999999999900 ) ) ;
#1102 = DIRECTION ( 'NONE',  ( 0.0000000000000000000, 0.0000000000000000000, 1.000000000000000000 ) ) ;
#1103 = ORIENTED_EDGE ( 'NONE', *, *, #1980, .T. ) ;
#1104 = CARTESIAN_POINT ( 'NONE',  ( -0.04950000000000000900, 0.2414033584489619100, -0.06174999999999634900 ) ) ;
#1105 = DIRECTION ( 'NONE',  ( 1.000000000000000000, 0.0000000000000000000, 0.0000000000000000000 ) ) ;
#1106 = COLOUR_RGB ( '',0.7921568627450980000, 0.8196078431372548800, 0.9333333333333333500 ) ;
#1107 = VERTEX_POINT ( 'NONE', #992 ) ;
#1108 = DIRECTION ( 'NONE',  ( -0.0000000000000000000, 1.000000000000000000, 7.585704903766803000E-017 ) ) ;
#1109 = DIRECTION ( 'NONE',  ( 1.000000000000000000, 0.0000000000000000000, -0.0000000000000000000 ) ) ;
#1110 = ADVANCED_FACE ( 'NONE', ( #2790 ), #2749, .F. ) ;
#1111 = FACE_OUTER_BOUND ( 'NONE', #2132, .T. ) ;
#1112 = VERTEX_POINT ( 'NONE', #1248 ) ;
#1113 = VERTEX_POINT ( 'NONE', #3359 ) ;
#1114 = EDGE_CURVE ( 'NONE', #3003, #2587, #2960, .T. ) ;
#1115 = CARTESIAN_POINT ( 'NONE',  ( 0.1515000000000000000, 0.2182164085303050200, -0.03832405062591805200 ) ) ;
#1116 = LINE ( 'NONE', #2104, #204 ) ;
#1117 = FACE_OUTER_BOUND ( 'NONE', #2471, .T. ) ;
#1118 = ORIENTED_EDGE ( 'NONE', *, *, #1180, .F. ) ;
#1119 = DIRECTION ( 'NONE',  ( -0.0000000000000000000, 0.1391731009600705400, 0.9902680687415695800 ) ) ;
#1120 = EDGE_CURVE ( 'NONE', #77, #3055, #3368, .T. ) ;
#1121 = DIRECTION ( 'NONE',  ( 0.0000000000000000000, -0.9437404313270189000, -0.3306871607406194300 ) ) ;
#1122 = LINE ( 'NONE', #46, #1653 ) ;
#1123 = CARTESIAN_POINT ( 'NONE',  ( 0.08449999999999999200, -5.793169099044418500E-018, 0.009249999999999977000 ) ) ;
#1124 = CIRCLE ( 'NONE', #1167, 0.02000000000000000700 ) ;
#1125 = ORIENTED_EDGE ( 'NONE', *, *, #1523, .T. ) ;
#1126 = CARTESIAN_POINT ( 'NONE',  ( 0.2000000000000000400, 0.3629999999999999300, -0.1667500000000347000 ) ) ;
#1127 = DIRECTION ( 'NONE',  ( -0.0000000000000000000, -0.1045284632676528600, 0.9945218953682732900 ) ) ;
#1128 = ORIENTED_EDGE ( 'NONE', *, *, #1691, .F. ) ;
#1129 = ORIENTED_EDGE ( 'NONE', *, *, #586, .F. ) ;
#1130 = CARTESIAN_POINT ( 'NONE',  ( 0.08449999999999999200, 0.1629215429372074300, 0.003065436170423566700 ) ) ;
#1131 = ORIENTED_EDGE ( 'NONE', *, *, #3214, .T. ) ;
#1132 = ADVANCED_FACE ( 'NONE', ( #660 ), #2234, .T. ) ;
#1133 = ORIENTED_EDGE ( 'NONE', *, *, #2478, .F. ) ;
#1134 = ORIENTED_EDGE ( 'NONE', *, *, #2103, .T. ) ;
#1135 = DIRECTION ( 'NONE',  ( 1.000000000000000000, 0.0000000000000000000, -0.0000000000000000000 ) ) ;
#1136 = CARTESIAN_POINT ( 'NONE',  ( 0.01750000000000000200, 0.1704610158811598100, 0.1433240506259216000 ) ) ;
#1137 = CIRCLE ( 'NONE', #1610, 0.02000000000000000700 ) ;
#1138 = EDGE_LOOP ( 'NONE', ( #1421, #2446, #954, #15 ) ) ;
#1139 = ORIENTED_EDGE ( 'NONE', *, *, #2588, .T. ) ;
#1140 =( CONVERSION_BASED_UNIT ( 'INCH', #792 ) LENGTH_UNIT ( ) NAMED_UNIT ( #1968 ) );
#1141 = VECTOR ( 'NONE', #2592, 39.37007874015748100 ) ;
#1142 = EDGE_CURVE ( 'NONE', #2002, #1435, #101, .T. ) ;
#1143 = CARTESIAN_POINT ( 'NONE',  ( -0.1165000000000000100, 0.3637882817644925200, -0.06174999999999637700 ) ) ;
#1144 = PRESENTATION_LAYER_ASSIGNMENT (  '', '', ( #3094 ) ) ;
#1145 =( CONVERSION_BASED_UNIT ( 'INCH', #958 ) LENGTH_UNIT ( ) NAMED_UNIT ( #109 ) );
#1146 = FACE_OUTER_BOUND ( 'NONE', #3369, .T. ) ;
#1147 = DIRECTION ( 'NONE',  ( -0.0000000000000000000, 0.5676091198216328700, 0.8232981762978169900 ) ) ;
#1148 = ADVANCED_FACE ( 'NONE', ( #2677 ), #418, .T. ) ;
#1149 = CARTESIAN_POINT ( 'NONE',  ( 0.2000000000000000400, 0.7011889763779527400, -0.1167499999999999900 ) ) ;
#1150 = VECTOR ( 'NONE', #1985, 39.37007874015748100 ) ;
#1151 = AXIS2_PLACEMENT_3D ( 'NONE', #956, #3279, #3022 ) ;
#1152 = CYLINDRICAL_SURFACE ( 'NONE', #2915, 0.02749999999999999700 ) ;
#1153 = ORIENTED_EDGE ( 'NONE', *, *, #287, .T. ) ;
#1154 = DIRECTION ( 'NONE',  ( -0.0000000000000000000, -0.0000000000000000000, -1.000000000000000000 ) ) ;
#1155 = FACE_OUTER_BOUND ( 'NONE', #1062, .T. ) ;
#1156 = VERTEX_POINT ( 'NONE', #1191 ) ;
#1157 = DIRECTION ( 'NONE',  ( -1.000000000000000000, -0.0000000000000000000, -0.0000000000000000000 ) ) ;
#1158 = EDGE_CURVE ( 'NONE', #415, #1211, #1885, .T. ) ;
#1159 = FACE_OUTER_BOUND ( 'NONE', #450, .T. ) ;
#1160 = DIRECTION ( 'NONE',  ( 0.0000000000000000000, 0.9945218953682736200, 0.1045284632676509600 ) ) ;
#1161 = VERTEX_POINT ( 'NONE', #1675 ) ;
#1162 = EDGE_CURVE ( 'NONE', #117, #3165, #1091, .T. ) ;
#1163 = ADVANCED_FACE ( 'NONE', ( #2583 ), #1549, .F. ) ;
#1164 = VERTEX_POINT ( 'NONE', #3004 ) ;
#1165 = DIRECTION ( 'NONE',  ( -0.0000000000000000000, -1.000000000000000000, -0.0000000000000000000 ) ) ;
#1166 = CARTESIAN_POINT ( 'NONE',  ( 0.08449999999999999200, 0.3629999999999999300, -0.05424999999999637100 ) ) ;
#1167 = AXIS2_PLACEMENT_3D ( 'NONE', #984, #1272, #2069 ) ;
#1168 = ORIENTED_EDGE ( 'NONE', *, *, #987, .T. ) ;
#1169 = CARTESIAN_POINT ( 'NONE',  ( 0.1165000000000000100, 0.2512473236267506700, -0.02674999999999637400 ) ) ;
#1170 = DIRECTION ( 'NONE',  ( 0.0000000000000000000, -0.0000000000000000000, 1.000000000000000000 ) ) ;
#1171 = ORIENTED_EDGE ( 'NONE', *, *, #515, .T. ) ;
#1172 = EDGE_LOOP ( 'NONE', ( #595, #2237, #751, #1511 ) ) ;
#1173 = AXIS2_PLACEMENT_3D ( 'NONE', #812, #548, #561 ) ;
#1174 = VERTEX_POINT ( 'NONE', #2224 ) ;
#1175 = DIRECTION ( 'NONE',  ( -1.000000000000000000, -0.0000000000000000000, -0.0000000000000000000 ) ) ;
#1176 = CARTESIAN_POINT ( 'NONE',  ( -0.08450000000000002000, 0.2414033584489619600, -0.02674999999999635700 ) ) ;
#1177 = VERTEX_POINT ( 'NONE', #663 ) ;
#1178 = EDGE_CURVE ( 'NONE', #2320, #1495, #3028, .T. ) ;
#1179 = DIRECTION ( 'NONE',  ( -1.000000000000000000, -0.0000000000000000000, -0.0000000000000000000 ) ) ;
#1180 = EDGE_CURVE ( 'NONE', #117, #2087, #3259, .T. ) ;
#1181 = LINE ( 'NONE', #2128, #1477 ) ;
#1182 = DIRECTION ( 'NONE',  ( -1.000000000000000000, -0.0000000000000000000, -0.0000000000000000000 ) ) ;
#1183 = DIRECTION ( 'NONE',  ( -0.0000000000000000000, 1.000000000000000000, 7.757935840332562600E-016 ) ) ;
#1184 = AXIS2_PLACEMENT_3D ( 'NONE', #2137, #17, #267 ) ;
#1185 = LINE ( 'NONE', #2803, #1479 ) ;
#1186 = ORIENTED_EDGE ( 'NONE', *, *, #2652, .F. ) ;
#1187 = DIRECTION ( 'NONE',  ( -1.000000000000000000, 0.0000000000000000000, -0.0000000000000000000 ) ) ;
#1188 = ADVANCED_FACE ( 'NONE', ( #1490 ), #2308, .F. ) ;
#1189 = FILL_AREA_STYLE_COLOUR ( '', #1320 ) ;
#1190 = CIRCLE ( 'NONE', #1065, 0.03499999999999994800 ) ;
#1191 = CARTESIAN_POINT ( 'NONE',  ( -0.08450000000000002000, 0.2414033584489619600, -0.04674999999999635700 ) ) ;
#1192 = CARTESIAN_POINT ( 'NONE',  ( -0.1165000000000000100, 0.2323725150002103100, -0.03336374321480876900 ) ) ;
#1193 = PLANE ( 'NONE',  #798 ) ;
#1194 = LINE ( 'NONE', #967, #3182 ) ;
#1195 = CARTESIAN_POINT ( 'NONE',  ( -0.04950000000000000900, 0.2414033584489619600, -0.04674999999999635700 ) ) ;
#1196 = ADVANCED_FACE ( 'NONE', ( #2957 ), #2015, .T. ) ;
#1197 = VECTOR ( 'NONE', #1240, 39.37007874015748900 ) ;
#1198 = VECTOR ( 'NONE', #857, 39.37007874015748100 ) ;
#1199 = EDGE_CURVE ( 'NONE', #2099, #2447, #2791, .T. ) ;
#1200 = CARTESIAN_POINT ( 'NONE',  ( -0.08450000000000002000, 0.01750000000000001900, -0.02575000000000002600 ) ) ;
#1201 = DIRECTION ( 'NONE',  ( -0.0000000000000000000, -0.1045284632676531100, 0.9945218953682732900 ) ) ;
#1202 = VECTOR ( 'NONE', #1345, 39.37007874015748100 ) ;
#1203 = LINE ( 'NONE', #1529, #560 ) ;
#1204 = DIRECTION ( 'NONE',  ( -0.0000000000000000000, 0.0000000000000000000, -1.000000000000000000 ) ) ;
#1205 = CARTESIAN_POINT ( 'NONE',  ( -0.1400000000000000700, 0.4630000000000000200, 0.5314012169239522600 ) ) ;
#1206 = EDGE_CURVE ( 'NONE', #3365, #3104, #2767, .T. ) ;
#1207 = LINE ( 'NONE', #1698, #3228 ) ;
#1208 = ORIENTED_EDGE ( 'NONE', *, *, #148, .F. ) ;
#1209 = UNCERTAINTY_MEASURE_WITH_UNIT (LENGTH_MEASURE( 1.000000000000000100E-005 ), #3115, 'distance_accuracy_value', 'NONE');
#1210 = ORIENTED_EDGE ( 'NONE', *, *, #2874, .F. ) ;
#1211 = VERTEX_POINT ( 'NONE', #2568 ) ;
#1212 = CARTESIAN_POINT ( 'NONE',  ( 0.1165000000000000100, 0.3640540562602678200, -0.04674999999999636400 ) ) ;
#1213 = VERTEX_POINT ( 'NONE', #3063 ) ;
#1214 = DIRECTION ( 'NONE',  ( -1.000000000000000000, -0.0000000000000000000, -0.0000000000000000000 ) ) ;
#1215 = ADVANCED_FACE ( 'NONE', ( #1230 ), #1232, .F. ) ;
#1216 = ORIENTED_EDGE ( 'NONE', *, *, #656, .F. ) ;
#1217 = CARTESIAN_POINT ( 'NONE',  ( 0.01750000000000000200, 0.1704610158811598100, 0.1433240506259216000 ) ) ;
#1218 = CARTESIAN_POINT ( 'NONE',  ( 0.08449999999999999200, 0.1430552237434503400, -0.02574999999999999200 ) ) ;
#1219 = DIRECTION ( 'NONE',  ( 0.0000000000000000000, -1.000000000000000000, -7.927237481615049400E-016 ) ) ;
#1220 = CARTESIAN_POINT ( 'NONE',  ( 0.2000000000000000400, 0.7011889763779527400, -0.1667500000000000100 ) ) ;
#1221 = EDGE_LOOP ( 'NONE', ( #612, #613, #2331, #2590 ) ) ;
#1222 = AXIS2_PLACEMENT_3D ( 'NONE', #1002, #1765, #3052 ) ;
#1223 = LINE ( 'NONE', #3095, #535 ) ;
#1224 = DIRECTION ( 'NONE',  ( 1.000000000000000000, 0.0000000000000000000, 0.0000000000000000000 ) ) ;
#1225 = CARTESIAN_POINT ( 'NONE',  ( -0.1400000000000000700, 0.4630000000000000200, -0.1667500000000000100 ) ) ;
#1226 = ORIENTED_EDGE ( 'NONE', *, *, #719, .F. ) ;
#1227 = CARTESIAN_POINT ( 'NONE',  ( 0.08449999999999999200, 0.1544074061398829400, -0.009284036474043634900 ) ) ;
#1228 = EDGE_CURVE ( 'NONE', #331, #1107, #2653, .T. ) ;
#1229 = PLANE ( 'NONE',  #2748 ) ;
#1230 = FACE_OUTER_BOUND ( 'NONE', #856, .T. ) ;
#1231 = SURFACE_STYLE_USAGE ( .BOTH. , #2260 ) ;
#1232 = PLANE ( 'NONE',  #714 ) ;
#1233 = DIRECTION ( 'NONE',  ( 1.000000000000000000, 0.0000000000000000000, -0.0000000000000000000 ) ) ;
#1234 = EDGE_CURVE ( 'NONE', #487, #1796, #1377, .T. ) ;
#1235 = CARTESIAN_POINT ( 'NONE',  ( -0.1418580883129208500, 0.4274865063424114800, 0.003249999999999999000 ) ) ;
#1236 = ADVANCED_FACE ( 'NONE', ( #2322 ), #3099, .T. ) ;
#1237 = VECTOR ( 'NONE', #3197, 39.37007874015748100 ) ;
#1238 = ORIENTED_EDGE ( 'NONE', *, *, #1785, .T. ) ;
#1239 = LINE ( 'NONE', #877, #3257 ) ;
#1240 = DIRECTION ( 'NONE',  ( -0.01735682921029302000, 0.1045127169842847000, -0.9943720794895275500 ) ) ;
#1241 = ORIENTED_EDGE ( 'NONE', *, *, #3314, .T. ) ;
#1242 = ORIENTED_EDGE ( 'NONE', *, *, #1323, .F. ) ;
#1243 = CARTESIAN_POINT ( 'NONE',  ( 0.0000000000000000000, 0.8529999999999999800, -0.1667500000000000100 ) ) ;
#1244 = DIRECTION ( 'NONE',  ( -1.000000000000000000, 7.168278826350445500E-017, 0.0000000000000000000 ) ) ;
#1246 = VERTEX_POINT ( 'NONE', #723 ) ;
#1245 = AXIS2_PLACEMENT_3D ( 'NONE', #1793, #489, #999 ) ;
#1247 = VECTOR ( 'NONE', #603, 39.37007874015748100 ) ;
#1248 = CARTESIAN_POINT ( 'NONE',  ( -0.1164999999999999900, 0.01749999999999999500, 0.1667500000000000100 ) ) ;
#1249 = CARTESIAN_POINT ( 'NONE',  ( 0.2000000000000000400, 0.3629999999999999300, -0.1667500000000000100 ) ) ;
#1250 = AXIS2_PLACEMENT_3D ( 'NONE', #1682, #103, #2444 ) ;
#1251 = EDGE_LOOP ( 'NONE', ( #3195, #3249 ) ) ;
#1252 = DIRECTION ( 'NONE',  ( -1.000000000000000000, -0.0000000000000000000, -0.0000000000000000000 ) ) ;
#1253 = CARTESIAN_POINT ( 'NONE',  ( 0.1999619762574454100, 0.3474953072640825600, -0.1645716212480198800 ) ) ;
#1254 = CARTESIAN_POINT ( 'NONE',  ( 0.08449999999999999200, 0.2414033584489619400, -0.02674999999999635700 ) ) ;
#1255 = EDGE_CURVE ( 'NONE', #1864, #1007, #24, .T. ) ;
#1256 = EDGE_LOOP ( 'NONE', ( #202, #2857, #1415, #330 ) ) ;
#1257 = CARTESIAN_POINT ( 'NONE',  ( -0.04950000000000000900, 0.3640540562602678800, -0.04674999999999634300 ) ) ;
#1258 = ORIENTED_EDGE ( 'NONE', *, *, #165, .T. ) ;
#1259 = ORIENTED_EDGE ( 'NONE', *, *, #1316, .F. ) ;
#1260 = AXIS2_PLACEMENT_3D ( 'NONE', #2710, #110, #1915 ) ;
#1261 = DIRECTION ( 'NONE',  ( -1.000000000000000000, -0.0000000000000000000, 0.0000000000000000000 ) ) ;
#1262 = ORIENTED_EDGE ( 'NONE', *, *, #1977, .F. ) ;
#1263 = FACE_OUTER_BOUND ( 'NONE', #1138, .T. ) ;
#1264 = CIRCLE ( 'NONE', #2366, 0.01750000000000000200 ) ;
#1265 = ORIENTED_EDGE ( 'NONE', *, *, #1781, .T. ) ;
#1266 = CARTESIAN_POINT ( 'NONE',  ( -0.1991272467535886700, 0.7011889763779527400, -0.1167499999999999900 ) ) ;
#1267 = ORIENTED_EDGE ( 'NONE', *, *, #248, .T. ) ;
#1268 = CARTESIAN_POINT ( 'NONE',  ( -0.1165000000000000100, 0.1704610158811598300, 0.1433240506259216000 ) ) ;
#1269 = LINE ( 'NONE', #2585, #190 ) ;
#1270 = DIRECTION ( 'NONE',  ( 1.000000000000000000, 0.0000000000000000000, 0.0000000000000000000 ) ) ;
#1271 = ORIENTED_EDGE ( 'NONE', *, *, #2588, .F. ) ;
#1272 = DIRECTION ( 'NONE',  ( -1.000000000000000000, -0.0000000000000000000, -0.0000000000000000000 ) ) ;
#1273 = CARTESIAN_POINT ( 'NONE',  ( 0.01750000000000000200, 0.1563049094112543600, 0.1383637432148122600 ) ) ;
#1274 = DIRECTION ( 'NONE',  ( 1.000000000000000000, -2.439149994343091700E-016, 0.0000000000000000000 ) ) ;
#1275 = DIRECTION ( 'NONE',  ( 0.0000000000000000000, 0.0000000000000000000, -1.000000000000000000 ) ) ;
#1276 = ORIENTED_EDGE ( 'NONE', *, *, #1476, .F. ) ;
#1277 = DIRECTION ( 'NONE',  ( -0.0000000000000000000, -0.1045284632676528600, 0.9945218953682732900 ) ) ;
#1278 = EDGE_CURVE ( 'NONE', #299, #1656, #2453, .T. ) ;
#1279 = ORIENTED_EDGE ( 'NONE', *, *, #1519, .F. ) ;
#1280 = DIRECTION ( 'NONE',  ( 0.0000000000000000000, 0.0000000000000000000, 1.000000000000000000 ) ) ;
#1281 = DIRECTION ( 'NONE',  ( -1.000000000000000000, -0.0000000000000000000, 0.0000000000000000000 ) ) ;
#1282 = EDGE_CURVE ( 'NONE', #2002, #2063, #1344, .T. ) ;
#1283 = LINE ( 'NONE', #158, #1896 ) ;
#1284 = ORIENTED_EDGE ( 'NONE', *, *, #1831, .T. ) ;
#1285 = ORIENTED_EDGE ( 'NONE', *, *, #2300, .F. ) ;
#1286 = FACE_OUTER_BOUND ( 'NONE', #1221, .T. ) ;
#1287 = CARTESIAN_POINT ( 'NONE',  ( -0.1693580883129208200, 0.4274865063424114800, 0.003249999999999999000 ) ) ;
#1288 = DIRECTION ( 'NONE',  ( -1.000000000000000000, -0.0000000000000000000, -0.0000000000000000000 ) ) ;
#1289 = CARTESIAN_POINT ( 'NONE',  ( -0.1693580883129208200, 0.4274865063424114800, 0.003249999999999999000 ) ) ;
#1290 = VECTOR ( 'NONE', #2315, 39.37007874015748100 ) ;
#1291 = VECTOR ( 'NONE', #1337, 39.37007874015748100 ) ;
#1292 = ORIENTED_EDGE ( 'NONE', *, *, #772, .F. ) ;
#1293 = DIRECTION ( 'NONE',  ( -1.000000000000000000, -0.0000000000000000000, -0.0000000000000000000 ) ) ;
#1294 = AXIS2_PLACEMENT_3D ( 'NONE', #1565, #2327, #2058 ) ;
#1295 = LINE ( 'NONE', #1987, #597 ) ;
#1296 = ORIENTED_EDGE ( 'NONE', *, *, #3136, .F. ) ;
#1297 = CARTESIAN_POINT ( 'NONE',  ( 0.1515000000000000200, 0.01749999999999994600, 0.1317500000000000100 ) ) ;
#1298 = EDGE_CURVE ( 'NONE', #2368, #781, #2302, .T. ) ;
#1299 = EDGE_LOOP ( 'NONE', ( #1342, #1360, #1367, #219 ) ) ;
#1300 = VERTEX_POINT ( 'NONE', #2804 ) ;
#1301 = FACE_OUTER_BOUND ( 'NONE', #788, .T. ) ;
#1302 = ORIENTED_EDGE ( 'NONE', *, *, #483, .F. ) ;
#1303 = ORIENTED_EDGE ( 'NONE', *, *, #2737, .F. ) ;
#1304 = EDGE_CURVE ( 'NONE', #3180, #892, #2845, .T. ) ;
#1305 = CARTESIAN_POINT ( 'NONE',  ( 0.01750000000000000200, 0.2323725150002102500, -0.03336374321480876900 ) ) ;
#1306 = ORIENTED_EDGE ( 'NONE', *, *, #2758, .F. ) ;
#1307 = ORIENTED_EDGE ( 'NONE', *, *, #339, .T. ) ;
#1308 = SURFACE_STYLE_USAGE ( .BOTH. , #1548 ) ;
#1309 = ORIENTED_EDGE ( 'NONE', *, *, #939, .F. ) ;
#1310 = VERTEX_POINT ( 'NONE', #711 ) ;
#1311 =( CONVERSION_BASED_UNIT ( 'INCH', #2521 ) LENGTH_UNIT ( ) NAMED_UNIT ( #1674 ) );
#1312 = PLANE ( 'NONE',  #858 ) ;
#1313 = VERTEX_POINT ( 'NONE', #957 ) ;
#1314 = CARTESIAN_POINT ( 'NONE',  ( -0.04950000000000000900, 0.1430552237434503700, 0.009249999999999977000 ) ) ;
#1315 = CARTESIAN_POINT ( 'NONE',  ( -0.01750000000000000200, 0.2512473236267506700, -0.04674999999999636400 ) ) ;
#1316 = EDGE_CURVE ( 'NONE', #2807, #1463, #1851, .T. ) ;
#1317 =( CONVERSION_BASED_UNIT ( 'INCH', #2106 ) LENGTH_UNIT ( ) NAMED_UNIT ( #1708 ) );
#1318 = DIRECTION ( 'NONE',  ( 0.0000000000000000000, 0.0000000000000000000, 1.000000000000000000 ) ) ;
#1319 = VECTOR ( 'NONE', #2793, 39.37007874015748100 ) ;
#1320 = COLOUR_RGB ( '',0.7921568627450980000, 0.8196078431372548800, 0.9333333333333333500 ) ;
#1321 = CARTESIAN_POINT ( 'NONE',  ( -0.04950000000000000900, 0.3637882817644925200, -0.06174999999999636300 ) ) ;
#1322 = ORIENTED_EDGE ( 'NONE', *, *, #2180, .F. ) ;
#1323 = EDGE_CURVE ( 'NONE', #2796, #1795, #1116, .T. ) ;
#1324 = EDGE_LOOP ( 'NONE', ( #1809, #2991, #358, #2966, #342, #2739, #2243, #2378, #702, #2542, #480, #1258, #2165 ) ) ;
#1325 = FACE_OUTER_BOUND ( 'NONE', #1395, .T. ) ;
#1326 = LINE ( 'NONE', #2343, #2937 ) ;
#1327 = EDGE_LOOP ( 'NONE', ( #1688, #1583, #1339, #1368 ) ) ;
#1328 = ORIENTED_EDGE ( 'NONE', *, *, #1162, .F. ) ;
#1329 = DIRECTION ( 'NONE',  ( 0.0000000000000000000, -0.9902680687415695800, 0.1391731009600709900 ) ) ;
#1330 = VECTOR ( 'NONE', #201, 39.37007874015748100 ) ;
#1331 = LINE ( 'NONE', #1599, #1034 ) ;
#1332 = VECTOR ( 'NONE', #2497, 39.37007874015748100 ) ;
#1333 = CARTESIAN_POINT ( 'NONE',  ( 0.1399999999999999600, 0.4629999999999999700, -0.1667500000000000100 ) ) ;
#1334 = VERTEX_POINT ( 'NONE', #29 ) ;
#1335 = AXIS2_PLACEMENT_3D ( 'NONE', #2496, #443, #1981 ) ;
#1336 = ORIENTED_EDGE ( 'NONE', *, *, #3261, .F. ) ;
#1337 = DIRECTION ( 'NONE',  ( -1.000000000000000000, -0.0000000000000000000, -0.0000000000000000000 ) ) ;
#1338 = ORIENTED_EDGE ( 'NONE', *, *, #3091, .T. ) ;
#1339 = ORIENTED_EDGE ( 'NONE', *, *, #1278, .F. ) ;
#1340 = EDGE_CURVE ( 'NONE', #449, #2958, #279, .T. ) ;
#1341 = ORIENTED_EDGE ( 'NONE', *, *, #3173, .T. ) ;
#1342 = ORIENTED_EDGE ( 'NONE', *, *, #1519, .T. ) ;
#1343 = CARTESIAN_POINT ( 'NONE',  ( -0.1515000000000000000, 0.01749999999999999500, 0.1317500000000000100 ) ) ;
#1344 = LINE ( 'NONE', #1485, #3193 ) ;
#1345 = DIRECTION ( 'NONE',  ( -0.0000000000000000000, -1.000000000000000000, -2.484761324180116700E-016 ) ) ;
#1346 = ORIENTED_EDGE ( 'NONE', *, *, #1006, .F. ) ;
#1347 = VECTOR ( 'NONE', #2723, 39.37007874015748100 ) ;
#1348 = DIRECTION ( 'NONE',  ( 0.0000000000000000000, 0.0000000000000000000, -1.000000000000000000 ) ) ;
#1349 = ORIENTED_EDGE ( 'NONE', *, *, #165, .F. ) ;
#1350 = EDGE_CURVE ( 'NONE', #333, #1407, #3315, .T. ) ;
#1351 = CARTESIAN_POINT ( 'NONE',  ( 0.08449999999999999200, 0.2215370392552048200, -0.05556543617041998000 ) ) ;
#1352 = CARTESIAN_POINT ( 'NONE',  ( -0.1165000000000000100, 0.3637882817644925200, -0.06174999999999637700 ) ) ;
#1353 = CARTESIAN_POINT ( 'NONE',  ( -0.1165000000000000100, 0.3640540562602678800, -0.04674999999999636400 ) ) ;
#1354 = ORIENTED_EDGE ( 'NONE', *, *, #768, .T. ) ;
#1355 = CARTESIAN_POINT ( 'NONE',  ( 0.1515000000000000000, 0.1704610158811598100, 0.1433240506259216000 ) ) ;
#1356 =( LENGTH_UNIT ( ) NAMED_UNIT ( * ) SI_UNIT ( $, .METRE. ) );
#1357 = AXIS2_PLACEMENT_3D ( 'NONE', #470, #1805, #255 ) ;
#1358 = AXIS2_PLACEMENT_3D ( 'NONE', #295, #1848, #2121 ) ;
#1359 = AXIS2_PLACEMENT_3D ( 'NONE', #362, #2999, #1640 ) ;
#1360 = ORIENTED_EDGE ( 'NONE', *, *, #2199, .F. ) ;
#1361 = DIRECTION ( 'NONE',  ( -0.0000000000000000000, -0.1045284632676531100, 0.9945218953682732900 ) ) ;
#1362 = AXIS2_PLACEMENT_3D ( 'NONE', #1169, #1687, #3271 ) ;
#1363 = CARTESIAN_POINT ( 'NONE',  ( -0.08450000000000002000, 0.3640540562602678800, -0.04674999999999634300 ) ) ;
#1364 = VECTOR ( 'NONE', #2127, 39.37007874015748100 ) ;
#1365 = EDGE_CURVE ( 'NONE', #2170, #2115, #1373, .T. ) ;
#1366 = LENGTH_MEASURE_WITH_UNIT ( LENGTH_MEASURE( 0.02539999999999999900 ), #1924 );
#1367 = ORIENTED_EDGE ( 'NONE', *, *, #472, .F. ) ;
#1368 = ORIENTED_EDGE ( 'NONE', *, *, #2535, .T. ) ;
#1369 = ORIENTED_EDGE ( 'NONE', *, *, #3237, .T. ) ;
#1370 = EDGE_CURVE ( 'NONE', #2438, #2573, #1493, .T. ) ;
#1371 = LINE ( 'NONE', #1458, #512 ) ;
#1372 = DIRECTION ( 'NONE',  ( -0.0000000000000000000, -1.000000000000000000, -2.484761324180116700E-016 ) ) ;
#1373 = LINE ( 'NONE', #2317, #2822 ) ;
#1374 = CIRCLE ( 'NONE', #2724, 0.02000000000000000700 ) ;
#1375 = DIRECTION ( 'NONE',  ( -0.0000000000000000000, 0.1391731009600709900, 0.9902680687415695800 ) ) ;
#1376 = AXIS2_PLACEMENT_3D ( 'NONE', #1764, #2328, #2059 ) ;
#1377 = LINE ( 'NONE', #194, #3269 ) ;
#1378 = LENGTH_MEASURE_WITH_UNIT ( LENGTH_MEASURE( 0.02539999999999999900 ), #2569 );
#1379 = ORIENTED_EDGE ( 'NONE', *, *, #241, .T. ) ;
#1380 = AXIS2_PLACEMENT_3D ( 'NONE', #3103, #3362, #778 ) ;
#1381 = ADVANCED_FACE ( 'NONE', ( #643 ), #3188, .F. ) ;
#1382 = AXIS2_PLACEMENT_3D ( 'NONE', #2721, #889, #3276 ) ;
#1383 = ORIENTED_EDGE ( 'NONE', *, *, #203, .T. ) ;
#1384 = EDGE_CURVE ( 'NONE', #1707, #1161, #2155, .T. ) ;
#1385 = ORIENTED_EDGE ( 'NONE', *, *, #3012, .F. ) ;
#1386 = DIRECTION ( 'NONE',  ( 1.000000000000000000, 0.0000000000000000000, 0.0000000000000000000 ) ) ;
#1387 = DIRECTION ( 'NONE',  ( -1.000000000000000000, -0.0000000000000000000, -0.0000000000000000000 ) ) ;
#1388 = CARTESIAN_POINT ( 'NONE',  ( 0.01750000000000000200, 0.2182164085303050200, -0.03832405062591805200 ) ) ;
#1389 = VECTOR ( 'NONE', #438, 39.37007874015748100 ) ;
#1390 = EDGE_LOOP ( 'NONE', ( #2665, #537, #1763, #818, #3036, #1834, #913, #2756 ) ) ;
#1391 = DIRECTION ( 'NONE',  ( 7.168278826350445500E-017, 1.000000000000000000, 0.0000000000000000000 ) ) ;
#1392 = ORIENTED_EDGE ( 'NONE', *, *, #768, .F. ) ;
#1393 = EDGE_CURVE ( 'NONE', #1912, #1666, #2113, .T. ) ;
#1394 = EDGE_LOOP ( 'NONE', ( #184, #1392, #1425, #934 ) ) ;
#1395 = EDGE_LOOP ( 'NONE', ( #2961, #181, #3062, #310 ) ) ;
#1396 = ORIENTED_EDGE ( 'NONE', *, *, #906, .T. ) ;
#1397 = ADVANCED_FACE ( 'NONE', ( #730 ), #808, .F. ) ;
#1398 = CARTESIAN_POINT ( 'NONE',  ( 0.01750000000000000200, 0.1374301007847139900, 0.1517499999999998800 ) ) ;
#1399 = PLANE ( 'NONE',  #3246 ) ;
#1400 = DIRECTION ( 'NONE',  ( 0.0000000000000000000, -1.000000000000000000, 0.0000000000000000000 ) ) ;
#1401 =( NAMED_UNIT ( * ) PLANE_ANGLE_UNIT ( ) SI_UNIT ( $, .RADIAN. ) );
#1402 = FACE_OUTER_BOUND ( 'NONE', #2133, .T. ) ;
#1403 = CARTESIAN_POINT ( 'NONE',  ( -0.2000000000000000400, 0.3629999999999999900, -0.1667500000000000100 ) ) ;
#1404 = PRODUCT_DEFINITION_FORMATION_WITH_SPECIFIED_SOURCE ( 'ANY', '', #1676, .NOT_KNOWN. ) ;
#1405 = FILL_AREA_STYLE ('',( #2974 ) ) ;
#1406 = DIMENSIONAL_EXPONENTS ( 1.000000000000000000, 0.0000000000000000000, 0.0000000000000000000, 0.0000000000000000000, 0.0000000000000000000, 0.0000000000000000000, 0.0000000000000000000 ) ;
#1407 = VERTEX_POINT ( 'NONE', #1905 ) ;
#1408 = EDGE_CURVE ( 'NONE', #2958, #1733, #3147, .T. ) ;
#1409 = VECTOR ( 'NONE', #182, 39.37007874015748100 ) ;
#1410 = FACE_OUTER_BOUND ( 'NONE', #2141, .T. ) ;
#1411 = EDGE_CURVE ( 'NONE', #2523, #1886, #2615, .T. ) ;
#1412 = ADVANCED_FACE ( 'NONE', ( #2772 ), #355, .F. ) ;
#1413 = CARTESIAN_POINT ( 'NONE',  ( 0.01750000000000000200, -3.201263598694161200E-017, 0.1667500000000000100 ) ) ;
#1414 = VECTOR ( 'NONE', #312, 39.37007874015748100 ) ;
#1415 = ORIENTED_EDGE ( 'NONE', *, *, #1622, .F. ) ;
#1416 = AXIS2_PLACEMENT_3D ( 'NONE', #296, #2891, #3151 ) ;
#1417 = DIRECTION ( 'NONE',  ( -1.000000000000000000, -0.0000000000000000000, -0.0000000000000000000 ) ) ;
#1418 = CARTESIAN_POINT ( 'NONE',  ( 0.0000000000000000000, 0.0000000000000000000, -0.1667500000000000100 ) ) ;
#1419 = CARTESIAN_POINT ( 'NONE',  ( 0.2000000000000000400, 0.7011889763779527400, 0.5314012169239522600 ) ) ;
#1420 = VERTEX_POINT ( 'NONE', #1986 ) ;
#1421 = ORIENTED_EDGE ( 'NONE', *, *, #1470, .F. ) ;
#1422 = ORIENTED_EDGE ( 'NONE', *, *, #1365, .F. ) ;
#1423 = VECTOR ( 'NONE', #307, 39.37007874015748100 ) ;
#1424 = AXIS2_PLACEMENT_3D ( 'NONE', #2902, #546, #3161 ) ;
#1425 = ORIENTED_EDGE ( 'NONE', *, *, #339, .F. ) ;
#1426 = ORIENTED_EDGE ( 'NONE', *, *, #3284, .F. ) ;
#1427 = ORIENTED_EDGE ( 'NONE', *, *, #1881, .T. ) ;
#1428 = FACE_OUTER_BOUND ( 'NONE', #2947, .T. ) ;
#1429 = ORIENTED_EDGE ( 'NONE', *, *, #2004, .T. ) ;
#1430 = DIRECTION ( 'NONE',  ( -1.000000000000000000, -0.0000000000000000000, -0.0000000000000000000 ) ) ;
#1431 = SURFACE_SIDE_STYLE ('',( #3328 ) ) ;
#1432 = VECTOR ( 'NONE', #1275, 39.37007874015748100 ) ;
#1433 = ORIENTED_EDGE ( 'NONE', *, *, #1606, .F. ) ;
#1434 = EDGE_CURVE ( 'NONE', #2406, #2807, #2077, .T. ) ;
#1435 = VERTEX_POINT ( 'NONE', #87 ) ;
#1436 = CARTESIAN_POINT ( 'NONE',  ( 0.1165000000000000100, 0.1563049094112543600, 0.1383637432148122600 ) ) ;
#1437 = DIRECTION ( 'NONE',  ( 0.0000000000000000000, 0.0000000000000000000, 1.000000000000000000 ) ) ;
#1438 = CARTESIAN_POINT ( 'NONE',  ( -0.1515000000000000000, 0.1374301007847140200, 0.1317499999999998400 ) ) ;
#1439 = CARTESIAN_POINT ( 'NONE',  ( 0.01750000000000000200, 0.1374301007847139900, 0.1517499999999998600 ) ) ;
#1440 = CARTESIAN_POINT ( 'NONE',  ( -0.1400000000000000400, 0.7011889763779527400, -0.1667500000000000100 ) ) ;
#1441 = LINE ( 'NONE', #1799, #2464 ) ;
#1442 = ORIENTED_EDGE ( 'NONE', *, *, #1507, .T. ) ;
#1443 = ADVANCED_FACE ( 'NONE', ( #2904 ), #1899, .F. ) ;
#1444 = CYLINDRICAL_SURFACE ( 'NONE', #2377, 0.02000000000000000400 ) ;
#1445 = CARTESIAN_POINT ( 'NONE',  ( 0.1991272467535887500, 0.3629999999999999300, -0.1167499999999999900 ) ) ;
#1446 = CARTESIAN_POINT ( 'NONE',  ( 0.1399999999999999600, 0.4629999999999999700, -0.1667500000000000100 ) ) ;
#1447 = FACE_OUTER_BOUND ( 'NONE', #1776, .T. ) ;
#1448 = EDGE_CURVE ( 'NONE', #2389, #1310, #2430, .T. ) ;
#1449 = DIRECTION ( 'NONE',  ( 0.0000000000000000000, 2.484761324180116700E-016, -1.000000000000000000 ) ) ;
#1450 = CIRCLE ( 'NONE', #2240, 0.02000000000000000700 ) ;
#1451 = CARTESIAN_POINT ( 'NONE',  ( -0.1165000000000000100, 0.1704610158811598300, 0.1433240506259216000 ) ) ;
#1452 = EDGE_CURVE ( 'NONE', #708, #1725, #1737, .T. ) ;
#1453 = CARTESIAN_POINT ( 'NONE',  ( 0.1399999999999999600, 0.4629999999999999700, -0.1667500000000000100 ) ) ;
#1454 = DIMENSIONAL_EXPONENTS ( 1.000000000000000000, 0.0000000000000000000, 0.0000000000000000000, 0.0000000000000000000, 0.0000000000000000000, 0.0000000000000000000, 0.0000000000000000000 ) ;
#1455 = PLANE ( 'NONE',  #3218 ) ;
#1456 = ORIENTED_EDGE ( 'NONE', *, *, #829, .T. ) ;
#1457 = DIRECTION ( 'NONE',  ( -0.0000000000000000000, 0.1391731009600709900, 0.9902680687415695800 ) ) ;
#1458 = CARTESIAN_POINT ( 'NONE',  ( -0.08450000000000002000, 0.3629999999999999300, -0.05424999999999637100 ) ) ;
#1459 = ORIENTED_EDGE ( 'NONE', *, *, #2716, .T. ) ;
#1460 = VERTEX_POINT ( 'NONE', #3074 ) ;
#1461 = ADVANCED_FACE ( 'NONE', ( #1447 ), #2510, .T. ) ;
#1462 = CARTESIAN_POINT ( 'NONE',  ( 0.04949999999999999500, 0.01749999999999999100, 0.009249999999999977000 ) ) ;
#1463 = VERTEX_POINT ( 'NONE', #3087 ) ;
#1464 = ORIENTED_EDGE ( 'NONE', *, *, #3160, .F. ) ;
#1465 = AXIS2_PLACEMENT_3D ( 'NONE', #273, #528, #1865 ) ;
#1466 = VECTOR ( 'NONE', #1506, 39.37007874015748100 ) ;
#1467 = ORIENTED_EDGE ( 'NONE', *, *, #2253, .F. ) ;
#1468 = UNCERTAINTY_MEASURE_WITH_UNIT (LENGTH_MEASURE( 1.000000000000000100E-005 ), #2221, 'distance_accuracy_value', 'NONE');
#1469 = CARTESIAN_POINT ( 'NONE',  ( -0.1143580883129208400, 0.4274865063424114800, 0.003249999999999999000 ) ) ;
#1470 = EDGE_CURVE ( 'NONE', #1592, #1177, #2979, .T. ) ;
#1471 = CARTESIAN_POINT ( 'NONE',  ( -0.1515000000000000200, 0.01749999999999999500, 0.1517499999999999100 ) ) ;
#1472 = VERTEX_POINT ( 'NONE', #2292 ) ;
#1473 = DIRECTION ( 'NONE',  ( 0.0000000000000000000, 0.0000000000000000000, -1.000000000000000000 ) ) ;
#1474 = ORIENTED_EDGE ( 'NONE', *, *, #1760, .T. ) ;
#1475 = CARTESIAN_POINT ( 'NONE',  ( -0.04950000000000000900, 0.3637882817644925200, -0.06174999999999636300 ) ) ;
#1476 = EDGE_CURVE ( 'NONE', #410, #1112, #2191, .T. ) ;
#1477 = VECTOR ( 'NONE', #2142, 39.37007874015748100 ) ;
#1478 = ADVANCED_FACE ( 'NONE', ( #2281 ), #2831, .F. ) ;
#1479 = VECTOR ( 'NONE', #3323, 39.37007874015748100 ) ;
#1480 = ORIENTED_EDGE ( 'NONE', *, *, #2698, .F. ) ;
#1481 = CARTESIAN_POINT ( 'NONE',  ( 0.1340000000000000100, 0.01749999999999994600, 0.1667500000000000100 ) ) ;
#1482 = DIRECTION ( 'NONE',  ( 0.0000000000000000000, -0.8232981762978168700, 0.5676091198216327600 ) ) ;
#1483 = VECTOR ( 'NONE', #2875, 39.37007874015748100 ) ;
#1484 = ORIENTED_EDGE ( 'NONE', *, *, #1012, .T. ) ;
#1485 = CARTESIAN_POINT ( 'NONE',  ( -0.04950000000000000900, 0.1629215429372074800, 0.003065436170423566700 ) ) ;
#1486 = CARTESIAN_POINT ( 'NONE',  ( -0.1693580883129208200, 0.4274865063424114800, 0.01325000000000000000 ) ) ;
#1487 = LINE ( 'NONE', #977, #2025 ) ;
#1488 = CYLINDRICAL_SURFACE ( 'NONE', #2287, 0.03500000000000019100 ) ;
#1489 = ORIENTED_EDGE ( 'NONE', *, *, #2682, .T. ) ;
#1490 = FACE_OUTER_BOUND ( 'NONE', #3321, .T. ) ;
#1491 = AXIS2_PLACEMENT_3D ( 'NONE', #912, #1971, #1187 ) ;
#1492 = DIRECTION ( 'NONE',  ( -1.000000000000000000, -0.0000000000000000000, -0.0000000000000000000 ) ) ;
#1493 = CIRCLE ( 'NONE', #1593, 0.02749999999999999700 ) ;
#1494 = CYLINDRICAL_SURFACE ( 'NONE', #2472, 0.01750000000000001900 ) ;
#1495 = VERTEX_POINT ( 'NONE', #978 ) ;
#1496 = DIRECTION ( 'NONE',  ( 0.0000000000000000000, 0.0000000000000000000, 1.000000000000000000 ) ) ;
#1497 = CIRCLE ( 'NONE', #2599, 0.02000000000000000000 ) ;
#1498 = ADVANCED_FACE ( 'NONE', ( #350 ), #2027, .F. ) ;
#1499 = FACE_OUTER_BOUND ( 'NONE', #63, .T. ) ;
#1500 = DIRECTION ( 'NONE',  ( -1.000000000000000000, -0.0000000000000000000, -0.0000000000000000000 ) ) ;
#1501 = EDGE_CURVE ( 'NONE', #2115, #1592, #2032, .T. ) ;
#1502 =( NAMED_UNIT ( * ) SI_UNIT ( $, .STERADIAN. ) SOLID_ANGLE_UNIT ( ) );
#1503 = ORIENTED_EDGE ( 'NONE', *, *, #2038, .F. ) ;
#1504 = LINE ( 'NONE', #712, #562 ) ;
#1505 = ORIENTED_EDGE ( 'NONE', *, *, #2782, .F. ) ;
#1506 = DIRECTION ( 'NONE',  ( -0.0000000000000000000, -1.000000000000000000, -0.0000000000000000000 ) ) ;
#1507 = EDGE_CURVE ( 'NONE', #3077, #568, #1534, .T. ) ;
#1508 = DIRECTION ( 'NONE',  ( 1.000000000000000000, 0.0000000000000000000, 0.0000000000000000000 ) ) ;
#1509 = ORIENTED_EDGE ( 'NONE', *, *, #412, .T. ) ;
#1510 = DIRECTION ( 'NONE',  ( -0.0000000000000000000, -0.1045284632676528600, 0.9945218953682732900 ) ) ;
#1511 = ORIENTED_EDGE ( 'NONE', *, *, #2897, .T. ) ;
#1512 = VERTEX_POINT ( 'NONE', #1746 ) ;
#1513 = FILL_AREA_STYLE ('',( #1771 ) ) ;
#1514 = ORIENTED_EDGE ( 'NONE', *, *, #2345, .T. ) ;
#1515 = ORIENTED_EDGE ( 'NONE', *, *, #3196, .F. ) ;
#1516 = DIRECTION ( 'NONE',  ( 0.0000000000000000000, -0.0000000000000000000, -1.000000000000000000 ) ) ;
#1517 = MECHANICAL_DESIGN_GEOMETRIC_PRESENTATION_REPRESENTATION (  '', ( #2774 ), #881 ) ;
#1518 = CARTESIAN_POINT ( 'NONE',  ( -0.04950000000000000900, 0.1430552237434503700, -0.02574999999999999200 ) ) ;
#1519 = EDGE_CURVE ( 'NONE', #2125, #1460, #2697, .T. ) ;
#1520 = DIRECTION ( 'NONE',  ( 0.0000000000000000000, 0.0000000000000000000, 1.000000000000000000 ) ) ;
#1521 = ORIENTED_EDGE ( 'NONE', *, *, #2879, .T. ) ;
#1522 = CARTESIAN_POINT ( 'NONE',  ( -0.01750000000000000200, 0.2512473236267506700, -0.02674999999999637400 ) ) ;
#1523 = EDGE_CURVE ( 'NONE', #2812, #555, #1983, .T. ) ;
#1524 = PLANE ( 'NONE',  #220 ) ;
#1525 = DIRECTION ( 'NONE',  ( 0.0000000000000000000, 0.0000000000000000000, 1.000000000000000000 ) ) ;
#1526 = LINE ( 'NONE', #1143, #2553 ) ;
#1527 = ORIENTED_EDGE ( 'NONE', *, *, #3284, .T. ) ;
#1528 = VECTOR ( 'NONE', #239, 39.37007874015748100 ) ;
#1529 = CARTESIAN_POINT ( 'NONE',  ( -0.2000000000000001200, 0.9729999999999999800, -0.1167499999999999900 ) ) ;
#1530 = EDGE_LOOP ( 'NONE', ( #1369, #1503, #525, #980 ) ) ;
#1531 = CARTESIAN_POINT ( 'NONE',  ( -0.2000000000000000400, 0.3629999999999999900, -0.05424999999999635700 ) ) ;
#1533 = EDGE_LOOP ( 'NONE', ( #1346, #2576, #1542, #3073, #844, #1784, #2714, #2436, #2254, #2685, #326, #2719, #1748 ) ) ;
#1532 = AXIS2_PLACEMENT_3D ( 'NONE', #623, #680, #113 ) ;
#1534 = LINE ( 'NONE', #1212, #2235 ) ;
#1535 = VECTOR ( 'NONE', #1375, 39.37007874015748100 ) ;
#1536 = AXIS2_PLACEMENT_3D ( 'NONE', #2696, #385, #688 ) ;
#1537 = DIRECTION ( 'NONE',  ( -1.000000000000000000, 0.0000000000000000000, -0.0000000000000000000 ) ) ;
#1538 = VECTOR ( 'NONE', #1575, 39.37007874015748100 ) ;
#1539 =( LENGTH_UNIT ( ) NAMED_UNIT ( * ) SI_UNIT ( $, .METRE. ) );
#1540 = CARTESIAN_POINT ( 'NONE',  ( -0.04950000000000000900, 0.1629215429372074800, 0.003065436170423545000 ) ) ;
#1541 = DIRECTION ( 'NONE',  ( -0.0000000000000000000, 1.000000000000000000, 7.585704903766803000E-017 ) ) ;
#1542 = ORIENTED_EDGE ( 'NONE', *, *, #850, .F. ) ;
#1543 = EDGE_CURVE ( 'NONE', #2368, #2623, #1295, .T. ) ;
#1544 = CARTESIAN_POINT ( 'NONE',  ( -0.04950000000000000900, 0.2414033584489619600, -0.02674999999999635700 ) ) ;
#1545 = VERTEX_POINT ( 'NONE', #2259 ) ;
#1546 = LINE ( 'NONE', #1833, #2880 ) ;
#1547 = MECHANICAL_DESIGN_GEOMETRIC_PRESENTATION_REPRESENTATION (  '', ( #2661 ), #269 ) ;
#1548 = SURFACE_SIDE_STYLE ('',( #935 ) ) ;
#1549 = CYLINDRICAL_SURFACE ( 'NONE', #132, 0.02000000000000000400 ) ;
#1550 = EDGE_LOOP ( 'NONE', ( #104, #2028, #616, #2429 ) ) ;
#1551 = ORIENTED_EDGE ( 'NONE', *, *, #2345, .F. ) ;
#1552 = CARTESIAN_POINT ( 'NONE',  ( 0.04949999999999999500, 0.3640540562602678800, -0.04674999999999634300 ) ) ;
#1553 = VERTEX_POINT ( 'NONE', #1732 ) ;
#1554 = CARTESIAN_POINT ( 'NONE',  ( 0.1399999999999999900, 0.7011889763779527400, -0.1667500000000000100 ) ) ;
#1555 = ORIENTED_EDGE ( 'NONE', *, *, #3191, .F. ) ;
#1556 = DIRECTION ( 'NONE',  ( -1.000000000000000000, 0.0000000000000000000, 0.0000000000000000000 ) ) ;
#1557 = AXIS2_PLACEMENT_3D ( 'NONE', #2580, #242, #2595 ) ;
#1558 = LINE ( 'NONE', #937, #2846 ) ;
#1559 = ORIENTED_EDGE ( 'NONE', *, *, #1073, .F. ) ;
#1560 = CYLINDRICAL_SURFACE ( 'NONE', #3303, 0.02000000000000000700 ) ;
#1561 = CARTESIAN_POINT ( 'NONE',  ( -0.07549999999999998400, 0.8529999999999999800, -0.1667500000000000100 ) ) ;
#1562 = EDGE_CURVE ( 'NONE', #1947, #1864, #9, .T. ) ;
#1563 = CARTESIAN_POINT ( 'NONE',  ( -0.1143580883129208400, 0.4274865063424114800, 0.01325000000000000000 ) ) ;
#1564 = LINE ( 'NONE', #592, #2068 ) ;
#1565 = CARTESIAN_POINT ( 'NONE',  ( -0.1165000000000000100, 0.2512473236267506700, -0.02674999999999637400 ) ) ;
#1566 = VERTEX_POINT ( 'NONE', #2003 ) ;
#1567 = CARTESIAN_POINT ( 'NONE',  ( 0.08449999999999999200, 0.2414033584489618500, -0.06174999999999634900 ) ) ;
#1568 = EDGE_CURVE ( 'NONE', #484, #2010, #600, .T. ) ;
#1569 = FACE_OUTER_BOUND ( 'NONE', #3050, .T. ) ;
#1570 = VECTOR ( 'NONE', #1612, 39.37007874015748100 ) ;
#1571 = LINE ( 'NONE', #417, #952 ) ;
#1572 = VECTOR ( 'NONE', #930, 39.37007874015748900 ) ;
#1573 = VECTOR ( 'NONE', #1859, 39.37007874015748100 ) ;
#1574 = CARTESIAN_POINT ( 'NONE',  ( 0.04949999999999999500, 0.01749999999999999500, -0.02575000000000002600 ) ) ;
#1575 = DIRECTION ( 'NONE',  ( -1.000000000000000000, -0.0000000000000000000, -0.0000000000000000000 ) ) ;
#1576 = LINE ( 'NONE', #3206, #1779 ) ;
#1577 =( NAMED_UNIT ( * ) PLANE_ANGLE_UNIT ( ) SI_UNIT ( $, .RADIAN. ) );
#1578 = PRESENTATION_LAYER_ASSIGNMENT (  '', '', ( #2051 ) ) ;
#1579 = EDGE_LOOP ( 'NONE', ( #2338, #2408 ) ) ;
#1580 = CARTESIAN_POINT ( 'NONE',  ( 0.1991272467535887800, 0.7129999999999999700, -0.1167499999999999900 ) ) ;
#1581 = EDGE_CURVE ( 'NONE', #2896, #1824, #878, .T. ) ;
#1582 = VERTEX_POINT ( 'NONE', #192 ) ;
#1583 = ORIENTED_EDGE ( 'NONE', *, *, #534, .T. ) ;
#1584 = EDGE_LOOP ( 'NONE', ( #923, #2369, #137, #1238 ) ) ;
#1585 = EDGE_CURVE ( 'NONE', #2440, #1156, #3311, .T. ) ;
#1586 = DIRECTION ( 'NONE',  ( -1.000000000000000000, -0.0000000000000000000, -0.0000000000000000000 ) ) ;
#1587 = DIRECTION ( 'NONE',  ( -0.0000000000000000000, 0.1391731009600709900, 0.9902680687415695800 ) ) ;
#1588 = ORIENTED_EDGE ( 'NONE', *, *, #1054, .T. ) ;
#1589 = ORIENTED_EDGE ( 'NONE', *, *, #3374, .T. ) ;
#1590 = ORIENTED_EDGE ( 'NONE', *, *, #425, .T. ) ;
#1591 = DIRECTION ( 'NONE',  ( 0.0000000000000000000, -1.000000000000000000, 6.975552828668951900E-017 ) ) ;
#1592 = VERTEX_POINT ( 'NONE', #1801 ) ;
#1593 = AXIS2_PLACEMENT_3D ( 'NONE', #2375, #49, #2942 ) ;
#1594 = CLOSED_SHELL ( 'NONE', ( #721, #1989, #635, #1645, #920, #1757, #2295, #353, #3071, #3242, #1735, #1923, #100, #372, #2433 ) ) ;
#1595 = CARTESIAN_POINT ( 'NONE',  ( 0.01750000000000001900, 0.01749999999999997000, 0.1317500000000000100 ) ) ;
#1596 = CARTESIAN_POINT ( 'NONE',  ( 0.1165000000000000100, 0.3637882817644924000, -0.06174999999999637700 ) ) ;
#1597 =( LENGTH_UNIT ( ) NAMED_UNIT ( * ) SI_UNIT ( $, .METRE. ) );
#1598 = STYLED_ITEM ( 'NONE', ( #43 ), #2702 ) ;
#1599 = CARTESIAN_POINT ( 'NONE',  ( -0.1143580883129208400, 0.4274865063424114800, 0.003249999999999999000 ) ) ;
#1600 = CARTESIAN_POINT ( 'NONE',  ( 0.08449999999999999200, 0.3629999999999999300, -0.05424999999999637100 ) ) ;
#1601 = LINE ( 'NONE', #37, #3207 ) ;
#1602 = CARTESIAN_POINT ( 'NONE',  ( -0.1165000000000000100, 0.2512473236267506700, -0.02674999999999637400 ) ) ;
#1603 = DIRECTION ( 'NONE',  ( 0.0000000000000000000, 0.0000000000000000000, -1.000000000000000000 ) ) ;
#1604 = CIRCLE ( 'NONE', #277, 0.02000000000000000000 ) ;
#1605 = PLANE ( 'NONE',  #419 ) ;
#1606 = EDGE_CURVE ( 'NONE', #1313, #1887, #1937, .T. ) ;
#1607 = ORIENTED_EDGE ( 'NONE', *, *, #3132, .F. ) ;
#1608 = DIRECTION ( 'NONE',  ( 0.0000000000000000000, 0.0000000000000000000, 1.000000000000000000 ) ) ;
#1609 = DIRECTION ( 'NONE',  ( 0.0000000000000000000, -7.585704903766804200E-017, 1.000000000000000000 ) ) ;
#1610 = AXIS2_PLACEMENT_3D ( 'NONE', #92, #2387, #1862 ) ;
#1611 = VECTOR ( 'NONE', #1182, 39.37007874015748100 ) ;
#1612 = DIRECTION ( 'NONE',  ( -0.0000000000000000000, -0.8232981762978172100, 0.5676091198216323100 ) ) ;
#1613 = DIRECTION ( 'NONE',  ( 0.0000000000000000000, 0.1045284632676531100, -0.9945218953682732900 ) ) ;
#1614 = LINE ( 'NONE', #240, #1871 ) ;
#1615 = AXIS2_PLACEMENT_3D ( 'NONE', #2628, #2681, #2939 ) ;
#1616 = DIRECTION ( 'NONE',  ( -0.0000000000000000000, -1.000000000000000000, -0.0000000000000000000 ) ) ;
#1617 = CARTESIAN_POINT ( 'NONE',  ( 0.1340000000000000100, 0.01749999999999994600, 0.1517499999999999700 ) ) ;
#1618 = CARTESIAN_POINT ( 'NONE',  ( 0.08449999999999999200, 0.2414033584489619400, -0.04674999999999635700 ) ) ;
#1619 = VERTEX_POINT ( 'NONE', #225 ) ;
#1620 = VERTEX_POINT ( 'NONE', #1561 ) ;
#1621 = ORIENTED_EDGE ( 'NONE', *, *, #1930, .T. ) ;
#1622 = EDGE_CURVE ( 'NONE', #2883, #1582, #3056, .T. ) ;
#1623 = EDGE_LOOP ( 'NONE', ( #855, #1004, #3000, #3044, #861, #825, #1705, #2353, #374, #3267, #2490, #1139, #2639 ) ) ;
#1624 = CARTESIAN_POINT ( 'NONE',  ( 0.1165000000000000100, 0.1704610158811598100, 0.1433240506259216000 ) ) ;
#1625 = ORIENTED_EDGE ( 'NONE', *, *, #2478, .T. ) ;
#1626 = EDGE_CURVE ( 'NONE', #4, #2623, #773, .T. ) ;
#1627 = CARTESIAN_POINT ( 'NONE',  ( -0.1143580883129208400, 0.4274865063424114800, 0.003249999999999999000 ) ) ;
#1628 = CARTESIAN_POINT ( 'NONE',  ( 0.01750000000000000200, 0.3640540562602678800, -0.04674999999999636400 ) ) ;
#1629 = ADVANCED_FACE ( 'NONE', ( #2611 ), #497, .T. ) ;
#1630 = AXIS2_PLACEMENT_3D ( 'NONE', #916, #650, #686 ) ;
#1631 = CARTESIAN_POINT ( 'NONE',  ( 0.1980363051955753000, 0.3629999999999999300, -0.05424999999999637100 ) ) ;
#1632 = CARTESIAN_POINT ( 'NONE',  ( 0.08449999999999999200, 0.1430552237434503400, 0.009249999999999977000 ) ) ;
#1633 = CARTESIAN_POINT ( 'NONE',  ( 0.08449999999999999200, 0.3640540562602678800, -0.04674999999999634300 ) ) ;
#1634 = CARTESIAN_POINT ( 'NONE',  ( -0.1999785507422887600, 0.3746950715293825800, -0.1655211728487475900 ) ) ;
#1635 = MECHANICAL_DESIGN_GEOMETRIC_PRESENTATION_REPRESENTATION (  '', ( #2051 ), #2893 ) ;
#1636 = DIRECTION ( 'NONE',  ( -1.000000000000000000, -0.0000000000000000000, -0.0000000000000000000 ) ) ;
#1637 = LINE ( 'NONE', #2741, #2722 ) ;
#1638 = EDGE_LOOP ( 'NONE', ( #2305, #1171, #1422, #3162, #1045, #270, #3212 ) ) ;
#1639 = EDGE_CURVE ( 'NONE', #3055, #2796, #2732, .T. ) ;
#1640 = DIRECTION ( 'NONE',  ( 1.000000000000000000, 0.0000000000000000000, 0.0000000000000000000 ) ) ;
#1641 = LINE ( 'NONE', #908, #1150 ) ;
#1642 = ORIENTED_EDGE ( 'NONE', *, *, #1913, .F. ) ;
#1643 = VECTOR ( 'NONE', #863, 39.37007874015748100 ) ;
#1644 = EDGE_CURVE ( 'NONE', #2126, #2609, #2515, .T. ) ;
#1645 = ADVANCED_FACE ( 'NONE', ( #2362 ), #514, .F. ) ;
#1646 = CYLINDRICAL_SURFACE ( 'NONE', #3341, 0.01750000000000000200 ) ;
#1647 = EDGE_LOOP ( 'NONE', ( #2046, #2836, #361, #766 ) ) ;
#1648 = ORIENTED_EDGE ( 'NONE', *, *, #1760, .F. ) ;
#1649 = DIRECTION ( 'NONE',  ( -1.000000000000000000, -0.0000000000000000000, -0.0000000000000000000 ) ) ;
#1650 = FACE_OUTER_BOUND ( 'NONE', #2210, .T. ) ;
#1651 = SURFACE_STYLE_FILL_AREA ( #1405 ) ;
#1652 = STYLED_ITEM ( 'NONE', ( #76 ), #962 ) ;
#1653 = VECTOR ( 'NONE', #819, 39.37007874015748100 ) ;
#1654 = CARTESIAN_POINT ( 'NONE',  ( -0.1999999999999999800, 0.7129999999999999700, -0.1167500000000038000 ) ) ;
#1655 = CARTESIAN_POINT ( 'NONE',  ( 0.2000000000000000400, 0.3748242264673886100, -0.1667500000000000100 ) ) ;
#1656 = VERTEX_POINT ( 'NONE', #1266 ) ;
#1657 = ADVANCED_FACE ( 'NONE', ( #1033, #1650 ), #2563, .F. ) ;
#1658 = ORIENTED_EDGE ( 'NONE', *, *, #1158, .T. ) ;
#1659 = AXIS2_PLACEMENT_3D ( 'NONE', #1883, #2146, #579 ) ;
#1660 = DIRECTION ( 'NONE',  ( 1.951319995474473700E-016, 1.000000000000000000, 0.0000000000000000000 ) ) ;
#1661 = EDGE_CURVE ( 'NONE', #3020, #2573, #815, .T. ) ;
#1662 = ORIENTED_EDGE ( 'NONE', *, *, #749, .F. ) ;
#1663 = VERTEX_POINT ( 'NONE', #2605 ) ;
#1664 = ADVANCED_FACE ( 'NONE', ( #556 ), #2878, .F. ) ;
#1665 = DIRECTION ( 'NONE',  ( 0.0000000000000000000, 0.0000000000000000000, 1.000000000000000000 ) ) ;
#1666 = VERTEX_POINT ( 'NONE', #1552 ) ;
#1667 = EDGE_CURVE ( 'NONE', #2294, #1213, #1614, .T. ) ;
#1668 = VERTEX_POINT ( 'NONE', #2325 ) ;
#1669 = ORIENTED_EDGE ( 'NONE', *, *, #1006, .T. ) ;
#1670 = AXIS2_PLACEMENT_3D ( 'NONE', #2176, #3005, #1689 ) ;
#1671 = ORIENTED_EDGE ( 'NONE', *, *, #2761, .F. ) ;
#1672 = CARTESIAN_POINT ( 'NONE',  ( 0.1515000000000000000, 0.1563049094112543600, 0.1383637432148122600 ) ) ;
#1673 =( NAMED_UNIT ( * ) PLANE_ANGLE_UNIT ( ) SI_UNIT ( $, .RADIAN. ) );
#1674 = DIMENSIONAL_EXPONENTS ( 1.000000000000000000, 0.0000000000000000000, 0.0000000000000000000, 0.0000000000000000000, 0.0000000000000000000, 0.0000000000000000000, 0.0000000000000000000 ) ;
#1675 = CARTESIAN_POINT ( 'NONE',  ( -0.01750000000000000200, 0.01749999999999999500, 0.1667500000000000100 ) ) ;
#1676 = PRODUCT ( 'LM2576', 'LM2576', '', ( #2674 ) ) ;
#1677 = CYLINDRICAL_SURFACE ( 'NONE', #2754, 0.03500000000000019100 ) ;
#1678 = CARTESIAN_POINT ( 'NONE',  ( 0.01750000000000000200, 0.3640540562602678800, -0.04674999999999636400 ) ) ;
#1679 = ADVANCED_FACE ( 'NONE', ( #961 ), #918, .T. ) ;
#1680 = LINE ( 'NONE', #985, #121 ) ;
#1681 = EDGE_LOOP ( 'NONE', ( #3239, #1276, #394, #2660, #2746, #976, #2695, #1474, #620, #405, #28, #2512, #2760 ) ) ;
#1682 = CARTESIAN_POINT ( 'NONE',  ( 0.2000000000000000400, 0.7011889763779527400, -0.1167499999999999900 ) ) ;
#1683 = LINE ( 'NONE', #1469, #915 ) ;
#1684 = VERTEX_POINT ( 'NONE', #2371 ) ;
#1685 = DIRECTION ( 'NONE',  ( -0.0000000000000000000, 1.000000000000000000, 7.757935840332562600E-016 ) ) ;
#1686 = EDGE_CURVE ( 'NONE', #1545, #2006, #2365, .T. ) ;
#1687 = DIRECTION ( 'NONE',  ( -1.000000000000000000, -0.0000000000000000000, -0.0000000000000000000 ) ) ;
#1688 = ORIENTED_EDGE ( 'NONE', *, *, #586, .T. ) ;
#1689 = DIRECTION ( 'NONE',  ( 0.0000000000000000000, -1.000000000000000000, 6.975552828668951900E-017 ) ) ;
#1690 = LINE ( 'NONE', #252, #3054 ) ;
#1691 = EDGE_CURVE ( 'NONE', #2126, #1947, #400, .T. ) ;
#1692 = DIRECTION ( 'NONE',  ( 0.0000000000000000000, 0.0000000000000000000, 1.000000000000000000 ) ) ;
#1693 = VECTOR ( 'NONE', #594, 39.37007874015748900 ) ;
#1694 = CARTESIAN_POINT ( 'NONE',  ( -0.1165000000000000100, 0.3629999999999999300, -0.05424999999999637100 ) ) ;
#1695 = ADVANCED_FACE ( 'NONE', ( #1823 ), #1312, .F. ) ;
#1696 = LINE ( 'NONE', #3286, #2706 ) ;
#1697 = CARTESIAN_POINT ( 'NONE',  ( 0.01750000000000000200, 0.1374301007847139900, 0.1317499999999998400 ) ) ;
#1698 = CARTESIAN_POINT ( 'NONE',  ( 0.08449999999999999200, 0.3637882817644925200, -0.06174999999999636300 ) ) ;
#1699 = EDGE_LOOP ( 'NONE', ( #1840, #2288, #19, #1129, #2888, #950, #1505, #442 ) ) ;
#1700 = ORIENTED_EDGE ( 'NONE', *, *, #2483, .F. ) ;
#1701 = AXIS2_PLACEMENT_3D ( 'NONE', #151, #610, #3268 ) ;
#1702 = AXIS2_PLACEMENT_3D ( 'NONE', #3306, #718, #1496 ) ;
#1703 = AXIS2_PLACEMENT_3D ( 'NONE', #3066, #1233, #713 ) ;
#1704 = CLOSED_SHELL ( 'NONE', ( #179, #118, #662, #2437, #2202, #868, #422, #3256, #2473, #3040, #1412, #135, #1695, #1461, #163 ) ) ;
#1705 = ORIENTED_EDGE ( 'NONE', *, *, #3178, .T. ) ;
#1706 = EDGE_CURVE ( 'NONE', #2623, #2247, #1076, .T. ) ;
#1707 = VERTEX_POINT ( 'NONE', #1050 ) ;
#1708 = DIMENSIONAL_EXPONENTS ( 1.000000000000000000, 0.0000000000000000000, 0.0000000000000000000, 0.0000000000000000000, 0.0000000000000000000, 0.0000000000000000000, 0.0000000000000000000 ) ;
#1709 = DIRECTION ( 'NONE',  ( 1.000000000000000000, -0.0000000000000000000, -0.0000000000000000000 ) ) ;
#1710 = DIRECTION ( 'NONE',  ( -1.000000000000000000, -0.0000000000000000000, -0.0000000000000000000 ) ) ;
#1711 = PRESENTATION_STYLE_ASSIGNMENT (( #1308 ) ) ;
#1712 = CARTESIAN_POINT ( 'NONE',  ( 0.06699999999999999000, 0.01749999999999999500, -0.02575000000000002600 ) ) ;
#1713 = VERTEX_POINT ( 'NONE', #2932 ) ;
#1714 = EDGE_CURVE ( 'NONE', #1310, #1161, #285, .T. ) ;
#1715 = PLANE ( 'NONE',  #2139 ) ;
#1716 = ADVANCED_FACE ( 'NONE', ( #2944 ), #1844, .T. ) ;
#1717 = CARTESIAN_POINT ( 'NONE',  ( 0.1515000000000000000, 0.1374301007847139600, 0.1517499999999998800 ) ) ;
#1718 = DIRECTION ( 'NONE',  ( 0.0000000000000000000, 0.0000000000000000000, 1.000000000000000000 ) ) ;
#1719 = ORIENTED_EDGE ( 'NONE', *, *, #2417, .F. ) ;
#1720 = FILL_AREA_STYLE ('',( #1189 ) ) ;
#1721 = CARTESIAN_POINT ( 'NONE',  ( 6.399767569073091400E-017, 0.3748242264673886100, -0.1667500000000000100 ) ) ;
#1722 = AXIS2_PLACEMENT_3D ( 'NONE', #486, #2867, #2361 ) ;
#1723 = VECTOR ( 'NONE', #1430, 39.37007874015748100 ) ;
#1724 = ORIENTED_EDGE ( 'NONE', *, *, #3351, .F. ) ;
#1725 = VERTEX_POINT ( 'NONE', #3187 ) ;
#1726 = AXIS2_PLACEMENT_3D ( 'NONE', #57, #2619, #1084 ) ;
#1727 = CARTESIAN_POINT ( 'NONE',  ( 0.08449999999999999200, 0.2414033584489618500, -0.06174999999999634900 ) ) ;
#1728 = DIMENSIONAL_EXPONENTS ( 1.000000000000000000, 0.0000000000000000000, 0.0000000000000000000, 0.0000000000000000000, 0.0000000000000000000, 0.0000000000000000000, 0.0000000000000000000 ) ;
#1729 = FACE_OUTER_BOUND ( 'NONE', #2102, .T. ) ;
#1730 = DIRECTION ( 'NONE',  ( -1.000000000000000000, -0.0000000000000000000, -0.0000000000000000000 ) ) ;
#1731 = LINE ( 'NONE', #1403, #2073 ) ;
#1732 = CARTESIAN_POINT ( 'NONE',  ( -0.08450000000000002000, 0.1430552237434503700, 0.009249999999999977000 ) ) ;
#1733 = VERTEX_POINT ( 'NONE', #2921 ) ;
#1734 = CARTESIAN_POINT ( 'NONE',  ( -0.1165000000000000100, 0.1374301007847140200, 0.1317499999999998400 ) ) ;
#1735 = ADVANCED_FACE ( 'NONE', ( #473 ), #1605, .F. ) ;
#1736 = CARTESIAN_POINT ( 'NONE',  ( 0.04949999999999999500, 0.1629215429372074300, 0.003065436170423545000 ) ) ;
#1737 = LINE ( 'NONE', #1227, #47 ) ;
#1738 = EDGE_CURVE ( 'NONE', #2188, #1156, #3264, .T. ) ;
#1739 =( NAMED_UNIT ( * ) SI_UNIT ( $, .STERADIAN. ) SOLID_ANGLE_UNIT ( ) );
#1740 = DIRECTION ( 'NONE',  ( 0.0000000000000000000, 0.0000000000000000000, -1.000000000000000000 ) ) ;
#1741 = PLANE ( 'NONE',  #1222 ) ;
#1742 = LINE ( 'NONE', #2948, #3184 ) ;
#1743 = STYLED_ITEM ( 'NONE', ( #2256 ), #407 ) ;
#1744 = CARTESIAN_POINT ( 'NONE',  ( 0.1165000000000000100, 0.2182164085303050200, -0.03832405062591805200 ) ) ;
#1745 = ORIENTED_EDGE ( 'NONE', *, *, #2776, .F. ) ;
#1746 = CARTESIAN_POINT ( 'NONE',  ( -0.08450000000000002000, 0.2300511760525293100, -0.04321596352595271500 ) ) ;
#1747 = DIRECTION ( 'NONE',  ( 0.0000000000000000000, 1.000000000000000000, 0.0000000000000000000 ) ) ;
#1748 = ORIENTED_EDGE ( 'NONE', *, *, #3357, .F. ) ;
#1749 = ORIENTED_EDGE ( 'NONE', *, *, #829, .F. ) ;
#1750 =( CONVERSION_BASED_UNIT ( 'INCH', #545 ) LENGTH_UNIT ( ) NAMED_UNIT ( #3025 ) );
#1751 = VERTEX_POINT ( 'NONE', #303 ) ;
#1752 = ORIENTED_EDGE ( 'NONE', *, *, #599, .F. ) ;
#1753 = CARTESIAN_POINT ( 'NONE',  ( 0.0000000000000000000, 0.8529999999999999800, 0.5314012169239522600 ) ) ;
#1754 = ORIENTED_EDGE ( 'NONE', *, *, #2980, .T. ) ;
#1755 = DIRECTION ( 'NONE',  ( 0.0000000000000000000, -1.000000000000000000, 9.756599977372358800E-016 ) ) ;
#1756 = ORIENTED_EDGE ( 'NONE', *, *, #3173, .F. ) ;
#1757 = ADVANCED_FACE ( 'NONE', ( #1159 ), #1828, .F. ) ;
#1758 = VECTOR ( 'NONE', #755, 39.37007874015748100 ) ;
#1759 = EDGE_LOOP ( 'NONE', ( #1267, #1309, #3234, #1829 ) ) ;
#1760 = EDGE_CURVE ( 'NONE', #1951, #487, #2037, .T. ) ;
#1761 = ORIENTED_EDGE ( 'NONE', *, *, #142, .T. ) ;
#1762 = LINE ( 'NONE', #474, #1758 ) ;
#1763 = ORIENTED_EDGE ( 'NONE', *, *, #946, .T. ) ;
#1764 = CARTESIAN_POINT ( 'NONE',  ( 0.0000000000000000000, 0.0000000000000000000, -0.1167499999999999900 ) ) ;
#1765 = DIRECTION ( 'NONE',  ( 0.0000000000000000000, -0.5676091198216322000, -0.8232981762978173200 ) ) ;
#1766 = EDGE_CURVE ( 'NONE', #2528, #1887, #3016, .T. ) ;
#1767 = AXIS2_PLACEMENT_3D ( 'NONE', #496, #1843, #536 ) ;
#1768 = LINE ( 'NONE', #249, #2227 ) ;
#1769 = DIRECTION ( 'NONE',  ( 0.0000000000000000000, 0.0000000000000000000, 1.000000000000000000 ) ) ;
#1770 = AXIS2_PLACEMENT_3D ( 'NONE', #2926, #2691, #2952 ) ;
#1771 = FILL_AREA_STYLE_COLOUR ( '', #2736 ) ;
#1772 = CARTESIAN_POINT ( 'NONE',  ( 0.2000000000000000400, 0.7011889763779527400, -0.1167499999999999900 ) ) ;
#1773 = CIRCLE ( 'NONE', #2257, 0.03499999999999994800 ) ;
#1774 = LINE ( 'NONE', #1060, #1072 ) ;
#1775 = LINE ( 'NONE', #498, #2940 ) ;
#1776 = EDGE_LOOP ( 'NONE', ( #2550, #89, #83, #657, #2744, #2577, #95, #363, #1671, #2215, #1279, #3119, #1464 ) ) ;
#1777 = DIRECTION ( 'NONE',  ( 0.0000000000000000000, 0.0000000000000000000, 1.000000000000000000 ) ) ;
#1778 = CARTESIAN_POINT ( 'NONE',  ( -0.01750000000000000200, 0.2512473236267506700, -0.02674999999999637400 ) ) ;
#1779 = VECTOR ( 'NONE', #1893, 39.37007874015748900 ) ;
#1780 = LINE ( 'NONE', #814, #2239 ) ;
#1781 = EDGE_CURVE ( 'NONE', #669, #2439, #1122, .T. ) ;
#1782 = CARTESIAN_POINT ( 'NONE',  ( -0.04950000000000000900, 0.1629215429372074800, 0.003065436170423566700 ) ) ;
#1783 = LINE ( 'NONE', #1721, #3110 ) ;
#1784 = ORIENTED_EDGE ( 'NONE', *, *, #466, .F. ) ;
#1785 = EDGE_CURVE ( 'NONE', #2152, #3324, #3108, .T. ) ;
#1786 = VERTEX_POINT ( 'NONE', #2120 ) ;
#1787 = EDGE_LOOP ( 'NONE', ( #2870, #1669, #2989, #3373 ) ) ;
#1788 = DIRECTION ( 'NONE',  ( 0.0000000000000000000, 0.0000000000000000000, -1.000000000000000000 ) ) ;
#1789 = CARTESIAN_POINT ( 'NONE',  ( -0.2000000000000000400, 0.3629999999999999900, -0.05425000000000119300 ) ) ;
#1790 = CARTESIAN_POINT ( 'NONE',  ( 0.1165000000000000100, 0.01749999999999997000, 0.1667500000000000100 ) ) ;
#1791 = CARTESIAN_POINT ( 'NONE',  ( -0.08450000000000002000, 0.2215370392552048500, -0.05556543617041998000 ) ) ;
#1792 = EDGE_LOOP ( 'NONE', ( #2291, #3229, #567, #406 ) ) ;
#1793 = CARTESIAN_POINT ( 'NONE',  ( 0.1515000000000000000, 0.1374301007847139600, 0.1317499999999998400 ) ) ;
#1794 = CARTESIAN_POINT ( 'NONE',  ( -0.1165000000000000100, 0.2512473236267506700, -0.04674999999999636400 ) ) ;
#1795 = VERTEX_POINT ( 'NONE', #1333 ) ;
#1796 = VERTEX_POINT ( 'NONE', #2764 ) ;
#1797 = ORIENTED_EDGE ( 'NONE', *, *, #1766, .T. ) ;
#1798 = VERTEX_POINT ( 'NONE', #830 ) ;
#1799 = CARTESIAN_POINT ( 'NONE',  ( -0.07549999999999998400, 0.8529999999999999800, 0.5314012169239522600 ) ) ;
#1800 = DIRECTION ( 'NONE',  ( 0.0000000000000000000, 0.0000000000000000000, 1.000000000000000000 ) ) ;
#1801 = CARTESIAN_POINT ( 'NONE',  ( -0.1968580883129208400, 0.6993364494154620200, 0.01325000000000000000 ) ) ;
#1802 = EDGE_CURVE ( 'NONE', #1156, #1512, #1497, .T. ) ;
#1803 = DIRECTION ( 'NONE',  ( -0.0000000000000000000, 0.0000000000000000000, -1.000000000000000000 ) ) ;
#1804 = CARTESIAN_POINT ( 'NONE',  ( 0.1515000000000000000, 0.3637882817644924000, -0.06174999999999637700 ) ) ;
#1805 = DIRECTION ( 'NONE',  ( 1.000000000000000000, -7.168278826350443000E-017, 0.0000000000000000000 ) ) ;
#1806 = DIRECTION ( 'NONE',  ( 0.0000000000000000000, 0.0000000000000000000, 1.000000000000000000 ) ) ;
#1807 = APPLICATION_CONTEXT ( 'automotive_design' ) ;
#1808 = EDGE_CURVE ( 'NONE', #53, #1334, #645, .T. ) ;
#1809 = ORIENTED_EDGE ( 'NONE', *, *, #2701, .T. ) ;
#1810 = DIRECTION ( 'NONE',  ( 0.0000000000000000000, 0.0000000000000000000, -1.000000000000000000 ) ) ;
#1811 =( NAMED_UNIT ( * ) SI_UNIT ( $, .STERADIAN. ) SOLID_ANGLE_UNIT ( ) );
#1812 = VECTOR ( 'NONE', #2954, 39.37007874015748100 ) ;
#1813 = DIRECTION ( 'NONE',  ( 0.0000000000000000000, 0.0000000000000000000, -1.000000000000000000 ) ) ;
#1814 = FACE_OUTER_BOUND ( 'NONE', #262, .T. ) ;
#1815 = VECTOR ( 'NONE', #454, 39.37007874015748900 ) ;
#1816 = VERTEX_POINT ( 'NONE', #3031 ) ;
#1817 = CARTESIAN_POINT ( 'NONE',  ( 0.0000000000000000000, 0.0000000000000000000, -0.1167499999999999900 ) ) ;
#1818 = DIRECTION ( 'NONE',  ( 0.0000000000000000000, 0.0000000000000000000, -1.000000000000000000 ) ) ;
#1819 = VECTOR ( 'NONE', #765, 39.37007874015748100 ) ;
#1820 = CIRCLE ( 'NONE', #2519, 0.03499999999999999600 ) ;
#1821 = CARTESIAN_POINT ( 'NONE',  ( 0.08449999999999999200, 0.2414033584489619400, -0.04674999999999634300 ) ) ;
#1822 = EDGE_CURVE ( 'NONE', #1211, #1751, #131, .T. ) ;
#1823 = FACE_OUTER_BOUND ( 'NONE', #1623, .T. ) ;
#1824 = VERTEX_POINT ( 'NONE', #1436 ) ;
#1825 = FACE_OUTER_BOUND ( 'NONE', #2022, .T. ) ;
#1826 = DIRECTION ( 'NONE',  ( 1.000000000000000000, 0.0000000000000000000, 0.0000000000000000000 ) ) ;
#1827 = VECTOR ( 'NONE', #2848, 39.37007874015748100 ) ;
#1828 = PLANE ( 'NONE',  #1465 ) ;
#1829 = ORIENTED_EDGE ( 'NONE', *, *, #1316, .T. ) ;
#1830 = CARTESIAN_POINT ( 'NONE',  ( -0.1400000000000000700, 0.4630000000000000200, -0.1167499999999999900 ) ) ;
#1831 = EDGE_CURVE ( 'NONE', #2584, #1795, #3353, .T. ) ;
#1832 = VECTOR ( 'NONE', #502, 39.37007874015748900 ) ;
#1833 = CARTESIAN_POINT ( 'NONE',  ( -0.04950000000000000900, 1.745121688784979100E-017, 0.009249999999999977000 ) ) ;
#1834 = ORIENTED_EDGE ( 'NONE', *, *, #651, .T. ) ;
#1835 = CARTESIAN_POINT ( 'NONE',  ( 0.1515000000000000000, 0.2323725150002102500, -0.03336374321480876900 ) ) ;
#1836 = CARTESIAN_POINT ( 'NONE',  ( 0.1399999999999999900, 0.7011889763779527400, -0.1167499999999999900 ) ) ;
#1837 = AXIS2_PLACEMENT_3D ( 'NONE', #2313, #1788, #1037 ) ;
#1838 = DIRECTION ( 'NONE',  ( -1.000000000000000000, 0.0000000000000000000, 0.0000000000000000000 ) ) ;
#1839 = EDGE_LOOP ( 'NONE', ( #1527, #2511, #2842, #1797 ) ) ;
#1840 = ORIENTED_EDGE ( 'NONE', *, *, #187, .T. ) ;
#1841 = DIRECTION ( 'NONE',  ( -0.0000000000000000000, 0.8232981762978168700, -0.5676091198216327600 ) ) ;
#1842 = EDGE_LOOP ( 'NONE', ( #172, #1103, #1048, #3069 ) ) ;
#1843 = DIRECTION ( 'NONE',  ( 0.0000000000000000000, -7.585704903766804200E-017, 1.000000000000000000 ) ) ;
#1844 = PLANE ( 'NONE',  #2264 ) ;
#1845 = EDGE_LOOP ( 'NONE', ( #1058, #1979, #2651, #325 ) ) ;
#1846 = DIRECTION ( 'NONE',  ( -7.168278826350443000E-017, -1.000000000000000000, 0.0000000000000000000 ) ) ;
#1847 = ORIENTED_EDGE ( 'NONE', *, *, #2461, .F. ) ;
#1848 = DIRECTION ( 'NONE',  ( -0.0000000000000000000, -0.0000000000000000000, -1.000000000000000000 ) ) ;
#1849 = DIRECTION ( 'NONE',  ( 0.0000000000000000000, 0.0000000000000000000, 1.000000000000000000 ) ) ;
#1850 = LINE ( 'NONE', #1220, #2173 ) ;
#1851 = LINE ( 'NONE', #793, #687 ) ;
#1852 = EDGE_CURVE ( 'NONE', #669, #2099, #1742, .T. ) ;
#1853 = CARTESIAN_POINT ( 'NONE',  ( -0.1165000000000000100, 0.2182164085303050500, -0.03832405062591805200 ) ) ;
#1854 = DIRECTION ( 'NONE',  ( -0.0000000000000000000, -0.1045284632676528600, 0.9945218953682732900 ) ) ;
#1855 = EDGE_CURVE ( 'NONE', #1879, #654, #2400, .T. ) ;
#1856 = PRESENTATION_STYLE_ASSIGNMENT (( #816 ) ) ;
#1857 = DIRECTION ( 'NONE',  ( -1.000000000000000000, -0.0000000000000000000, -0.0000000000000000000 ) ) ;
#1858 = CARTESIAN_POINT ( 'NONE',  ( -0.1165000000000000100, 0.1374301007847140200, 0.1317499999999998400 ) ) ;
#1859 = DIRECTION ( 'NONE',  ( -2.512635393940913900E-016, -1.000000000000000000, 0.0000000000000000000 ) ) ;
#1860 = AXIS2_PLACEMENT_3D ( 'NONE', #1398, #652, #2189 ) ;
#1861 = VECTOR ( 'NONE', #1372, 39.37007874015748100 ) ;
#1862 = DIRECTION ( 'NONE',  ( 0.0000000000000000000, 0.0000000000000000000, -1.000000000000000000 ) ) ;
#1863 = LINE ( 'NONE', #2491, #593 ) ;
#1864 = VERTEX_POINT ( 'NONE', #2171 ) ;
#1865 = DIRECTION ( 'NONE',  ( -1.000000000000000000, 0.0000000000000000000, -0.0000000000000000000 ) ) ;
#1866 = LINE ( 'NONE', #1872, #3057 ) ;
#1867 = DIRECTION ( 'NONE',  ( -1.000000000000000000, -0.0000000000000000000, -0.0000000000000000000 ) ) ;
#1868 = AXIS2_PLACEMENT_3D ( 'NONE', #1136, #1926, #3215 ) ;
#1869 = CARTESIAN_POINT ( 'NONE',  ( -0.1400000000000000400, 0.7011889763779527400, -0.1167499999999999900 ) ) ;
#1870 = PLANE ( 'NONE',  #476 ) ;
#1871 = VECTOR ( 'NONE', #1277, 39.37007874015748900 ) ;
#1872 = CARTESIAN_POINT ( 'NONE',  ( -0.1515000000000000000, 0.3640540562602678800, -0.04674999999999636400 ) ) ;
#1873 = VERTEX_POINT ( 'NONE', #2418 ) ;
#1874 = ADVANCED_BREP_SHAPE_REPRESENTATION ( 'LM2576', ( #407, #306, #3310, #2702, #617, #2229, #3101, #962, #2072 ), #139 ) ;
#1875 = VECTOR ( 'NONE', #430, 39.37007874015748100 ) ;
#1876 = EDGE_CURVE ( 'NONE', #892, #415, #1576, .T. ) ;
#1877 = ORIENTED_EDGE ( 'NONE', *, *, #2033, .F. ) ;
#1878 = DIRECTION ( 'NONE',  ( -1.000000000000000000, -0.0000000000000000000, -0.0000000000000000000 ) ) ;
#1879 = VERTEX_POINT ( 'NONE', #84 ) ;
#1880 = ORIENTED_EDGE ( 'NONE', *, *, #2761, .T. ) ;
#1881 = EDGE_CURVE ( 'NONE', #3003, #568, #2734, .T. ) ;
#1882 = CARTESIAN_POINT ( 'NONE',  ( 0.08449999999999999200, 0.3637882817644925200, -0.06174999999999636300 ) ) ;
#1883 = CARTESIAN_POINT ( 'NONE',  ( 0.08449999999999999200, 0.3640540562602678800, -0.04674999999999634300 ) ) ;
#1884 = ORIENTED_EDGE ( 'NONE', *, *, #2606, .F. ) ;
#1885 = CIRCLE ( 'NONE', #3224, 0.03499999999999999600 ) ;
#1886 = VERTEX_POINT ( 'NONE', #859 ) ;
#1887 = VERTEX_POINT ( 'NONE', #3292 ) ;
#1888 = VERTEX_POINT ( 'NONE', #168 ) ;
#1889 = CIRCLE ( 'NONE', #2558, 0.03499999999999994800 ) ;
#1890 = AXIS2_PLACEMENT_3D ( 'NONE', #1712, #2502, #2781 ) ;
#1891 = EDGE_CURVE ( 'NONE', #2152, #2283, #2658, .T. ) ;
#1892 = CYLINDRICAL_SURFACE ( 'NONE', #646, 0.02000000000000000700 ) ;
#1893 = DIRECTION ( 'NONE',  ( -0.0000000000000000000, 0.3306871607406204900, -0.9437404313270184600 ) ) ;
#1894 = EDGE_CURVE ( 'NONE', #3176, #2389, #883, .T. ) ;
#1895 = CARTESIAN_POINT ( 'NONE',  ( 0.1515000000000000000, 0.1374301007847139600, 0.1667500000000000400 ) ) ;
#1896 = VECTOR ( 'NONE', #2174, 39.37007874015748900 ) ;
#1897 = AXIS2_PLACEMENT_3D ( 'NONE', #1041, #834, #3138 ) ;
#1898 = CIRCLE ( 'NONE', #1151, 0.03500000000000019100 ) ;
#1899 = CYLINDRICAL_SURFACE ( 'NONE', #3299, 0.02749999999999999700 ) ;
#1900 = VECTOR ( 'NONE', #72, 39.37007874015748900 ) ;
#1901 = DIRECTION ( 'NONE',  ( -0.0000000000000000000, 0.8232981762978168700, -0.5676091198216327600 ) ) ;
#1902 = VECTOR ( 'NONE', #341, 39.37007874015748100 ) ;
#1903 = AXIS2_PLACEMENT_3D ( 'NONE', #3105, #1017, #1270 ) ;
#1904 = CYLINDRICAL_SURFACE ( 'NONE', #2541, 0.03499999999999999600 ) ;
#1905 = CARTESIAN_POINT ( 'NONE',  ( 0.1165000000000000100, 0.3637882817644924000, -0.06174999999999637700 ) ) ;
#1906 = SURFACE_STYLE_FILL_AREA ( #1513 ) ;
#1907 = EDGE_CURVE ( 'NONE', #1997, #1046, #2908, .T. ) ;
#1908 = ORIENTED_EDGE ( 'NONE', *, *, #2603, .F. ) ;
#1909 = DIRECTION ( 'NONE',  ( -1.000000000000000000, -0.0000000000000000000, -0.0000000000000000000 ) ) ;
#1910 = VECTOR ( 'NONE', #3296, 39.37007874015748100 ) ;
#1911 = CARTESIAN_POINT ( 'NONE',  ( 0.01750000000000000200, 0.2182164085303049900, -0.03832405062591805900 ) ) ;
#1912 = VERTEX_POINT ( 'NONE', #1633 ) ;
#1913 = EDGE_CURVE ( 'NONE', #2753, #2071, #354, .T. ) ;
#1914 = VERTEX_POINT ( 'NONE', #2708 ) ;
#1915 = DIRECTION ( 'NONE',  ( 1.000000000000000000, 0.0000000000000000000, 0.0000000000000000000 ) ) ;
#1916 = ORIENTED_EDGE ( 'NONE', *, *, #1686, .F. ) ;
#1917 = AXIS2_PLACEMENT_3D ( 'NONE', #1419, #375, #2717 ) ;
#1918 = SURFACE_STYLE_USAGE ( .BOTH. , #624 ) ;
#1919 = DIRECTION ( 'NONE',  ( -1.000000000000000000, -0.0000000000000000000, 0.0000000000000000000 ) ) ;
#1920 = DIRECTION ( 'NONE',  ( 0.0000000000000000000, 1.000000000000000000, 0.0000000000000000000 ) ) ;
#1921 = CIRCLE ( 'NONE', #2863, 0.01750000000000001900 ) ;
#1922 = DIRECTION ( 'NONE',  ( 1.000000000000000000, 0.0000000000000000000, 0.0000000000000000000 ) ) ;
#1923 = ADVANCED_FACE ( 'NONE', ( #2982 ), #157, .F. ) ;
#1924 =( LENGTH_UNIT ( ) NAMED_UNIT ( * ) SI_UNIT ( $, .METRE. ) );
#1925 = DIRECTION ( 'NONE',  ( 0.0000000000000000000, 0.0000000000000000000, 1.000000000000000000 ) ) ;
#1926 = DIRECTION ( 'NONE',  ( 0.0000000000000000000, -0.9437404313270189000, -0.3306871607406194300 ) ) ;
#1927 = PRESENTATION_LAYER_ASSIGNMENT (  '', '', ( #2774 ) ) ;
#1928 = DIRECTION ( 'NONE',  ( -1.000000000000000000, -0.0000000000000000000, -0.0000000000000000000 ) ) ;
#1929 = DIRECTION ( 'NONE',  ( 0.0000000000000000000, 0.0000000000000000000, -1.000000000000000000 ) ) ;
#1930 = EDGE_CURVE ( 'NONE', #527, #2896, #1941, .T. ) ;
#1931 = CARTESIAN_POINT ( 'NONE',  ( -0.1164999999999999900, 0.01749999999999999500, 0.1517499999999999100 ) ) ;
#1932 = LINE ( 'NONE', #1445, #2426 ) ;
#1933 = EDGE_CURVE ( 'NONE', #2447, #97, #3223, .T. ) ;
#1934 = DIMENSIONAL_EXPONENTS ( 1.000000000000000000, 0.0000000000000000000, 0.0000000000000000000, 0.0000000000000000000, 0.0000000000000000000, 0.0000000000000000000, 0.0000000000000000000 ) ;
#1935 = FACE_OUTER_BOUND ( 'NONE', #2468, .T. ) ;
#1936 = ORIENTED_EDGE ( 'NONE', *, *, #2417, .T. ) ;
#1937 = LINE ( 'NONE', #2090, #848 ) ;
#1938 = DIRECTION ( 'NONE',  ( 0.0000000000000000000, 2.484761324180116700E-016, -1.000000000000000000 ) ) ;
#1939 = LINE ( 'NONE', #1835, #128 ) ;
#1940 = DIRECTION ( 'NONE',  ( -1.000000000000000000, -0.0000000000000000000, -0.0000000000000000000 ) ) ;
#1941 = LINE ( 'NONE', #630, #3061 ) ;
#1942 = CARTESIAN_POINT ( 'NONE',  ( 0.07549999999999998400, 0.8529999999999999800, 0.5314012169239522600 ) ) ;
#1943 = ORIENTED_EDGE ( 'NONE', *, *, #3038, .F. ) ;
#1944 = DIRECTION ( 'NONE',  ( 0.0000000000000000000, -0.9902680687415695800, 0.1391731009600709900 ) ) ;
#1945 = AXIS2_PLACEMENT_3D ( 'NONE', #280, #836, #2673 ) ;
#1946 = PLANE ( 'NONE',  #3051 ) ;
#1947 = VERTEX_POINT ( 'NONE', #618 ) ;
#1948 = ORIENTED_EDGE ( 'NONE', *, *, #263, .T. ) ;
#1949 = CARTESIAN_POINT ( 'NONE',  ( -0.1165000000000000100, 0.2512473236267506700, -0.04674999999999636400 ) ) ;
#1950 = DIRECTION ( 'NONE',  ( -1.000000000000000000, 0.0000000000000000000, 0.0000000000000000000 ) ) ;
#1951 = VERTEX_POINT ( 'NONE', #2843 ) ;
#1952 = EDGE_LOOP ( 'NONE', ( #2508, #2992, #3145, #1030, #3, #1761, #1307 ) ) ;
#1953 = EDGE_CURVE ( 'NONE', #2612, #1007, #316, .T. ) ;
#1954 = LINE ( 'NONE', #2742, #572 ) ;
#1955 = CARTESIAN_POINT ( 'NONE',  ( -0.04950000000000000900, 0.1629215429372074800, 0.003065436170423545000 ) ) ;
#1956 = VECTOR ( 'NONE', #743, 39.37007874015748100 ) ;
#1957 = ORIENTED_EDGE ( 'NONE', *, *, #3241, .T. ) ;
#1958 = ADVANCED_FACE ( 'NONE', ( #2826 ), #735, .F. ) ;
#1959 = ORIENTED_EDGE ( 'NONE', *, *, #1568, .T. ) ;
#1960 = DIRECTION ( 'NONE',  ( -1.000000000000000000, 2.439149994343092200E-016, 0.0000000000000000000 ) ) ;
#1961 = VERTEX_POINT ( 'NONE', #874 ) ;
#1962 =( GEOMETRIC_REPRESENTATION_CONTEXT ( 3 ) GLOBAL_UNCERTAINTY_ASSIGNED_CONTEXT ( ( #2181 ) ) GLOBAL_UNIT_ASSIGNED_CONTEXT ( ( #1140, #133, #2988 ) ) REPRESENTATION_CONTEXT ( 'NONE', 'WORKASPACE' ) );
#1963 = ORIENTED_EDGE ( 'NONE', *, *, #3377, .F. ) ;
#1964 = DIRECTION ( 'NONE',  ( -0.0000000000000000000, 0.1391731009600709900, 0.9902680687415695800 ) ) ;
#1965 = DIRECTION ( 'NONE',  ( -1.000000000000000000, 0.0000000000000000000, 0.0000000000000000000 ) ) ;
#1966 = DIRECTION ( 'NONE',  ( -1.000000000000000000, -0.0000000000000000000, -0.0000000000000000000 ) ) ;
#1967 = ORIENTED_EDGE ( 'NONE', *, *, #1639, .T. ) ;
#1968 = DIMENSIONAL_EXPONENTS ( 1.000000000000000000, 0.0000000000000000000, 0.0000000000000000000, 0.0000000000000000000, 0.0000000000000000000, 0.0000000000000000000, 0.0000000000000000000 ) ;
#1969 = CARTESIAN_POINT ( 'NONE',  ( 0.1515000000000000000, 0.3640540562602678200, -0.04674999999999636400 ) ) ;
#1970 = VERTEX_POINT ( 'NONE', #1655 ) ;
#1971 = DIRECTION ( 'NONE',  ( 0.0000000000000000000, 0.0000000000000000000, -1.000000000000000000 ) ) ;
#1972 = DIRECTION ( 'NONE',  ( -0.0000000000000000000, 8.696664634630411300E-016, 1.000000000000000000 ) ) ;
#1973 = DIRECTION ( 'NONE',  ( -1.000000000000000000, -0.0000000000000000000, -0.0000000000000000000 ) ) ;
#1974 = CARTESIAN_POINT ( 'NONE',  ( -0.01750000000000000200, 0.1374301007847139900, 0.1517499999999998800 ) ) ;
#1975 = ADVANCED_FACE ( 'NONE', ( #2474 ), #1494, .T. ) ;
#1976 = VECTOR ( 'NONE', #1165, 39.37007874015748100 ) ;
#1977 = EDGE_CURVE ( 'NONE', #3156, #1888, #2195, .T. ) ;
#1978 = FACE_OUTER_BOUND ( 'NONE', #3288, .T. ) ;
#1979 = ORIENTED_EDGE ( 'NONE', *, *, #3060, .F. ) ;
#1980 = EDGE_CURVE ( 'NONE', #2411, #527, #3220, .T. ) ;
#1981 = DIRECTION ( 'NONE',  ( 0.0000000000000000000, -1.000000000000000000, -7.757935840332562600E-016 ) ) ;
#1982 = PLANE ( 'NONE',  #126 ) ;
#1983 = LINE ( 'NONE', #3350, #3347 ) ;
#1984 = VECTOR ( 'NONE', #2184, 39.37007874015748900 ) ;
#1985 = DIRECTION ( 'NONE',  ( -1.000000000000000000, -0.0000000000000000000, -0.0000000000000000000 ) ) ;
#1986 = CARTESIAN_POINT ( 'NONE',  ( 0.01750000000000000200, 0.2512473236267506700, -0.06174999999999638400 ) ) ;
#1987 = CARTESIAN_POINT ( 'NONE',  ( -0.1165000000000000100, 0.2182164085303050200, -0.03832405062591805900 ) ) ;
#1988 = VECTOR ( 'NONE', #3109, 39.37007874015748900 ) ;
#1989 = ADVANCED_FACE ( 'NONE', ( #2156 ), #2745, .F. ) ;
#1990 =( NAMED_UNIT ( * ) PLANE_ANGLE_UNIT ( ) SI_UNIT ( $, .RADIAN. ) );
#1991 = DIRECTION ( 'NONE',  ( -1.000000000000000000, -0.0000000000000000000, 0.0000000000000000000 ) ) ;
#1992 = CARTESIAN_POINT ( 'NONE',  ( -0.1515000000000000000, 0.2323725150002103100, -0.03336374321480876900 ) ) ;
#1993 = EDGE_LOOP ( 'NONE', ( #678, #2409, #2816, #2451 ) ) ;
#1994 = DIRECTION ( 'NONE',  ( 0.0000000000000000000, 0.0000000000000000000, -1.000000000000000000 ) ) ;
#1995 = LINE ( 'NONE', #3313, #1875 ) ;
#1996 = AXIS2_PLACEMENT_3D ( 'NONE', #1254, #2262, #2514 ) ;
#1997 = VERTEX_POINT ( 'NONE', #1632 ) ;
#1998 = ADVANCED_FACE ( 'NONE', ( #879 ), #3262, .T. ) ;
#1999 = AXIS2_PLACEMENT_3D ( 'NONE', #1218, #3064, #459 ) ;
#2000 = VERTEX_POINT ( 'NONE', #2835 ) ;
#2001 = DIRECTION ( 'NONE',  ( 0.0000000000000000000, 0.0000000000000000000, 1.000000000000000000 ) ) ;
#2002 = VERTEX_POINT ( 'NONE', #1782 ) ;
#2003 = CARTESIAN_POINT ( 'NONE',  ( -0.01750000000000000200, 0.2512473236267506700, -0.06174999999999638400 ) ) ;
#2004 = EDGE_CURVE ( 'NONE', #2877, #1684, #810, .T. ) ;
#2005 = ORIENTED_EDGE ( 'NONE', *, *, #1562, .F. ) ;
#2006 = VERTEX_POINT ( 'NONE', #2060 ) ;
#2007 = ORIENTED_EDGE ( 'NONE', *, *, #2682, .F. ) ;
#2008 = EDGE_CURVE ( 'NONE', #1056, #3176, #1450, .T. ) ;
#2009 = EDGE_LOOP ( 'NONE', ( #787, #444, #1118, #625 ) ) ;
#2010 = VERTEX_POINT ( 'NONE', #2017 ) ;
#2011 = PRESENTATION_LAYER_ASSIGNMENT (  '', '', ( #1652 ) ) ;
#2012 = CARTESIAN_POINT ( 'NONE',  ( 0.01750000000000000200, 0.1374301007847139900, 0.1517499999999998800 ) ) ;
#2013 = CARTESIAN_POINT ( 'NONE',  ( 0.1515000000000000000, 0.1704610158811598100, 0.1433240506259216000 ) ) ;
#2014 = ADVANCED_FACE ( 'NONE', ( #205 ), #1741, .F. ) ;
#2015 = PLANE ( 'NONE',  #2566 ) ;
#2016 = DIRECTION ( 'NONE',  ( 0.0000000000000000000, 0.0000000000000000000, 1.000000000000000000 ) ) ;
#2017 = CARTESIAN_POINT ( 'NONE',  ( -0.08450000000000002000, 0.3629999999999999300, -0.05424999999999637100 ) ) ;
#2018 = CIRCLE ( 'NONE', #1362, 0.02000000000000000700 ) ;
#2019 =( GEOMETRIC_REPRESENTATION_CONTEXT ( 3 ) GLOBAL_UNCERTAINTY_ASSIGNED_CONTEXT ( ( #1468 ) ) GLOBAL_UNIT_ASSIGNED_CONTEXT ( ( #2221, #1401, #3243 ) ) REPRESENTATION_CONTEXT ( 'NONE', 'WORKASPACE' ) );
#2020 = DIRECTION ( 'NONE',  ( -1.000000000000000000, 0.0000000000000000000, 0.0000000000000000000 ) ) ;
#2021 = VECTOR ( 'NONE', #1417, 39.37007874015748100 ) ;
#2022 = EDGE_LOOP ( 'NONE', ( #2358, #767, #1749, #1051 ) ) ;
#2023 = EDGE_CURVE ( 'NONE', #53, #2006, #774, .T. ) ;
#2024 = DIRECTION ( 'NONE',  ( -0.0000000000000000000, 0.1391731009600705400, 0.9902680687415695800 ) ) ;
#2025 = VECTOR ( 'NONE', #445, 39.37007874015748100 ) ;
#2026 = VECTOR ( 'NONE', #3150, 39.37007874015748900 ) ;
#2027 = PLANE ( 'NONE',  #401 ) ;
#2028 = ORIENTED_EDGE ( 'NONE', *, *, #1907, .F. ) ;
#2029 = CARTESIAN_POINT ( 'NONE',  ( -0.1165000000000000100, 0.3640540562602678800, -0.04674999999999636400 ) ) ;
#2030 = VECTOR ( 'NONE', #399, 39.37007874015748100 ) ;
#2031 = DIRECTION ( 'NONE',  ( -1.000000000000000000, 7.168278826350446700E-017, 0.0000000000000000000 ) ) ;
#2032 = LINE ( 'NONE', #2498, #1330 ) ;
#2033 = EDGE_CURVE ( 'NONE', #2335, #1751, #1820, .T. ) ;
#2034 = VECTOR ( 'NONE', #1157, 39.37007874015748100 ) ;
#2035 = CARTESIAN_POINT ( 'NONE',  ( 0.1515000000000000200, 0.01749999999999994600, 0.1517499999999999100 ) ) ;
#2036 = CARTESIAN_POINT ( 'NONE',  ( 0.1515000000000000000, 0.1374301007847139600, 0.1667500000000000400 ) ) ;
#2037 = LINE ( 'NONE', #570, #2284 ) ;
#2038 = EDGE_CURVE ( 'NONE', #3126, #745, #1939, .T. ) ;
#2039 = ADVANCED_FACE ( 'NONE', ( #554 ), #565, .T. ) ;
#2040 = VERTEX_POINT ( 'NONE', #1257 ) ;
#2041 = DIRECTION ( 'NONE',  ( 0.0000000000000000000, 0.0000000000000000000, -1.000000000000000000 ) ) ;
#2042 = AXIS2_PLACEMENT_3D ( 'NONE', #2554, #2031, #983 ) ;
#2043 = DIRECTION ( 'NONE',  ( 1.000000000000000000, 0.0000000000000000000, -0.0000000000000000000 ) ) ;
#2044 = ORIENTED_EDGE ( 'NONE', *, *, #324, .T. ) ;
#2045 = CARTESIAN_POINT ( 'NONE',  ( -0.04950000000000000900, 0.1544074061398829600, -0.009284036474043634900 ) ) ;
#2046 = ORIENTED_EDGE ( 'NONE', *, *, #359, .T. ) ;
#2047 = CARTESIAN_POINT ( 'NONE',  ( -0.07549999999999998400, 0.8529999999999999800, -0.1167499999999999900 ) ) ;
#2048 = ORIENTED_EDGE ( 'NONE', *, *, #847, .F. ) ;
#2049 = CARTESIAN_POINT ( 'NONE',  ( -0.1515000000000000000, 0.2512473236267506700, -0.02674999999999637400 ) ) ;
#2050 = ORIENTED_EDGE ( 'NONE', *, *, #2144, .F. ) ;
#2051 = STYLED_ITEM ( 'NONE', ( #1856 ), #3310 ) ;
#2052 = LINE ( 'NONE', #1942, #1347 ) ;
#2053 = LINE ( 'NONE', #2827, #1956 ) ;
#2054 = ORIENTED_EDGE ( 'NONE', *, *, #1340, .F. ) ;
#2055 = DIRECTION ( 'NONE',  ( 1.000000000000000000, 0.0000000000000000000, -0.0000000000000000000 ) ) ;
#2056 = EDGE_CURVE ( 'NONE', #1472, #77, #3148, .T. ) ;
#2057 = VERTEX_POINT ( 'NONE', #461 ) ;
#2058 = DIRECTION ( 'NONE',  ( 0.0000000000000000000, 0.0000000000000000000, 1.000000000000000000 ) ) ;
#2059 = DIRECTION ( 'NONE',  ( 1.000000000000000000, 0.0000000000000000000, -0.0000000000000000000 ) ) ;
#2060 = CARTESIAN_POINT ( 'NONE',  ( -0.08450000000000002000, 0.1544074061398829600, -0.009284036474043634900 ) ) ;
#2061 = EDGE_CURVE ( 'NONE', #974, #1310, #849, .T. ) ;
#2062 = EDGE_LOOP ( 'NONE', ( #2704, #647, #824, #1756, #2346, #1023, #2890, #1719, #1226, #1877, #1133, #3277, #2811 ) ) ;
#2063 = VERTEX_POINT ( 'NONE', #62 ) ;
#2064 = FILL_AREA_STYLE_COLOUR ( '', #162 ) ;
#2065 = DIRECTION ( 'NONE',  ( 0.0000000000000000000, -0.3306871607406205400, 0.9437404313270184600 ) ) ;
#2066 = DIRECTION ( 'NONE',  ( 1.000000000000000000, 0.0000000000000000000, -0.0000000000000000000 ) ) ;
#2067 = DIRECTION ( 'NONE',  ( -0.0000000000000000000, -1.000000000000000000, -0.0000000000000000000 ) ) ;
#2068 = VECTOR ( 'NONE', #1127, 39.37007874015748900 ) ;
#2069 = DIRECTION ( 'NONE',  ( 0.0000000000000000000, 0.0000000000000000000, -1.000000000000000000 ) ) ;
#2070 = DIRECTION ( 'NONE',  ( 1.000000000000000000, 0.0000000000000000000, -0.0000000000000000000 ) ) ;
#2071 = VERTEX_POINT ( 'NONE', #1101 ) ;
#2072 = AXIS2_PLACEMENT_3D ( 'NONE', #3140, #837, #3130 ) ;
#2073 = VECTOR ( 'NONE', #1660, 39.37007874015748100 ) ;
#2074 = ORIENTED_EDGE ( 'NONE', *, *, #1822, .F. ) ;
#2075 = EDGE_CURVE ( 'NONE', #974, #1707, #2431, .T. ) ;
#2076 = CARTESIAN_POINT ( 'NONE',  ( -0.1515000000000000000, 0.2182164085303050500, -0.03832405062591805200 ) ) ;
#2077 = CIRCLE ( 'NONE', #1000, 0.03500000000000019100 ) ;
#2078 = DIRECTION ( 'NONE',  ( 1.000000000000000000, 0.0000000000000000000, -0.0000000000000000000 ) ) ;
#2079 = CIRCLE ( 'NONE', #1701, 0.02749999999999999700 ) ;
#2080 = EDGE_CURVE ( 'NONE', #1213, #2149, #82, .T. ) ;
#2081 = DIRECTION ( 'NONE',  ( -1.000000000000000000, -0.0000000000000000000, -0.0000000000000000000 ) ) ;
#2082 = CARTESIAN_POINT ( 'NONE',  ( 0.01750000000000000200, 0.1374301007847139900, 0.1517499999999998600 ) ) ;
#2083 = APPLICATION_CONTEXT ( 'automotive_design' ) ;
#2084 = ORIENTED_EDGE ( 'NONE', *, *, #2399, .T. ) ;
#2085 = AXIS2_PLACEMENT_3D ( 'NONE', #1438, #3278, #2488 ) ;
#2086 = CARTESIAN_POINT ( 'NONE',  ( -0.1400000000000000400, 0.7011889763779527400, -0.1167499999999999900 ) ) ;
#2087 = VERTEX_POINT ( 'NONE', #864 ) ;
#2088 = ORIENTED_EDGE ( 'NONE', *, *, #1808, .T. ) ;
#2089 = UNCERTAINTY_MEASURE_WITH_UNIT (LENGTH_MEASURE( 1.000000000000000100E-005 ), #3295, 'distance_accuracy_value', 'NONE');
#2090 = CARTESIAN_POINT ( 'NONE',  ( 0.04949999999999999500, 0.3629999999999999300, -0.05424999999999637100 ) ) ;
#2091 = ORIENTED_EDGE ( 'NONE', *, *, #389, .T. ) ;
#2092 = CARTESIAN_POINT ( 'NONE',  ( 0.1515000000000000000, 0.3629999999999998800, -0.05424999999999637100 ) ) ;
#2093 = CARTESIAN_POINT ( 'NONE',  ( 0.2000000000000000400, 0.7011889763779527400, -0.1667500000000000100 ) ) ;
#2094 = AXIS2_PLACEMENT_3D ( 'NONE', #223, #2306, #2289 ) ;
#2095 = ORIENTED_EDGE ( 'NONE', *, *, #1199, .F. ) ;
#2096 = VERTEX_POINT ( 'NONE', #2683 ) ;
#2097 = LINE ( 'NONE', #2735, #189 ) ;
#2098 = VERTEX_POINT ( 'NONE', #823 ) ;
#2099 = VERTEX_POINT ( 'NONE', #2659 ) ;
#2100 = ORIENTED_EDGE ( 'NONE', *, *, #699, .F. ) ;
#2101 = FILL_AREA_STYLE ('',( #2064 ) ) ;
#2102 = EDGE_LOOP ( 'NONE', ( #695, #989, #2131, #93 ) ) ;
#2103 = EDGE_CURVE ( 'NONE', #853, #3003, #2363, .T. ) ;
#2104 = CARTESIAN_POINT ( 'NONE',  ( 0.1399999999999999600, 0.4629999999999999700, 0.5314012169239522600 ) ) ;
#2105 = DIRECTION ( 'NONE',  ( -1.000000000000000000, -0.0000000000000000000, -0.0000000000000000000 ) ) ;
#2106 = LENGTH_MEASURE_WITH_UNIT ( LENGTH_MEASURE( 0.02539999999999999900 ), #1356 );
#2107 = PRESENTATION_LAYER_ASSIGNMENT (  '', '', ( #1743 ) ) ;
#2108 = CARTESIAN_POINT ( 'NONE',  ( -0.1999619762574454100, 0.3474953072640826200, -0.1645716212480198800 ) ) ;
#2109 = VECTOR ( 'NONE', #3047, 39.37007874015748100 ) ;
#2110 = DIRECTION ( 'NONE',  ( -0.9998476951563912700, 1.951022799987732400E-016, 0.01745240643728009800 ) ) ;
#2111 = AXIS2_PLACEMENT_3D ( 'NONE', #1126, #2526, #1747 ) ;
#2112 = LINE ( 'NONE', #833, #1812 ) ;
#2113 = LINE ( 'NONE', #585, #432 ) ;
#2114 = VECTOR ( 'NONE', #320, 39.37007874015748100 ) ;
#2115 = VERTEX_POINT ( 'NONE', #1066 ) ;
#2116 = PRODUCT_RELATED_PRODUCT_CATEGORY ( 'part', '', ( #1676 ) ) ;
#2117 = DIRECTION ( 'NONE',  ( 0.01728261179770662300, 0.1391523146935407800, 0.9901201667701147200 ) ) ;
#2118 = EDGE_CURVE ( 'NONE', #1725, #1786, #351, .T. ) ;
#2119 = VECTOR ( 'NONE', #1391, 39.37007874015748100 ) ;
#2120 = CARTESIAN_POINT ( 'NONE',  ( 0.04949999999999999500, 0.2215370392552048200, -0.05556543617041998000 ) ) ;
#2121 = DIRECTION ( 'NONE',  ( 1.000000000000000000, 0.0000000000000000000, 0.0000000000000000000 ) ) ;
#2122 = EDGE_CURVE ( 'NONE', #3365, #2883, #1331, .T. ) ;
#2123 = CARTESIAN_POINT ( 'NONE',  ( -0.1165000000000000100, 0.3640540562602678800, -0.04674999999999636400 ) ) ;
#2124 = SURFACE_SIDE_STYLE ('',( #2894 ) ) ;
#2125 = VERTEX_POINT ( 'NONE', #3190 ) ;
#2126 = VERTEX_POINT ( 'NONE', #1618 ) ;
#2127 = DIRECTION ( 'NONE',  ( -1.000000000000000000, 2.439149994343092200E-016, 0.0000000000000000000 ) ) ;
#2128 = CARTESIAN_POINT ( 'NONE',  ( 0.01750000000000000200, 0.3629999999999999300, -0.05424999999999637100 ) ) ;
#2129 = AXIS2_PLACEMENT_3D ( 'NONE', #1654, #1160, #1950 ) ;
#2130 = FILL_AREA_STYLE_COLOUR ( '', #1096 ) ;
#2131 = ORIENTED_EDGE ( 'NONE', *, *, #3290, .F. ) ;
#2132 = EDGE_LOOP ( 'NONE', ( #1590, #2095, #177, #1265 ) ) ;
#2133 = EDGE_LOOP ( 'NONE', ( #3325, #1285, #564, #147 ) ) ;
#2134 = CARTESIAN_POINT ( 'NONE',  ( -0.1165000000000000100, -8.768250000047403600E-018, 0.1667500000000000100 ) ) ;
#2135 = ORIENTED_EDGE ( 'NONE', *, *, #33, .F. ) ;
#2136 = ORIENTED_EDGE ( 'NONE', *, *, #628, .F. ) ;
#2137 = CARTESIAN_POINT ( 'NONE',  ( 0.08449999999999999200, 0.1430552237434503400, -0.02574999999999999200 ) ) ;
#2138 = DIRECTION ( 'NONE',  ( 0.0000000000000000000, -1.000000000000000000, -0.0000000000000000000 ) ) ;
#2139 = AXIS2_PLACEMENT_3D ( 'NONE', #948, #2840, #1274 ) ;
#2140 = VECTOR ( 'NONE', #605, 39.37007874015748100 ) ;
#2141 = EDGE_LOOP ( 'NONE', ( #2278, #2285, #108, #439 ) ) ;
#2142 = DIRECTION ( 'NONE',  ( -1.000000000000000000, -0.0000000000000000000, -0.0000000000000000000 ) ) ;
#2143 = DIRECTION ( 'NONE',  ( -1.000000000000000000, -0.0000000000000000000, -0.0000000000000000000 ) ) ;
#2144 = EDGE_CURVE ( 'NONE', #1334, #2877, #2824, .T. ) ;
#2145 = DIRECTION ( 'NONE',  ( 0.0000000000000000000, -1.000000000000000000, 9.756599977372358800E-016 ) ) ;
#2146 = DIRECTION ( 'NONE',  ( 0.0000000000000000000, -0.9902680687415695800, 0.1391731009600705200 ) ) ;
#2147 = AXIS2_PLACEMENT_3D ( 'NONE', #3139, #897, #86 ) ;
#2148 = LINE ( 'NONE', #1200, #1483 ) ;
#2149 = VERTEX_POINT ( 'NONE', #1628 ) ;
#2150 = EDGE_LOOP ( 'NONE', ( #710, #1259, #3121, #3189 ) ) ;
#2151 = LINE ( 'NONE', #1217, #2026 ) ;
#2152 = VERTEX_POINT ( 'NONE', #3200 ) ;
#2153 = VECTOR ( 'NONE', #119, 39.37007874015748100 ) ;
#2154 = ORIENTED_EDGE ( 'NONE', *, *, #2312, .T. ) ;
#2155 = CIRCLE ( 'NONE', #1358, 0.01750000000000001900 ) ;
#2156 = FACE_OUTER_BOUND ( 'NONE', #3327, .T. ) ;
#2157 = CYLINDRICAL_SURFACE ( 'NONE', #2906, 0.02000000000000000400 ) ;
#2158 = PLANE ( 'NONE',  #1536 ) ;
#2159 = VERTEX_POINT ( 'NONE', #2917 ) ;
#2160 = DIRECTION ( 'NONE',  ( -0.0000000000000000000, -0.0000000000000000000, 1.000000000000000000 ) ) ;
#2161 = EDGE_CURVE ( 'NONE', #1796, #2208, #1866, .T. ) ;
#2162 = EDGE_LOOP ( 'NONE', ( #1341, #2916, #501, #2373 ) ) ;
#2163 = DIRECTION ( 'NONE',  ( -1.000000000000000000, -0.0000000000000000000, -0.0000000000000000000 ) ) ;
#2164 = VECTOR ( 'NONE', #276, 39.37007874015748100 ) ;
#2165 = ORIENTED_EDGE ( 'NONE', *, *, #2630, .T. ) ;
#2166 = ORIENTED_EDGE ( 'NONE', *, *, #1298, .F. ) ;
#2167 = EDGE_CURVE ( 'NONE', #1092, #191, #516, .T. ) ;
#2168 = ORIENTED_EDGE ( 'NONE', *, *, #3018, .F. ) ;
#2169 = ORIENTED_EDGE ( 'NONE', *, *, #2675, .T. ) ;
#2170 = VERTEX_POINT ( 'NONE', #3172 ) ;
#2171 = CARTESIAN_POINT ( 'NONE',  ( 0.04949999999999999500, 0.2300511760525292800, -0.04321596352595271500 ) ) ;
#2172 = ADVANCED_FACE ( 'NONE', ( #48 ), #2946, .F. ) ;
#2173 = VECTOR ( 'NONE', #1556, 39.37007874015748100 ) ;
#2174 = DIRECTION ( 'NONE',  ( -0.0000000000000000000, -0.1045284632676528600, 0.9945218953682732900 ) ) ;
#2175 = EDGE_CURVE ( 'NONE', #1174, #331, #2733, .T. ) ;
#2176 = CARTESIAN_POINT ( 'NONE',  ( 0.08449999999999999200, 0.3637882817644925200, -0.06174999999999636300 ) ) ;
#2177 = EDGE_LOOP ( 'NONE', ( #1880, #1292, #3157, #2044 ) ) ;
#2178 = VECTOR ( 'NONE', #2529, 39.37007874015748100 ) ;
#2179 = ORIENTED_EDGE ( 'NONE', *, *, #33, .T. ) ;
#2180 = EDGE_CURVE ( 'NONE', #487, #2320, #2516, .T. ) ;
#2181 = UNCERTAINTY_MEASURE_WITH_UNIT (LENGTH_MEASURE( 1.000000000000000100E-005 ), #1140, 'distance_accuracy_value', 'NONE');
#2182 = VECTOR ( 'NONE', #2067, 39.37007874015748100 ) ;
#2183 = EDGE_LOOP ( 'NONE', ( #1555, #1241, #1621, #2395 ) ) ;
#2184 = DIRECTION ( 'NONE',  ( -0.0000000000000000000, -0.3306871607406194300, 0.9437404313270189000 ) ) ;
#2185 = LINE ( 'NONE', #2012, #876 ) ;
#2186 = ADVANCED_FACE ( 'NONE', ( #1117 ), #870, .F. ) ;
#2187 = VECTOR ( 'NONE', #1973, 39.37007874015748100 ) ;
#2188 = VERTEX_POINT ( 'NONE', #1363 ) ;
#2189 = DIRECTION ( 'NONE',  ( 0.0000000000000000000, -1.000000000000000000, 8.696664634630411300E-016 ) ) ;
#2190 = DIRECTION ( 'NONE',  ( -0.0000000000000000000, 1.000000000000000000, -0.0000000000000000000 ) ) ;
#2191 = LINE ( 'NONE', #3339, #81 ) ;
#2192 = VECTOR ( 'NONE', #3342, 39.37007874015748100 ) ;
#2193 = AXIS2_PLACEMENT_3D ( 'NONE', #791, #986, #13 ) ;
#2194 = CARTESIAN_POINT ( 'NONE',  ( -0.1165000000000000100, 0.1563049094112543800, 0.1383637432148122600 ) ) ;
#2195 = LINE ( 'NONE', #2978, #998 ) ;
#2196 = ORIENTED_EDGE ( 'NONE', *, *, #1501, .T. ) ;
#2197 = AXIS2_PLACEMENT_3D ( 'NONE', #106, #813, #1608 ) ;
#2198 = CARTESIAN_POINT ( 'NONE',  ( -0.1418580883129208500, 0.4274865063424114800, 0.003249999999999999000 ) ) ;
#2199 = EDGE_CURVE ( 'NONE', #431, #1460, #281, .T. ) ;
#2200 = ORIENTED_EDGE ( 'NONE', *, *, #794, .F. ) ;
#2201 = SURFACE_SIDE_STYLE ('',( #1651 ) ) ;
#2202 = ADVANCED_FACE ( 'NONE', ( #1410 ), #2869, .T. ) ;
#2203 = CIRCLE ( 'NONE', #2785, 0.02000000000000000700 ) ;
#2204 = PLANE ( 'NONE',  #1032 ) ;
#2205 = ORIENTED_EDGE ( 'NONE', *, *, #906, .F. ) ;
#2206 = EDGE_CURVE ( 'NONE', #1582, #2883, #2079, .T. ) ;
#2207 = EDGE_LOOP ( 'NONE', ( #1385, #2412, #2216, #1306, #3258, #606, #776, #222, #1098, #3009, #2640, #1916, #2520 ) ) ;
#2208 = VERTEX_POINT ( 'NONE', #658 ) ;
#2209 = ADVANCED_FACE ( 'NONE', ( #644 ), #1946, .F. ) ;
#2210 = EDGE_LOOP ( 'NONE', ( #1071, #2801, #1284, #2602, #2454, #1379, #3185, #213 ) ) ;
#2211 = ORIENTED_EDGE ( 'NONE', *, *, #1282, .T. ) ;
#2212 = CARTESIAN_POINT ( 'NONE',  ( 0.04949999999999999500, 0.2414033584489619400, -0.02674999999999635700 ) ) ;
#2213 = DIRECTION ( 'NONE',  ( 0.0000000000000000000, 0.0000000000000000000, 1.000000000000000000 ) ) ;
#2214 = VECTOR ( 'NONE', #2538, 39.37007874015748100 ) ;
#2215 = ORIENTED_EDGE ( 'NONE', *, *, #2381, .F. ) ;
#2216 = ORIENTED_EDGE ( 'NONE', *, *, #91, .F. ) ;
#2217 = CARTESIAN_POINT ( 'NONE',  ( -0.04950000000000000900, 0.1430552237434503700, -0.02574999999999999200 ) ) ;
#2218 = DIRECTION ( 'NONE',  ( -1.000000000000000000, -0.0000000000000000000, -0.0000000000000000000 ) ) ;
#2219 = ADVANCED_FACE ( 'NONE', ( #2905 ), #398, .F. ) ;
#2220 = DIRECTION ( 'NONE',  ( 0.0000000000000000000, -0.1391731009600709900, -0.9902680687415695800 ) ) ;
#2221 =( CONVERSION_BASED_UNIT ( 'INCH', #1366 ) LENGTH_UNIT ( ) NAMED_UNIT ( #1406 ) );
#2222 = CARTESIAN_POINT ( 'NONE',  ( -0.01750000000000000200, 0.3640540562602678800, -0.04674999999999636400 ) ) ;
#2223 = ADVANCED_FACE ( 'NONE', ( #3349 ), #689, .F. ) ;
#2224 = CARTESIAN_POINT ( 'NONE',  ( 0.1991272467535887500, 0.7011889763779527400, -0.1167499999999999900 ) ) ;
#2225 = EDGE_CURVE ( 'NONE', #566, #1816, #2699, .T. ) ;
#2226 = SURFACE_STYLE_USAGE ( .BOTH. , #1431 ) ;
#2227 = VECTOR ( 'NONE', #264, 39.37007874015748100 ) ;
#2228 = EDGE_CURVE ( 'NONE', #1300, #704, #1374, .T. ) ;
#2229 = MANIFOLD_SOLID_BREP ( 'Pin 5', #2534 ) ;
#2230 = FACE_OUTER_BOUND ( 'NONE', #1579, .T. ) ;
#2231 = FACE_OUTER_BOUND ( 'NONE', #1299, .T. ) ;
#2232 = DIRECTION ( 'NONE',  ( 1.000000000000000000, 0.0000000000000000000, 0.0000000000000000000 ) ) ;
#2233 = ADVANCED_FACE ( 'NONE', ( #3312 ), #3254, .T. ) ;
#2234 = PLANE ( 'NONE',  #640 ) ;
#2235 = VECTOR ( 'NONE', #1457, 39.37007874015748100 ) ;
#2236 = VECTOR ( 'NONE', #1901, 39.37007874015748900 ) ;
#2237 = ORIENTED_EDGE ( 'NONE', *, *, #927, .T. ) ;
#2238 = AXIS2_PLACEMENT_3D ( 'NONE', #3233, #1636, #2213 ) ;
#2239 = VECTOR ( 'NONE', #796, 39.37007874015748100 ) ;
#2240 = AXIS2_PLACEMENT_3D ( 'NONE', #1522, #479, #2586 ) ;
#2241 = PLANE ( 'NONE',  #1335 ) ;
#2242 = DIRECTION ( 'NONE',  ( -0.0000000000000000000, -0.8232981762978172100, 0.5676091198216323100 ) ) ;
#2243 = ORIENTED_EDGE ( 'NONE', *, *, #809, .T. ) ;
#2244 = CARTESIAN_POINT ( 'NONE',  ( -0.01750000000000000200, 0.2182164085303050200, -0.03832405062591805200 ) ) ;
#2245 = EDGE_CURVE ( 'NONE', #3265, #2411, #3144, .T. ) ;
#2246 = ORIENTED_EDGE ( 'NONE', *, *, #74, .F. ) ;
#2247 = VERTEX_POINT ( 'NONE', #2755 ) ;
#2248 = CARTESIAN_POINT ( 'NONE',  ( 0.1515000000000000000, 0.1374301007847139600, 0.1517499999999998600 ) ) ;
#2249 = DIRECTION ( 'NONE',  ( 1.000000000000000000, 0.0000000000000000000, -0.0000000000000000000 ) ) ;
#2250 = LINE ( 'NONE', #3163, #61 ) ;
#2251 = DIRECTION ( 'NONE',  ( -1.000000000000000000, -0.0000000000000000000, -0.0000000000000000000 ) ) ;
#2252 = ORIENTED_EDGE ( 'NONE', *, *, #1808, .F. ) ;
#2253 = EDGE_CURVE ( 'NONE', #136, #2380, #2694, .T. ) ;
#2254 = ORIENTED_EDGE ( 'NONE', *, *, #2501, .F. ) ;
#2255 = CARTESIAN_POINT ( 'NONE',  ( 0.01750000000000000200, 0.2182164085303050200, -0.03832405062591805200 ) ) ;
#2256 = PRESENTATION_STYLE_ASSIGNMENT (( #2226 ) ) ;
#2257 = AXIS2_PLACEMENT_3D ( 'NONE', #679, #1135, #2984 ) ;
#2258 = CARTESIAN_POINT ( 'NONE',  ( -0.1418580883129208500, 0.4274865063424114800, 0.01325000000000000000 ) ) ;
#2259 = CARTESIAN_POINT ( 'NONE',  ( -0.08450000000000002000, 0.1430552237434503700, -0.005749999999999999900 ) ) ;
#2260 = SURFACE_SIDE_STYLE ('',( #949 ) ) ;
#2261 = ADVANCED_FACE ( 'NONE', ( #3305 ), #3013, .F. ) ;
#2262 = DIRECTION ( 'NONE',  ( -1.000000000000000000, -0.0000000000000000000, -0.0000000000000000000 ) ) ;
#2263 = CARTESIAN_POINT ( 'NONE',  ( -0.1165000000000000100, -8.768250000047403600E-018, 0.1667500000000000100 ) ) ;
#2264 = AXIS2_PLACEMENT_3D ( 'NONE', #286, #2110, #2663 ) ;
#2265 = DIRECTION ( 'NONE',  ( -0.0000000000000000000, 0.9437404313270185700, 0.3306871607406206000 ) ) ;
#2266 = PLANE ( 'NONE',  #705 ) ;
#2267 = CARTESIAN_POINT ( 'NONE',  ( -0.04950000000000000900, 0.3640540562602678800, -0.04674999999999634300 ) ) ;
#2268 = COLOUR_RGB ( '',1.000000000000000000, 1.000000000000000000, 1.000000000000000000 ) ;
#2269 = VERTEX_POINT ( 'NONE', #919 ) ;
#2270 = CARTESIAN_POINT ( 'NONE',  ( 0.04949999999999999500, 0.2414033584489618500, -0.06174999999999634900 ) ) ;
#2271 = PRESENTATION_STYLE_ASSIGNMENT (( #1231 ) ) ;
#2272 = VERTEX_POINT ( 'NONE', #1471 ) ;
#2273 = DIRECTION ( 'NONE',  ( -1.000000000000000000, 0.0000000000000000000, 0.0000000000000000000 ) ) ;
#2274 = EDGE_CURVE ( 'NONE', #945, #974, #1898, .T. ) ;
#2275 = CYLINDRICAL_SURFACE ( 'NONE', #371, 0.02749999999999999700 ) ;
#2276 = CIRCLE ( 'NONE', #573, 0.02000000000000000700 ) ;
#2277 = ORIENTED_EDGE ( 'NONE', *, *, #1323, .T. ) ;
#2278 = ORIENTED_EDGE ( 'NONE', *, *, #1448, .T. ) ;
#2279 = MECHANICAL_DESIGN_GEOMETRIC_PRESENTATION_REPRESENTATION (  '', ( #1743 ), #1962 ) ;
#2280 = ADVANCED_FACE ( 'NONE', ( #313 ), #1488, .T. ) ;
#2281 = FACE_OUTER_BOUND ( 'NONE', #2183, .T. ) ;
#2282 = DIRECTION ( 'NONE',  ( 0.0000000000000000000, -0.9945218953682734000, -0.1045284632676531200 ) ) ;
#2283 = VERTEX_POINT ( 'NONE', #2513 ) ;
#2284 = VECTOR ( 'NONE', #1854, 39.37007874015748900 ) ;
#2285 = ORIENTED_EDGE ( 'NONE', *, *, #2061, .F. ) ;
#2286 = CARTESIAN_POINT ( 'NONE',  ( 0.1165000000000000100, 0.1704610158811598100, 0.1433240506259216000 ) ) ;
#2287 = AXIS2_PLACEMENT_3D ( 'NONE', #1734, #2789, #1718 ) ;
#2288 = ORIENTED_EDGE ( 'NONE', *, *, #539, .T. ) ;
#2289 = DIRECTION ( 'NONE',  ( 2.512635393940913900E-016, 1.000000000000000000, 0.0000000000000000000 ) ) ;
#2290 = EDGE_LOOP ( 'NONE', ( #3203, #839, #3043, #955 ) ) ;
#2291 = ORIENTED_EDGE ( 'NONE', *, *, #227, .F. ) ;
#2292 = CARTESIAN_POINT ( 'NONE',  ( 0.2000000000000001200, 0.9729999999999999800, -0.1167499999999999900 ) ) ;
#2293 = EDGE_CURVE ( 'NONE', #555, #484, #1571, .T. ) ;
#2294 = VERTEX_POINT ( 'NONE', #171 ) ;
#2295 = ADVANCED_FACE ( 'NONE', ( #1155 ), #3340, .F. ) ;
#2296 = EDGE_LOOP ( 'NONE', ( #2970, #134, #2711, #1427 ) ) ;
#2297 =( NAMED_UNIT ( * ) PLANE_ANGLE_UNIT ( ) SI_UNIT ( $, .RADIAN. ) );
#2298 = LINE ( 'NONE', #2918, #2631 ) ;
#2299 = VECTOR ( 'NONE', #1603, 39.37007874015748100 ) ;
#2300 = EDGE_CURVE ( 'NONE', #1087, #2817, #200, .T. ) ;
#2301 = ORIENTED_EDGE ( 'NONE', *, *, #180, .T. ) ;
#2302 = CIRCLE ( 'NONE', #1294, 0.03499999999999999600 ) ;
#2303 = FACE_OUTER_BOUND ( 'NONE', #1327, .T. ) ;
#2304 = CARTESIAN_POINT ( 'NONE',  ( -0.1165000000000000100, 0.2512473236267506700, -0.02674999999999637400 ) ) ;
#2305 = ORIENTED_EDGE ( 'NONE', *, *, #2832, .F. ) ;
#2306 = DIRECTION ( 'NONE',  ( 1.000000000000000000, -2.512635393940913900E-016, 0.0000000000000000000 ) ) ;
#2307 = CARTESIAN_POINT ( 'NONE',  ( -0.04950000000000000900, 0.1430552237434503700, -0.005749999999999991200 ) ) ;
#2308 = PLANE ( 'NONE',  #2042 ) ;
#2309 = DIRECTION ( 'NONE',  ( -1.000000000000000000, -0.0000000000000000000, -0.0000000000000000000 ) ) ;
#2310 = LINE ( 'NONE', #1315, #495 ) ;
#2311 = CYLINDRICAL_SURFACE ( 'NONE', #1557, 0.07549999999999998400 ) ;
#2312 = EDGE_CURVE ( 'NONE', #2449, #2010, #1371, .T. ) ;
#2313 = CARTESIAN_POINT ( 'NONE',  ( 0.1515000000000000000, 0.2512473236267506700, -0.04674999999999636400 ) ) ;
#2314 = VECTOR ( 'NONE', #1361, 39.37007874015748900 ) ;
#2315 = DIRECTION ( 'NONE',  ( -1.000000000000000000, -0.0000000000000000000, -0.0000000000000000000 ) ) ;
#2316 = EDGE_LOOP ( 'NONE', ( #1607, #1509, #1514, #2168 ) ) ;
#2317 = CARTESIAN_POINT ( 'NONE',  ( 0.1968580883129209000, 0.7129999999999999700, 0.01325000000000000000 ) ) ;
#2318 = EDGE_CURVE ( 'NONE', #1495, #144, #2276, .T. ) ;
#2319 = LINE ( 'NONE', #5, #1029 ) ;
#2320 = VERTEX_POINT ( 'NONE', #2029 ) ;
#2321 = VECTOR ( 'NONE', #2990, 39.37007874015748100 ) ;
#2322 = FACE_OUTER_BOUND ( 'NONE', #529, .T. ) ;
#2323 = CARTESIAN_POINT ( 'NONE',  ( 0.01750000000000000200, 0.2512473236267506700, -0.02674999999999637400 ) ) ;
#2324 = CARTESIAN_POINT ( 'NONE',  ( 0.01750000000000000200, 0.1374301007847139900, 0.1667500000000000400 ) ) ;
#2325 = CARTESIAN_POINT ( 'NONE',  ( 0.1165000000000000100, 0.2512473236267506700, -0.04674999999999638500 ) ) ;
#2326 = ORIENTED_EDGE ( 'NONE', *, *, #1162, .T. ) ;
#2327 = DIRECTION ( 'NONE',  ( 1.000000000000000000, 0.0000000000000000000, -0.0000000000000000000 ) ) ;
#2328 = DIRECTION ( 'NONE',  ( 0.0000000000000000000, -0.0000000000000000000, 1.000000000000000000 ) ) ;
#2329 = DIRECTION ( 'NONE',  ( 0.0000000000000000000, 0.0000000000000000000, 1.000000000000000000 ) ) ;
#2330 = AXIS2_PLACEMENT_3D ( 'NONE', #2596, #1803, #2340 ) ;
#2331 = ORIENTED_EDGE ( 'NONE', *, *, #2701, .F. ) ;
#2332 = ORIENTED_EDGE ( 'NONE', *, *, #1523, .F. ) ;
#2333 = EDGE_CURVE ( 'NONE', #2523, #2159, #3011, .T. ) ;
#2334 = ORIENTED_EDGE ( 'NONE', *, *, #3038, .T. ) ;
#2335 = VERTEX_POINT ( 'NONE', #2853 ) ;
#2336 = ORIENTED_EDGE ( 'NONE', *, *, #3377, .T. ) ;
#2337 = DIRECTION ( 'NONE',  ( -0.0000000000000000000, -0.1045284632676531100, 0.9945218953682732900 ) ) ;
#2338 = ORIENTED_EDGE ( 'NONE', *, *, #1622, .T. ) ;
#2339 = EDGE_CURVE ( 'NONE', #2170, #390, #469, .T. ) ;
#2340 = DIRECTION ( 'NONE',  ( 1.000000000000000000, 0.0000000000000000000, 0.0000000000000000000 ) ) ;
#2341 = VECTOR ( 'NONE', #744, 39.37007874015748100 ) ;
#2342 = ORIENTED_EDGE ( 'NONE', *, *, #1585, .T. ) ;
#2343 = CARTESIAN_POINT ( 'NONE',  ( 0.08449999999999999200, 0.2215370392552048200, -0.05556543617041998000 ) ) ;
#2344 = ORIENTED_EDGE ( 'NONE', *, *, #1452, .T. ) ;
#2345 = EDGE_CURVE ( 'NONE', #2096, #1620, #2428, .T. ) ;
#2346 = ORIENTED_EDGE ( 'NONE', *, *, #3237, .F. ) ;
#2347 = CARTESIAN_POINT ( 'NONE',  ( -0.04950000000000000900, 0.1430552237434503700, -0.02574999999999999200 ) ) ;
#2348 = CARTESIAN_POINT ( 'NONE',  ( -0.1400000000000000700, 0.4630000000000000200, 0.5314012169239522600 ) ) ;
#2349 = DIRECTION ( 'NONE',  ( 0.0000000000000000000, 0.8232981762978173200, -0.5676091198216322000 ) ) ;
#2350 = LINE ( 'NONE', #1446, #1364 ) ;
#2351 = ORIENTED_EDGE ( 'NONE', *, *, #2758, .T. ) ;
#2352 = DIRECTION ( 'NONE',  ( -1.000000000000000000, -0.0000000000000000000, -0.0000000000000000000 ) ) ;
#2353 = ORIENTED_EDGE ( 'NONE', *, *, #1667, .T. ) ;
#2354 = LINE ( 'NONE', #2935, #2021 ) ;
#2355 =( NAMED_UNIT ( * ) PLANE_ANGLE_UNIT ( ) SI_UNIT ( $, .RADIAN. ) );
#2356 = LINE ( 'NONE', #1100, #1643 ) ;
#2357 = VECTOR ( 'NONE', #3352, 39.37007874015748100 ) ;
#2358 = ORIENTED_EDGE ( 'NONE', *, *, #719, .T. ) ;
#2359 = EDGE_CURVE ( 'NONE', #2919, #1113, #2509, .T. ) ;
#2360 = PLANE ( 'NONE',  #3372 ) ;
#2361 = DIRECTION ( 'NONE',  ( 1.000000000000000000, 0.0000000000000000000, 0.0000000000000000000 ) ) ;
#2362 = FACE_OUTER_BOUND ( 'NONE', #2941, .T. ) ;
#2363 = LINE ( 'NONE', #90, #2773 ) ;
#2364 = CARTESIAN_POINT ( 'NONE',  ( 0.1165000000000000100, 0.2512473236267506700, -0.04674999999999636400 ) ) ;
#2365 = CIRCLE ( 'NONE', #1615, 0.01999999999999999000 ) ;
#2366 = AXIS2_PLACEMENT_3D ( 'NONE', #753, #2574, #1224 ) ;
#2367 = DIRECTION ( 'NONE',  ( -0.0000000000000000000, -1.000000000000000000, -2.484761324180116700E-016 ) ) ;
#2368 = VERTEX_POINT ( 'NONE', #734 ) ;
#2369 = ORIENTED_EDGE ( 'NONE', *, *, #2603, .T. ) ;
#2370 = AXIS2_PLACEMENT_3D ( 'NONE', #2967, #1919, #3245 ) ;
#2371 = CARTESIAN_POINT ( 'NONE',  ( -0.08450000000000002000, 0.2414033584489619100, -0.06174999999999634900 ) ) ;
#2372 = CARTESIAN_POINT ( 'NONE',  ( 0.1399999999999999600, 0.4629999999999999700, -0.1167499999999999900 ) ) ;
#2373 = ORIENTED_EDGE ( 'NONE', *, *, #2038, .T. ) ;
#2374 = ORIENTED_EDGE ( 'NONE', *, *, #56, .F. ) ;
#2375 = CARTESIAN_POINT ( 'NONE',  ( -0.1418580883129208500, 0.4274865063424114800, 0.01325000000000000000 ) ) ;
#2376 = DIRECTION ( 'NONE',  ( -1.000000000000000000, -0.0000000000000000000, -0.0000000000000000000 ) ) ;
#2377 = AXIS2_PLACEMENT_3D ( 'NONE', #636, #1649, #3001 ) ;
#2378 = ORIENTED_EDGE ( 'NONE', *, *, #2698, .T. ) ;
#2379 = CARTESIAN_POINT ( 'NONE',  ( -0.1515000000000000000, 0.3637882817644925200, -0.06174999999999637700 ) ) ;
#2380 = VERTEX_POINT ( 'NONE', #3088 ) ;
#2381 = EDGE_CURVE ( 'NONE', #1460, #1566, #681, .T. ) ;
#2382 = PLANE ( 'NONE',  #1897 ) ;
#2383 = CARTESIAN_POINT ( 'NONE',  ( -0.1400000000000000400, 0.7011889763779527400, 0.5314012169239522600 ) ) ;
#2384 = CARTESIAN_POINT ( 'NONE',  ( 0.1165000000000000100, 0.2512473236267506700, -0.02674999999999637400 ) ) ;
#2385 = EDGE_CURVE ( 'NONE', #2587, #1668, #1775, .T. ) ;
#2386 = SURFACE_SIDE_STYLE ('',( #229 ) ) ;
#2387 = DIRECTION ( 'NONE',  ( -1.000000000000000000, -0.0000000000000000000, -0.0000000000000000000 ) ) ;
#2388 = PRESENTATION_STYLE_ASSIGNMENT (( #2930 ) ) ;
#2389 = VERTEX_POINT ( 'NONE', #456 ) ;
#2390 = AXIS2_PLACEMENT_3D ( 'NONE', #3333, #1769, #3090 ) ;
#2391 = CARTESIAN_POINT ( 'NONE',  ( 0.08449999999999999200, 0.2215370392552048200, -0.05556543617041998000 ) ) ;
#2392 = FACE_OUTER_BOUND ( 'NONE', #619, .T. ) ;
#2393 = FACE_OUTER_BOUND ( 'NONE', #2570, .T. ) ;
#2394 = LINE ( 'NONE', #60, #2649 ) ;
#2395 = ORIENTED_EDGE ( 'NONE', *, *, #203, .F. ) ;
#2396 = DIRECTION ( 'NONE',  ( -0.0000000000000000000, -1.000000000000000000, -0.0000000000000000000 ) ) ;
#2397 = CARTESIAN_POINT ( 'NONE',  ( 0.0000000000000000000, 0.01749999999999997000, 0.1517499999999999700 ) ) ;
#2398 = LINE ( 'NONE', #1727, #1611 ) ;
#2399 = EDGE_CURVE ( 'NONE', #2087, #1545, #1194, .T. ) ;
#2400 = LINE ( 'NONE', #1097, #520 ) ;
#2401 = LINE ( 'NONE', #519, #321 ) ;
#2402 = DIRECTION ( 'NONE',  ( -1.000000000000000000, -0.0000000000000000000, 0.0000000000000000000 ) ) ;
#2403 = EDGE_CURVE ( 'NONE', #3104, #1582, #1690, .T. ) ;
#2404 = VECTOR ( 'NONE', #3017, 39.37007874015748100 ) ;
#2405 = DIRECTION ( 'NONE',  ( -0.0000000000000000000, 0.1391731009600709900, 0.9902680687415695800 ) ) ;
#2406 = VERTEX_POINT ( 'NONE', #1268 ) ;
#2407 = LINE ( 'NONE', #1596, #2164 ) ;
#2408 = ORIENTED_EDGE ( 'NONE', *, *, #2206, .T. ) ;
#2409 = ORIENTED_EDGE ( 'NONE', *, *, #14, .F. ) ;
#2410 = DIRECTION ( 'NONE',  ( -1.000000000000000000, -0.0000000000000000000, -0.0000000000000000000 ) ) ;
#2411 = VERTEX_POINT ( 'NONE', #1790 ) ;
#2412 = ORIENTED_EDGE ( 'NONE', *, *, #2716, .F. ) ;
#2413 = ORIENTED_EDGE ( 'NONE', *, *, #1027, .F. ) ;
#2414 = CARTESIAN_POINT ( 'NONE',  ( -0.1165000000000000100, 0.1374301007847140200, 0.1517499999999998600 ) ) ;
#2415 = DIRECTION ( 'NONE',  ( -1.000000000000000000, -0.0000000000000000000, 0.0000000000000000000 ) ) ;
#2416 = LINE ( 'NONE', #510, #2795 ) ;
#2417 = EDGE_CURVE ( 'NONE', #1407, #3077, #2319, .T. ) ;
#2418 = CARTESIAN_POINT ( 'NONE',  ( -0.2000000000000000400, 0.3748242264673886700, -0.1667500000000000100 ) ) ;
#2419 = EDGE_CURVE ( 'NONE', #117, #2269, #2607, .T. ) ;
#2420 = CARTESIAN_POINT ( 'NONE',  ( -0.1165000000000000100, 0.1374301007847140200, 0.1317499999999998400 ) ) ;
#2421 = DIRECTION ( 'NONE',  ( 0.0000000000000000000, 0.0000000000000000000, 1.000000000000000000 ) ) ;
#2422 = CARTESIAN_POINT ( 'NONE',  ( 0.2000000000000000400, 0.7011889763779527400, -0.1167499999999999900 ) ) ;
#2423 = LINE ( 'NONE', #1974, #1319 ) ;
#2424 = ORIENTED_EDGE ( 'NONE', *, *, #1891, .F. ) ;
#2425 = ADVANCED_FACE ( 'NONE', ( #3107 ), #1229, .F. ) ;
#2426 = VECTOR ( 'NONE', #1400, 39.37007874015748100 ) ;
#2427 = VECTOR ( 'NONE', #2933, 39.37007874015748100 ) ;
#2428 = CIRCLE ( 'NONE', #2644, 0.07549999999999998400 ) ;
#2429 = ORIENTED_EDGE ( 'NONE', *, *, #1953, .T. ) ;
#2430 = CIRCLE ( 'NONE', #1702, 0.03500000000000019100 ) ;
#2431 = LINE ( 'NONE', #2693, #731 ) ;
#2432 = CARTESIAN_POINT ( 'NONE',  ( 6.399767569073091400E-017, 0.3748242264673886100, -0.1667500000000000100 ) ) ;
#2433 = ADVANCED_FACE ( 'NONE', ( #2769 ), #1646, .T. ) ;
#2434 = VECTOR ( 'NONE', #2143, 39.37007874015748100 ) ;
#2435 = EDGE_CURVE ( 'NONE', #1873, #1619, #1731, .T. ) ;
#2436 = ORIENTED_EDGE ( 'NONE', *, *, #2996, .F. ) ;
#2437 = ADVANCED_FACE ( 'NONE', ( #2976 ), #880, .F. ) ;
#2438 = VERTEX_POINT ( 'NONE', #627 ) ;
#2439 = VERTEX_POINT ( 'NONE', #1453 ) ;
#2440 = VERTEX_POINT ( 'NONE', #1195 ) ;
#2441 = AXIS2_PLACEMENT_3D ( 'NONE', #2762, #1175, #2771 ) ;
#2442 = CARTESIAN_POINT ( 'NONE',  ( -0.08450000000000002000, 1.745121688784979100E-017, 0.009249999999999977000 ) ) ;
#2443 = CARTESIAN_POINT ( 'NONE',  ( -0.01750000000000000200, 0.3629999999999999300, -0.05424999999999637100 ) ) ;
#2444 = DIRECTION ( 'NONE',  ( 0.0000000000000000000, -0.0000000000000000000, -1.000000000000000000 ) ) ;
#2445 = EDGE_LOOP ( 'NONE', ( #1908, #2048, #257, #3230, #2005, #2246, #1426, #1433, #925, #253, #3093, #2973, #1642 ) ) ;
#2446 = ORIENTED_EDGE ( 'NONE', *, *, #1501, .F. ) ;
#2447 = VERTEX_POINT ( 'NONE', #1225 ) ;
#2448 = CARTESIAN_POINT ( 'NONE',  ( 0.1165000000000000100, 0.01749999999999994600, 0.1317500000000000100 ) ) ;
#2449 = VERTEX_POINT ( 'NONE', #3345 ) ;
#2450 = LINE ( 'NONE', #729, #2341 ) ;
#2451 = ORIENTED_EDGE ( 'NONE', *, *, #969, .T. ) ;
#2452 = PLANE ( 'NONE',  #3266 ) ;
#2453 = LINE ( 'NONE', #2531, #146 ) ;
#2454 = ORIENTED_EDGE ( 'NONE', *, *, #1855, .T. ) ;
#2455 =( LENGTH_UNIT ( ) NAMED_UNIT ( * ) SI_UNIT ( $, .METRE. ) );
#2456 = ADVANCED_FACE ( 'NONE', ( #1978 ), #2241, .F. ) ;
#2457 = EDGE_CURVE ( 'NONE', #2149, #2597, #3217, .T. ) ;
#2458 = CARTESIAN_POINT ( 'NONE',  ( 0.1399999999999999600, 0.4629999999999999700, -0.1667500000000000100 ) ) ;
#2459 = VECTOR ( 'NONE', #293, 39.37007874015748100 ) ;
#2460 = DIRECTION ( 'NONE',  ( -0.0000000000000000000, 1.000000000000000000, -8.696664634630410300E-016 ) ) ;
#2461 = EDGE_CURVE ( 'NONE', #728, #3192, #2398, .T. ) ;
#2462 = CARTESIAN_POINT ( 'NONE',  ( -0.1400000000000000400, 0.7011889763779527400, -0.1167499999999999900 ) ) ;
#2463 = DIRECTION ( 'NONE',  ( -0.0000000000000000000, -1.000000000000000000, -0.0000000000000000000 ) ) ;
#2464 = VECTOR ( 'NONE', #764, 39.37007874015748100 ) ;
#2465 = AXIS2_PLACEMENT_3D ( 'NONE', #1753, #2838, #2020 ) ;
#2466 = VECTOR ( 'NONE', #1841, 39.37007874015748900 ) ;
#2467 = LINE ( 'NONE', #2092, #2765 ) ;
#2468 = EDGE_LOOP ( 'NONE', ( #3318, #1186, #22, #2344 ) ) ;
#2469 = CARTESIAN_POINT ( 'NONE',  ( 0.01750000000000000200, 0.2323725150002102500, -0.03336374321480876900 ) ) ;
#2470 = VECTOR ( 'NONE', #997, 39.37007874015747400 ) ;
#2471 = EDGE_LOOP ( 'NONE', ( #936, #3198, #811, #817 ) ) ;
#2472 = AXIS2_PLACEMENT_3D ( 'NONE', #80, #2160, #1922 ) ;
#2473 = ADVANCED_FACE ( 'NONE', ( #2231 ), #2537, .F. ) ;
#2474 = FACE_OUTER_BOUND ( 'NONE', #1842, .T. ) ;
#2475 = PRESENTATION_LAYER_ASSIGNMENT (  '', '', ( #379 ) ) ;
#2476 = DIRECTION ( 'NONE',  ( -1.000000000000000000, -0.0000000000000000000, -0.0000000000000000000 ) ) ;
#2477 = DIRECTION ( 'NONE',  ( -0.0000000000000000000, -1.000000000000000000, -0.0000000000000000000 ) ) ;
#2478 = EDGE_CURVE ( 'NONE', #1824, #2335, #8, .T. ) ;
#2479 = DIRECTION ( 'NONE',  ( 0.01745240643728008400, 0.0000000000000000000, -0.9998476951563912700 ) ) ;
#2480 = CIRCLE ( 'NONE', #1015, 0.01750000000000000200 ) ;
#2481 = CARTESIAN_POINT ( 'NONE',  ( 0.01750000000000000200, 0.2512473236267506700, -0.04674999999999638500 ) ) ;
#2482 = EDGE_LOOP ( 'NONE', ( #465, #122, #3065, #1383 ) ) ;
#2483 = EDGE_CURVE ( 'NONE', #3104, #3365, #396, .T. ) ;
#2484 = FACE_OUTER_BOUND ( 'NONE', #140, .T. ) ;
#2485 = CARTESIAN_POINT ( 'NONE',  ( 0.07549999999999998400, 0.8529999999999999800, -0.1167499999999999900 ) ) ;
#2486 = ADVANCED_FACE ( 'NONE', ( #1111 ), #1715, .F. ) ;
#2487 = ORIENTED_EDGE ( 'NONE', *, *, #2959, .F. ) ;
#2488 = DIRECTION ( 'NONE',  ( 0.0000000000000000000, 0.0000000000000000000, 1.000000000000000000 ) ) ;
#2489 = ORIENTED_EDGE ( 'NONE', *, *, #1913, .T. ) ;
#2490 = ORIENTED_EDGE ( 'NONE', *, *, #2228, .T. ) ;
#2491 = CARTESIAN_POINT ( 'NONE',  ( -0.1165000000000000100, 0.3637882817644925200, -0.06174999999999637700 ) ) ;
#2492 = VECTOR ( 'NONE', #290, 39.37007874015748900 ) ;
#2493 = AXIS2_PLACEMENT_3D ( 'NONE', #682, #3059, #1813 ) ;
#2494 = CARTESIAN_POINT ( 'NONE',  ( -0.04950000000000000900, 0.2414033584489619600, -0.04674999999999634300 ) ) ;
#2495 = ORIENTED_EDGE ( 'NONE', *, *, #1411, .F. ) ;
#2496 = CARTESIAN_POINT ( 'NONE',  ( 0.08449999999999999200, 0.1430552237434503400, -0.005749999999999991200 ) ) ;
#2497 = DIRECTION ( 'NONE',  ( -1.000000000000000000, -0.0000000000000000000, -0.0000000000000000000 ) ) ;
#2498 = CARTESIAN_POINT ( 'NONE',  ( -0.1968580883129208400, 0.6993364494154620200, 0.01325000000000000000 ) ) ;
#2499 = ADVANCED_FACE ( 'NONE', ( #846 ), #509, .F. ) ;
#2500 = CARTESIAN_POINT ( 'NONE',  ( -0.04950000000000000900, 0.1430552237434503700, -0.005749999999999999900 ) ) ;
#2501 = EDGE_CURVE ( 'NONE', #2247, #3240, #275, .T. ) ;
#2502 = DIRECTION ( 'NONE',  ( -0.0000000000000000000, -0.0000000000000000000, 1.000000000000000000 ) ) ;
#2503 = CIRCLE ( 'NONE', #259, 0.01750000000000001900 ) ;
#2504 = EDGE_LOOP ( 'NONE', ( #102, #2196, #2593, #1354 ) ) ;
#2505 = DIRECTION ( 'NONE',  ( 1.000000000000000000, 0.0000000000000000000, -0.0000000000000000000 ) ) ;
#2506 = EDGE_CURVE ( 'NONE', #1786, #3192, #2865, .T. ) ;
#2507 = ADVANCED_FACE ( 'NONE', ( #166 ), #481, .F. ) ;
#2508 = ORIENTED_EDGE ( 'NONE', *, *, #3308, .F. ) ;
#2509 = CIRCLE ( 'NONE', #1085, 0.03500000000000019100 ) ;
#2510 = PLANE ( 'NONE',  #2743 ) ;
#2511 = ORIENTED_EDGE ( 'NONE', *, *, #1393, .F. ) ;
#2512 = ORIENTED_EDGE ( 'NONE', *, *, #604, .T. ) ;
#2513 = CARTESIAN_POINT ( 'NONE',  ( 0.08449999999999999200, 0.1430552237434503400, -0.005749999999999999900 ) ) ;
#2514 = DIRECTION ( 'NONE',  ( 0.0000000000000000000, 0.0000000000000000000, 1.000000000000000000 ) ) ;
#2515 = CIRCLE ( 'NONE', #1380, 0.02000000000000000000 ) ;
#2516 = LINE ( 'NONE', #1353, #2560 ) ;
#2517 = DIRECTION ( 'NONE',  ( -1.000000000000000000, 1.707404996040164000E-016, 0.0000000000000000000 ) ) ;
#2518 = VECTOR ( 'NONE', #3135, 39.37007874015748100 ) ;
#2519 = AXIS2_PLACEMENT_3D ( 'NONE', #2636, #268, #2647 ) ;
#2520 = ORIENTED_EDGE ( 'NONE', *, *, #2399, .F. ) ;
#2521 = LENGTH_MEASURE_WITH_UNIT ( LENGTH_MEASURE( 0.02539999999999999900 ), #1539 );
#2522 = AXIS2_PLACEMENT_3D ( 'NONE', #3335, #2043, #2016 ) ;
#2523 = VERTEX_POINT ( 'NONE', #2414 ) ;
#2524 = DIRECTION ( 'NONE',  ( 0.0000000000000000000, -1.000000000000000000, 8.696664634630411300E-016 ) ) ;
#2525 = EDGE_CURVE ( 'NONE', #2040, #2440, #769, .T. ) ;
#2526 = DIRECTION ( 'NONE',  ( 0.9998476951563912700, -0.0000000000000000000, 0.01745240643728008400 ) ) ;
#2527 = EDGE_LOOP ( 'NONE', ( #2993, #1559, #3297, #517, #2054, #1963, #2729, #1081 ) ) ;
#2528 = VERTEX_POINT ( 'NONE', #1166 ) ;
#2529 = DIRECTION ( 'NONE',  ( -0.0000000000000000000, 1.000000000000000000, -6.975552828668951900E-017 ) ) ;
#2530 = ADVANCED_FACE ( 'NONE', ( #1286 ), #3033, .F. ) ;
#2531 = CARTESIAN_POINT ( 'NONE',  ( -0.1400000000000000400, 0.7011889763779527400, -0.1167499999999999900 ) ) ;
#2532 = CARTESIAN_POINT ( 'NONE',  ( 0.1164999999999999900, 0.01749999999999994600, 0.1517499999999999100 ) ) ;
#2533 = ORIENTED_EDGE ( 'NONE', *, *, #3021, .T. ) ;
#2534 = CLOSED_SHELL ( 'NONE', ( #2425, #942, #1163, #914, #3346, #2800, #1478, #2223, #2507, #981, #964, #1381, #1215, #2039, #1975 ) ) ;
#2535 = EDGE_CURVE ( 'NONE', #299, #97, #464, .T. ) ;
#2536 = ORIENTED_EDGE ( 'NONE', *, *, #305, .F. ) ;
#2537 = PLANE ( 'NONE',  #690 ) ;
#2538 = DIRECTION ( 'NONE',  ( -1.000000000000000000, -0.0000000000000000000, -0.0000000000000000000 ) ) ;
#2539 = ORIENTED_EDGE ( 'NONE', *, *, #1027, .T. ) ;
#2540 = DIRECTION ( 'NONE',  ( -1.000000000000000000, -0.0000000000000000000, -0.0000000000000000000 ) ) ;
#2541 = AXIS2_PLACEMENT_3D ( 'NONE', #2617, #2866, #1800 ) ;
#2542 = ORIENTED_EDGE ( 'NONE', *, *, #2874, .T. ) ;
#2543 = CIRCLE ( 'NONE', #329, 0.02749999999999999700 ) ;
#2544 = CARTESIAN_POINT ( 'NONE',  ( -0.01750000000000000200, 0.2323725150002102500, -0.03336374321480876900 ) ) ;
#2545 = DIRECTION ( 'NONE',  ( -1.000000000000000000, 0.0000000000000000000, 0.0000000000000000000 ) ) ;
#2546 = DIRECTION ( 'NONE',  ( -0.0000000000000000000, 7.757935840332561600E-016, -1.000000000000000000 ) ) ;
#2547 = LINE ( 'NONE', #2726, #380 ) ;
#2548 = ADVANCED_FACE ( 'NONE', ( #2814 ), #1152, .T. ) ;
#2549 = CIRCLE ( 'NONE', #319, 0.07549999999999998400 ) ;
#2550 = ORIENTED_EDGE ( 'NONE', *, *, #927, .F. ) ;
#2551 = CARTESIAN_POINT ( 'NONE',  ( -0.1165000000000000100, 0.1374301007847140200, 0.1517499999999998800 ) ) ;
#2552 = DIRECTION ( 'NONE',  ( -0.0000000000000000000, -0.3306871607406194300, 0.9437404313270189000 ) ) ;
#2553 = VECTOR ( 'NONE', #3251, 39.37007874015748100 ) ;
#2554 = CARTESIAN_POINT ( 'NONE',  ( -0.1400000000000000700, 0.4630000000000000200, -0.1167499999999999900 ) ) ;
#2555 = EDGE_CURVE ( 'NONE', #781, #1951, #1863, .T. ) ;
#2556 = SURFACE_SIDE_STYLE ('',( #1906 ) ) ;
#2557 = LINE ( 'NONE', #1531, #2728 ) ;
#2558 = AXIS2_PLACEMENT_3D ( 'NONE', #247, #2070, #492 ) ;
#2559 = DIRECTION ( 'NONE',  ( -1.000000000000000000, -0.0000000000000000000, 0.0000000000000000000 ) ) ;
#2560 = VECTOR ( 'NONE', #2405, 39.37007874015748100 ) ;
#2561 = ORIENTED_EDGE ( 'NONE', *, *, #2056, .T. ) ;
#2562 = CARTESIAN_POINT ( 'NONE',  ( 0.1515000000000000000, 0.3640540562602678200, -0.04674999999999636400 ) ) ;
#2563 = PLANE ( 'NONE',  #499 ) ;
#2564 = DIRECTION ( 'NONE',  ( -0.0000000000000000000, 1.000000000000000000, 7.757935840332562600E-016 ) ) ;
#2565 = VECTOR ( 'NONE', #2410, 39.37007874015748100 ) ;
#2566 = AXIS2_PLACEMENT_3D ( 'NONE', #1205, #1244, #3354 ) ;
#2567 = CYLINDRICAL_SURFACE ( 'NONE', #3002, 0.02000000000000000000 ) ;
#2568 = CARTESIAN_POINT ( 'NONE',  ( 0.1515000000000000000, 0.2512473236267506700, -0.06174999999999638400 ) ) ;
#2569 =( LENGTH_UNIT ( ) NAMED_UNIT ( * ) SI_UNIT ( $, .METRE. ) );
#2570 = EDGE_LOOP ( 'NONE', ( #2625, #887, #898, #2211 ) ) ;
#2571 = CARTESIAN_POINT ( 'NONE',  ( 0.2000000000000000400, 0.7011889763779527400, -0.1667500000000000100 ) ) ;
#2572 = LINE ( 'NONE', #959, #2404 ) ;
#2573 = VERTEX_POINT ( 'NONE', #1486 ) ;
#2574 = DIRECTION ( 'NONE',  ( -0.0000000000000000000, -0.0000000000000000000, -1.000000000000000000 ) ) ;
#2575 = CARTESIAN_POINT ( 'NONE',  ( -0.1165000000000000100, 0.2512473236267507300, -0.06174999999999638400 ) ) ;
#2576 = ORIENTED_EDGE ( 'NONE', *, *, #248, .F. ) ;
#2577 = ORIENTED_EDGE ( 'NONE', *, *, #3334, .F. ) ;
#2578 = DIRECTION ( 'NONE',  ( 0.0000000000000000000, -0.0000000000000000000, 1.000000000000000000 ) ) ;
#2579 = EDGE_CURVE ( 'NONE', #1246, #390, #2557, .T. ) ;
#2580 = CARTESIAN_POINT ( 'NONE',  ( 0.0000000000000000000, 0.8529999999999999800, 0.5314012169239522600 ) ) ;
#2581 = DIRECTION ( 'NONE',  ( -1.000000000000000000, 0.0000000000000000000, 0.0000000000000000000 ) ) ;
#2582 = EDGE_LOOP ( 'NONE', ( #571, #872, #2332, #3244 ) ) ;
#2583 = FACE_OUTER_BOUND ( 'NONE', #1530, .T. ) ;
#2584 = VERTEX_POINT ( 'NONE', #700 ) ;
#2585 = CARTESIAN_POINT ( 'NONE',  ( -0.04950000000000000900, 0.3640540562602678800, -0.04674999999999634300 ) ) ;
#2586 = DIRECTION ( 'NONE',  ( 0.0000000000000000000, 0.0000000000000000000, -1.000000000000000000 ) ) ;
#2587 = VERTEX_POINT ( 'NONE', #795 ) ;
#2588 = EDGE_CURVE ( 'NONE', #704, #945, #2151, .T. ) ;
#2589 = ORIENTED_EDGE ( 'NONE', *, *, #1234, .F. ) ;
#2590 = ORIENTED_EDGE ( 'NONE', *, *, #1907, .T. ) ;
#2591 = FACE_OUTER_BOUND ( 'NONE', #2876, .T. ) ;
#2592 = DIRECTION ( 'NONE',  ( -0.0000000000000000000, -1.000000000000000000, -0.0000000000000000000 ) ) ;
#2593 = ORIENTED_EDGE ( 'NONE', *, *, #3308, .T. ) ;
#2594 = UNCERTAINTY_MEASURE_WITH_UNIT (LENGTH_MEASURE( 1.000000000000000100E-005 ), #1145, 'distance_accuracy_value', 'NONE');
#2595 = DIRECTION ( 'NONE',  ( -1.000000000000000000, 0.0000000000000000000, 0.0000000000000000000 ) ) ;
#2596 = CARTESIAN_POINT ( 'NONE',  ( 0.0000000000000000000, 0.8529999999999999800, -0.1167499999999999900 ) ) ;
#2597 = VERTEX_POINT ( 'NONE', #2871 ) ;
#2598 = CARTESIAN_POINT ( 'NONE',  ( -0.1400000000000000400, 0.7011889763779527400, -0.1667500000000000100 ) ) ;
#2599 = AXIS2_PLACEMENT_3D ( 'NONE', #1176, #3008, #928 ) ;
#2600 = PLANE ( 'NONE',  #493 ) ;
#2601 = CIRCLE ( 'NONE', #3010, 0.02000000000000000700 ) ;
#2602 = ORIENTED_EDGE ( 'NONE', *, *, #3196, .T. ) ;
#2603 = EDGE_CURVE ( 'NONE', #3273, #2753, #3179, .T. ) ;
#2604 = VECTOR ( 'NONE', #2081, 39.37007874015748100 ) ;
#2605 = CARTESIAN_POINT ( 'NONE',  ( -0.01750000000000000200, 0.3637882817644925200, -0.06174999999999637700 ) ) ;
#2606 = EDGE_CURVE ( 'NONE', #2406, #1816, #3007, .T. ) ;
#2607 = LINE ( 'NONE', #3075, #2357 ) ;
#2608 = ORIENTED_EDGE ( 'NONE', *, *, #691, .T. ) ;
#2609 = VERTEX_POINT ( 'NONE', #3137 ) ;
#2610 = CARTESIAN_POINT ( 'NONE',  ( -0.04950000000000000900, 0.2414033584489619600, -0.02674999999999635700 ) ) ;
#2611 = FACE_OUTER_BOUND ( 'NONE', #1394, .T. ) ;
#2612 = VERTEX_POINT ( 'NONE', #16 ) ;
#2613 = PRESENTATION_LAYER_ASSIGNMENT (  '', '', ( #2661 ) ) ;
#2614 = DIRECTION ( 'NONE',  ( 0.0000000000000000000, 0.0000000000000000000, 1.000000000000000000 ) ) ;
#2615 = LINE ( 'NONE', #343, #1409 ) ;
#2616 = VECTOR ( 'NONE', #1288, 39.37007874015748100 ) ;
#2617 = CARTESIAN_POINT ( 'NONE',  ( 0.1515000000000000000, 0.2512473236267506700, -0.02674999999999637400 ) ) ;
#2618 = CARTESIAN_POINT ( 'NONE',  ( -0.04950000000000000900, 0.2414033584489619600, -0.04674999999999635700 ) ) ;
#2619 = DIRECTION ( 'NONE',  ( 0.0000000000000000000, 2.484761324180116700E-016, -1.000000000000000000 ) ) ;
#2620 = LINE ( 'NONE', #1440, #1910 ) ;
#2621 = AXIS2_PLACEMENT_3D ( 'NONE', #2258, #2001, #2066 ) ;
#2622 = ORIENTED_EDGE ( 'NONE', *, *, #2525, .F. ) ;
#2623 = VERTEX_POINT ( 'NONE', #518 ) ;
#2624 = EDGE_LOOP ( 'NONE', ( #673, #590, #3029, #1589 ) ) ;
#2625 = ORIENTED_EDGE ( 'NONE', *, *, #91, .T. ) ;
#2626 = VECTOR ( 'NONE', #1965, 39.37007874015748100 ) ;
#2627 = EDGE_LOOP ( 'NONE', ( #129, #1128, #1210, #288 ) ) ;
#2628 = CARTESIAN_POINT ( 'NONE',  ( -0.08450000000000002000, 0.1430552237434503700, -0.02574999999999999200 ) ) ;
#2629 = VERTEX_POINT ( 'NONE', #2634 ) ;
#2630 = EDGE_CURVE ( 'NONE', #2612, #1997, #1190, .T. ) ;
#2631 = VECTOR ( 'NONE', #2367, 39.37007874015748100 ) ;
#2632 = ORIENTED_EDGE ( 'NONE', *, *, #14, .T. ) ;
#2633 = ORIENTED_EDGE ( 'NONE', *, *, #558, .T. ) ;
#2634 = CARTESIAN_POINT ( 'NONE',  ( 0.08449999999999999200, 0.3637882817644925200, -0.06174999999999636300 ) ) ;
#2635 = CARTESIAN_POINT ( 'NONE',  ( 0.1165000000000000100, 0.2323725150002102500, -0.03336374321480876900 ) ) ;
#2636 = CARTESIAN_POINT ( 'NONE',  ( 0.1165000000000000100, 0.2512473236267506700, -0.02674999999999637400 ) ) ;
#2637 = FACE_OUTER_BOUND ( 'NONE', #3356, .T. ) ;
#2638 = AXIS2_PLACEMENT_3D ( 'NONE', #2049, #1261, #1525 ) ;
#2639 = ORIENTED_EDGE ( 'NONE', *, *, #2274, .T. ) ;
#2640 = ORIENTED_EDGE ( 'NONE', *, *, #2851, .F. ) ;
#2641 = FILL_AREA_STYLE_COLOUR ( '', #865 ) ;
#2642 = UNCERTAINTY_MEASURE_WITH_UNIT (LENGTH_MEASURE( 1.000000000000000100E-005 ), #1064, 'distance_accuracy_value', 'NONE');
#2643 = AXIS2_PLACEMENT_3D ( 'NONE', #738, #2821, #748 ) ;
#2644 = AXIS2_PLACEMENT_3D ( 'NONE', #1243, #758, #2581 ) ;
#2645 = DIRECTION ( 'NONE',  ( 1.000000000000000000, -1.707404996040164000E-016, 0.0000000000000000000 ) ) ;
#2646 = CARTESIAN_POINT ( 'NONE',  ( 0.1399999999999999600, 0.4629999999999999700, -0.1167499999999999900 ) ) ;
#2647 = DIRECTION ( 'NONE',  ( 0.0000000000000000000, 0.0000000000000000000, 1.000000000000000000 ) ) ;
#2648 = FILL_AREA_STYLE_COLOUR ( '', #3092 ) ;
#2649 = VECTOR ( 'NONE', #596, 39.37007874015748100 ) ;
#2650 = ORIENTED_EDGE ( 'NONE', *, *, #1661, .F. ) ;
#2651 = ORIENTED_EDGE ( 'NONE', *, *, #490, .F. ) ;
#2652 = EDGE_CURVE ( 'NONE', #831, #1786, #1326, .T. ) ;
#2653 = LINE ( 'NONE', #698, #3181 ) ;
#2654 = CARTESIAN_POINT ( 'NONE',  ( 0.08449999999999999200, 0.01749999999999999500, -0.02575000000000002600 ) ) ;
#2655 = VECTOR ( 'NONE', #265, 39.37007874015748900 ) ;
#2656 = PRESENTATION_STYLE_ASSIGNMENT (( #637 ) ) ;
#2657 = EDGE_CURVE ( 'NONE', #410, #2523, #2394, .T. ) ;
#2658 = LINE ( 'NONE', #3019, #207 ) ;
#2659 = CARTESIAN_POINT ( 'NONE',  ( -0.1400000000000000700, 0.4630000000000000200, -0.1167499999999999900 ) ) ;
#2660 = ORIENTED_EDGE ( 'NONE', *, *, #2333, .T. ) ;
#2661 = STYLED_ITEM ( 'NONE', ( #2778 ), #617 ) ;
#2662 = CLOSED_SHELL ( 'NONE', ( #685, #907, #2715, #152, #2280, #3250, #1498, #3316, #1664, #893, #3294, #2261, #2499, #216, #1679 ) ) ;
#2663 = DIRECTION ( 'NONE',  ( -1.951319995474473700E-016, -1.000000000000000000, 0.0000000000000000000 ) ) ;
#2664 = LINE ( 'NONE', #2913, #3153 ) ;
#2665 = ORIENTED_EDGE ( 'NONE', *, *, #1278, .T. ) ;
#2666 = ORIENTED_EDGE ( 'NONE', *, *, #2965, .T. ) ;
#2667 = CARTESIAN_POINT ( 'NONE',  ( 0.08449999999999999200, 0.1544074061398829400, -0.009284036474043634900 ) ) ;
#2668 = MECHANICAL_DESIGN_GEOMETRIC_PRESENTATION_REPRESENTATION (  '', ( #379 ), #2849 ) ;
#2669 = DIRECTION ( 'NONE',  ( 0.0000000000000000000, -1.000000000000000000, 9.756599977372358800E-016 ) ) ;
#2670 = ORIENTED_EDGE ( 'NONE', *, *, #3374, .F. ) ;
#2671 = VECTOR ( 'NONE', #1685, 39.37007874015748100 ) ;
#2672 = ORIENTED_EDGE ( 'NONE', *, *, #2996, .T. ) ;
#2673 = DIRECTION ( 'NONE',  ( 1.000000000000000000, 0.0000000000000000000, -0.0000000000000000000 ) ) ;
#2674 = PRODUCT_CONTEXT ( 'NONE', #2083, 'mechanical' ) ;
#2675 = EDGE_CURVE ( 'NONE', #1961, #1107, #2112, .T. ) ;
#2676 = VECTOR ( 'NONE', #188, 39.37007874015748900 ) ;
#2677 = FACE_OUTER_BOUND ( 'NONE', #3168, .T. ) ;
#2678 = EDGE_LOOP ( 'NONE', ( #364, #238 ) ) ;
#2679 = ORIENTED_EDGE ( 'NONE', *, *, #365, .F. ) ;
#2680 = VECTOR ( 'NONE', #3116, 39.37007874015748100 ) ;
#2681 = DIRECTION ( 'NONE',  ( -1.000000000000000000, -0.0000000000000000000, -0.0000000000000000000 ) ) ;
#2682 = EDGE_CURVE ( 'NONE', #853, #3077, #2467, .T. ) ;
#2683 = CARTESIAN_POINT ( 'NONE',  ( 0.07549999999999998400, 0.8529999999999999800, -0.1667500000000000100 ) ) ;
#2684 = AXIS2_PLACEMENT_3D ( 'NONE', #261, #32, #1838 ) ;
#2685 = ORIENTED_EDGE ( 'NONE', *, *, #1706, .F. ) ;
#2686 = FACE_OUTER_BOUND ( 'NONE', #2925, .T. ) ;
#2687 = CARTESIAN_POINT ( 'NONE',  ( 0.1399999999999999900, 0.7011889763779527400, -0.1667500000000000100 ) ) ;
#2688 = EDGE_LOOP ( 'NONE', ( #513, #2200, #2787, #3023 ) ) ;
#2689 = EDGE_LOOP ( 'NONE', ( #1943, #522, #1338, #3360 ) ) ;
#2690 = AXIS2_PLACEMENT_3D ( 'NONE', #494, #761, #1016 ) ;
#2691 = DIRECTION ( 'NONE',  ( 0.0000000000000000000, -0.9945218953682734000, -0.1045284632676528700 ) ) ;
#2692 = LINE ( 'NONE', #575, #2314 ) ;
#2693 = CARTESIAN_POINT ( 'NONE',  ( 0.01750000000000000200, -3.201263598694161200E-017, 0.1667500000000000100 ) ) ;
#2694 = LINE ( 'NONE', #1439, #2187 ) ;
#2695 = ORIENTED_EDGE ( 'NONE', *, *, #2555, .T. ) ;
#2696 = CARTESIAN_POINT ( 'NONE',  ( -0.2000000000000001200, 0.9729999999999999800, 0.5314012169239522600 ) ) ;
#2697 = LINE ( 'NONE', #2244, #1572 ) ;
#2698 = EDGE_CURVE ( 'NONE', #2629, #2528, #2692, .T. ) ;
#2699 = LINE ( 'NONE', #383, #1984 ) ;
#2700 = ADVANCED_FACE ( 'NONE', ( #639 ), #549, .F. ) ;
#2701 = EDGE_CURVE ( 'NONE', #1997, #3324, #125, .T. ) ;
#2702 = MANIFOLD_SOLID_BREP ( 'Pin 1', #2662 ) ;
#2703 = CARTESIAN_POINT ( 'NONE',  ( 0.08449999999999999200, 0.2414033584489619400, -0.02674999999999635700 ) ) ;
#2704 = ORIENTED_EDGE ( 'NONE', *, *, #1980, .F. ) ;
#2705 = CARTESIAN_POINT ( 'NONE',  ( 0.04949999999999999500, 0.2215370392552048200, -0.05556543617041998000 ) ) ;
#2706 = VECTOR ( 'NONE', #970, 39.37007874015748100 ) ;
#2707 = VERTEX_POINT ( 'NONE', #1895 ) ;
#2708 = CARTESIAN_POINT ( 'NONE',  ( -0.1143580883129208400, 0.4274865063424114800, 0.003249999999999999000 ) ) ;
#2709 = ORIENTED_EDGE ( 'NONE', *, *, #1766, .F. ) ;
#2710 = CARTESIAN_POINT ( 'NONE',  ( 0.0000000000000000000, 0.01749999999999997000, 0.1317500000000000100 ) ) ;
#2711 = ORIENTED_EDGE ( 'NONE', *, *, #1114, .F. ) ;
#2712 = DIRECTION ( 'NONE',  ( 0.0000000000000000000, 0.0000000000000000000, 1.000000000000000000 ) ) ;
#2713 = FACE_OUTER_BOUND ( 'NONE', #1792, .T. ) ;
#2714 = ORIENTED_EDGE ( 'NONE', *, *, #2161, .F. ) ;
#2715 = ADVANCED_FACE ( 'NONE', ( #3343 ), #1444, .F. ) ;
#2716 = EDGE_CURVE ( 'NONE', #1553, #2098, #3102, .T. ) ;
#2717 = DIRECTION ( 'NONE',  ( 0.0000000000000000000, 0.0000000000000000000, -1.000000000000000000 ) ) ;
#2718 = CIRCLE ( 'NONE', #2929, 0.03500000000000000300 ) ;
#2719 = ORIENTED_EDGE ( 'NONE', *, *, #359, .F. ) ;
#2720 = EDGE_CURVE ( 'NONE', #2071, #1725, #393, .T. ) ;
#2721 = CARTESIAN_POINT ( 'NONE',  ( 0.08449999999999999200, 0.2215370392552048200, -0.05556543617041998000 ) ) ;
#2722 = VECTOR ( 'NONE', #1710, 39.37007874015748100 ) ;
#2723 = DIRECTION ( 'NONE',  ( 0.0000000000000000000, 0.0000000000000000000, -1.000000000000000000 ) ) ;
#2724 = AXIS2_PLACEMENT_3D ( 'NONE', #130, #1928, #370 ) ;
#2725 = CYLINDRICAL_SURFACE ( 'NONE', #553, 0.03499999999999999600 ) ;
#2726 = CARTESIAN_POINT ( 'NONE',  ( 0.08449999999999999200, 0.3640540562602678800, -0.04674999999999634300 ) ) ;
#2727 = FACE_OUTER_BOUND ( 'NONE', #2290, .T. ) ;
#2728 = VECTOR ( 'NONE', #2645, 39.37007874015748100 ) ;
#2729 = ORIENTED_EDGE ( 'NONE', *, *, #1639, .F. ) ;
#2730 = DIRECTION ( 'NONE',  ( 7.168278826350445500E-017, 1.000000000000000000, 0.0000000000000000000 ) ) ;
#2731 = CARTESIAN_POINT ( 'NONE',  ( 0.04949999999999999500, 0.1430552237434503400, -0.02574999999999999200 ) ) ;
#2732 = LINE ( 'NONE', #3123, #1819 ) ;
#2733 = LINE ( 'NONE', #347, #169 ) ;
#2734 = LINE ( 'NONE', #1969, #1332 ) ;
#2735 = CARTESIAN_POINT ( 'NONE',  ( 0.1165000000000000100, -5.525702197383582500E-017, 0.1667500000000000100 ) ) ;
#2736 = COLOUR_RGB ( '',0.7921568627450980000, 0.8196078431372548800, 0.9333333333333333500 ) ;
#2737 = EDGE_CURVE ( 'NONE', #333, #853, #1283, .T. ) ;
#2738 = EDGE_LOOP ( 'NONE', ( #2650, #1011, #176, #2839 ) ) ;
#2739 = ORIENTED_EDGE ( 'NONE', *, *, #3351, .T. ) ;
#2740 = ADVANCED_FACE ( 'NONE', ( #1935 ), #368, .F. ) ;
#2741 = CARTESIAN_POINT ( 'NONE',  ( -0.1165000000000000100, 0.3640540562602678800, -0.04674999999999636400 ) ) ;
#2742 = CARTESIAN_POINT ( 'NONE',  ( -0.1515000000000000000, 0.2512473236267506700, -0.04674999999999636400 ) ) ;
#2743 = AXIS2_PLACEMENT_3D ( 'NONE', #966, #2815, #3034 ) ;
#2744 = ORIENTED_EDGE ( 'NONE', *, *, #2008, .F. ) ;
#2745 = PLANE ( 'NONE',  #3129 ) ;
#2746 = ORIENTED_EDGE ( 'NONE', *, *, #365, .T. ) ;
#2747 = VECTOR ( 'NONE', #905, 39.37007874015748100 ) ;
#2748 = AXIS2_PLACEMENT_3D ( 'NONE', #2901, #521, #2892 ) ;
#2749 = CYLINDRICAL_SURFACE ( 'NONE', #2465, 0.07549999999999998400 ) ;
#2750 = EDGE_LOOP ( 'NONE', ( #1936, #2007, #1303, #3307 ) ) ;
#2751 = EDGE_LOOP ( 'NONE', ( #740, #1551 ) ) ;
#2752 = CARTESIAN_POINT ( 'NONE',  ( -0.08450000000000002000, 0.3640540562602678800, -0.04674999999999634300 ) ) ;
#2753 = VERTEX_POINT ( 'NONE', #381 ) ;
#2754 = AXIS2_PLACEMENT_3D ( 'NONE', #2914, #1586, #51 ) ;
#2755 = CARTESIAN_POINT ( 'NONE',  ( -0.1515000000000000000, 0.2512473236267507300, -0.06174999999999638400 ) ) ;
#2756 = ORIENTED_EDGE ( 'NONE', *, *, #2923, .T. ) ;
#2757 = CARTESIAN_POINT ( 'NONE',  ( 0.1515000000000000000, 0.2512473236267506700, -0.02674999999999637400 ) ) ;
#2758 = EDGE_CURVE ( 'NONE', #1512, #2063, #1239, .T. ) ;
#2759 = PRODUCT_DEFINITION_CONTEXT ( 'detailed design', #1807, 'design' ) ;
#2760 = ORIENTED_EDGE ( 'NONE', *, *, #1434, .T. ) ;
#2761 = EDGE_CURVE ( 'NONE', #1566, #1663, #991, .T. ) ;
#2762 = CARTESIAN_POINT ( 'NONE',  ( 0.1515000000000000000, 0.2512473236267506700, -0.02674999999999637400 ) ) ;
#2763 = ADVANCED_FACE ( 'NONE', ( #2230 ), #3304, .T. ) ;
#2764 = CARTESIAN_POINT ( 'NONE',  ( -0.1515000000000000000, 0.3629999999999999300, -0.05424999999999637100 ) ) ;
#2765 = VECTOR ( 'NONE', #2352, 39.37007874015748100 ) ;
#2766 = CARTESIAN_POINT ( 'NONE',  ( 0.1515000000000000200, 0.01749999999999994600, 0.1667500000000000100 ) ) ;
#2767 = CIRCLE ( 'NONE', #2390, 0.02749999999999999700 ) ;
#2768 = CARTESIAN_POINT ( 'NONE',  ( -0.04950000000000000900, 0.1430552237434503700, -0.005749999999999999900 ) ) ;
#2769 = FACE_OUTER_BOUND ( 'NONE', #2009, .T. ) ;
#2770 = ORIENTED_EDGE ( 'NONE', *, *, #539, .F. ) ;
#2771 = DIRECTION ( 'NONE',  ( 0.0000000000000000000, 0.0000000000000000000, -1.000000000000000000 ) ) ;
#2772 = FACE_OUTER_BOUND ( 'NONE', #2177, .T. ) ;
#2773 = VECTOR ( 'NONE', #1090, 39.37007874015748100 ) ;
#2774 = STYLED_ITEM ( 'NONE', ( #2388 ), #1874 ) ;
#2775 = DIRECTION ( 'NONE',  ( -1.000000000000000000, 0.0000000000000000000, 0.0000000000000000000 ) ) ;
#2776 = EDGE_CURVE ( 'NONE', #1914, #2438, #1683, .T. ) ;
#2777 = ADVANCED_FACE ( 'NONE', ( #1402 ), #2311, .F. ) ;
#2778 = PRESENTATION_STYLE_ASSIGNMENT (( #770 ) ) ;
#2779 = DIRECTION ( 'NONE',  ( 1.000000000000000000, 0.0000000000000000000, -0.0000000000000000000 ) ) ;
#2780 = DIRECTION ( 'NONE',  ( 0.0000000000000000000, -0.9437404313270189000, -0.3306871607406194300 ) ) ;
#2781 = DIRECTION ( 'NONE',  ( 1.000000000000000000, 0.0000000000000000000, 0.0000000000000000000 ) ) ;
#2782 = EDGE_CURVE ( 'NONE', #1107, #2439, #843, .T. ) ;
#2783 = ORIENTED_EDGE ( 'NONE', *, *, #789, .F. ) ;
#2784 = FACE_OUTER_BOUND ( 'NONE', #574, .T. ) ;
#2785 = AXIS2_PLACEMENT_3D ( 'NONE', #175, #2251, #1740 ) ;
#2786 = ORIENTED_EDGE ( 'NONE', *, *, #1199, .T. ) ;
#2787 = ORIENTED_EDGE ( 'NONE', *, *, #1644, .F. ) ;
#2788 = CARTESIAN_POINT ( 'NONE',  ( -0.1418580883129208500, 0.4274865063424114800, 0.003249999999999999000 ) ) ;
#2789 = DIRECTION ( 'NONE',  ( -1.000000000000000000, -0.0000000000000000000, -0.0000000000000000000 ) ) ;
#2790 = FACE_OUTER_BOUND ( 'NONE', #2316, .T. ) ;
#2791 = LINE ( 'NONE', #468, #2882 ) ;
#2792 = ORIENTED_EDGE ( 'NONE', *, *, #227, .T. ) ;
#2793 = DIRECTION ( 'NONE',  ( -0.0000000000000000000, 1.000000000000000000, -8.696664634630410300E-016 ) ) ;
#2794 = CARTESIAN_POINT ( 'NONE',  ( 0.1165000000000000100, 0.3640540562602678200, -0.04674999999999636400 ) ) ;
#2795 = VECTOR ( 'NONE', #775, 39.37007874015748100 ) ;
#2796 = VERTEX_POINT ( 'NONE', #2372 ) ;
#2797 = LINE ( 'NONE', #971, #2998 ) ;
#2798 = CARTESIAN_POINT ( 'NONE',  ( 0.01750000000000001900, 0.01749999999999997000, 0.1517499999999999100 ) ) ;
#2799 = CARTESIAN_POINT ( 'NONE',  ( -0.1418580883129208500, 0.4274865063424114800, 0.003249999999999999000 ) ) ;
#2800 = ADVANCED_FACE ( 'NONE', ( #1569 ), #779, .F. ) ;
#2801 = ORIENTED_EDGE ( 'NONE', *, *, #98, .T. ) ;
#2802 = ORIENTED_EDGE ( 'NONE', *, *, #1894, .T. ) ;
#2803 = CARTESIAN_POINT ( 'NONE',  ( 0.01750000000000000200, 0.3637882817644925200, -0.06174999999999637700 ) ) ;
#2804 = CARTESIAN_POINT ( 'NONE',  ( 0.01750000000000000200, 0.2512473236267506700, -0.04674999999999638500 ) ) ;
#2805 = EDGE_CURVE ( 'NONE', #892, #1824, #272, .T. ) ;
#2806 = DIRECTION ( 'NONE',  ( -0.01735682921029302700, -0.1045127169842847000, 0.9943720794895275500 ) ) ;
#2807 = VERTEX_POINT ( 'NONE', #85 ) ;
#2808 = DIRECTION ( 'NONE',  ( 0.0000000000000000000, -0.3306871607406205400, 0.9437404313270184600 ) ) ;
#2809 = CARTESIAN_POINT ( 'NONE',  ( 0.2000000000000001200, 0.9729999999999999800, -0.1667500000000000100 ) ) ;
#2810 = CIRCLE ( 'NONE', #1903, 0.02749999999999999700 ) ;
#2811 = ORIENTED_EDGE ( 'NONE', *, *, #1930, .F. ) ;
#2812 = VERTEX_POINT ( 'NONE', #1104 ) ;
#2813 = DIRECTION ( 'NONE',  ( 1.000000000000000000, 0.0000000000000000000, 0.0000000000000000000 ) ) ;
#2814 = FACE_OUTER_BOUND ( 'NONE', #1256, .T. ) ;
#2815 = DIRECTION ( 'NONE',  ( -1.000000000000000000, -0.0000000000000000000, 0.0000000000000000000 ) ) ;
#2816 = ORIENTED_EDGE ( 'NONE', *, *, #266, .F. ) ;
#2817 = VERTEX_POINT ( 'NONE', #2485 ) ;
#2818 = AXIS2_PLACEMENT_3D ( 'NONE', #1717, #183, #2524 ) ;
#2819 = DIRECTION ( 'NONE',  ( 0.0000000000000000000, 0.0000000000000000000, -1.000000000000000000 ) ) ;
#2820 = ADVANCED_FACE ( 'NONE', ( #3006 ), #1524, .T. ) ;
#2821 = DIRECTION ( 'NONE',  ( -0.0000000000000000000, 7.757935840332561600E-016, -1.000000000000000000 ) ) ;
#2822 = VECTOR ( 'NONE', #246, 39.37007874015748100 ) ;
#2823 = DIRECTION ( 'NONE',  ( -0.0000000000000000000, 1.000000000000000000, 7.585704903766803000E-017 ) ) ;
#2824 = LINE ( 'NONE', #3210, #2114 ) ;
#2825 = AXIS2_PLACEMENT_3D ( 'NONE', #3124, #1009, #2041 ) ;
#2826 = FACE_OUTER_BOUND ( 'NONE', #3338, .T. ) ;
#2827 = CARTESIAN_POINT ( 'NONE',  ( -0.04950000000000000900, 0.2414033584489619100, -0.06174999999999634900 ) ) ;
#2828 = DIRECTION ( 'NONE',  ( 0.0000000000000000000, 0.1045284632676531100, -0.9945218953682732900 ) ) ;
#2829 = ORIENTED_EDGE ( 'NONE', *, *, #2652, .T. ) ;
#2830 = FACE_OUTER_BOUND ( 'NONE', #20, .T. ) ;
#2831 = PLANE ( 'NONE',  #2818 ) ;
#2832 = EDGE_CURVE ( 'NONE', #314, #1174, #1932, .T. ) ;
#2833 = DIRECTION ( 'NONE',  ( -1.000000000000000000, -0.0000000000000000000, -0.0000000000000000000 ) ) ;
#2834 = ORIENTED_EDGE ( 'NONE', *, *, #749, .T. ) ;
#2835 = CARTESIAN_POINT ( 'NONE',  ( -0.1515000000000000000, 0.01750000000000001900, 0.1667500000000000100 ) ) ;
#2836 = ORIENTED_EDGE ( 'NONE', *, *, #1054, .F. ) ;
#2837 = EDGE_CURVE ( 'NONE', #2573, #2438, #2810, .T. ) ;
#2838 = DIRECTION ( 'NONE',  ( 0.0000000000000000000, 0.0000000000000000000, -1.000000000000000000 ) ) ;
#2839 = ORIENTED_EDGE ( 'NONE', *, *, #1370, .T. ) ;
#2840 = DIRECTION ( 'NONE',  ( -2.439149994343091700E-016, -1.000000000000000000, 0.0000000000000000000 ) ) ;
#2841 = ORIENTED_EDGE ( 'NONE', *, *, #1408, .T. ) ;
#2842 = ORIENTED_EDGE ( 'NONE', *, *, #1047, .F. ) ;
#2843 = CARTESIAN_POINT ( 'NONE',  ( -0.1165000000000000100, 0.3637882817644925200, -0.06174999999999637700 ) ) ;
#2844 = LINE ( 'NONE', #2469, #2747 ) ;
#2845 = CIRCLE ( 'NONE', #1245, 0.02000000000000000700 ) ;
#2846 = VECTOR ( 'NONE', #2242, 39.37007874015748100 ) ;
#2847 = ORIENTED_EDGE ( 'NONE', *, *, #674, .F. ) ;
#2848 = DIRECTION ( 'NONE',  ( 0.0000000000000000000, 0.0000000000000000000, -1.000000000000000000 ) ) ;
#2849 =( GEOMETRIC_REPRESENTATION_CONTEXT ( 3 ) GLOBAL_UNCERTAINTY_ASSIGNED_CONTEXT ( ( #31 ) ) GLOBAL_UNIT_ASSIGNED_CONTEXT ( ( #1750, #1990, #426 ) ) REPRESENTATION_CONTEXT ( 'NONE', 'WORKASPACE' ) );
#2850 = DIRECTION ( 'NONE',  ( 0.0000000000000000000, 0.0000000000000000000, 1.000000000000000000 ) ) ;
#2851 = EDGE_CURVE ( 'NONE', #2006, #2877, #159, .T. ) ;
#2852 = CARTESIAN_POINT ( 'NONE',  ( -0.1999999999999999800, 0.7129999999999999700, -0.1167499999999999900 ) ) ;
#2853 = CARTESIAN_POINT ( 'NONE',  ( 0.1165000000000000100, 0.2182164085303049900, -0.03832405062591805900 ) ) ;
#2854 = DIRECTION ( 'NONE',  ( -0.0000000000000000000, 0.8232981762978168700, -0.5676091198216327600 ) ) ;
#2855 = VECTOR ( 'NONE', #2540, 39.37007874015748100 ) ;
#2856 = ORIENTED_EDGE ( 'NONE', *, *, #699, .T. ) ;
#2857 = ORIENTED_EDGE ( 'NONE', *, *, #2403, .T. ) ;
#2858 = EDGE_CURVE ( 'NONE', #3165, #53, #875, .T. ) ;
#2859 = CARTESIAN_POINT ( 'NONE',  ( 0.1399999999999999900, 0.7011889763779527400, 0.5314012169239522600 ) ) ;
#2860 = DIRECTION ( 'NONE',  ( -0.0000000000000000000, 0.1391731009600705400, 0.9902680687415695800 ) ) ;
#2861 = SURFACE_STYLE_FILL_AREA ( #2101 ) ;
#2862 = VECTOR ( 'NONE', #1154, 39.37007874015748100 ) ;
#2863 = AXIS2_PLACEMENT_3D ( 'NONE', #1005, #963, #1755 ) ;
#2864 = CARTESIAN_POINT ( 'NONE',  ( -0.01750000000000001900, 0.01749999999999997000, 0.1517499999999999100 ) ) ;
#2865 = CIRCLE ( 'NONE', #2197, 0.03500000000000000300 ) ;
#2866 = DIRECTION ( 'NONE',  ( -1.000000000000000000, -0.0000000000000000000, -0.0000000000000000000 ) ) ;
#2867 = DIRECTION ( 'NONE',  ( -0.0000000000000000000, -0.0000000000000000000, 1.000000000000000000 ) ) ;
#2868 = VECTOR ( 'NONE', #2775, 39.37007874015748100 ) ;
#2869 = CYLINDRICAL_SURFACE ( 'NONE', #2238, 0.03500000000000019100 ) ;
#2870 = ORIENTED_EDGE ( 'NONE', *, *, #939, .T. ) ;
#2871 = CARTESIAN_POINT ( 'NONE',  ( -0.01750000000000000200, 0.3640540562602678800, -0.04674999999999636400 ) ) ;
#2872 = DIRECTION ( 'NONE',  ( -1.000000000000000000, -0.0000000000000000000, -0.0000000000000000000 ) ) ;
#2873 = CARTESIAN_POINT ( 'NONE',  ( 0.01750000000000000200, 0.2512473236267506700, -0.04674999999999636400 ) ) ;
#2874 = EDGE_CURVE ( 'NONE', #1912, #2126, #197, .T. ) ;
#2875 = DIRECTION ( 'NONE',  ( 0.0000000000000000000, 0.0000000000000000000, -1.000000000000000000 ) ) ;
#2876 = EDGE_LOOP ( 'NONE', ( #2856, #633, #2326, #395, #2088, #3289, #1125, #3364, #2179, #317, #1521, #1396, #3154 ) ) ;
#2877 = VERTEX_POINT ( 'NONE', #1791 ) ;
#2878 = PLANE ( 'NONE',  #233 ) ;
#2879 = EDGE_CURVE ( 'NONE', #2440, #2057, #1604, .T. ) ;
#2880 = VECTOR ( 'NONE', #2396, 39.37007874015748100 ) ;
#2881 = ORIENTED_EDGE ( 'NONE', *, *, #1706, .T. ) ;
#2882 = VECTOR ( 'NONE', #186, 39.37007874015748100 ) ;
#2883 = VERTEX_POINT ( 'NONE', #1563 ) ;
#2884 = CARTESIAN_POINT ( 'NONE',  ( -0.1400000000000000400, 0.7011889763779527400, -0.1667500000000000100 ) ) ;
#2885 = ORIENTED_EDGE ( 'NONE', *, *, #2501, .T. ) ;
#2886 = CYLINDRICAL_SURFACE ( 'NONE', #523, 0.01999999999999999000 ) ;
#2887 = EDGE_LOOP ( 'NONE', ( #3122, #784, #3301, #447 ) ) ;
#2888 = ORIENTED_EDGE ( 'NONE', *, *, #1933, .F. ) ;
#2889 = DIRECTION ( 'NONE',  ( 1.000000000000000000, -1.707404996040164000E-016, 0.0000000000000000000 ) ) ;
#2890 = ORIENTED_EDGE ( 'NONE', *, *, #1507, .F. ) ;
#2891 = DIRECTION ( 'NONE',  ( 1.000000000000000000, -7.168278826350441800E-017, 0.0000000000000000000 ) ) ;
#2892 = DIRECTION ( 'NONE',  ( 0.0000000000000000000, -0.1391731009600709900, -0.9902680687415695800 ) ) ;
#2893 =( GEOMETRIC_REPRESENTATION_CONTEXT ( 3 ) GLOBAL_UNCERTAINTY_ASSIGNED_CONTEXT ( ( #2642 ) ) GLOBAL_UNIT_ASSIGNED_CONTEXT ( ( #1064, #1577, #3199 ) ) REPRESENTATION_CONTEXT ( 'NONE', 'WORKASPACE' ) );
#2894 = SURFACE_STYLE_FILL_AREA ( #578 ) ;
#2895 = ORIENTED_EDGE ( 'NONE', *, *, #36, .T. ) ;
#2896 = VERTEX_POINT ( 'NONE', #3149 ) ;
#2897 = EDGE_CURVE ( 'NONE', #1092, #1707, #427, .T. ) ;
#2898 = DIRECTION ( 'NONE',  ( -1.000000000000000000, 0.0000000000000000000, -0.0000000000000000000 ) ) ;
#2899 = SURFACE_SIDE_STYLE ('',( #2861 ) ) ;
#2900 = LINE ( 'NONE', #2134, #1861 ) ;
#2901 = CARTESIAN_POINT ( 'NONE',  ( 0.1515000000000000000, 0.3640540562602678200, -0.04674999999999636400 ) ) ;
#2902 = CARTESIAN_POINT ( 'NONE',  ( -0.04950000000000000900, 0.1430552237434503700, -0.02574999999999999200 ) ) ;
#2903 = EDGE_CURVE ( 'NONE', #2807, #1112, #2900, .T. ) ;
#2904 = FACE_OUTER_BOUND ( 'NONE', #2738, .T. ) ;
#2905 = FACE_OUTER_BOUND ( 'NONE', #1324, .T. ) ;
#2906 = AXIS2_PLACEMENT_3D ( 'NONE', #3355, #228, #1849 ) ;
#2907 = CARTESIAN_POINT ( 'NONE',  ( 0.1515000000000000000, 0.3637882817644924000, -0.06174999999999637700 ) ) ;
#2908 = LINE ( 'NONE', #2963, #1035 ) ;
#2909 = STYLED_ITEM ( 'NONE', ( #2656 ), #2229 ) ;
#2910 = CARTESIAN_POINT ( 'NONE',  ( -0.01750000000000000200, -3.201263598694161200E-017, 0.1667500000000000100 ) ) ;
#2911 = LINE ( 'NONE', #2768, #1080 ) ;
#2912 = DIRECTION ( 'NONE',  ( 0.0000000000000000000, -0.3306871607406205400, 0.9437404313270184600 ) ) ;
#2913 = CARTESIAN_POINT ( 'NONE',  ( 0.01750000000000000200, 0.3637882817644925200, -0.06174999999999637700 ) ) ;
#2914 = CARTESIAN_POINT ( 'NONE',  ( 0.1515000000000000000, 0.1374301007847139600, 0.1317499999999998400 ) ) ;
#2915 = AXIS2_PLACEMENT_3D ( 'NONE', #1068, #1102, #1386 ) ;
#2916 = ORIENTED_EDGE ( 'NONE', *, *, #969, .F. ) ;
#2917 = CARTESIAN_POINT ( 'NONE',  ( -0.1165000000000000100, 0.1563049094112543800, 0.1383637432148122600 ) ) ;
#2918 = CARTESIAN_POINT ( 'NONE',  ( 0.1515000000000000000, -5.525702197383582500E-017, 0.1667500000000000100 ) ) ;
#2919 = VERTEX_POINT ( 'NONE', #1624 ) ;
#2920 = CARTESIAN_POINT ( 'NONE',  ( -0.1165000000000000100, 0.2512473236267506700, -0.04674999999999638500 ) ) ;
#2921 = CARTESIAN_POINT ( 'NONE',  ( -0.2000000000000001200, 0.7011889763779527400, -0.1167499999999999900 ) ) ;
#2922 = ORIENTED_EDGE ( 'NONE', *, *, #451, .T. ) ;
#2923 = EDGE_CURVE ( 'NONE', #2099, #299, #234, .T. ) ;
#2924 = FACE_OUTER_BOUND ( 'NONE', #860, .T. ) ;
#2925 = EDGE_LOOP ( 'NONE', ( #2885, #2964, #349, #531 ) ) ;
#2926 = CARTESIAN_POINT ( 'NONE',  ( 0.1515000000000000000, 0.3629999999999998800, -0.05424999999999637100 ) ) ;
#2927 = DIRECTION ( 'NONE',  ( 1.000000000000000000, 0.0000000000000000000, -0.0000000000000000000 ) ) ;
#2928 = DIRECTION ( 'NONE',  ( 1.000000000000000000, 0.0000000000000000000, -0.0000000000000000000 ) ) ;
#2929 = AXIS2_PLACEMENT_3D ( 'NONE', #2610, #18, #2329 ) ;
#2930 = SURFACE_STYLE_USAGE ( .BOTH. , #2386 ) ;
#2931 = PLANE ( 'NONE',  #754 ) ;
#2932 = CARTESIAN_POINT ( 'NONE',  ( -0.1515000000000000000, 0.2512473236267506700, -0.04674999999999638500 ) ) ;
#2933 = DIRECTION ( 'NONE',  ( -0.0000000000000000000, 1.000000000000000000, -6.975552828668951900E-017 ) ) ;
#2934 = FACE_BOUND ( 'NONE', #2678, .T. ) ;
#2935 = CARTESIAN_POINT ( 'NONE',  ( 0.01750000000000000200, 0.1563049094112543600, 0.1383637432148122600 ) ) ;
#2936 = DIRECTION ( 'NONE',  ( 0.0000000000000000000, -0.9945218953682734000, -0.1045284632676531200 ) ) ;
#2937 = VECTOR ( 'NONE', #2105, 39.37007874015748100 ) ;
#2938 = EDGE_CURVE ( 'NONE', #555, #2449, #1641, .T. ) ;
#2939 = DIRECTION ( 'NONE',  ( 0.0000000000000000000, 0.0000000000000000000, -1.000000000000000000 ) ) ;
#2940 = VECTOR ( 'NONE', #2833, 39.37007874015748100 ) ;
#2941 = EDGE_LOOP ( 'NONE', ( #2351, #1039, #2205, #2834 ) ) ;
#2942 = DIRECTION ( 'NONE',  ( 1.000000000000000000, 0.0000000000000000000, 0.0000000000000000000 ) ) ;
#2943 = EDGE_CURVE ( 'NONE', #1951, #3240, #1526, .T. ) ;
#2944 = FACE_OUTER_BOUND ( 'NONE', #1952, .T. ) ;
#2945 = DIRECTION ( 'NONE',  ( -1.951319995474473700E-016, -1.000000000000000000, 0.0000000000000000000 ) ) ;
#2946 = PLANE ( 'NONE',  #1659 ) ;
#2947 = EDGE_LOOP ( 'NONE', ( #1208, #230, #2539, #1296 ) ) ;
#2948 = CARTESIAN_POINT ( 'NONE',  ( 0.1399999999999999600, 0.4629999999999999700, -0.1167499999999999900 ) ) ;
#2949 = CARTESIAN_POINT ( 'NONE',  ( 0.1515000000000000000, 0.1563049094112543600, 0.1383637432148122600 ) ) ;
#2950 = ORIENTED_EDGE ( 'NONE', *, *, #2023, .T. ) ;
#2951 = ORIENTED_EDGE ( 'NONE', *, *, #631, .T. ) ;
#2952 = DIRECTION ( 'NONE',  ( 0.0000000000000000000, 0.1045284632676528600, -0.9945218953682732900 ) ) ;
#2953 = UNCERTAINTY_MEASURE_WITH_UNIT (LENGTH_MEASURE( 1.000000000000000100E-005 ), #1317, 'distance_accuracy_value', 'NONE');
#2954 = DIRECTION ( 'NONE',  ( -0.0000000000000000000, -0.0000000000000000000, -1.000000000000000000 ) ) ;
#2955 = CARTESIAN_POINT ( 'NONE',  ( 0.1515000000000000000, 0.3629999999999998800, -0.05424999999999637100 ) ) ;
#2956 = DIRECTION ( 'NONE',  ( -0.0000000000000000000, -1.000000000000000000, -2.484761324180116700E-016 ) ) ;
#2957 = FACE_OUTER_BOUND ( 'NONE', #2689, .T. ) ;
#2958 = VERTEX_POINT ( 'NONE', #2462 ) ;
#2959 = EDGE_CURVE ( 'NONE', #415, #2335, #38, .T. ) ;
#2960 = LINE ( 'NONE', #973, #1466 ) ;
#2961 = ORIENTED_EDGE ( 'NONE', *, *, #1714, .T. ) ;
#2962 = LINE ( 'NONE', #1853, #2492 ) ;
#2963 = CARTESIAN_POINT ( 'NONE',  ( 0.08449999999999999200, 0.1430552237434503400, 0.009249999999999977000 ) ) ;
#2964 = ORIENTED_EDGE ( 'NONE', *, *, #2943, .F. ) ;
#2965 = EDGE_CURVE ( 'NONE', #2010, #2188, #3049, .T. ) ;
#2966 = ORIENTED_EDGE ( 'NONE', *, *, #656, .T. ) ;
#2967 = CARTESIAN_POINT ( 'NONE',  ( 0.08449999999999999200, 0.2414033584489619400, -0.02674999999999635700 ) ) ;
#2968 = AXIS2_PLACEMENT_3D ( 'NONE', #1413, #1938, #416 ) ;
#2969 = VECTOR ( 'NONE', #2945, 39.37007874015748100 ) ;
#2970 = ORIENTED_EDGE ( 'NONE', *, *, #726, .T. ) ;
#2971 = AXIS2_PLACEMENT_3D ( 'NONE', #3236, #1147, #1482 ) ;
#2972 = VECTOR ( 'NONE', #1473, 39.37007874015748100 ) ;
#2973 = ORIENTED_EDGE ( 'NONE', *, *, #2720, .F. ) ;
#2974 = FILL_AREA_STYLE_COLOUR ( '', #2981 ) ;
#2975 = CIRCLE ( 'NONE', #3183, 0.01750000000000001900 ) ;
#2976 = FACE_OUTER_BOUND ( 'NONE', #411, .T. ) ;
#2977 = ORIENTED_EDGE ( 'NONE', *, *, #2245, .F. ) ;
#2978 = CARTESIAN_POINT ( 'NONE',  ( -0.2000000000000001200, 0.9729999999999999800, -0.1667500000000000100 ) ) ;
#2979 = LINE ( 'NONE', #3329, #1197 ) ;
#2980 = EDGE_CURVE ( 'NONE', #2040, #2188, #463, .T. ) ;
#2981 = COLOUR_RGB ( '',0.7921568627450980000, 0.8196078431372548800, 0.9333333333333333500 ) ;
#2982 = FACE_OUTER_BOUND ( 'NONE', #292, .T. ) ;
#2983 = AXIS2_PLACEMENT_3D ( 'NONE', #526, #3155, #1318 ) ;
#2984 = DIRECTION ( 'NONE',  ( 0.0000000000000000000, 0.0000000000000000000, 1.000000000000000000 ) ) ;
#2985 = ORIENTED_EDGE ( 'NONE', *, *, #1543, .T. ) ;
#2986 = DIRECTION ( 'NONE',  ( 1.698051652823123600E-016, 0.9945218953682736200, 0.1045284632676504900 ) ) ;
#2987 = ADVANCED_FACE ( 'NONE', ( #911 ), #715, .T. ) ;
#2988 =( NAMED_UNIT ( * ) SI_UNIT ( $, .STERADIAN. ) SOLID_ANGLE_UNIT ( ) );
#2989 = ORIENTED_EDGE ( 'NONE', *, *, #206, .F. ) ;
#2990 = DIRECTION ( 'NONE',  ( -1.000000000000000000, -0.0000000000000000000, -0.0000000000000000000 ) ) ;
#2991 = ORIENTED_EDGE ( 'NONE', *, *, #1785, .F. ) ;
#2992 = ORIENTED_EDGE ( 'NONE', *, *, #1470, .T. ) ;
#2993 = ORIENTED_EDGE ( 'NONE', *, *, #2056, .F. ) ;
#2994 = PLANE ( 'NONE',  #2971 ) ;
#2995 = DIRECTION ( 'NONE',  ( 0.0000000000000000000, 0.0000000000000000000, 1.000000000000000000 ) ) ;
#2996 = EDGE_CURVE ( 'NONE', #3240, #1796, #1680, .T. ) ;
#2997 = CARTESIAN_POINT ( 'NONE',  ( 0.2000000000000001200, 0.9729999999999999800, 0.5314012169239522600 ) ) ;
#2998 = VECTOR ( 'NONE', #478, 39.37007874015748100 ) ;
#2999 = DIRECTION ( 'NONE',  ( -0.0000000000000000000, -0.0000000000000000000, 1.000000000000000000 ) ) ;
#3000 = ORIENTED_EDGE ( 'NONE', *, *, #921, .T. ) ;
#3001 = DIRECTION ( 'NONE',  ( 0.0000000000000000000, 0.0000000000000000000, 1.000000000000000000 ) ) ;
#3002 = AXIS2_PLACEMENT_3D ( 'NONE', #491, #2872, #1280 ) ;
#3003 = VERTEX_POINT ( 'NONE', #2562 ) ;
#3004 = CARTESIAN_POINT ( 'NONE',  ( -0.2000000000000001200, 0.9729999999999999800, -0.1167499999999999900 ) ) ;
#3005 = DIRECTION ( 'NONE',  ( -0.0000000000000000000, 6.975552828668951900E-017, 1.000000000000000000 ) ) ;
#3006 = FACE_OUTER_BOUND ( 'NONE', #2445, .T. ) ;
#3007 = LINE ( 'NONE', #254, #2604 ) ;
#3008 = DIRECTION ( 'NONE',  ( -1.000000000000000000, -0.0000000000000000000, -0.0000000000000000000 ) ) ;
#3009 = ORIENTED_EDGE ( 'NONE', *, *, #2004, .F. ) ;
#3010 = AXIS2_PLACEMENT_3D ( 'NONE', #193, #1214, #2819 ) ;
#3011 = CIRCLE ( 'NONE', #2825, 0.02000000000000000700 ) ;
#3012 = EDGE_CURVE ( 'NONE', #2098, #2087, #2148, .T. ) ;
#3013 = PLANE ( 'NONE',  #402 ) ;
#3014 = ADVANCED_FACE ( 'NONE', ( #2934, #345 ), #2360, .F. ) ;
#3015 = DIRECTION ( 'NONE',  ( 0.0000000000000000000, 0.0000000000000000000, 1.000000000000000000 ) ) ;
#3016 = LINE ( 'NONE', #294, #244 ) ;
#3017 = DIRECTION ( 'NONE',  ( -0.0000000000000000000, -1.000000000000000000, -0.0000000000000000000 ) ) ;
#3018 = EDGE_CURVE ( 'NONE', #1087, #1620, #1441, .T. ) ;
#3019 = CARTESIAN_POINT ( 'NONE',  ( 0.08449999999999999200, 0.1430552237434503400, -0.005749999999999991200 ) ) ;
#3020 = VERTEX_POINT ( 'NONE', #1287 ) ;
#3021 = EDGE_CURVE ( 'NONE', #1733, #3156, #1768, .T. ) ;
#3022 = DIRECTION ( 'NONE',  ( 0.0000000000000000000, 0.0000000000000000000, 1.000000000000000000 ) ) ;
#3023 = ORIENTED_EDGE ( 'NONE', *, *, #1691, .T. ) ;
#3024 = EDGE_LOOP ( 'NONE', ( #1442, #1086, #1093, #1489 ) ) ;
#3025 = DIMENSIONAL_EXPONENTS ( 1.000000000000000000, 0.0000000000000000000, 0.0000000000000000000, 0.0000000000000000000, 0.0000000000000000000, 0.0000000000000000000, 0.0000000000000000000 ) ;
#3026 = CARTESIAN_POINT ( 'NONE',  ( -0.1693580883129208200, 0.4274865063424114800, 0.003249999999999999000 ) ) ;
#3027 = DIRECTION ( 'NONE',  ( -1.000000000000000000, 0.0000000000000000000, -0.0000000000000000000 ) ) ;
#3028 = LINE ( 'NONE', #1949, #2030 ) ;
#3029 = ORIENTED_EDGE ( 'NONE', *, *, #2080, .F. ) ;
#3030 = EDGE_LOOP ( 'NONE', ( #607, #25, #2679, #1588 ) ) ;
#3031 = CARTESIAN_POINT ( 'NONE',  ( -0.1515000000000000000, 0.1704610158811598300, 0.1433240506259216000 ) ) ;
#3032 = CIRCLE ( 'NONE', #2684, 0.07549999999999998400 ) ;
#3033 = PLANE ( 'NONE',  #1491 ) ;
#3034 = DIRECTION ( 'NONE',  ( 0.0000000000000000000, 0.0000000000000000000, 1.000000000000000000 ) ) ;
#3035 = DIRECTION ( 'NONE',  ( -0.0000000000000000000, -0.1045284632676531100, 0.9945218953682732900 ) ) ;
#3036 = ORIENTED_EDGE ( 'NONE', *, *, #990, .T. ) ;
#3037 = CARTESIAN_POINT ( 'NONE',  ( -0.04950000000000000900, 0.1430552237434503700, -0.005749999999999991200 ) ) ;
#3038 = EDGE_CURVE ( 'NONE', #449, #1879, #762, .T. ) ;
#3039 = DIRECTION ( 'NONE',  ( 0.0000000000000000000, 0.0000000000000000000, 1.000000000000000000 ) ) ;
#3040 = ADVANCED_FACE ( 'NONE', ( #1729 ), #2725, .T. ) ;
#3041 = DIRECTION ( 'NONE',  ( -0.0000000000000000000, -0.8232981762978172100, 0.5676091198216323100 ) ) ;
#3042 = VECTOR ( 'NONE', #922, 39.37007874015748100 ) ;
#3043 = ORIENTED_EDGE ( 'NONE', *, *, #1178, .F. ) ;
#3044 = ORIENTED_EDGE ( 'NONE', *, *, #490, .T. ) ;
#3045 = DIRECTION ( 'NONE',  ( -0.0000000000000000000, -0.0000000000000000000, -1.000000000000000000 ) ) ;
#3046 = CARTESIAN_POINT ( 'NONE',  ( -0.04950000000000000900, 0.3629999999999999300, -0.05424999999999637100 ) ) ;
#3047 = DIRECTION ( 'NONE',  ( -0.0000000000000000000, 1.000000000000000000, -8.696664634630410300E-016 ) ) ;
#3048 = ADVANCED_FACE ( 'NONE', ( #2392 ), #507, .T. ) ;
#3049 = LINE ( 'NONE', #2752, #3141 ) ;
#3050 = EDGE_LOOP ( 'NONE', ( #2091, #2977, #655, #2632 ) ) ;
#3051 = AXIS2_PLACEMENT_3D ( 'NONE', #2432, #2986, #115 ) ;
#3052 = DIRECTION ( 'NONE',  ( 0.0000000000000000000, 0.8232981762978173200, -0.5676091198216322000 ) ) ;
#3053 = VECTOR ( 'NONE', #1108, 39.37007874015748100 ) ;
#3054 = VECTOR ( 'NONE', #1520, 39.37007874015748100 ) ;
#3055 = VERTEX_POINT ( 'NONE', #1836 ) ;
#3056 = CIRCLE ( 'NONE', #3204, 0.02749999999999999700 ) ;
#3057 = VECTOR ( 'NONE', #1587, 39.37007874015748100 ) ;
#3058 = ORIENTED_EDGE ( 'NONE', *, *, #2782, .T. ) ;
#3059 = DIRECTION ( 'NONE',  ( -1.000000000000000000, -0.0000000000000000000, -0.0000000000000000000 ) ) ;
#3060 = EDGE_CURVE ( 'NONE', #39, #2125, #2354, .T. ) ;
#3061 = VECTOR ( 'NONE', #2460, 39.37007874015748100 ) ;
#3062 = ORIENTED_EDGE ( 'NONE', *, *, #2075, .F. ) ;
#3063 = CARTESIAN_POINT ( 'NONE',  ( 0.01750000000000000200, 0.3629999999999999300, -0.05424999999999637100 ) ) ;
#3064 = DIRECTION ( 'NONE',  ( -1.000000000000000000, -0.0000000000000000000, -0.0000000000000000000 ) ) ;
#3065 = ORIENTED_EDGE ( 'NONE', *, *, #1304, .F. ) ;
#3066 = CARTESIAN_POINT ( 'NONE',  ( -0.08450000000000002000, 0.2414033584489619600, -0.02674999999999635700 ) ) ;
#3067 = EDGE_CURVE ( 'NONE', #783, #2597, #1025, .T. ) ;
#3068 = ORIENTED_EDGE ( 'NONE', *, *, #2318, .F. ) ;
#3069 = ORIENTED_EDGE ( 'NONE', *, *, #302, .T. ) ;
#3070 = CARTESIAN_POINT ( 'NONE',  ( -0.1400000000000000400, 0.7011889763779527400, -0.1167499999999999900 ) ) ;
#3071 = ADVANCED_FACE ( 'NONE', ( #1067 ), #2994, .F. ) ;
#3072 = ORIENTED_EDGE ( 'NONE', *, *, #1206, .F. ) ;
#3073 = ORIENTED_EDGE ( 'NONE', *, *, #2225, .F. ) ;
#3074 = CARTESIAN_POINT ( 'NONE',  ( -0.01750000000000000200, 0.2182164085303049900, -0.03832405062591805900 ) ) ;
#3075 = CARTESIAN_POINT ( 'NONE',  ( -0.04950000000000000900, 0.01750000000000001900, -0.02575000000000002600 ) ) ;
#3076 = LINE ( 'NONE', #667, #538 ) ;
#3077 = VERTEX_POINT ( 'NONE', #457 ) ;
#3078 = CARTESIAN_POINT ( 'NONE',  ( 0.0000000000000000000, 0.8529999999999999800, -0.1167499999999999900 ) ) ;
#3079 = AXIS2_PLACEMENT_3D ( 'NONE', #3221, #1909, #2712 ) ;
#3080 = EDGE_LOOP ( 'NONE', ( #3170, #666, #802, #1467 ) ) ;
#3081 = PLANE ( 'NONE',  #1376 ) ;
#3082 = AXIS2_PLACEMENT_3D ( 'NONE', #1789, #995, #2889 ) ;
#3083 = ORIENTED_EDGE ( 'NONE', *, *, #668, .F. ) ;
#3084 = LINE ( 'NONE', #221, #1432 ) ;
#3085 = DIRECTION ( 'NONE',  ( 0.0000000000000000000, 0.0000000000000000000, 1.000000000000000000 ) ) ;
#3086 = ORIENTED_EDGE ( 'NONE', *, *, #1304, .T. ) ;
#3087 = CARTESIAN_POINT ( 'NONE',  ( -0.1515000000000000000, 0.1374301007847140200, 0.1667500000000000400 ) ) ;
#3088 = CARTESIAN_POINT ( 'NONE',  ( -0.01750000000000000200, 0.1374301007847139900, 0.1517499999999998600 ) ) ;
#3089 = LINE ( 'NONE', #1343, #2299 ) ;
#3090 = DIRECTION ( 'NONE',  ( 1.000000000000000000, 0.0000000000000000000, 0.0000000000000000000 ) ) ;
#3091 = EDGE_CURVE ( 'NONE', #2958, #654, #309, .T. ) ;
#3092 = COLOUR_RGB ( '',0.7921568627450980000, 0.8196078431372548800, 0.9333333333333333500 ) ;
#3093 = ORIENTED_EDGE ( 'NONE', *, *, #2118, .F. ) ;
#3094 = STYLED_ITEM ( 'NONE', ( #1711 ), #306 ) ;
#3095 = CARTESIAN_POINT ( 'NONE',  ( 0.1515000000000000000, 0.1374301007847139600, 0.1517499999999998600 ) ) ;
#3096 = VECTOR ( 'NONE', #1730, 39.37007874015748100 ) ;
#3097 = ORIENTED_EDGE ( 'NONE', *, *, #1099, .F. ) ;
#3098 = ORIENTED_EDGE ( 'NONE', *, *, #1255, .T. ) ;
#3099 = CYLINDRICAL_SURFACE ( 'NONE', #1996, 0.03500000000000000300 ) ;
#3100 = FACE_OUTER_BOUND ( 'NONE', #2296, .T. ) ;
#3101 = MANIFOLD_SOLID_BREP ( 'Pin 2', #1594 ) ;
#3102 = LINE ( 'NONE', #2442, #1976 ) ;
#3103 = CARTESIAN_POINT ( 'NONE',  ( 0.08449999999999999200, 0.2414033584489619400, -0.02674999999999635700 ) ) ;
#3104 = VERTEX_POINT ( 'NONE', #3026 ) ;
#3105 = CARTESIAN_POINT ( 'NONE',  ( -0.1418580883129208500, 0.4274865063424114800, 0.01325000000000000000 ) ) ;
#3106 = CARTESIAN_POINT ( 'NONE',  ( 0.1515000000000000000, 0.2512473236267506700, -0.02674999999999637400 ) ) ;
#3107 = FACE_OUTER_BOUND ( 'NONE', #3024, .T. ) ;
#3108 = LINE ( 'NONE', #2654, #3152 ) ;
#3109 = DIRECTION ( 'NONE',  ( -0.0000000000000000000, -0.3306871607406194300, 0.9437404313270189000 ) ) ;
#3110 = VECTOR ( 'NONE', #2517, 39.37007874015748100 ) ;
#3111 = DIRECTION ( 'NONE',  ( -0.0000000000000000000, 0.9437404313270185700, 0.3306871607406206000 ) ) ;
#3112 = EDGE_CURVE ( 'NONE', #2380, #2125, #2601, .T. ) ;
#3113 = CARTESIAN_POINT ( 'NONE',  ( -0.1165000000000000100, 0.2512473236267506700, -0.02674999999999637400 ) ) ;
#3114 = EDGE_LOOP ( 'NONE', ( #414, #1662, #683, #2342 ) ) ;
#3115 =( CONVERSION_BASED_UNIT ( 'INCH', #1378 ) LENGTH_UNIT ( ) NAMED_UNIT ( #1934 ) );
#3116 = DIRECTION ( 'NONE',  ( -1.000000000000000000, -0.0000000000000000000, -0.0000000000000000000 ) ) ;
#3117 = VERTEX_POINT ( 'NONE', #2013 ) ;
#3118 = DIRECTION ( 'NONE',  ( -1.000000000000000000, -0.0000000000000000000, -0.0000000000000000000 ) ) ;
#3119 = ORIENTED_EDGE ( 'NONE', *, *, #3112, .F. ) ;
#3120 = EDGE_CURVE ( 'NONE', #1684, #2449, #589, .T. ) ;
#3121 = ORIENTED_EDGE ( 'NONE', *, *, #1434, .F. ) ;
#3122 = ORIENTED_EDGE ( 'NONE', *, *, #3334, .T. ) ;
#3123 = CARTESIAN_POINT ( 'NONE',  ( 0.1399999999999999900, 0.7011889763779527400, -0.1167499999999999900 ) ) ;
#3124 = CARTESIAN_POINT ( 'NONE',  ( -0.1165000000000000100, 0.1374301007847140200, 0.1317499999999998400 ) ) ;
#3125 = FACE_OUTER_BOUND ( 'NONE', #790, .T. ) ;
#3126 = VERTEX_POINT ( 'NONE', #684 ) ;
#3127 = CARTESIAN_POINT ( 'NONE',  ( 0.08449999999999999200, 0.2414033584489619400, -0.04674999999999634300 ) ) ;
#3128 = ORIENTED_EDGE ( 'NONE', *, *, #302, .F. ) ;
#3129 = AXIS2_PLACEMENT_3D ( 'NONE', #2494, #1994, #3027 ) ;
#3130 = DIRECTION ( 'NONE',  ( 1.000000000000000000, 0.0000000000000000000, 0.0000000000000000000 ) ) ;
#3131 = ORIENTED_EDGE ( 'NONE', *, *, #409, .T. ) ;
#3132 = EDGE_CURVE ( 'NONE', #2817, #1087, #2549, .T. ) ;
#3133 = ORIENTED_EDGE ( 'NONE', *, *, #604, .F. ) ;
#3134 = CARTESIAN_POINT ( 'NONE',  ( 0.2000000000000000400, 0.7011889763779527400, -0.1167499999999999900 ) ) ;
#3135 = DIRECTION ( 'NONE',  ( -0.0000000000000000000, -0.0000000000000000000, 1.000000000000000000 ) ) ;
#3136 = EDGE_CURVE ( 'NONE', #1888, #282, #716, .T. ) ;
#3137 = CARTESIAN_POINT ( 'NONE',  ( 0.08449999999999999200, 0.2300511760525292800, -0.04321596352595271500 ) ) ;
#3138 = DIRECTION ( 'NONE',  ( 0.0000000000000000000, -0.1391731009600705200, -0.9902680687415695800 ) ) ;
#3139 = CARTESIAN_POINT ( 'NONE',  ( 0.01750000000000000200, 0.3629999999999999300, -0.05424999999999637100 ) ) ;
#3140 = CARTESIAN_POINT ( 'NONE',  ( 0.0000000000000000000, 0.0000000000000000000, 0.0000000000000000000 ) ) ;
#3141 = VECTOR ( 'NONE', #2024, 39.37007874015748100 ) ;
#3142 = AXIS2_PLACEMENT_3D ( 'NONE', #138, #382, #2813 ) ;
#3143 = DIRECTION ( 'NONE',  ( -0.0000000000000000000, -0.0000000000000000000, 1.000000000000000000 ) ) ;
#3144 = CIRCLE ( 'NONE', #737, 0.01750000000000001900 ) ;
#3145 = ORIENTED_EDGE ( 'NONE', *, *, #832, .F. ) ;
#3146 = DIRECTION ( 'NONE',  ( 0.0000000000000000000, 0.0000000000000000000, 1.000000000000000000 ) ) ;
#3147 = LINE ( 'NONE', #1869, #2868 ) ;
#3148 = LINE ( 'NONE', #2422, #1573 ) ;
#3149 = CARTESIAN_POINT ( 'NONE',  ( 0.1165000000000000100, 0.1374301007847139600, 0.1517499999999998600 ) ) ;
#3150 = DIRECTION ( 'NONE',  ( -0.0000000000000000000, -0.3306871607406194300, 0.9437404313270189000 ) ) ;
#3151 = DIRECTION ( 'NONE',  ( 7.168278826350441800E-017, 1.000000000000000000, 0.0000000000000000000 ) ) ;
#3152 = VECTOR ( 'NONE', #55, 39.37007874015748100 ) ;
#3153 = VECTOR ( 'NONE', #540, 39.37007874015748100 ) ;
#3154 = ORIENTED_EDGE ( 'NONE', *, *, #1142, .T. ) ;
#3155 = DIRECTION ( 'NONE',  ( 1.000000000000000000, 0.0000000000000000000, -0.0000000000000000000 ) ) ;
#3156 = VERTEX_POINT ( 'NONE', #448 ) ;
#3157 = ORIENTED_EDGE ( 'NONE', *, *, #3178, .F. ) ;
#3158 =( NAMED_UNIT ( * ) PLANE_ANGLE_UNIT ( ) SI_UNIT ( $, .RADIAN. ) );
#3159 = DIRECTION ( 'NONE',  ( 0.0000000000000000000, 0.0000000000000000000, 1.000000000000000000 ) ) ;
#3160 = EDGE_CURVE ( 'NONE', #191, #2380, #2423, .T. ) ;
#3161 = DIRECTION ( 'NONE',  ( 0.0000000000000000000, 0.0000000000000000000, -1.000000000000000000 ) ) ;
#3162 = ORIENTED_EDGE ( 'NONE', *, *, #2339, .T. ) ;
#3163 = CARTESIAN_POINT ( 'NONE',  ( 0.1968580883129209000, 0.3724865063424113700, 0.01325000000000000000 ) ) ;
#3164 = DIRECTION ( 'NONE',  ( -0.0000000000000000000, -0.0000000000000000000, 1.000000000000000000 ) ) ;
#3165 = VERTEX_POINT ( 'NONE', #2500 ) ;
#3166 = ORIENTED_EDGE ( 'NONE', *, *, #2980, .F. ) ;
#3167 = VECTOR ( 'NONE', #3143, 39.37007874015748100 ) ;
#3168 = EDGE_LOOP ( 'NONE', ( #1242, #2336, #2334, #1515 ) ) ;
#3169 = LINE ( 'NONE', #1249, #1141 ) ;
#3170 = ORIENTED_EDGE ( 'NONE', *, *, #921, .F. ) ;
#3171 = DIRECTION ( 'NONE',  ( -0.0000000000000000000, -1.000000000000000000, -0.0000000000000000000 ) ) ;
#3172 = CARTESIAN_POINT ( 'NONE',  ( 0.1968580883129209000, 0.3724865063424113700, 0.01325000000000000000 ) ) ;
#3173 = EDGE_CURVE ( 'NONE', #745, #2919, #500, .T. ) ;
#3174 = VECTOR ( 'NONE', #2730, 39.37007874015748100 ) ;
#3175 = CARTESIAN_POINT ( 'NONE',  ( -0.1515000000000000000, 0.2512473236267506700, -0.02674999999999637400 ) ) ;
#3176 = VERTEX_POINT ( 'NONE', #2544 ) ;
#3177 = VECTOR ( 'NONE', #3209, 39.37007874015748100 ) ;
#3178 = EDGE_CURVE ( 'NONE', #1420, #2294, #1185, .T. ) ;
#3179 = LINE ( 'NONE', #1574, #3213 ) ;
#3180 = VERTEX_POINT ( 'NONE', #2248 ) ;
#3181 = VECTOR ( 'NONE', #2545, 39.37007874015748100 ) ;
#3182 = VECTOR ( 'NONE', #2564, 39.37007874015748100 ) ;
#3183 = AXIS2_PLACEMENT_3D ( 'NONE', #717, #3045, #1826 ) ;
#3184 = VECTOR ( 'NONE', #1960, 39.37007874015748100 ) ;
#3185 = ORIENTED_EDGE ( 'NONE', *, *, #1977, .T. ) ;
#3186 = DIRECTION ( 'NONE',  ( 0.0000000000000000000, 0.0000000000000000000, -1.000000000000000000 ) ) ;
#3187 = CARTESIAN_POINT ( 'NONE',  ( 0.04949999999999999500, 0.1544074061398829400, -0.009284036474043634900 ) ) ;
#3188 = PLANE ( 'NONE',  #1770 ) ;
#3189 = ORIENTED_EDGE ( 'NONE', *, *, #2606, .T. ) ;
#3190 = CARTESIAN_POINT ( 'NONE',  ( -0.01750000000000000200, 0.1563049094112543600, 0.1383637432148122600 ) ) ;
#3191 = EDGE_CURVE ( 'NONE', #621, #3180, #3337, .T. ) ;
#3192 = VERTEX_POINT ( 'NONE', #2270 ) ;
#3193 = VECTOR ( 'NONE', #458, 39.37007874015748100 ) ;
#3194 = DIRECTION ( 'NONE',  ( 1.000000000000000000, 0.0000000000000000000, -0.0000000000000000000 ) ) ;
#3195 = ORIENTED_EDGE ( 'NONE', *, *, #2300, .T. ) ;
#3196 = EDGE_CURVE ( 'NONE', #1795, #1879, #2350, .T. ) ;
#3197 = DIRECTION ( 'NONE',  ( -0.0000000000000000000, -0.0000000000000000000, 1.000000000000000000 ) ) ;
#3198 = ORIENTED_EDGE ( 'NONE', *, *, #2175, .T. ) ;
#3199 =( NAMED_UNIT ( * ) SI_UNIT ( $, .STERADIAN. ) SOLID_ANGLE_UNIT ( ) );
#3200 = CARTESIAN_POINT ( 'NONE',  ( 0.08449999999999999200, 0.01749999999999999500, -0.005750000000000051100 ) ) ;
#3201 = LINE ( 'NONE', #2575, #2214 ) ;
#3202 = MECHANICAL_DESIGN_GEOMETRIC_PRESENTATION_REPRESENTATION (  '', ( #3094 ), #1 ) ;
#3203 = ORIENTED_EDGE ( 'NONE', *, *, #466, .T. ) ;
#3204 = AXIS2_PLACEMENT_3D ( 'NONE', #757, #3146, #26 ) ;
#3205 = CARTESIAN_POINT ( 'NONE',  ( 0.04949999999999999500, 0.1629215429372074300, 0.003065436170423566700 ) ) ;
#3206 = CARTESIAN_POINT ( 'NONE',  ( 0.1515000000000000000, 0.2182164085303050200, -0.03832405062591805200 ) ) ;
#3207 = VECTOR ( 'NONE', #297, 39.37007874015748100 ) ;
#3208 = DIRECTION ( 'NONE',  ( -1.000000000000000000, -0.0000000000000000000, -0.0000000000000000000 ) ) ;
#3209 = DIRECTION ( 'NONE',  ( -0.0000000000000000000, -1.000000000000000000, -0.0000000000000000000 ) ) ;
#3210 = CARTESIAN_POINT ( 'NONE',  ( -0.04950000000000000900, 0.2215370392552048500, -0.05556543617041998000 ) ) ;
#3211 = CYLINDRICAL_SURFACE ( 'NONE', #1999, 0.03499999999999994800 ) ;
#3212 = ORIENTED_EDGE ( 'NONE', *, *, #2175, .F. ) ;
#3213 = VECTOR ( 'NONE', #7, 39.37007874015748100 ) ;
#3214 = EDGE_CURVE ( 'NONE', #1663, #783, #1564, .T. ) ;
#3215 = DIRECTION ( 'NONE',  ( 0.0000000000000000000, 0.3306871607406194300, -0.9437404313270189000 ) ) ;
#3216 = LINE ( 'NONE', #88, #42 ) ;
#3217 = LINE ( 'NONE', #3336, #1074 ) ;
#3218 = AXIS2_PLACEMENT_3D ( 'NONE', #3070, #462, #1516 ) ;
#3219 = VECTOR ( 'NONE', #6, 39.37007874015748100 ) ;
#3220 = LINE ( 'NONE', #2448, #1198 ) ;
#3221 = CARTESIAN_POINT ( 'NONE',  ( 0.1515000000000000000, 0.1374301007847139600, 0.1317499999999998400 ) ) ;
#3222 = ADVANCED_FACE ( 'NONE', ( #1146 ), #2158, .T. ) ;
#3223 = LINE ( 'NONE', #3348, #2119 ) ;
#3224 = AXIS2_PLACEMENT_3D ( 'NONE', #2757, #2249, #933 ) ;
#3225 = PLANE ( 'NONE',  #2129 ) ;
#3226 = LINE ( 'NONE', #2859, #1827 ) ;
#3227 = DIRECTION ( 'NONE',  ( 0.0000000000000000000, 0.3306871607406194300, -0.9437404313270189000 ) ) ;
#3228 = VECTOR ( 'NONE', #1179, 39.37007874015748100 ) ;
#3229 = ORIENTED_EDGE ( 'NONE', *, *, #1120, .T. ) ;
#3230 = ORIENTED_EDGE ( 'NONE', *, *, #1255, .F. ) ;
#3231 = PLANE ( 'NONE',  #2968 ) ;
#3232 = AXIS2_PLACEMENT_3D ( 'NONE', #2703, #1109, #335 ) ;
#3233 = CARTESIAN_POINT ( 'NONE',  ( 0.01750000000000000200, 0.1374301007847139900, 0.1317499999999998400 ) ) ;
#3234 = ORIENTED_EDGE ( 'NONE', *, *, #2903, .F. ) ;
#3235 = ORIENTED_EDGE ( 'NONE', *, *, #2033, .T. ) ;
#3236 = CARTESIAN_POINT ( 'NONE',  ( -0.04950000000000000900, 0.2215370392552048500, -0.05556543617041998000 ) ) ;
#3237 = EDGE_CURVE ( 'NONE', #1668, #745, #2018, .T. ) ;
#3238 = ORIENTED_EDGE ( 'NONE', *, *, #3191, .T. ) ;
#3239 = ORIENTED_EDGE ( 'NONE', *, *, #2903, .T. ) ;
#3240 = VERTEX_POINT ( 'NONE', #429 ) ;
#3241 = EDGE_CURVE ( 'NONE', #144, #566, #632, .T. ) ;
#3242 = ADVANCED_FACE ( 'NONE', ( #672 ), #800, .T. ) ;
#3243 =( NAMED_UNIT ( * ) SI_UNIT ( $, .STERADIAN. ) SOLID_ANGLE_UNIT ( ) );
#3244 = ORIENTED_EDGE ( 'NONE', *, *, #1099, .T. ) ;
#3245 = DIRECTION ( 'NONE',  ( 0.0000000000000000000, 0.0000000000000000000, 1.000000000000000000 ) ) ;
#3246 = AXIS2_PLACEMENT_3D ( 'NONE', #1355, #2780, #1055 ) ;
#3247 = PRODUCT_DEFINITION_SHAPE ( 'NONE', 'NONE',  #300 ) ;
#3248 = PLANE ( 'NONE',  #1860 ) ;
#3249 = ORIENTED_EDGE ( 'NONE', *, *, #3132, .T. ) ;
#3250 = ADVANCED_FACE ( 'NONE', ( #871 ), #904, .F. ) ;
#3251 = DIRECTION ( 'NONE',  ( -1.000000000000000000, -0.0000000000000000000, -0.0000000000000000000 ) ) ;
#3252 = AXIS2_PLACEMENT_3D ( 'NONE', #2304, #2559, #2850 ) ;
#3253 = ORIENTED_EDGE ( 'NONE', *, *, #2851, .T. ) ;
#3254 = PLANE ( 'NONE',  #2111 ) ;
#3255 = CIRCLE ( 'NONE', #3142, 0.01750000000000000200 ) ;
#3256 = ADVANCED_FACE ( 'NONE', ( #340 ), #1892, .F. ) ;
#3257 = VECTOR ( 'NONE', #3041, 39.37007874015748100 ) ;
#3258 = ORIENTED_EDGE ( 'NONE', *, *, #1802, .F. ) ;
#3259 = CIRCLE ( 'NONE', #2643, 0.01750000000000000200 ) ;
#3260 = PLANE ( 'NONE',  #1670 ) ;
#3261 = EDGE_CURVE ( 'NONE', #2320, #2208, #1637, .T. ) ;
#3262 = CYLINDRICAL_SURFACE ( 'NONE', #1890, 0.01750000000000000200 ) ;
#3263 = ORIENTED_EDGE ( 'NONE', *, *, #2461, .T. ) ;
#3264 = LINE ( 'NONE', #1038, #435 ) ;
#3265 = VERTEX_POINT ( 'NONE', #2766 ) ;
#3266 = AXIS2_PLACEMENT_3D ( 'NONE', #378, #1121, #3227 ) ;
#3267 = ORIENTED_EDGE ( 'NONE', *, *, #582, .T. ) ;
#3268 = DIRECTION ( 'NONE',  ( 1.000000000000000000, 0.0000000000000000000, 0.0000000000000000000 ) ) ;
#3269 = VECTOR ( 'NONE', #1500, 39.37007874015748100 ) ;
#3270 = LINE ( 'NONE', #2364, #440 ) ;
#3271 = DIRECTION ( 'NONE',  ( 0.0000000000000000000, 0.0000000000000000000, -1.000000000000000000 ) ) ;
#3272 = ORIENTED_EDGE ( 'NONE', *, *, #3357, .T. ) ;
#3273 = VERTEX_POINT ( 'NONE', #1462 ) ;
#3274 = CARTESIAN_POINT ( 'NONE',  ( 0.04949999999999999500, 0.1430552237434503400, -0.005749999999999991200 ) ) ;
#3275 = ORIENTED_EDGE ( 'NONE', *, *, #809, .F. ) ;
#3276 = DIRECTION ( 'NONE',  ( 0.0000000000000000000, -0.8232981762978168700, 0.5676091198216327600 ) ) ;
#3277 = ORIENTED_EDGE ( 'NONE', *, *, #1581, .F. ) ;
#3278 = DIRECTION ( 'NONE',  ( 1.000000000000000000, 0.0000000000000000000, -0.0000000000000000000 ) ) ;
#3279 = DIRECTION ( 'NONE',  ( 1.000000000000000000, 0.0000000000000000000, -0.0000000000000000000 ) ) ;
#3280 = VECTOR ( 'NONE', #641, 39.37007874015748100 ) ;
#3281 = ORIENTED_EDGE ( 'NONE', *, *, #2858, .F. ) ;
#3283 = ORIENTED_EDGE ( 'NONE', *, *, #3021, .F. ) ;
#3282 = CARTESIAN_POINT ( 'NONE',  ( 0.1515000000000000000, 0.2512473236267506700, -0.02674999999999637400 ) ) ;
#3284 = EDGE_CURVE ( 'NONE', #1887, #1666, #1022, .T. ) ;
#3285 = DIRECTION ( 'NONE',  ( 0.0000000000000000000, 1.000000000000000000, 2.484761324180116700E-016 ) ) ;
#3286 = CARTESIAN_POINT ( 'NONE',  ( 0.04949999999999999500, 0.3637882817644925200, -0.06174999999999636300 ) ) ;
#3287 = LINE ( 'NONE', #1634, #709 ) ;
#3288 = EDGE_LOOP ( 'NONE', ( #2424, #348, #2489, #2374 ) ) ;
#3289 = ORIENTED_EDGE ( 'NONE', *, *, #123, .T. ) ;
#3290 = EDGE_CURVE ( 'NONE', #431, #1420, #944, .T. ) ;
#3291 = ADVANCED_FACE ( 'NONE', ( #1061 ), #3211, .T. ) ;
#3292 = CARTESIAN_POINT ( 'NONE',  ( 0.04949999999999999500, 0.3629999999999999300, -0.05424999999999637100 ) ) ;
#3293 = CARTESIAN_POINT ( 'NONE',  ( -0.1400000000000000400, 0.7011889763779527400, 0.5314012169239522600 ) ) ;
#3294 = ADVANCED_FACE ( 'NONE', ( #2686 ), #452, .F. ) ;
#3295 =( CONVERSION_BASED_UNIT ( 'INCH', #838 ) LENGTH_UNIT ( ) NAMED_UNIT ( #1454 ) );
#3296 = DIRECTION ( 'NONE',  ( -1.000000000000000000, 0.0000000000000000000, 0.0000000000000000000 ) ) ;
#3297 = ORIENTED_EDGE ( 'NONE', *, *, #987, .F. ) ;
#3298 = ORIENTED_EDGE ( 'NONE', *, *, #2483, .T. ) ;
#3299 = AXIS2_PLACEMENT_3D ( 'NONE', #2788, #334, #1105 ) ;
#3300 = VECTOR ( 'NONE', #2463, 39.37007874015748100 ) ;
#3301 = ORIENTED_EDGE ( 'NONE', *, *, #582, .F. ) ;
#3302 = DIRECTION ( 'NONE',  ( 7.168278826350445500E-017, 1.000000000000000000, 0.0000000000000000000 ) ) ;
#3303 = AXIS2_PLACEMENT_3D ( 'NONE', #1858, #1043, #588 ) ;
#3304 = PLANE ( 'NONE',  #2621 ) ;
#3305 = FACE_OUTER_BOUND ( 'NONE', #1020, .T. ) ;
#3306 = CARTESIAN_POINT ( 'NONE',  ( -0.01750000000000000200, 0.1374301007847139900, 0.1317499999999998400 ) ) ;
#3307 = ORIENTED_EDGE ( 'NONE', *, *, #1350, .T. ) ;
#3308 = EDGE_CURVE ( 'NONE', #1592, #1798, #195, .T. ) ;
#3309 = DIRECTION ( 'NONE',  ( 0.0000000000000000000, -0.9945218953682734000, -0.1045284632676528700 ) ) ;
#3310 = MANIFOLD_SOLID_BREP ( 'Pin 1 Mark', #413 ) ;
#3311 = LINE ( 'NONE', #2618, #167 ) ;
#3312 = FACE_OUTER_BOUND ( 'NONE', #1638, .T. ) ;
#3313 = CARTESIAN_POINT ( 'NONE',  ( -0.1999999999999999800, 0.7011889763779527400, -0.1667500000000347000 ) ) ;
#3314 = EDGE_CURVE ( 'NONE', #621, #527, #2503, .T. ) ;
#3315 = LINE ( 'NONE', #1804, #127 ) ;
#3316 = ADVANCED_FACE ( 'NONE', ( #544 ), #1560, .F. ) ;
#3317 = LINE ( 'NONE', #2920, #1414 ) ;
#3318 = ORIENTED_EDGE ( 'NONE', *, *, #2118, .T. ) ;
#3319 = LINE ( 'NONE', #1451, #1832 ) ;
#3320 = DIRECTION ( 'NONE',  ( 0.0000000000000000000, -1.000000000000000000, 8.696664634630411300E-016 ) ) ;
#3321 = EDGE_LOOP ( 'NONE', ( #895, #581, #475, #2786 ) ) ;
#3322 = ORIENTED_EDGE ( 'NONE', *, *, #2228, .F. ) ;
#3323 = DIRECTION ( 'NONE',  ( -0.0000000000000000000, 1.000000000000000000, 7.585704903766803000E-017 ) ) ;
#3324 = VERTEX_POINT ( 'NONE', #552 ) ;
#3325 = ORIENTED_EDGE ( 'NONE', *, *, #412, .F. ) ;
#3326 = AXIS2_PLACEMENT_3D ( 'NONE', #587, #3208, #2421 ) ;
#3327 = EDGE_LOOP ( 'NONE', ( #972, #1053, #2622, #1754 ) ) ;
#3328 = SURFACE_STYLE_FILL_AREA ( #615 ) ;
#3329 = CARTESIAN_POINT ( 'NONE',  ( -0.1993555637139228000, 0.7143747917646129400, -0.1298302698971952100 ) ) ;
#3330 = CIRCLE ( 'NONE', #2441, 0.02000000000000000700 ) ;
#3331 = ADVANCED_FACE ( 'NONE', ( #584 ), #1077, .T. ) ;
#3332 = ORIENTED_EDGE ( 'NONE', *, *, #123, .F. ) ;
#3333 = CARTESIAN_POINT ( 'NONE',  ( -0.1418580883129208500, 0.4274865063424114800, 0.003249999999999999000 ) ) ;
#3334 = EDGE_CURVE ( 'NONE', #2597, #1056, #2310, .T. ) ;
#3335 = CARTESIAN_POINT ( 'NONE',  ( 0.01750000000000000200, 0.2512473236267506700, -0.02674999999999637400 ) ) ;
#3336 = CARTESIAN_POINT ( 'NONE',  ( 0.01750000000000000200, 0.3640540562602678800, -0.04674999999999636400 ) ) ;
#3337 = LINE ( 'NONE', #720, #2109 ) ;
#3338 = EDGE_LOOP ( 'NONE', ( #891, #337, #384, #1745 ) ) ;
#3339 = CARTESIAN_POINT ( 'NONE',  ( -0.1164999999999999900, 0.01749999999999999500, 0.1317500000000000100 ) ) ;
#3340 = PLANE ( 'NONE',  #236 ) ;
#3341 = AXIS2_PLACEMENT_3D ( 'NONE', #1042, #3164, #2232 ) ;
#3342 = DIRECTION ( 'NONE',  ( -1.000000000000000000, -0.0000000000000000000, -0.0000000000000000000 ) ) ;
#3343 = FACE_OUTER_BOUND ( 'NONE', #224, .T. ) ;
#3344 = ORIENTED_EDGE ( 'NONE', *, *, #2938, .T. ) ;
#3345 = CARTESIAN_POINT ( 'NONE',  ( -0.08450000000000002000, 0.3637882817644925200, -0.06174999999999636300 ) ) ;
#3346 = ADVANCED_FACE ( 'NONE', ( #112 ), #1677, .T. ) ;
#3347 = VECTOR ( 'NONE', #953, 39.37007874015748100 ) ;
#3348 = CARTESIAN_POINT ( 'NONE',  ( -0.1400000000000000700, 0.4630000000000000200, -0.1667500000000000100 ) ) ;
#3349 = FACE_OUTER_BOUND ( 'NONE', #2482, .T. ) ;
#3350 = CARTESIAN_POINT ( 'NONE',  ( -0.04950000000000000900, 0.3637882817644925200, -0.06174999999999636300 ) ) ;
#3351 = EDGE_CURVE ( 'NONE', #831, #728, #155, .T. ) ;
#3352 = DIRECTION ( 'NONE',  ( -0.0000000000000000000, -0.0000000000000000000, 1.000000000000000000 ) ) ;
#3353 = LINE ( 'NONE', #2687, #1902 ) ;
#3354 = DIRECTION ( 'NONE',  ( -7.168278826350445500E-017, -1.000000000000000000, 0.0000000000000000000 ) ) ;
#3355 = CARTESIAN_POINT ( 'NONE',  ( 0.01750000000000000200, 0.2512473236267506700, -0.02674999999999637400 ) ) ;
#3356 = EDGE_LOOP ( 'NONE', ( #3072, #1700 ) ) ;
#3357 = EDGE_CURVE ( 'NONE', #2272, #1886, #1601, .T. ) ;
#3358 = ORIENTED_EDGE ( 'NONE', *, *, #2657, .F. ) ;
#3359 = CARTESIAN_POINT ( 'NONE',  ( 0.1165000000000000100, 0.1374301007847139600, 0.1667500000000000400 ) ) ;
#3360 = ORIENTED_EDGE ( 'NONE', *, *, #1855, .F. ) ;
#3361 = ORIENTED_EDGE ( 'NONE', *, *, #1953, .F. ) ;
#3362 = DIRECTION ( 'NONE',  ( -1.000000000000000000, -0.0000000000000000000, -0.0000000000000000000 ) ) ;
#3363 = DIRECTION ( 'NONE',  ( -1.000000000000000000, -0.0000000000000000000, -0.0000000000000000000 ) ) ;
#3364 = ORIENTED_EDGE ( 'NONE', *, *, #2293, .T. ) ;
#3365 = VERTEX_POINT ( 'NONE', #1627 ) ;
#3366 = PLANE ( 'NONE',  #1357 ) ;
#3367 = LINE ( 'NONE', #2481, #3280 ) ;
#3368 = LINE ( 'NONE', #1149, #2626 ) ;
#3369 = EDGE_LOOP ( 'NONE', ( #3283, #1168, #397, #1262 ) ) ;
#3370 = ORIENTED_EDGE ( 'NONE', *, *, #965, .T. ) ;
#3371 = EDGE_LOOP ( 'NONE', ( #3358, #105, #3272, #2495 ) ) ;
#3372 = AXIS2_PLACEMENT_3D ( 'NONE', #3375, #1810, #2898 ) ;
#3373 = ORIENTED_EDGE ( 'NONE', *, *, #1476, .T. ) ;
#3374 = EDGE_CURVE ( 'NONE', #1213, #783, #1181, .T. ) ;
#3375 = CARTESIAN_POINT ( 'NONE',  ( 0.0000000000000000000, 0.0000000000000000000, 0.01325000000000000000 ) ) ;
#3376 = DIRECTION ( 'NONE',  ( 1.000000000000000000, 0.0000000000000000000, -0.0000000000000000000 ) ) ;
#3377 = EDGE_CURVE ( 'NONE', #2796, #449, #304, .T. ) ;
ENDSEC;
END-ISO-10303-21;
