ISO-10303-21;
HEADER;
/* Generated by software containing ST-Developer
 * from STEP Tools, Inc. (www.steptools.com) 
 */
/* OPTION: using custom renumber hook */

FILE_DESCRIPTION(
/* description */ ('STEP AP214'),
/* implementation_level */ '2;1');

FILE_NAME(
/* name */ 'TSW-101-23-S-D-LL',
/* time_stamp */ '2025-02-11T11:35:41+01:00',
/* author */ ('License CC BY-ND 4.0'),
/* organization */ ('CADENAS'),
/* preprocessor_version */ 'ST-DEVELOPER v19.3',
/* originating_system */ 'PARTsolutions',
/* authorisation */ '  ');

FILE_SCHEMA (('AUTOMOTIVE_DESIGN {1 0 10303 214 3 1 1}'));
ENDSEC;

DATA;
#10=PROPERTY_DEFINITION_REPRESENTATION(#14,#12);
#11=PROPERTY_DEFINITION_REPRESENTATION(#15,#13);
#12=REPRESENTATION('',(#16),#2579);
#13=REPRESENTATION('',(#17),#2579);
#14=PROPERTY_DEFINITION('pmi validation property','',#2591);
#15=PROPERTY_DEFINITION('pmi validation property','',#2591);
#16=VALUE_REPRESENTATION_ITEM('number of annotations',COUNT_MEASURE(0.));
#17=VALUE_REPRESENTATION_ITEM('number of views',COUNT_MEASURE(0.));
#18=DRAUGHTING_PRE_DEFINED_COLOUR('yellow');
#19=CONTEXT_DEPENDENT_SHAPE_REPRESENTATION(#23,#2593);
#20=CONTEXT_DEPENDENT_SHAPE_REPRESENTATION(#24,#2595);
#21=NEXT_ASSEMBLY_USAGE_OCCURRENCE('NAUO1','TSW-101-23-S-D-LL_body',
'TSW-101-23-S-D-LL_body',#2596,#2597,'');
#22=NEXT_ASSEMBLY_USAGE_OCCURRENCE('NAUO2','T-1S6-16-TSW-1-23-1-D-LL',
'T-1S6-16-TSW-1-23-1-D-LL',#2596,#2598,'');
#23=(
REPRESENTATION_RELATIONSHIP(' ',' ',#1644,#1643)
REPRESENTATION_RELATIONSHIP_WITH_TRANSFORMATION(#25)
SHAPE_REPRESENTATION_RELATIONSHIP()
);
#24=(
REPRESENTATION_RELATIONSHIP(' ',' ',#1645,#1643)
REPRESENTATION_RELATIONSHIP_WITH_TRANSFORMATION(#26)
SHAPE_REPRESENTATION_RELATIONSHIP()
);
#25=ITEM_DEFINED_TRANSFORMATION(' ',' ',#1646,#1677);
#26=ITEM_DEFINED_TRANSFORMATION(' ',' ',#1646,#1734);
#27=SHAPE_REPRESENTATION_RELATIONSHIP('','',#1644,#29);
#28=SHAPE_REPRESENTATION_RELATIONSHIP('','',#1645,#30);
#29=ADVANCED_BREP_SHAPE_REPRESENTATION('',(#1638),#2580);
#30=ADVANCED_BREP_SHAPE_REPRESENTATION('',(#1639),#2581);
#31=ORIENTED_EDGE('',*,*,#467,.F.);
#32=ORIENTED_EDGE('',*,*,#468,.F.);
#33=ORIENTED_EDGE('',*,*,#469,.F.);
#34=ORIENTED_EDGE('',*,*,#470,.F.);
#35=ORIENTED_EDGE('',*,*,#471,.F.);
#36=ORIENTED_EDGE('',*,*,#472,.F.);
#37=ORIENTED_EDGE('',*,*,#473,.F.);
#38=ORIENTED_EDGE('',*,*,#474,.F.);
#39=ORIENTED_EDGE('',*,*,#475,.F.);
#40=ORIENTED_EDGE('',*,*,#476,.F.);
#41=ORIENTED_EDGE('',*,*,#477,.F.);
#42=ORIENTED_EDGE('',*,*,#478,.F.);
#43=ORIENTED_EDGE('',*,*,#479,.F.);
#44=ORIENTED_EDGE('',*,*,#480,.F.);
#45=ORIENTED_EDGE('',*,*,#481,.F.);
#46=ORIENTED_EDGE('',*,*,#482,.F.);
#47=ORIENTED_EDGE('',*,*,#483,.T.);
#48=ORIENTED_EDGE('',*,*,#484,.T.);
#49=ORIENTED_EDGE('',*,*,#470,.T.);
#50=ORIENTED_EDGE('',*,*,#485,.T.);
#51=ORIENTED_EDGE('',*,*,#472,.T.);
#52=ORIENTED_EDGE('',*,*,#486,.T.);
#53=ORIENTED_EDGE('',*,*,#487,.T.);
#54=ORIENTED_EDGE('',*,*,#488,.T.);
#55=ORIENTED_EDGE('',*,*,#476,.T.);
#56=ORIENTED_EDGE('',*,*,#489,.T.);
#57=ORIENTED_EDGE('',*,*,#490,.F.);
#58=ORIENTED_EDGE('',*,*,#491,.T.);
#59=ORIENTED_EDGE('',*,*,#492,.F.);
#60=ORIENTED_EDGE('',*,*,#493,.T.);
#61=ORIENTED_EDGE('',*,*,#482,.T.);
#62=ORIENTED_EDGE('',*,*,#494,.T.);
#63=ORIENTED_EDGE('',*,*,#468,.T.);
#64=ORIENTED_EDGE('',*,*,#495,.T.);
#65=ORIENTED_EDGE('',*,*,#496,.F.);
#66=ORIENTED_EDGE('',*,*,#497,.T.);
#67=ORIENTED_EDGE('',*,*,#498,.F.);
#68=ORIENTED_EDGE('',*,*,#499,.T.);
#69=ORIENTED_EDGE('',*,*,#474,.T.);
#70=ORIENTED_EDGE('',*,*,#500,.T.);
#71=ORIENTED_EDGE('',*,*,#501,.T.);
#72=ORIENTED_EDGE('',*,*,#502,.T.);
#73=ORIENTED_EDGE('',*,*,#478,.T.);
#74=ORIENTED_EDGE('',*,*,#503,.T.);
#75=ORIENTED_EDGE('',*,*,#480,.T.);
#76=ORIENTED_EDGE('',*,*,#504,.T.);
#77=ORIENTED_EDGE('',*,*,#505,.T.);
#78=ORIENTED_EDGE('',*,*,#506,.T.);
#79=ORIENTED_EDGE('',*,*,#500,.F.);
#80=ORIENTED_EDGE('',*,*,#473,.T.);
#81=ORIENTED_EDGE('',*,*,#488,.F.);
#82=ORIENTED_EDGE('',*,*,#507,.F.);
#83=ORIENTED_EDGE('',*,*,#508,.F.);
#84=ORIENTED_EDGE('',*,*,#509,.F.);
#85=ORIENTED_EDGE('',*,*,#510,.T.);
#86=ORIENTED_EDGE('',*,*,#511,.F.);
#87=ORIENTED_EDGE('',*,*,#494,.F.);
#88=ORIENTED_EDGE('',*,*,#481,.T.);
#89=ORIENTED_EDGE('',*,*,#506,.F.);
#90=ORIENTED_EDGE('',*,*,#512,.F.);
#91=ORIENTED_EDGE('',*,*,#497,.F.);
#92=ORIENTED_EDGE('',*,*,#513,.F.);
#93=ORIENTED_EDGE('',*,*,#503,.F.);
#94=ORIENTED_EDGE('',*,*,#477,.T.);
#95=ORIENTED_EDGE('',*,*,#491,.F.);
#96=ORIENTED_EDGE('',*,*,#514,.F.);
#97=ORIENTED_EDGE('',*,*,#515,.F.);
#98=ORIENTED_EDGE('',*,*,#516,.F.);
#99=ORIENTED_EDGE('',*,*,#517,.T.);
#100=ORIENTED_EDGE('',*,*,#518,.F.);
#101=ORIENTED_EDGE('',*,*,#485,.F.);
#102=ORIENTED_EDGE('',*,*,#469,.T.);
#103=ORIENTED_EDGE('',*,*,#519,.T.);
#104=ORIENTED_EDGE('',*,*,#520,.T.);
#105=ORIENTED_EDGE('',*,*,#521,.F.);
#106=ORIENTED_EDGE('',*,*,#522,.T.);
#107=ORIENTED_EDGE('',*,*,#521,.T.);
#108=ORIENTED_EDGE('',*,*,#523,.T.);
#109=ORIENTED_EDGE('',*,*,#524,.F.);
#110=ORIENTED_EDGE('',*,*,#525,.T.);
#111=ORIENTED_EDGE('',*,*,#524,.T.);
#112=ORIENTED_EDGE('',*,*,#526,.T.);
#113=ORIENTED_EDGE('',*,*,#527,.F.);
#114=ORIENTED_EDGE('',*,*,#528,.T.);
#115=ORIENTED_EDGE('',*,*,#529,.T.);
#116=ORIENTED_EDGE('',*,*,#530,.T.);
#117=ORIENTED_EDGE('',*,*,#531,.F.);
#118=ORIENTED_EDGE('',*,*,#532,.T.);
#119=ORIENTED_EDGE('',*,*,#531,.T.);
#120=ORIENTED_EDGE('',*,*,#533,.T.);
#121=ORIENTED_EDGE('',*,*,#534,.F.);
#122=ORIENTED_EDGE('',*,*,#535,.T.);
#123=ORIENTED_EDGE('',*,*,#534,.T.);
#124=ORIENTED_EDGE('',*,*,#536,.T.);
#125=ORIENTED_EDGE('',*,*,#537,.F.);
#126=ORIENTED_EDGE('',*,*,#538,.T.);
#127=ORIENTED_EDGE('',*,*,#527,.T.);
#128=ORIENTED_EDGE('',*,*,#539,.T.);
#129=ORIENTED_EDGE('',*,*,#519,.F.);
#130=ORIENTED_EDGE('',*,*,#540,.T.);
#131=ORIENTED_EDGE('',*,*,#537,.T.);
#132=ORIENTED_EDGE('',*,*,#541,.T.);
#133=ORIENTED_EDGE('',*,*,#529,.F.);
#134=ORIENTED_EDGE('',*,*,#542,.T.);
#135=ORIENTED_EDGE('',*,*,#543,.F.);
#136=ORIENTED_EDGE('',*,*,#517,.F.);
#137=ORIENTED_EDGE('',*,*,#544,.F.);
#138=ORIENTED_EDGE('',*,*,#508,.T.);
#139=ORIENTED_EDGE('',*,*,#545,.F.);
#140=ORIENTED_EDGE('',*,*,#510,.F.);
#141=ORIENTED_EDGE('',*,*,#546,.F.);
#142=ORIENTED_EDGE('',*,*,#515,.T.);
#143=ORIENTED_EDGE('',*,*,#532,.F.);
#144=ORIENTED_EDGE('',*,*,#535,.F.);
#145=ORIENTED_EDGE('',*,*,#538,.F.);
#146=ORIENTED_EDGE('',*,*,#542,.F.);
#147=ORIENTED_EDGE('',*,*,#522,.F.);
#148=ORIENTED_EDGE('',*,*,#525,.F.);
#149=ORIENTED_EDGE('',*,*,#528,.F.);
#150=ORIENTED_EDGE('',*,*,#540,.F.);
#151=ORIENTED_EDGE('',*,*,#509,.T.);
#152=ORIENTED_EDGE('',*,*,#544,.T.);
#153=ORIENTED_EDGE('',*,*,#516,.T.);
#154=ORIENTED_EDGE('',*,*,#546,.T.);
#155=ORIENTED_EDGE('',*,*,#487,.F.);
#156=ORIENTED_EDGE('',*,*,#547,.F.);
#157=ORIENTED_EDGE('',*,*,#498,.T.);
#158=ORIENTED_EDGE('',*,*,#512,.T.);
#159=ORIENTED_EDGE('',*,*,#505,.F.);
#160=ORIENTED_EDGE('',*,*,#548,.F.);
#161=ORIENTED_EDGE('',*,*,#492,.T.);
#162=ORIENTED_EDGE('',*,*,#511,.T.);
#163=ORIENTED_EDGE('',*,*,#545,.T.);
#164=ORIENTED_EDGE('',*,*,#514,.T.);
#165=ORIENTED_EDGE('',*,*,#490,.T.);
#166=ORIENTED_EDGE('',*,*,#549,.T.);
#167=ORIENTED_EDGE('',*,*,#501,.F.);
#168=ORIENTED_EDGE('',*,*,#513,.T.);
#169=ORIENTED_EDGE('',*,*,#496,.T.);
#170=ORIENTED_EDGE('',*,*,#550,.T.);
#171=ORIENTED_EDGE('',*,*,#483,.F.);
#172=ORIENTED_EDGE('',*,*,#518,.T.);
#173=ORIENTED_EDGE('',*,*,#543,.T.);
#174=ORIENTED_EDGE('',*,*,#507,.T.);
#175=ORIENTED_EDGE('',*,*,#539,.F.);
#176=ORIENTED_EDGE('',*,*,#526,.F.);
#177=ORIENTED_EDGE('',*,*,#523,.F.);
#178=ORIENTED_EDGE('',*,*,#520,.F.);
#179=ORIENTED_EDGE('',*,*,#541,.F.);
#180=ORIENTED_EDGE('',*,*,#536,.F.);
#181=ORIENTED_EDGE('',*,*,#533,.F.);
#182=ORIENTED_EDGE('',*,*,#530,.F.);
#183=ORIENTED_EDGE('',*,*,#548,.T.);
#184=ORIENTED_EDGE('',*,*,#504,.F.);
#185=ORIENTED_EDGE('',*,*,#479,.T.);
#186=ORIENTED_EDGE('',*,*,#493,.F.);
#187=ORIENTED_EDGE('',*,*,#475,.T.);
#188=ORIENTED_EDGE('',*,*,#502,.F.);
#189=ORIENTED_EDGE('',*,*,#549,.F.);
#190=ORIENTED_EDGE('',*,*,#489,.F.);
#191=ORIENTED_EDGE('',*,*,#550,.F.);
#192=ORIENTED_EDGE('',*,*,#495,.F.);
#193=ORIENTED_EDGE('',*,*,#467,.T.);
#194=ORIENTED_EDGE('',*,*,#484,.F.);
#195=ORIENTED_EDGE('',*,*,#471,.T.);
#196=ORIENTED_EDGE('',*,*,#499,.F.);
#197=ORIENTED_EDGE('',*,*,#547,.T.);
#198=ORIENTED_EDGE('',*,*,#486,.F.);
#199=ORIENTED_EDGE('',*,*,#551,.T.);
#200=ORIENTED_EDGE('',*,*,#552,.F.);
#201=ORIENTED_EDGE('',*,*,#553,.F.);
#202=ORIENTED_EDGE('',*,*,#554,.F.);
#203=ORIENTED_EDGE('',*,*,#555,.T.);
#204=ORIENTED_EDGE('',*,*,#556,.F.);
#205=ORIENTED_EDGE('',*,*,#557,.T.);
#206=ORIENTED_EDGE('',*,*,#558,.T.);
#207=ORIENTED_EDGE('',*,*,#559,.T.);
#208=ORIENTED_EDGE('',*,*,#560,.F.);
#209=ORIENTED_EDGE('',*,*,#561,.T.);
#210=ORIENTED_EDGE('',*,*,#562,.T.);
#211=ORIENTED_EDGE('',*,*,#563,.T.);
#212=ORIENTED_EDGE('',*,*,#564,.T.);
#213=ORIENTED_EDGE('',*,*,#565,.T.);
#214=ORIENTED_EDGE('',*,*,#566,.F.);
#215=ORIENTED_EDGE('',*,*,#567,.T.);
#216=ORIENTED_EDGE('',*,*,#568,.T.);
#217=ORIENTED_EDGE('',*,*,#569,.F.);
#218=ORIENTED_EDGE('',*,*,#570,.F.);
#219=ORIENTED_EDGE('',*,*,#571,.F.);
#220=ORIENTED_EDGE('',*,*,#572,.F.);
#221=ORIENTED_EDGE('',*,*,#573,.T.);
#222=ORIENTED_EDGE('',*,*,#574,.F.);
#223=ORIENTED_EDGE('',*,*,#572,.T.);
#224=ORIENTED_EDGE('',*,*,#575,.T.);
#225=ORIENTED_EDGE('',*,*,#576,.F.);
#226=ORIENTED_EDGE('',*,*,#577,.T.);
#227=ORIENTED_EDGE('',*,*,#578,.T.);
#228=ORIENTED_EDGE('',*,*,#579,.T.);
#229=ORIENTED_EDGE('',*,*,#574,.T.);
#230=ORIENTED_EDGE('',*,*,#580,.T.);
#231=ORIENTED_EDGE('',*,*,#581,.F.);
#232=ORIENTED_EDGE('',*,*,#582,.T.);
#233=ORIENTED_EDGE('',*,*,#570,.T.);
#234=ORIENTED_EDGE('',*,*,#583,.T.);
#235=ORIENTED_EDGE('',*,*,#568,.F.);
#236=ORIENTED_EDGE('',*,*,#584,.T.);
#237=ORIENTED_EDGE('',*,*,#585,.T.);
#238=ORIENTED_EDGE('',*,*,#586,.T.);
#239=ORIENTED_EDGE('',*,*,#576,.T.);
#240=ORIENTED_EDGE('',*,*,#554,.T.);
#241=ORIENTED_EDGE('',*,*,#587,.F.);
#242=ORIENTED_EDGE('',*,*,#588,.F.);
#243=ORIENTED_EDGE('',*,*,#589,.T.);
#244=ORIENTED_EDGE('',*,*,#590,.F.);
#245=ORIENTED_EDGE('',*,*,#591,.F.);
#246=ORIENTED_EDGE('',*,*,#592,.T.);
#247=ORIENTED_EDGE('',*,*,#593,.T.);
#248=ORIENTED_EDGE('',*,*,#594,.T.);
#249=ORIENTED_EDGE('',*,*,#557,.F.);
#250=ORIENTED_EDGE('',*,*,#578,.F.);
#251=ORIENTED_EDGE('',*,*,#555,.F.);
#252=ORIENTED_EDGE('',*,*,#595,.F.);
#253=ORIENTED_EDGE('',*,*,#596,.F.);
#254=ORIENTED_EDGE('',*,*,#597,.F.);
#255=ORIENTED_EDGE('',*,*,#598,.F.);
#256=ORIENTED_EDGE('',*,*,#599,.F.);
#257=ORIENTED_EDGE('',*,*,#600,.T.);
#258=ORIENTED_EDGE('',*,*,#601,.T.);
#259=ORIENTED_EDGE('',*,*,#602,.T.);
#260=ORIENTED_EDGE('',*,*,#552,.T.);
#261=ORIENTED_EDGE('',*,*,#581,.T.);
#262=ORIENTED_EDGE('',*,*,#563,.F.);
#263=ORIENTED_EDGE('',*,*,#603,.T.);
#264=ORIENTED_EDGE('',*,*,#604,.T.);
#265=ORIENTED_EDGE('',*,*,#605,.T.);
#266=ORIENTED_EDGE('',*,*,#606,.F.);
#267=ORIENTED_EDGE('',*,*,#607,.F.);
#268=ORIENTED_EDGE('',*,*,#608,.F.);
#269=ORIENTED_EDGE('',*,*,#609,.F.);
#270=ORIENTED_EDGE('',*,*,#610,.F.);
#271=ORIENTED_EDGE('',*,*,#561,.F.);
#272=ORIENTED_EDGE('',*,*,#585,.F.);
#273=ORIENTED_EDGE('',*,*,#559,.F.);
#274=ORIENTED_EDGE('',*,*,#611,.T.);
#275=ORIENTED_EDGE('',*,*,#612,.T.);
#276=ORIENTED_EDGE('',*,*,#613,.F.);
#277=ORIENTED_EDGE('',*,*,#614,.F.);
#278=ORIENTED_EDGE('',*,*,#615,.F.);
#279=ORIENTED_EDGE('',*,*,#616,.F.);
#280=ORIENTED_EDGE('',*,*,#617,.F.);
#281=ORIENTED_EDGE('',*,*,#618,.F.);
#282=ORIENTED_EDGE('',*,*,#565,.F.);
#283=ORIENTED_EDGE('',*,*,#619,.F.);
#284=ORIENTED_EDGE('',*,*,#620,.T.);
#285=ORIENTED_EDGE('',*,*,#621,.T.);
#286=ORIENTED_EDGE('',*,*,#622,.F.);
#287=ORIENTED_EDGE('',*,*,#623,.F.);
#288=ORIENTED_EDGE('',*,*,#624,.T.);
#289=ORIENTED_EDGE('',*,*,#625,.T.);
#290=ORIENTED_EDGE('',*,*,#626,.F.);
#291=ORIENTED_EDGE('',*,*,#627,.T.);
#292=ORIENTED_EDGE('',*,*,#628,.T.);
#293=ORIENTED_EDGE('',*,*,#629,.T.);
#294=ORIENTED_EDGE('',*,*,#630,.T.);
#295=ORIENTED_EDGE('',*,*,#631,.F.);
#296=ORIENTED_EDGE('',*,*,#632,.F.);
#297=ORIENTED_EDGE('',*,*,#633,.F.);
#298=ORIENTED_EDGE('',*,*,#634,.F.);
#299=ORIENTED_EDGE('',*,*,#635,.T.);
#300=ORIENTED_EDGE('',*,*,#636,.F.);
#301=ORIENTED_EDGE('',*,*,#637,.T.);
#302=ORIENTED_EDGE('',*,*,#638,.T.);
#303=ORIENTED_EDGE('',*,*,#639,.T.);
#304=ORIENTED_EDGE('',*,*,#640,.T.);
#305=ORIENTED_EDGE('',*,*,#641,.T.);
#306=ORIENTED_EDGE('',*,*,#642,.F.);
#307=ORIENTED_EDGE('',*,*,#624,.F.);
#308=ORIENTED_EDGE('',*,*,#643,.T.);
#309=ORIENTED_EDGE('',*,*,#644,.T.);
#310=ORIENTED_EDGE('',*,*,#645,.T.);
#311=ORIENTED_EDGE('',*,*,#646,.F.);
#312=ORIENTED_EDGE('',*,*,#647,.T.);
#313=ORIENTED_EDGE('',*,*,#626,.T.);
#314=ORIENTED_EDGE('',*,*,#648,.T.);
#315=ORIENTED_EDGE('',*,*,#620,.F.);
#316=ORIENTED_EDGE('',*,*,#649,.T.);
#317=ORIENTED_EDGE('',*,*,#650,.T.);
#318=ORIENTED_EDGE('',*,*,#651,.T.);
#319=ORIENTED_EDGE('',*,*,#652,.F.);
#320=ORIENTED_EDGE('',*,*,#653,.T.);
#321=ORIENTED_EDGE('',*,*,#622,.T.);
#322=ORIENTED_EDGE('',*,*,#654,.T.);
#323=ORIENTED_EDGE('',*,*,#652,.T.);
#324=ORIENTED_EDGE('',*,*,#635,.F.);
#325=ORIENTED_EDGE('',*,*,#655,.F.);
#326=ORIENTED_EDGE('',*,*,#629,.F.);
#327=ORIENTED_EDGE('',*,*,#646,.T.);
#328=ORIENTED_EDGE('',*,*,#634,.T.);
#329=ORIENTED_EDGE('',*,*,#656,.F.);
#330=ORIENTED_EDGE('',*,*,#641,.F.);
#331=ORIENTED_EDGE('',*,*,#650,.F.);
#332=ORIENTED_EDGE('',*,*,#627,.F.);
#333=ORIENTED_EDGE('',*,*,#657,.F.);
#334=ORIENTED_EDGE('',*,*,#637,.F.);
#335=ORIENTED_EDGE('',*,*,#644,.F.);
#336=ORIENTED_EDGE('',*,*,#639,.F.);
#337=ORIENTED_EDGE('',*,*,#658,.F.);
#338=ORIENTED_EDGE('',*,*,#632,.T.);
#339=ORIENTED_EDGE('',*,*,#659,.T.);
#340=ORIENTED_EDGE('',*,*,#600,.F.);
#341=ORIENTED_EDGE('',*,*,#660,.F.);
#342=ORIENTED_EDGE('',*,*,#589,.F.);
#343=ORIENTED_EDGE('',*,*,#598,.T.);
#344=ORIENTED_EDGE('',*,*,#661,.F.);
#345=ORIENTED_EDGE('',*,*,#591,.T.);
#346=ORIENTED_EDGE('',*,*,#662,.T.);
#347=ORIENTED_EDGE('',*,*,#613,.T.);
#348=ORIENTED_EDGE('',*,*,#663,.F.);
#349=ORIENTED_EDGE('',*,*,#608,.T.);
#350=ORIENTED_EDGE('',*,*,#664,.T.);
#351=ORIENTED_EDGE('',*,*,#606,.T.);
#352=ORIENTED_EDGE('',*,*,#665,.T.);
#353=ORIENTED_EDGE('',*,*,#615,.T.);
#354=ORIENTED_EDGE('',*,*,#666,.F.);
#355=ORIENTED_EDGE('',*,*,#655,.T.);
#356=ORIENTED_EDGE('',*,*,#638,.F.);
#357=ORIENTED_EDGE('',*,*,#657,.T.);
#358=ORIENTED_EDGE('',*,*,#630,.F.);
#359=ORIENTED_EDGE('',*,*,#642,.T.);
#360=ORIENTED_EDGE('',*,*,#656,.T.);
#361=ORIENTED_EDGE('',*,*,#633,.T.);
#362=ORIENTED_EDGE('',*,*,#658,.T.);
#363=ORIENTED_EDGE('',*,*,#667,.T.);
#364=ORIENTED_EDGE('',*,*,#668,.F.);
#365=ORIENTED_EDGE('',*,*,#669,.F.);
#366=ORIENTED_EDGE('',*,*,#670,.T.);
#367=ORIENTED_EDGE('',*,*,#671,.T.);
#368=ORIENTED_EDGE('',*,*,#672,.F.);
#369=ORIENTED_EDGE('',*,*,#673,.F.);
#370=ORIENTED_EDGE('',*,*,#668,.T.);
#371=ORIENTED_EDGE('',*,*,#607,.T.);
#372=ORIENTED_EDGE('',*,*,#666,.T.);
#373=ORIENTED_EDGE('',*,*,#614,.T.);
#374=ORIENTED_EDGE('',*,*,#664,.F.);
#375=ORIENTED_EDGE('',*,*,#599,.T.);
#376=ORIENTED_EDGE('',*,*,#662,.F.);
#377=ORIENTED_EDGE('',*,*,#590,.T.);
#378=ORIENTED_EDGE('',*,*,#660,.T.);
#379=ORIENTED_EDGE('',*,*,#674,.T.);
#380=ORIENTED_EDGE('',*,*,#675,.F.);
#381=ORIENTED_EDGE('',*,*,#676,.F.);
#382=ORIENTED_EDGE('',*,*,#672,.T.);
#383=ORIENTED_EDGE('',*,*,#677,.T.);
#384=ORIENTED_EDGE('',*,*,#670,.F.);
#385=ORIENTED_EDGE('',*,*,#678,.F.);
#386=ORIENTED_EDGE('',*,*,#675,.T.);
#387=ORIENTED_EDGE('',*,*,#669,.T.);
#388=ORIENTED_EDGE('',*,*,#673,.T.);
#389=ORIENTED_EDGE('',*,*,#676,.T.);
#390=ORIENTED_EDGE('',*,*,#678,.T.);
#391=ORIENTED_EDGE('',*,*,#667,.F.);
#392=ORIENTED_EDGE('',*,*,#677,.F.);
#393=ORIENTED_EDGE('',*,*,#674,.F.);
#394=ORIENTED_EDGE('',*,*,#671,.F.);
#395=ORIENTED_EDGE('',*,*,#618,.T.);
#396=ORIENTED_EDGE('',*,*,#679,.F.);
#397=ORIENTED_EDGE('',*,*,#603,.F.);
#398=ORIENTED_EDGE('',*,*,#566,.T.);
#399=ORIENTED_EDGE('',*,*,#617,.T.);
#400=ORIENTED_EDGE('',*,*,#680,.F.);
#401=ORIENTED_EDGE('',*,*,#604,.F.);
#402=ORIENTED_EDGE('',*,*,#679,.T.);
#403=ORIENTED_EDGE('',*,*,#616,.T.);
#404=ORIENTED_EDGE('',*,*,#665,.F.);
#405=ORIENTED_EDGE('',*,*,#605,.F.);
#406=ORIENTED_EDGE('',*,*,#680,.T.);
#407=ORIENTED_EDGE('',*,*,#612,.F.);
#408=ORIENTED_EDGE('',*,*,#681,.F.);
#409=ORIENTED_EDGE('',*,*,#609,.T.);
#410=ORIENTED_EDGE('',*,*,#663,.T.);
#411=ORIENTED_EDGE('',*,*,#611,.F.);
#412=ORIENTED_EDGE('',*,*,#562,.F.);
#413=ORIENTED_EDGE('',*,*,#610,.T.);
#414=ORIENTED_EDGE('',*,*,#681,.T.);
#415=ORIENTED_EDGE('',*,*,#597,.T.);
#416=ORIENTED_EDGE('',*,*,#682,.F.);
#417=ORIENTED_EDGE('',*,*,#592,.F.);
#418=ORIENTED_EDGE('',*,*,#661,.T.);
#419=ORIENTED_EDGE('',*,*,#596,.T.);
#420=ORIENTED_EDGE('',*,*,#683,.F.);
#421=ORIENTED_EDGE('',*,*,#593,.F.);
#422=ORIENTED_EDGE('',*,*,#682,.T.);
#423=ORIENTED_EDGE('',*,*,#595,.T.);
#424=ORIENTED_EDGE('',*,*,#558,.F.);
#425=ORIENTED_EDGE('',*,*,#594,.F.);
#426=ORIENTED_EDGE('',*,*,#683,.T.);
#427=ORIENTED_EDGE('',*,*,#601,.F.);
#428=ORIENTED_EDGE('',*,*,#659,.F.);
#429=ORIENTED_EDGE('',*,*,#588,.T.);
#430=ORIENTED_EDGE('',*,*,#684,.T.);
#431=ORIENTED_EDGE('',*,*,#602,.F.);
#432=ORIENTED_EDGE('',*,*,#684,.F.);
#433=ORIENTED_EDGE('',*,*,#587,.T.);
#434=ORIENTED_EDGE('',*,*,#553,.T.);
#435=ORIENTED_EDGE('',*,*,#636,.T.);
#436=ORIENTED_EDGE('',*,*,#654,.F.);
#437=ORIENTED_EDGE('',*,*,#621,.F.);
#438=ORIENTED_EDGE('',*,*,#651,.F.);
#439=ORIENTED_EDGE('',*,*,#619,.T.);
#440=ORIENTED_EDGE('',*,*,#653,.F.);
#441=ORIENTED_EDGE('',*,*,#628,.F.);
#442=ORIENTED_EDGE('',*,*,#649,.F.);
#443=ORIENTED_EDGE('',*,*,#631,.T.);
#444=ORIENTED_EDGE('',*,*,#648,.F.);
#445=ORIENTED_EDGE('',*,*,#625,.F.);
#446=ORIENTED_EDGE('',*,*,#645,.F.);
#447=ORIENTED_EDGE('',*,*,#623,.T.);
#448=ORIENTED_EDGE('',*,*,#647,.F.);
#449=ORIENTED_EDGE('',*,*,#640,.F.);
#450=ORIENTED_EDGE('',*,*,#643,.F.);
#451=ORIENTED_EDGE('',*,*,#569,.T.);
#452=ORIENTED_EDGE('',*,*,#586,.F.);
#453=ORIENTED_EDGE('',*,*,#564,.F.);
#454=ORIENTED_EDGE('',*,*,#583,.F.);
#455=ORIENTED_EDGE('',*,*,#560,.T.);
#456=ORIENTED_EDGE('',*,*,#584,.F.);
#457=ORIENTED_EDGE('',*,*,#567,.F.);
#458=ORIENTED_EDGE('',*,*,#582,.F.);
#459=ORIENTED_EDGE('',*,*,#556,.T.);
#460=ORIENTED_EDGE('',*,*,#580,.F.);
#461=ORIENTED_EDGE('',*,*,#573,.F.);
#462=ORIENTED_EDGE('',*,*,#577,.F.);
#463=ORIENTED_EDGE('',*,*,#571,.T.);
#464=ORIENTED_EDGE('',*,*,#579,.F.);
#465=ORIENTED_EDGE('',*,*,#551,.F.);
#466=ORIENTED_EDGE('',*,*,#575,.F.);
#467=EDGE_CURVE('',#685,#686,#825,.T.);
#468=EDGE_CURVE('',#687,#685,#826,.T.);
#469=EDGE_CURVE('',#688,#687,#827,.T.);
#470=EDGE_CURVE('',#686,#688,#828,.T.);
#471=EDGE_CURVE('',#689,#690,#829,.T.);
#472=EDGE_CURVE('',#691,#689,#830,.T.);
#473=EDGE_CURVE('',#692,#691,#831,.T.);
#474=EDGE_CURVE('',#690,#692,#832,.T.);
#475=EDGE_CURVE('',#693,#694,#833,.T.);
#476=EDGE_CURVE('',#695,#693,#834,.T.);
#477=EDGE_CURVE('',#696,#695,#835,.T.);
#478=EDGE_CURVE('',#694,#696,#836,.T.);
#479=EDGE_CURVE('',#697,#698,#837,.T.);
#480=EDGE_CURVE('',#699,#697,#838,.T.);
#481=EDGE_CURVE('',#700,#699,#839,.T.);
#482=EDGE_CURVE('',#698,#700,#840,.T.);
#483=EDGE_CURVE('',#701,#702,#841,.T.);
#484=EDGE_CURVE('',#702,#686,#842,.T.);
#485=EDGE_CURVE('',#688,#701,#843,.T.);
#486=EDGE_CURVE('',#689,#703,#844,.T.);
#487=EDGE_CURVE('',#703,#704,#845,.T.);
#488=EDGE_CURVE('',#704,#691,#846,.T.);
#489=EDGE_CURVE('',#693,#705,#847,.T.);
#490=EDGE_CURVE('',#706,#705,#848,.T.);
#491=EDGE_CURVE('',#706,#695,#849,.T.);
#492=EDGE_CURVE('',#707,#708,#850,.T.);
#493=EDGE_CURVE('',#707,#698,#851,.T.);
#494=EDGE_CURVE('',#700,#708,#852,.T.);
#495=EDGE_CURVE('',#685,#709,#853,.T.);
#496=EDGE_CURVE('',#710,#709,#854,.T.);
#497=EDGE_CURVE('',#710,#687,#855,.T.);
#498=EDGE_CURVE('',#711,#712,#856,.T.);
#499=EDGE_CURVE('',#711,#690,#857,.T.);
#500=EDGE_CURVE('',#692,#712,#858,.T.);
#501=EDGE_CURVE('',#713,#714,#859,.T.);
#502=EDGE_CURVE('',#714,#694,#860,.T.);
#503=EDGE_CURVE('',#696,#713,#861,.T.);
#504=EDGE_CURVE('',#697,#715,#862,.T.);
#505=EDGE_CURVE('',#715,#716,#863,.T.);
#506=EDGE_CURVE('',#716,#699,#864,.T.);
#507=EDGE_CURVE('',#717,#704,#865,.T.);
#508=EDGE_CURVE('',#718,#717,#866,.T.);
#509=EDGE_CURVE('',#719,#718,#867,.T.);
#510=EDGE_CURVE('',#719,#720,#868,.T.);
#511=EDGE_CURVE('',#708,#720,#869,.T.);
#512=EDGE_CURVE('',#712,#716,#870,.T.);
#513=EDGE_CURVE('',#713,#710,#871,.T.);
#514=EDGE_CURVE('',#721,#706,#872,.T.);
#515=EDGE_CURVE('',#722,#721,#873,.T.);
#516=EDGE_CURVE('',#723,#722,#874,.T.);
#517=EDGE_CURVE('',#723,#724,#875,.T.);
#518=EDGE_CURVE('',#701,#724,#876,.T.);
#519=EDGE_CURVE('',#725,#726,#877,.T.);
#520=EDGE_CURVE('',#726,#727,#878,.T.);
#521=EDGE_CURVE('',#728,#727,#879,.T.);
#522=EDGE_CURVE('',#728,#725,#880,.T.);
#523=EDGE_CURVE('',#727,#729,#881,.T.);
#524=EDGE_CURVE('',#730,#729,#882,.T.);
#525=EDGE_CURVE('',#730,#728,#883,.T.);
#526=EDGE_CURVE('',#729,#731,#884,.T.);
#527=EDGE_CURVE('',#732,#731,#885,.T.);
#528=EDGE_CURVE('',#732,#730,#886,.T.);
#529=EDGE_CURVE('',#733,#734,#887,.T.);
#530=EDGE_CURVE('',#734,#735,#888,.T.);
#531=EDGE_CURVE('',#736,#735,#889,.T.);
#532=EDGE_CURVE('',#736,#733,#890,.T.);
#533=EDGE_CURVE('',#735,#737,#891,.T.);
#534=EDGE_CURVE('',#738,#737,#892,.T.);
#535=EDGE_CURVE('',#738,#736,#893,.T.);
#536=EDGE_CURVE('',#737,#739,#894,.T.);
#537=EDGE_CURVE('',#740,#739,#895,.T.);
#538=EDGE_CURVE('',#740,#738,#896,.T.);
#539=EDGE_CURVE('',#731,#726,#897,.T.);
#540=EDGE_CURVE('',#725,#732,#898,.T.);
#541=EDGE_CURVE('',#739,#734,#899,.T.);
#542=EDGE_CURVE('',#733,#740,#900,.T.);
#543=EDGE_CURVE('',#724,#717,#901,.T.);
#544=EDGE_CURVE('',#718,#723,#902,.T.);
#545=EDGE_CURVE('',#720,#721,#903,.T.);
#546=EDGE_CURVE('',#722,#719,#904,.T.);
#547=EDGE_CURVE('',#711,#703,#905,.T.);
#548=EDGE_CURVE('',#707,#715,#906,.T.);
#549=EDGE_CURVE('',#705,#714,#907,.T.);
#550=EDGE_CURVE('',#709,#702,#908,.T.);
#551=EDGE_CURVE('',#741,#742,#909,.T.);
#552=EDGE_CURVE('',#743,#742,#910,.T.);
#553=EDGE_CURVE('',#744,#743,#911,.T.);
#554=EDGE_CURVE('',#741,#744,#912,.T.);
#555=EDGE_CURVE('',#745,#746,#913,.T.);
#556=EDGE_CURVE('',#747,#746,#914,.T.);
#557=EDGE_CURVE('',#747,#748,#915,.T.);
#558=EDGE_CURVE('',#748,#745,#916,.T.);
#559=EDGE_CURVE('',#749,#750,#917,.T.);
#560=EDGE_CURVE('',#751,#750,#918,.T.);
#561=EDGE_CURVE('',#751,#752,#919,.T.);
#562=EDGE_CURVE('',#752,#749,#920,.T.);
#563=EDGE_CURVE('',#753,#754,#921,.T.);
#564=EDGE_CURVE('',#754,#755,#922,.T.);
#565=EDGE_CURVE('',#755,#756,#923,.T.);
#566=EDGE_CURVE('',#753,#756,#924,.T.);
#567=EDGE_CURVE('',#757,#758,#925,.T.);
#568=EDGE_CURVE('',#758,#759,#926,.T.);
#569=EDGE_CURVE('',#760,#759,#927,.T.);
#570=EDGE_CURVE('',#757,#760,#928,.T.);
#571=EDGE_CURVE('',#761,#762,#929,.T.);
#572=EDGE_CURVE('',#763,#761,#930,.T.);
#573=EDGE_CURVE('',#763,#764,#931,.T.);
#574=EDGE_CURVE('',#762,#764,#932,.T.);
#575=EDGE_CURVE('',#761,#741,#933,.T.);
#576=EDGE_CURVE('',#747,#741,#934,.T.);
#577=EDGE_CURVE('',#747,#763,#935,.T.);
#578=EDGE_CURVE('',#746,#742,#936,.T.);
#579=EDGE_CURVE('',#742,#762,#937,.T.);
#580=EDGE_CURVE('',#764,#746,#938,.T.);
#581=EDGE_CURVE('',#751,#754,#939,.T.);
#582=EDGE_CURVE('',#751,#757,#940,.T.);
#583=EDGE_CURVE('',#760,#754,#941,.T.);
#584=EDGE_CURVE('',#758,#750,#942,.T.);
#585=EDGE_CURVE('',#750,#755,#943,.T.);
#586=EDGE_CURVE('',#755,#759,#944,.T.);
#587=EDGE_CURVE('',#765,#744,#945,.T.);
#588=EDGE_CURVE('',#766,#765,#946,.T.);
#589=EDGE_CURVE('',#766,#767,#947,.T.);
#590=EDGE_CURVE('',#768,#767,#948,.T.);
#591=EDGE_CURVE('',#769,#768,#949,.T.);
#592=EDGE_CURVE('',#769,#770,#950,.T.);
#593=EDGE_CURVE('',#770,#771,#951,.T.);
#594=EDGE_CURVE('',#771,#748,#952,.T.);
#595=EDGE_CURVE('',#772,#745,#953,.T.);
#596=EDGE_CURVE('',#773,#772,#954,.T.);
#597=EDGE_CURVE('',#774,#773,#955,.T.);
#598=EDGE_CURVE('',#775,#774,#956,.T.);
#599=EDGE_CURVE('',#776,#775,#957,.T.);
#600=EDGE_CURVE('',#776,#777,#958,.T.);
#601=EDGE_CURVE('',#777,#778,#959,.T.);
#602=EDGE_CURVE('',#778,#743,#960,.T.);
#603=EDGE_CURVE('',#753,#779,#961,.T.);
#604=EDGE_CURVE('',#779,#780,#962,.T.);
#605=EDGE_CURVE('',#780,#781,#963,.T.);
#606=EDGE_CURVE('',#782,#781,#964,.T.);
#607=EDGE_CURVE('',#783,#782,#965,.T.);
#608=EDGE_CURVE('',#784,#783,#966,.T.);
#609=EDGE_CURVE('',#785,#784,#967,.T.);
#610=EDGE_CURVE('',#752,#785,#968,.T.);
#611=EDGE_CURVE('',#749,#786,#969,.T.);
#612=EDGE_CURVE('',#786,#787,#970,.T.);
#613=EDGE_CURVE('',#788,#787,#971,.T.);
#614=EDGE_CURVE('',#789,#788,#972,.T.);
#615=EDGE_CURVE('',#790,#789,#973,.T.);
#616=EDGE_CURVE('',#791,#790,#974,.T.);
#617=EDGE_CURVE('',#792,#791,#975,.T.);
#618=EDGE_CURVE('',#756,#792,#976,.T.);
#619=EDGE_CURVE('',#793,#794,#977,.T.);
#620=EDGE_CURVE('',#793,#795,#978,.T.);
#621=EDGE_CURVE('',#795,#796,#979,.T.);
#622=EDGE_CURVE('',#794,#796,#980,.T.);
#623=EDGE_CURVE('',#797,#798,#981,.T.);
#624=EDGE_CURVE('',#797,#799,#982,.T.);
#625=EDGE_CURVE('',#799,#800,#983,.T.);
#626=EDGE_CURVE('',#798,#800,#984,.T.);
#627=EDGE_CURVE('',#801,#802,#985,.T.);
#628=EDGE_CURVE('',#802,#803,#986,.T.);
#629=EDGE_CURVE('',#803,#804,#987,.T.);
#630=EDGE_CURVE('',#804,#801,#988,.T.);
#631=EDGE_CURVE('',#805,#806,#989,.T.);
#632=EDGE_CURVE('',#807,#805,#990,.T.);
#633=EDGE_CURVE('',#808,#807,#991,.T.);
#634=EDGE_CURVE('',#806,#808,#992,.T.);
#635=EDGE_CURVE('',#809,#810,#993,.T.);
#636=EDGE_CURVE('',#811,#810,#994,.T.);
#637=EDGE_CURVE('',#811,#812,#995,.T.);
#638=EDGE_CURVE('',#812,#809,#996,.T.);
#639=EDGE_CURVE('',#813,#814,#997,.T.);
#640=EDGE_CURVE('',#814,#815,#998,.T.);
#641=EDGE_CURVE('',#815,#816,#999,.T.);
#642=EDGE_CURVE('',#813,#816,#1000,.T.);
#643=EDGE_CURVE('',#797,#814,#1001,.T.);
#644=EDGE_CURVE('',#814,#805,#1002,.T.);
#645=EDGE_CURVE('',#805,#799,#1003,.T.);
#646=EDGE_CURVE('',#815,#806,#1004,.T.);
#647=EDGE_CURVE('',#815,#798,#1005,.T.);
#648=EDGE_CURVE('',#800,#806,#1006,.T.);
#649=EDGE_CURVE('',#793,#802,#1007,.T.);
#650=EDGE_CURVE('',#802,#811,#1008,.T.);
#651=EDGE_CURVE('',#811,#795,#1009,.T.);
#652=EDGE_CURVE('',#803,#810,#1010,.T.);
#653=EDGE_CURVE('',#803,#794,#1011,.T.);
#654=EDGE_CURVE('',#796,#810,#1012,.T.);
#655=EDGE_CURVE('',#804,#809,#1013,.T.);
#656=EDGE_CURVE('',#816,#808,#1014,.T.);
#657=EDGE_CURVE('',#812,#801,#1015,.T.);
#658=EDGE_CURVE('',#807,#813,#1016,.T.);
#659=EDGE_CURVE('',#766,#777,#1017,.T.);
#660=EDGE_CURVE('',#767,#776,#1018,.T.);
#661=EDGE_CURVE('',#769,#774,#1019,.T.);
#662=EDGE_CURVE('',#768,#775,#1020,.T.);
#663=EDGE_CURVE('',#784,#787,#1021,.T.);
#664=EDGE_CURVE('',#783,#788,#1022,.T.);
#665=EDGE_CURVE('',#781,#790,#1023,.T.);
#666=EDGE_CURVE('',#782,#789,#1024,.T.);
#667=EDGE_CURVE('',#817,#818,#1025,.T.);
#668=EDGE_CURVE('',#819,#818,#1026,.T.);
#669=EDGE_CURVE('',#820,#819,#1027,.T.);
#670=EDGE_CURVE('',#820,#817,#1028,.T.);
#671=EDGE_CURVE('',#818,#821,#1029,.T.);
#672=EDGE_CURVE('',#822,#821,#1030,.T.);
#673=EDGE_CURVE('',#819,#822,#1031,.T.);
#674=EDGE_CURVE('',#821,#823,#1032,.T.);
#675=EDGE_CURVE('',#824,#823,#1033,.T.);
#676=EDGE_CURVE('',#822,#824,#1034,.T.);
#677=EDGE_CURVE('',#823,#817,#1035,.T.);
#678=EDGE_CURVE('',#824,#820,#1036,.T.);
#679=EDGE_CURVE('',#779,#792,#1037,.T.);
#680=EDGE_CURVE('',#780,#791,#1038,.T.);
#681=EDGE_CURVE('',#785,#786,#1039,.T.);
#682=EDGE_CURVE('',#770,#773,#1040,.T.);
#683=EDGE_CURVE('',#771,#772,#1041,.T.);
#684=EDGE_CURVE('',#765,#778,#1042,.T.);
#685=VERTEX_POINT('',#2134);
#686=VERTEX_POINT('',#2135);
#687=VERTEX_POINT('',#2137);
#688=VERTEX_POINT('',#2139);
#689=VERTEX_POINT('',#2143);
#690=VERTEX_POINT('',#2144);
#691=VERTEX_POINT('',#2146);
#692=VERTEX_POINT('',#2148);
#693=VERTEX_POINT('',#2152);
#694=VERTEX_POINT('',#2153);
#695=VERTEX_POINT('',#2155);
#696=VERTEX_POINT('',#2157);
#697=VERTEX_POINT('',#2161);
#698=VERTEX_POINT('',#2162);
#699=VERTEX_POINT('',#2164);
#700=VERTEX_POINT('',#2166);
#701=VERTEX_POINT('',#2170);
#702=VERTEX_POINT('',#2171);
#703=VERTEX_POINT('',#2176);
#704=VERTEX_POINT('',#2178);
#705=VERTEX_POINT('',#2182);
#706=VERTEX_POINT('',#2184);
#707=VERTEX_POINT('',#2188);
#708=VERTEX_POINT('',#2189);
#709=VERTEX_POINT('',#2194);
#710=VERTEX_POINT('',#2196);
#711=VERTEX_POINT('',#2200);
#712=VERTEX_POINT('',#2201);
#713=VERTEX_POINT('',#2206);
#714=VERTEX_POINT('',#2207);
#715=VERTEX_POINT('',#2212);
#716=VERTEX_POINT('',#2214);
#717=VERTEX_POINT('',#2218);
#718=VERTEX_POINT('',#2220);
#719=VERTEX_POINT('',#2222);
#720=VERTEX_POINT('',#2224);
#721=VERTEX_POINT('',#2230);
#722=VERTEX_POINT('',#2232);
#723=VERTEX_POINT('',#2234);
#724=VERTEX_POINT('',#2236);
#725=VERTEX_POINT('',#2240);
#726=VERTEX_POINT('',#2241);
#727=VERTEX_POINT('',#2243);
#728=VERTEX_POINT('',#2245);
#729=VERTEX_POINT('',#2249);
#730=VERTEX_POINT('',#2251);
#731=VERTEX_POINT('',#2255);
#732=VERTEX_POINT('',#2257);
#733=VERTEX_POINT('',#2261);
#734=VERTEX_POINT('',#2262);
#735=VERTEX_POINT('',#2264);
#736=VERTEX_POINT('',#2266);
#737=VERTEX_POINT('',#2270);
#738=VERTEX_POINT('',#2272);
#739=VERTEX_POINT('',#2276);
#740=VERTEX_POINT('',#2278);
#741=VERTEX_POINT('',#2305);
#742=VERTEX_POINT('',#2306);
#743=VERTEX_POINT('',#2308);
#744=VERTEX_POINT('',#2310);
#745=VERTEX_POINT('',#2314);
#746=VERTEX_POINT('',#2315);
#747=VERTEX_POINT('',#2317);
#748=VERTEX_POINT('',#2319);
#749=VERTEX_POINT('',#2323);
#750=VERTEX_POINT('',#2324);
#751=VERTEX_POINT('',#2326);
#752=VERTEX_POINT('',#2328);
#753=VERTEX_POINT('',#2332);
#754=VERTEX_POINT('',#2333);
#755=VERTEX_POINT('',#2335);
#756=VERTEX_POINT('',#2337);
#757=VERTEX_POINT('',#2341);
#758=VERTEX_POINT('',#2342);
#759=VERTEX_POINT('',#2344);
#760=VERTEX_POINT('',#2346);
#761=VERTEX_POINT('',#2350);
#762=VERTEX_POINT('',#2351);
#763=VERTEX_POINT('',#2353);
#764=VERTEX_POINT('',#2355);
#765=VERTEX_POINT('',#2375);
#766=VERTEX_POINT('',#2377);
#767=VERTEX_POINT('',#2379);
#768=VERTEX_POINT('',#2381);
#769=VERTEX_POINT('',#2383);
#770=VERTEX_POINT('',#2385);
#771=VERTEX_POINT('',#2387);
#772=VERTEX_POINT('',#2391);
#773=VERTEX_POINT('',#2393);
#774=VERTEX_POINT('',#2395);
#775=VERTEX_POINT('',#2397);
#776=VERTEX_POINT('',#2399);
#777=VERTEX_POINT('',#2401);
#778=VERTEX_POINT('',#2403);
#779=VERTEX_POINT('',#2407);
#780=VERTEX_POINT('',#2409);
#781=VERTEX_POINT('',#2411);
#782=VERTEX_POINT('',#2413);
#783=VERTEX_POINT('',#2415);
#784=VERTEX_POINT('',#2417);
#785=VERTEX_POINT('',#2419);
#786=VERTEX_POINT('',#2423);
#787=VERTEX_POINT('',#2425);
#788=VERTEX_POINT('',#2427);
#789=VERTEX_POINT('',#2429);
#790=VERTEX_POINT('',#2431);
#791=VERTEX_POINT('',#2433);
#792=VERTEX_POINT('',#2435);
#793=VERTEX_POINT('',#2439);
#794=VERTEX_POINT('',#2440);
#795=VERTEX_POINT('',#2442);
#796=VERTEX_POINT('',#2444);
#797=VERTEX_POINT('',#2448);
#798=VERTEX_POINT('',#2449);
#799=VERTEX_POINT('',#2451);
#800=VERTEX_POINT('',#2453);
#801=VERTEX_POINT('',#2457);
#802=VERTEX_POINT('',#2458);
#803=VERTEX_POINT('',#2460);
#804=VERTEX_POINT('',#2462);
#805=VERTEX_POINT('',#2466);
#806=VERTEX_POINT('',#2467);
#807=VERTEX_POINT('',#2469);
#808=VERTEX_POINT('',#2471);
#809=VERTEX_POINT('',#2475);
#810=VERTEX_POINT('',#2476);
#811=VERTEX_POINT('',#2478);
#812=VERTEX_POINT('',#2480);
#813=VERTEX_POINT('',#2484);
#814=VERTEX_POINT('',#2485);
#815=VERTEX_POINT('',#2487);
#816=VERTEX_POINT('',#2489);
#817=VERTEX_POINT('',#2529);
#818=VERTEX_POINT('',#2530);
#819=VERTEX_POINT('',#2532);
#820=VERTEX_POINT('',#2534);
#821=VERTEX_POINT('',#2538);
#822=VERTEX_POINT('',#2540);
#823=VERTEX_POINT('',#2544);
#824=VERTEX_POINT('',#2546);
#825=LINE('',#2133,#1043);
#826=LINE('',#2136,#1044);
#827=LINE('',#2138,#1045);
#828=LINE('',#2140,#1046);
#829=LINE('',#2142,#1047);
#830=LINE('',#2145,#1048);
#831=LINE('',#2147,#1049);
#832=LINE('',#2149,#1050);
#833=LINE('',#2151,#1051);
#834=LINE('',#2154,#1052);
#835=LINE('',#2156,#1053);
#836=LINE('',#2158,#1054);
#837=LINE('',#2160,#1055);
#838=LINE('',#2163,#1056);
#839=LINE('',#2165,#1057);
#840=LINE('',#2167,#1058);
#841=LINE('',#2169,#1059);
#842=LINE('',#2172,#1060);
#843=LINE('',#2173,#1061);
#844=LINE('',#2175,#1062);
#845=LINE('',#2177,#1063);
#846=LINE('',#2179,#1064);
#847=LINE('',#2181,#1065);
#848=LINE('',#2183,#1066);
#849=LINE('',#2185,#1067);
#850=LINE('',#2187,#1068);
#851=LINE('',#2190,#1069);
#852=LINE('',#2191,#1070);
#853=LINE('',#2193,#1071);
#854=LINE('',#2195,#1072);
#855=LINE('',#2197,#1073);
#856=LINE('',#2199,#1074);
#857=LINE('',#2202,#1075);
#858=LINE('',#2203,#1076);
#859=LINE('',#2205,#1077);
#860=LINE('',#2208,#1078);
#861=LINE('',#2209,#1079);
#862=LINE('',#2211,#1080);
#863=LINE('',#2213,#1081);
#864=LINE('',#2215,#1082);
#865=LINE('',#2217,#1083);
#866=LINE('',#2219,#1084);
#867=LINE('',#2221,#1085);
#868=LINE('',#2223,#1086);
#869=LINE('',#2225,#1087);
#870=LINE('',#2226,#1088);
#871=LINE('',#2228,#1089);
#872=LINE('',#2229,#1090);
#873=LINE('',#2231,#1091);
#874=LINE('',#2233,#1092);
#875=LINE('',#2235,#1093);
#876=LINE('',#2237,#1094);
#877=LINE('',#2239,#1095);
#878=LINE('',#2242,#1096);
#879=LINE('',#2244,#1097);
#880=LINE('',#2246,#1098);
#881=LINE('',#2248,#1099);
#882=LINE('',#2250,#1100);
#883=LINE('',#2252,#1101);
#884=LINE('',#2254,#1102);
#885=LINE('',#2256,#1103);
#886=LINE('',#2258,#1104);
#887=LINE('',#2260,#1105);
#888=LINE('',#2263,#1106);
#889=LINE('',#2265,#1107);
#890=LINE('',#2267,#1108);
#891=LINE('',#2269,#1109);
#892=LINE('',#2271,#1110);
#893=LINE('',#2273,#1111);
#894=LINE('',#2275,#1112);
#895=LINE('',#2277,#1113);
#896=LINE('',#2279,#1114);
#897=LINE('',#2281,#1115);
#898=LINE('',#2282,#1116);
#899=LINE('',#2284,#1117);
#900=LINE('',#2285,#1118);
#901=LINE('',#2287,#1119);
#902=LINE('',#2288,#1120);
#903=LINE('',#2290,#1121);
#904=LINE('',#2291,#1122);
#905=LINE('',#2294,#1123);
#906=LINE('',#2295,#1124);
#907=LINE('',#2296,#1125);
#908=LINE('',#2297,#1126);
#909=LINE('',#2304,#1127);
#910=LINE('',#2307,#1128);
#911=LINE('',#2309,#1129);
#912=LINE('',#2311,#1130);
#913=LINE('',#2313,#1131);
#914=LINE('',#2316,#1132);
#915=LINE('',#2318,#1133);
#916=LINE('',#2320,#1134);
#917=LINE('',#2322,#1135);
#918=LINE('',#2325,#1136);
#919=LINE('',#2327,#1137);
#920=LINE('',#2329,#1138);
#921=LINE('',#2331,#1139);
#922=LINE('',#2334,#1140);
#923=LINE('',#2336,#1141);
#924=LINE('',#2338,#1142);
#925=LINE('',#2340,#1143);
#926=LINE('',#2343,#1144);
#927=LINE('',#2345,#1145);
#928=LINE('',#2347,#1146);
#929=LINE('',#2349,#1147);
#930=LINE('',#2352,#1148);
#931=LINE('',#2354,#1149);
#932=LINE('',#2356,#1150);
#933=LINE('',#2358,#1151);
#934=LINE('',#2359,#1152);
#935=LINE('',#2360,#1153);
#936=LINE('',#2362,#1154);
#937=LINE('',#2363,#1155);
#938=LINE('',#2364,#1156);
#939=LINE('',#2366,#1157);
#940=LINE('',#2367,#1158);
#941=LINE('',#2368,#1159);
#942=LINE('',#2370,#1160);
#943=LINE('',#2371,#1161);
#944=LINE('',#2372,#1162);
#945=LINE('',#2374,#1163);
#946=LINE('',#2376,#1164);
#947=LINE('',#2378,#1165);
#948=LINE('',#2380,#1166);
#949=LINE('',#2382,#1167);
#950=LINE('',#2384,#1168);
#951=LINE('',#2386,#1169);
#952=LINE('',#2388,#1170);
#953=LINE('',#2390,#1171);
#954=LINE('',#2392,#1172);
#955=LINE('',#2394,#1173);
#956=LINE('',#2396,#1174);
#957=LINE('',#2398,#1175);
#958=LINE('',#2400,#1176);
#959=LINE('',#2402,#1177);
#960=LINE('',#2404,#1178);
#961=LINE('',#2406,#1179);
#962=LINE('',#2408,#1180);
#963=LINE('',#2410,#1181);
#964=LINE('',#2412,#1182);
#965=LINE('',#2414,#1183);
#966=LINE('',#2416,#1184);
#967=LINE('',#2418,#1185);
#968=LINE('',#2420,#1186);
#969=LINE('',#2422,#1187);
#970=LINE('',#2424,#1188);
#971=LINE('',#2426,#1189);
#972=LINE('',#2428,#1190);
#973=LINE('',#2430,#1191);
#974=LINE('',#2432,#1192);
#975=LINE('',#2434,#1193);
#976=LINE('',#2436,#1194);
#977=LINE('',#2438,#1195);
#978=LINE('',#2441,#1196);
#979=LINE('',#2443,#1197);
#980=LINE('',#2445,#1198);
#981=LINE('',#2447,#1199);
#982=LINE('',#2450,#1200);
#983=LINE('',#2452,#1201);
#984=LINE('',#2454,#1202);
#985=LINE('',#2456,#1203);
#986=LINE('',#2459,#1204);
#987=LINE('',#2461,#1205);
#988=LINE('',#2463,#1206);
#989=LINE('',#2465,#1207);
#990=LINE('',#2468,#1208);
#991=LINE('',#2470,#1209);
#992=LINE('',#2472,#1210);
#993=LINE('',#2474,#1211);
#994=LINE('',#2477,#1212);
#995=LINE('',#2479,#1213);
#996=LINE('',#2481,#1214);
#997=LINE('',#2483,#1215);
#998=LINE('',#2486,#1216);
#999=LINE('',#2488,#1217);
#1000=LINE('',#2490,#1218);
#1001=LINE('',#2492,#1219);
#1002=LINE('',#2493,#1220);
#1003=LINE('',#2494,#1221);
#1004=LINE('',#2496,#1222);
#1005=LINE('',#2497,#1223);
#1006=LINE('',#2498,#1224);
#1007=LINE('',#2500,#1225);
#1008=LINE('',#2501,#1226);
#1009=LINE('',#2502,#1227);
#1010=LINE('',#2504,#1228);
#1011=LINE('',#2505,#1229);
#1012=LINE('',#2506,#1230);
#1013=LINE('',#2508,#1231);
#1014=LINE('',#2510,#1232);
#1015=LINE('',#2512,#1233);
#1016=LINE('',#2514,#1234);
#1017=LINE('',#2516,#1235);
#1018=LINE('',#2517,#1236);
#1019=LINE('',#2519,#1237);
#1020=LINE('',#2520,#1238);
#1021=LINE('',#2522,#1239);
#1022=LINE('',#2523,#1240);
#1023=LINE('',#2525,#1241);
#1024=LINE('',#2526,#1242);
#1025=LINE('',#2528,#1243);
#1026=LINE('',#2531,#1244);
#1027=LINE('',#2533,#1245);
#1028=LINE('',#2535,#1246);
#1029=LINE('',#2537,#1247);
#1030=LINE('',#2539,#1248);
#1031=LINE('',#2541,#1249);
#1032=LINE('',#2543,#1250);
#1033=LINE('',#2545,#1251);
#1034=LINE('',#2547,#1252);
#1035=LINE('',#2549,#1253);
#1036=LINE('',#2550,#1254);
#1037=LINE('',#2554,#1255);
#1038=LINE('',#2556,#1256);
#1039=LINE('',#2559,#1257);
#1040=LINE('',#2562,#1258);
#1041=LINE('',#2564,#1259);
#1042=LINE('',#2567,#1260);
#1043=VECTOR('',#1739,39.3700787401575);
#1044=VECTOR('',#1740,39.3700787401575);
#1045=VECTOR('',#1741,39.3700787401575);
#1046=VECTOR('',#1742,39.3700787401575);
#1047=VECTOR('',#1745,39.3700787401575);
#1048=VECTOR('',#1746,39.3700787401575);
#1049=VECTOR('',#1747,39.3700787401575);
#1050=VECTOR('',#1748,39.3700787401575);
#1051=VECTOR('',#1751,39.3700787401575);
#1052=VECTOR('',#1752,39.3700787401575);
#1053=VECTOR('',#1753,39.3700787401575);
#1054=VECTOR('',#1754,39.3700787401575);
#1055=VECTOR('',#1757,39.3700787401575);
#1056=VECTOR('',#1758,39.3700787401575);
#1057=VECTOR('',#1759,39.3700787401575);
#1058=VECTOR('',#1760,39.3700787401575);
#1059=VECTOR('',#1763,39.3700787401575);
#1060=VECTOR('',#1764,39.3700787401575);
#1061=VECTOR('',#1765,39.3700787401575);
#1062=VECTOR('',#1768,39.3700787401575);
#1063=VECTOR('',#1769,39.3700787401575);
#1064=VECTOR('',#1770,39.3700787401575);
#1065=VECTOR('',#1773,39.3700787401575);
#1066=VECTOR('',#1774,39.3700787401575);
#1067=VECTOR('',#1775,39.3700787401575);
#1068=VECTOR('',#1778,39.3700787401575);
#1069=VECTOR('',#1779,39.3700787401575);
#1070=VECTOR('',#1780,39.3700787401575);
#1071=VECTOR('',#1783,39.3700787401575);
#1072=VECTOR('',#1784,39.3700787401575);
#1073=VECTOR('',#1785,39.3700787401575);
#1074=VECTOR('',#1788,39.3700787401575);
#1075=VECTOR('',#1789,39.3700787401575);
#1076=VECTOR('',#1790,39.3700787401575);
#1077=VECTOR('',#1793,39.3700787401575);
#1078=VECTOR('',#1794,39.3700787401575);
#1079=VECTOR('',#1795,39.3700787401575);
#1080=VECTOR('',#1798,39.3700787401575);
#1081=VECTOR('',#1799,39.3700787401575);
#1082=VECTOR('',#1800,39.3700787401575);
#1083=VECTOR('',#1803,39.3700787401575);
#1084=VECTOR('',#1804,39.3700787401575);
#1085=VECTOR('',#1805,39.3700787401575);
#1086=VECTOR('',#1806,39.3700787401575);
#1087=VECTOR('',#1807,39.3700787401575);
#1088=VECTOR('',#1808,39.3700787401575);
#1089=VECTOR('',#1811,39.3700787401575);
#1090=VECTOR('',#1812,39.3700787401575);
#1091=VECTOR('',#1813,39.3700787401575);
#1092=VECTOR('',#1814,39.3700787401575);
#1093=VECTOR('',#1815,39.3700787401575);
#1094=VECTOR('',#1816,39.3700787401575);
#1095=VECTOR('',#1819,39.3700787401575);
#1096=VECTOR('',#1820,39.3700787401575);
#1097=VECTOR('',#1821,39.3700787401575);
#1098=VECTOR('',#1822,39.3700787401575);
#1099=VECTOR('',#1825,39.3700787401575);
#1100=VECTOR('',#1826,39.3700787401575);
#1101=VECTOR('',#1827,39.3700787401575);
#1102=VECTOR('',#1830,39.3700787401575);
#1103=VECTOR('',#1831,39.3700787401575);
#1104=VECTOR('',#1832,39.3700787401575);
#1105=VECTOR('',#1835,39.3700787401575);
#1106=VECTOR('',#1836,39.3700787401575);
#1107=VECTOR('',#1837,39.3700787401575);
#1108=VECTOR('',#1838,39.3700787401575);
#1109=VECTOR('',#1841,39.3700787401575);
#1110=VECTOR('',#1842,39.3700787401575);
#1111=VECTOR('',#1843,39.3700787401575);
#1112=VECTOR('',#1846,39.3700787401575);
#1113=VECTOR('',#1847,39.3700787401575);
#1114=VECTOR('',#1848,39.3700787401575);
#1115=VECTOR('',#1851,39.3700787401575);
#1116=VECTOR('',#1852,39.3700787401575);
#1117=VECTOR('',#1855,39.3700787401575);
#1118=VECTOR('',#1856,39.3700787401575);
#1119=VECTOR('',#1859,39.3700787401575);
#1120=VECTOR('',#1860,39.3700787401575);
#1121=VECTOR('',#1863,39.3700787401575);
#1122=VECTOR('',#1864,39.3700787401575);
#1123=VECTOR('',#1869,39.3700787401575);
#1124=VECTOR('',#1870,39.3700787401575);
#1125=VECTOR('',#1871,39.3700787401575);
#1126=VECTOR('',#1872,39.3700787401575);
#1127=VECTOR('',#1885,39.3700787401575);
#1128=VECTOR('',#1886,39.3700787401575);
#1129=VECTOR('',#1887,39.3700787401575);
#1130=VECTOR('',#1888,39.3700787401575);
#1131=VECTOR('',#1891,39.3700787401575);
#1132=VECTOR('',#1892,39.3700787401575);
#1133=VECTOR('',#1893,39.3700787401575);
#1134=VECTOR('',#1894,39.3700787401575);
#1135=VECTOR('',#1897,39.3700787401575);
#1136=VECTOR('',#1898,39.3700787401575);
#1137=VECTOR('',#1899,39.3700787401575);
#1138=VECTOR('',#1900,39.3700787401575);
#1139=VECTOR('',#1903,39.3700787401575);
#1140=VECTOR('',#1904,39.3700787401575);
#1141=VECTOR('',#1905,39.3700787401575);
#1142=VECTOR('',#1906,39.3700787401575);
#1143=VECTOR('',#1909,39.3700787401575);
#1144=VECTOR('',#1910,39.3700787401575);
#1145=VECTOR('',#1911,39.3700787401575);
#1146=VECTOR('',#1912,39.3700787401575);
#1147=VECTOR('',#1915,39.3700787401575);
#1148=VECTOR('',#1916,39.3700787401575);
#1149=VECTOR('',#1917,39.3700787401575);
#1150=VECTOR('',#1918,39.3700787401575);
#1151=VECTOR('',#1921,39.3700787401575);
#1152=VECTOR('',#1922,39.3700787401575);
#1153=VECTOR('',#1923,39.3700787401575);
#1154=VECTOR('',#1926,39.3700787401575);
#1155=VECTOR('',#1927,39.3700787401575);
#1156=VECTOR('',#1928,39.3700787401575);
#1157=VECTOR('',#1931,39.3700787401575);
#1158=VECTOR('',#1932,39.3700787401575);
#1159=VECTOR('',#1933,39.3700787401575);
#1160=VECTOR('',#1936,39.3700787401575);
#1161=VECTOR('',#1937,39.3700787401575);
#1162=VECTOR('',#1938,39.3700787401575);
#1163=VECTOR('',#1941,39.3700787401575);
#1164=VECTOR('',#1942,39.3700787401575);
#1165=VECTOR('',#1943,39.3700787401575);
#1166=VECTOR('',#1944,39.3700787401575);
#1167=VECTOR('',#1945,39.3700787401575);
#1168=VECTOR('',#1946,39.3700787401575);
#1169=VECTOR('',#1947,39.3700787401575);
#1170=VECTOR('',#1948,39.3700787401575);
#1171=VECTOR('',#1951,39.3700787401575);
#1172=VECTOR('',#1952,39.3700787401575);
#1173=VECTOR('',#1953,39.3700787401575);
#1174=VECTOR('',#1954,39.3700787401575);
#1175=VECTOR('',#1955,39.3700787401575);
#1176=VECTOR('',#1956,39.3700787401575);
#1177=VECTOR('',#1957,39.3700787401575);
#1178=VECTOR('',#1958,39.3700787401575);
#1179=VECTOR('',#1961,39.3700787401575);
#1180=VECTOR('',#1962,39.3700787401575);
#1181=VECTOR('',#1963,39.3700787401575);
#1182=VECTOR('',#1964,39.3700787401575);
#1183=VECTOR('',#1965,39.3700787401575);
#1184=VECTOR('',#1966,39.3700787401575);
#1185=VECTOR('',#1967,39.3700787401575);
#1186=VECTOR('',#1968,39.3700787401575);
#1187=VECTOR('',#1971,39.3700787401575);
#1188=VECTOR('',#1972,39.3700787401575);
#1189=VECTOR('',#1973,39.3700787401575);
#1190=VECTOR('',#1974,39.3700787401575);
#1191=VECTOR('',#1975,39.3700787401575);
#1192=VECTOR('',#1976,39.3700787401575);
#1193=VECTOR('',#1977,39.3700787401575);
#1194=VECTOR('',#1978,39.3700787401575);
#1195=VECTOR('',#1981,39.3700787401575);
#1196=VECTOR('',#1982,39.3700787401575);
#1197=VECTOR('',#1983,39.3700787401575);
#1198=VECTOR('',#1984,39.3700787401575);
#1199=VECTOR('',#1987,39.3700787401575);
#1200=VECTOR('',#1988,39.3700787401575);
#1201=VECTOR('',#1989,39.3700787401575);
#1202=VECTOR('',#1990,39.3700787401575);
#1203=VECTOR('',#1993,39.3700787401575);
#1204=VECTOR('',#1994,39.3700787401575);
#1205=VECTOR('',#1995,39.3700787401575);
#1206=VECTOR('',#1996,39.3700787401575);
#1207=VECTOR('',#1999,39.3700787401575);
#1208=VECTOR('',#2000,39.3700787401575);
#1209=VECTOR('',#2001,39.3700787401575);
#1210=VECTOR('',#2002,39.3700787401575);
#1211=VECTOR('',#2005,39.3700787401575);
#1212=VECTOR('',#2006,39.3700787401575);
#1213=VECTOR('',#2007,39.3700787401575);
#1214=VECTOR('',#2008,39.3700787401575);
#1215=VECTOR('',#2011,39.3700787401575);
#1216=VECTOR('',#2012,39.3700787401575);
#1217=VECTOR('',#2013,39.3700787401575);
#1218=VECTOR('',#2014,39.3700787401575);
#1219=VECTOR('',#2017,39.3700787401575);
#1220=VECTOR('',#2018,39.3700787401575);
#1221=VECTOR('',#2019,39.3700787401575);
#1222=VECTOR('',#2022,39.3700787401575);
#1223=VECTOR('',#2023,39.3700787401575);
#1224=VECTOR('',#2024,39.3700787401575);
#1225=VECTOR('',#2027,39.3700787401575);
#1226=VECTOR('',#2028,39.3700787401575);
#1227=VECTOR('',#2029,39.3700787401575);
#1228=VECTOR('',#2032,39.3700787401575);
#1229=VECTOR('',#2033,39.3700787401575);
#1230=VECTOR('',#2034,39.3700787401575);
#1231=VECTOR('',#2037,39.3700787401575);
#1232=VECTOR('',#2040,39.3700787401575);
#1233=VECTOR('',#2043,39.3700787401575);
#1234=VECTOR('',#2046,39.3700787401575);
#1235=VECTOR('',#2049,39.3700787401575);
#1236=VECTOR('',#2050,39.3700787401575);
#1237=VECTOR('',#2053,39.3700787401575);
#1238=VECTOR('',#2054,39.3700787401575);
#1239=VECTOR('',#2057,39.3700787401575);
#1240=VECTOR('',#2058,39.3700787401575);
#1241=VECTOR('',#2061,39.3700787401575);
#1242=VECTOR('',#2062,39.3700787401575);
#1243=VECTOR('',#2065,39.3700787401575);
#1244=VECTOR('',#2066,39.3700787401575);
#1245=VECTOR('',#2067,39.3700787401575);
#1246=VECTOR('',#2068,39.3700787401575);
#1247=VECTOR('',#2071,39.3700787401575);
#1248=VECTOR('',#2072,39.3700787401575);
#1249=VECTOR('',#2073,39.3700787401575);
#1250=VECTOR('',#2076,39.3700787401575);
#1251=VECTOR('',#2077,39.3700787401575);
#1252=VECTOR('',#2078,39.3700787401575);
#1253=VECTOR('',#2081,39.3700787401575);
#1254=VECTOR('',#2082,39.3700787401575);
#1255=VECTOR('',#2089,39.3700787401575);
#1256=VECTOR('',#2092,39.3700787401575);
#1257=VECTOR('',#2097,39.3700787401575);
#1258=VECTOR('',#2102,39.3700787401575);
#1259=VECTOR('',#2105,39.3700787401575);
#1260=VECTOR('',#2110,39.3700787401575);
#1261=EDGE_LOOP('',(#31,#32,#33,#34));
#1262=EDGE_LOOP('',(#35,#36,#37,#38));
#1263=EDGE_LOOP('',(#39,#40,#41,#42));
#1264=EDGE_LOOP('',(#43,#44,#45,#46));
#1265=EDGE_LOOP('',(#47,#48,#49,#50));
#1266=EDGE_LOOP('',(#51,#52,#53,#54));
#1267=EDGE_LOOP('',(#55,#56,#57,#58));
#1268=EDGE_LOOP('',(#59,#60,#61,#62));
#1269=EDGE_LOOP('',(#63,#64,#65,#66));
#1270=EDGE_LOOP('',(#67,#68,#69,#70));
#1271=EDGE_LOOP('',(#71,#72,#73,#74));
#1272=EDGE_LOOP('',(#75,#76,#77,#78));
#1273=EDGE_LOOP('',(#79,#80,#81,#82,#83,#84,#85,#86,#87,#88,#89,#90));
#1274=EDGE_LOOP('',(#91,#92,#93,#94,#95,#96,#97,#98,#99,#100,#101,#102));
#1275=EDGE_LOOP('',(#103,#104,#105,#106));
#1276=EDGE_LOOP('',(#107,#108,#109,#110));
#1277=EDGE_LOOP('',(#111,#112,#113,#114));
#1278=EDGE_LOOP('',(#115,#116,#117,#118));
#1279=EDGE_LOOP('',(#119,#120,#121,#122));
#1280=EDGE_LOOP('',(#123,#124,#125,#126));
#1281=EDGE_LOOP('',(#127,#128,#129,#130));
#1282=EDGE_LOOP('',(#131,#132,#133,#134));
#1283=EDGE_LOOP('',(#135,#136,#137,#138));
#1284=EDGE_LOOP('',(#139,#140,#141,#142));
#1285=EDGE_LOOP('',(#143,#144,#145,#146));
#1286=EDGE_LOOP('',(#147,#148,#149,#150));
#1287=EDGE_LOOP('',(#151,#152,#153,#154));
#1288=EDGE_LOOP('',(#155,#156,#157,#158,#159,#160,#161,#162,#163,#164,#165,
#166,#167,#168,#169,#170,#171,#172,#173,#174));
#1289=EDGE_LOOP('',(#175,#176,#177,#178));
#1290=EDGE_LOOP('',(#179,#180,#181,#182));
#1291=EDGE_LOOP('',(#183,#184,#185,#186));
#1292=EDGE_LOOP('',(#187,#188,#189,#190));
#1293=EDGE_LOOP('',(#191,#192,#193,#194));
#1294=EDGE_LOOP('',(#195,#196,#197,#198));
#1295=EDGE_LOOP('',(#199,#200,#201,#202));
#1296=EDGE_LOOP('',(#203,#204,#205,#206));
#1297=EDGE_LOOP('',(#207,#208,#209,#210));
#1298=EDGE_LOOP('',(#211,#212,#213,#214));
#1299=EDGE_LOOP('',(#215,#216,#217,#218));
#1300=EDGE_LOOP('',(#219,#220,#221,#222));
#1301=EDGE_LOOP('',(#223,#224,#225,#226));
#1302=EDGE_LOOP('',(#227,#228,#229,#230));
#1303=EDGE_LOOP('',(#231,#232,#233,#234));
#1304=EDGE_LOOP('',(#235,#236,#237,#238));
#1305=EDGE_LOOP('',(#239,#240,#241,#242,#243,#244,#245,#246,#247,#248,#249));
#1306=EDGE_LOOP('',(#250,#251,#252,#253,#254,#255,#256,#257,#258,#259,#260));
#1307=EDGE_LOOP('',(#261,#262,#263,#264,#265,#266,#267,#268,#269,#270,#271));
#1308=EDGE_LOOP('',(#272,#273,#274,#275,#276,#277,#278,#279,#280,#281,#282));
#1309=EDGE_LOOP('',(#283,#284,#285,#286));
#1310=EDGE_LOOP('',(#287,#288,#289,#290));
#1311=EDGE_LOOP('',(#291,#292,#293,#294));
#1312=EDGE_LOOP('',(#295,#296,#297,#298));
#1313=EDGE_LOOP('',(#299,#300,#301,#302));
#1314=EDGE_LOOP('',(#303,#304,#305,#306));
#1315=EDGE_LOOP('',(#307,#308,#309,#310));
#1316=EDGE_LOOP('',(#311,#312,#313,#314));
#1317=EDGE_LOOP('',(#315,#316,#317,#318));
#1318=EDGE_LOOP('',(#319,#320,#321,#322));
#1319=EDGE_LOOP('',(#323,#324,#325,#326));
#1320=EDGE_LOOP('',(#327,#328,#329,#330));
#1321=EDGE_LOOP('',(#331,#332,#333,#334));
#1322=EDGE_LOOP('',(#335,#336,#337,#338));
#1323=EDGE_LOOP('',(#339,#340,#341,#342));
#1324=EDGE_LOOP('',(#343,#344,#345,#346));
#1325=EDGE_LOOP('',(#347,#348,#349,#350));
#1326=EDGE_LOOP('',(#351,#352,#353,#354));
#1327=EDGE_LOOP('',(#355,#356,#357,#358));
#1328=EDGE_LOOP('',(#359,#360,#361,#362));
#1329=EDGE_LOOP('',(#363,#364,#365,#366));
#1330=EDGE_LOOP('',(#367,#368,#369,#370));
#1331=EDGE_LOOP('',(#371,#372,#373,#374));
#1332=EDGE_LOOP('',(#375,#376,#377,#378));
#1333=EDGE_LOOP('',(#379,#380,#381,#382));
#1334=EDGE_LOOP('',(#383,#384,#385,#386));
#1335=EDGE_LOOP('',(#387,#388,#389,#390));
#1336=EDGE_LOOP('',(#391,#392,#393,#394));
#1337=EDGE_LOOP('',(#395,#396,#397,#398));
#1338=EDGE_LOOP('',(#399,#400,#401,#402));
#1339=EDGE_LOOP('',(#403,#404,#405,#406));
#1340=EDGE_LOOP('',(#407,#408,#409,#410));
#1341=EDGE_LOOP('',(#411,#412,#413,#414));
#1342=EDGE_LOOP('',(#415,#416,#417,#418));
#1343=EDGE_LOOP('',(#419,#420,#421,#422));
#1344=EDGE_LOOP('',(#423,#424,#425,#426));
#1345=EDGE_LOOP('',(#427,#428,#429,#430));
#1346=EDGE_LOOP('',(#431,#432,#433,#434));
#1347=EDGE_LOOP('',(#435,#436,#437,#438));
#1348=EDGE_LOOP('',(#439,#440,#441,#442));
#1349=EDGE_LOOP('',(#443,#444,#445,#446));
#1350=EDGE_LOOP('',(#447,#448,#449,#450));
#1351=EDGE_LOOP('',(#451,#452,#453,#454));
#1352=EDGE_LOOP('',(#455,#456,#457,#458));
#1353=EDGE_LOOP('',(#459,#460,#461,#462));
#1354=EDGE_LOOP('',(#463,#464,#465,#466));
#1355=FACE_BOUND('',#1261,.T.);
#1356=FACE_BOUND('',#1262,.T.);
#1357=FACE_BOUND('',#1263,.T.);
#1358=FACE_BOUND('',#1264,.T.);
#1359=FACE_BOUND('',#1265,.T.);
#1360=FACE_BOUND('',#1266,.T.);
#1361=FACE_BOUND('',#1267,.T.);
#1362=FACE_BOUND('',#1268,.T.);
#1363=FACE_BOUND('',#1269,.T.);
#1364=FACE_BOUND('',#1270,.T.);
#1365=FACE_BOUND('',#1271,.T.);
#1366=FACE_BOUND('',#1272,.T.);
#1367=FACE_BOUND('',#1273,.T.);
#1368=FACE_BOUND('',#1274,.T.);
#1369=FACE_BOUND('',#1275,.T.);
#1370=FACE_BOUND('',#1276,.T.);
#1371=FACE_BOUND('',#1277,.T.);
#1372=FACE_BOUND('',#1278,.T.);
#1373=FACE_BOUND('',#1279,.T.);
#1374=FACE_BOUND('',#1280,.T.);
#1375=FACE_BOUND('',#1281,.T.);
#1376=FACE_BOUND('',#1282,.T.);
#1377=FACE_BOUND('',#1283,.T.);
#1378=FACE_BOUND('',#1284,.T.);
#1379=FACE_BOUND('',#1285,.T.);
#1380=FACE_BOUND('',#1286,.T.);
#1381=FACE_BOUND('',#1287,.T.);
#1382=FACE_BOUND('',#1288,.T.);
#1383=FACE_BOUND('',#1289,.T.);
#1384=FACE_BOUND('',#1290,.T.);
#1385=FACE_BOUND('',#1291,.T.);
#1386=FACE_BOUND('',#1292,.T.);
#1387=FACE_BOUND('',#1293,.T.);
#1388=FACE_BOUND('',#1294,.T.);
#1389=FACE_BOUND('',#1295,.T.);
#1390=FACE_BOUND('',#1296,.T.);
#1391=FACE_BOUND('',#1297,.T.);
#1392=FACE_BOUND('',#1298,.T.);
#1393=FACE_BOUND('',#1299,.T.);
#1394=FACE_BOUND('',#1300,.T.);
#1395=FACE_BOUND('',#1301,.T.);
#1396=FACE_BOUND('',#1302,.T.);
#1397=FACE_BOUND('',#1303,.T.);
#1398=FACE_BOUND('',#1304,.T.);
#1399=FACE_BOUND('',#1305,.T.);
#1400=FACE_BOUND('',#1306,.T.);
#1401=FACE_BOUND('',#1307,.T.);
#1402=FACE_BOUND('',#1308,.T.);
#1403=FACE_BOUND('',#1309,.T.);
#1404=FACE_BOUND('',#1310,.T.);
#1405=FACE_BOUND('',#1311,.T.);
#1406=FACE_BOUND('',#1312,.T.);
#1407=FACE_BOUND('',#1313,.T.);
#1408=FACE_BOUND('',#1314,.T.);
#1409=FACE_BOUND('',#1315,.T.);
#1410=FACE_BOUND('',#1316,.T.);
#1411=FACE_BOUND('',#1317,.T.);
#1412=FACE_BOUND('',#1318,.T.);
#1413=FACE_BOUND('',#1319,.T.);
#1414=FACE_BOUND('',#1320,.T.);
#1415=FACE_BOUND('',#1321,.T.);
#1416=FACE_BOUND('',#1322,.T.);
#1417=FACE_BOUND('',#1323,.T.);
#1418=FACE_BOUND('',#1324,.T.);
#1419=FACE_BOUND('',#1325,.T.);
#1420=FACE_BOUND('',#1326,.T.);
#1421=FACE_BOUND('',#1327,.T.);
#1422=FACE_BOUND('',#1328,.T.);
#1423=FACE_BOUND('',#1329,.T.);
#1424=FACE_BOUND('',#1330,.T.);
#1425=FACE_BOUND('',#1331,.T.);
#1426=FACE_BOUND('',#1332,.T.);
#1427=FACE_BOUND('',#1333,.T.);
#1428=FACE_BOUND('',#1334,.T.);
#1429=FACE_BOUND('',#1335,.T.);
#1430=FACE_BOUND('',#1336,.T.);
#1431=FACE_BOUND('',#1337,.T.);
#1432=FACE_BOUND('',#1338,.T.);
#1433=FACE_BOUND('',#1339,.T.);
#1434=FACE_BOUND('',#1340,.T.);
#1435=FACE_BOUND('',#1341,.T.);
#1436=FACE_BOUND('',#1342,.T.);
#1437=FACE_BOUND('',#1343,.T.);
#1438=FACE_BOUND('',#1344,.T.);
#1439=FACE_BOUND('',#1345,.T.);
#1440=FACE_BOUND('',#1346,.T.);
#1441=FACE_BOUND('',#1347,.T.);
#1442=FACE_BOUND('',#1348,.T.);
#1443=FACE_BOUND('',#1349,.T.);
#1444=FACE_BOUND('',#1350,.T.);
#1445=FACE_BOUND('',#1351,.T.);
#1446=FACE_BOUND('',#1352,.T.);
#1447=FACE_BOUND('',#1353,.T.);
#1448=FACE_BOUND('',#1354,.T.);
#1449=PLANE('',#1647);
#1450=PLANE('',#1648);
#1451=PLANE('',#1649);
#1452=PLANE('',#1650);
#1453=PLANE('',#1651);
#1454=PLANE('',#1652);
#1455=PLANE('',#1653);
#1456=PLANE('',#1654);
#1457=PLANE('',#1655);
#1458=PLANE('',#1656);
#1459=PLANE('',#1657);
#1460=PLANE('',#1658);
#1461=PLANE('',#1659);
#1462=PLANE('',#1660);
#1463=PLANE('',#1661);
#1464=PLANE('',#1662);
#1465=PLANE('',#1663);
#1466=PLANE('',#1664);
#1467=PLANE('',#1665);
#1468=PLANE('',#1666);
#1469=PLANE('',#1667);
#1470=PLANE('',#1668);
#1471=PLANE('',#1669);
#1472=PLANE('',#1670);
#1473=PLANE('',#1671);
#1474=PLANE('',#1672);
#1475=PLANE('',#1673);
#1476=PLANE('',#1674);
#1477=PLANE('',#1675);
#1478=PLANE('',#1676);
#1479=PLANE('',#1678);
#1480=PLANE('',#1679);
#1481=PLANE('',#1680);
#1482=PLANE('',#1681);
#1483=PLANE('',#1682);
#1484=PLANE('',#1683);
#1485=PLANE('',#1684);
#1486=PLANE('',#1685);
#1487=PLANE('',#1686);
#1488=PLANE('',#1687);
#1489=PLANE('',#1688);
#1490=PLANE('',#1689);
#1491=PLANE('',#1690);
#1492=PLANE('',#1691);
#1493=PLANE('',#1692);
#1494=PLANE('',#1693);
#1495=PLANE('',#1694);
#1496=PLANE('',#1695);
#1497=PLANE('',#1696);
#1498=PLANE('',#1697);
#1499=PLANE('',#1698);
#1500=PLANE('',#1699);
#1501=PLANE('',#1700);
#1502=PLANE('',#1701);
#1503=PLANE('',#1702);
#1504=PLANE('',#1703);
#1505=PLANE('',#1704);
#1506=PLANE('',#1705);
#1507=PLANE('',#1706);
#1508=PLANE('',#1707);
#1509=PLANE('',#1708);
#1510=PLANE('',#1709);
#1511=PLANE('',#1710);
#1512=PLANE('',#1711);
#1513=PLANE('',#1712);
#1514=PLANE('',#1713);
#1515=PLANE('',#1714);
#1516=PLANE('',#1715);
#1517=PLANE('',#1716);
#1518=PLANE('',#1717);
#1519=PLANE('',#1718);
#1520=PLANE('',#1719);
#1521=PLANE('',#1720);
#1522=PLANE('',#1721);
#1523=PLANE('',#1722);
#1524=PLANE('',#1723);
#1525=PLANE('',#1724);
#1526=PLANE('',#1725);
#1527=PLANE('',#1726);
#1528=PLANE('',#1727);
#1529=PLANE('',#1728);
#1530=PLANE('',#1729);
#1531=PLANE('',#1730);
#1532=PLANE('',#1731);
#1533=PLANE('',#1732);
#1534=PLANE('',#1733);
#1535=ADVANCED_FACE('',(#1355),#1449,.F.);
#1536=ADVANCED_FACE('',(#1356),#1450,.F.);
#1537=ADVANCED_FACE('',(#1357),#1451,.F.);
#1538=ADVANCED_FACE('',(#1358),#1452,.F.);
#1539=ADVANCED_FACE('',(#1359),#1453,.T.);
#1540=ADVANCED_FACE('',(#1360),#1454,.T.);
#1541=ADVANCED_FACE('',(#1361),#1455,.T.);
#1542=ADVANCED_FACE('',(#1362),#1456,.T.);
#1543=ADVANCED_FACE('',(#1363),#1457,.T.);
#1544=ADVANCED_FACE('',(#1364),#1458,.T.);
#1545=ADVANCED_FACE('',(#1365),#1459,.T.);
#1546=ADVANCED_FACE('',(#1366),#1460,.T.);
#1547=ADVANCED_FACE('',(#1367),#1461,.F.);
#1548=ADVANCED_FACE('',(#1368),#1462,.F.);
#1549=ADVANCED_FACE('',(#1369),#1463,.T.);
#1550=ADVANCED_FACE('',(#1370),#1464,.T.);
#1551=ADVANCED_FACE('',(#1371),#1465,.T.);
#1552=ADVANCED_FACE('',(#1372),#1466,.T.);
#1553=ADVANCED_FACE('',(#1373),#1467,.T.);
#1554=ADVANCED_FACE('',(#1374),#1468,.T.);
#1555=ADVANCED_FACE('',(#1375),#1469,.T.);
#1556=ADVANCED_FACE('',(#1376),#1470,.T.);
#1557=ADVANCED_FACE('',(#1377),#1471,.F.);
#1558=ADVANCED_FACE('',(#1378),#1472,.F.);
#1559=ADVANCED_FACE('',(#1379,#1380,#1381),#1473,.T.);
#1560=ADVANCED_FACE('',(#1382,#1383,#1384),#1474,.T.);
#1561=ADVANCED_FACE('',(#1385),#1475,.T.);
#1562=ADVANCED_FACE('',(#1386),#1476,.T.);
#1563=ADVANCED_FACE('',(#1387),#1477,.T.);
#1564=ADVANCED_FACE('',(#1388),#1478,.T.);
#1565=ADVANCED_FACE('',(#1389),#1479,.F.);
#1566=ADVANCED_FACE('',(#1390),#1480,.T.);
#1567=ADVANCED_FACE('',(#1391),#1481,.T.);
#1568=ADVANCED_FACE('',(#1392),#1482,.T.);
#1569=ADVANCED_FACE('',(#1393),#1483,.F.);
#1570=ADVANCED_FACE('',(#1394),#1484,.F.);
#1571=ADVANCED_FACE('',(#1395),#1485,.T.);
#1572=ADVANCED_FACE('',(#1396),#1486,.T.);
#1573=ADVANCED_FACE('',(#1397),#1487,.T.);
#1574=ADVANCED_FACE('',(#1398),#1488,.T.);
#1575=ADVANCED_FACE('',(#1399),#1489,.F.);
#1576=ADVANCED_FACE('',(#1400),#1490,.F.);
#1577=ADVANCED_FACE('',(#1401),#1491,.F.);
#1578=ADVANCED_FACE('',(#1402),#1492,.F.);
#1579=ADVANCED_FACE('',(#1403),#1493,.F.);
#1580=ADVANCED_FACE('',(#1404),#1494,.F.);
#1581=ADVANCED_FACE('',(#1405),#1495,.T.);
#1582=ADVANCED_FACE('',(#1406),#1496,.F.);
#1583=ADVANCED_FACE('',(#1407),#1497,.T.);
#1584=ADVANCED_FACE('',(#1408),#1498,.T.);
#1585=ADVANCED_FACE('',(#1409),#1499,.T.);
#1586=ADVANCED_FACE('',(#1410),#1500,.T.);
#1587=ADVANCED_FACE('',(#1411),#1501,.T.);
#1588=ADVANCED_FACE('',(#1412),#1502,.T.);
#1589=ADVANCED_FACE('',(#1413),#1503,.F.);
#1590=ADVANCED_FACE('',(#1414),#1504,.F.);
#1591=ADVANCED_FACE('',(#1415),#1505,.F.);
#1592=ADVANCED_FACE('',(#1416),#1506,.F.);
#1593=ADVANCED_FACE('',(#1417),#1507,.F.);
#1594=ADVANCED_FACE('',(#1418),#1508,.T.);
#1595=ADVANCED_FACE('',(#1419),#1509,.T.);
#1596=ADVANCED_FACE('',(#1420),#1510,.T.);
#1597=ADVANCED_FACE('',(#1421,#1422,#1423),#1511,.F.);
#1598=ADVANCED_FACE('',(#1424),#1512,.F.);
#1599=ADVANCED_FACE('',(#1425,#1426,#1427),#1513,.F.);
#1600=ADVANCED_FACE('',(#1428),#1514,.F.);
#1601=ADVANCED_FACE('',(#1429),#1515,.T.);
#1602=ADVANCED_FACE('',(#1430),#1516,.F.);
#1603=ADVANCED_FACE('',(#1431),#1517,.F.);
#1604=ADVANCED_FACE('',(#1432),#1518,.F.);
#1605=ADVANCED_FACE('',(#1433),#1519,.F.);
#1606=ADVANCED_FACE('',(#1434),#1520,.T.);
#1607=ADVANCED_FACE('',(#1435),#1521,.T.);
#1608=ADVANCED_FACE('',(#1436),#1522,.F.);
#1609=ADVANCED_FACE('',(#1437),#1523,.F.);
#1610=ADVANCED_FACE('',(#1438),#1524,.F.);
#1611=ADVANCED_FACE('',(#1439),#1525,.T.);
#1612=ADVANCED_FACE('',(#1440),#1526,.T.);
#1613=ADVANCED_FACE('',(#1441),#1527,.T.);
#1614=ADVANCED_FACE('',(#1442),#1528,.T.);
#1615=ADVANCED_FACE('',(#1443),#1529,.T.);
#1616=ADVANCED_FACE('',(#1444),#1530,.T.);
#1617=ADVANCED_FACE('',(#1445),#1531,.T.);
#1618=ADVANCED_FACE('',(#1446),#1532,.T.);
#1619=ADVANCED_FACE('',(#1447),#1533,.T.);
#1620=ADVANCED_FACE('',(#1448),#1534,.T.);
#1621=CLOSED_SHELL('',(#1535,#1536,#1537,#1538,#1539,#1540,#1541,#1542,
#1543,#1544,#1545,#1546,#1547,#1548,#1549,#1550,#1551,#1552,#1553,#1554,
#1555,#1556,#1557,#1558,#1559,#1560,#1561,#1562,#1563,#1564));
#1622=CLOSED_SHELL('',(#1565,#1566,#1567,#1568,#1569,#1570,#1571,#1572,
#1573,#1574,#1575,#1576,#1577,#1578,#1579,#1580,#1581,#1582,#1583,#1584,
#1585,#1586,#1587,#1588,#1589,#1590,#1591,#1592,#1593,#1594,#1595,#1596,
#1597,#1598,#1599,#1600,#1601,#1602,#1603,#1604,#1605,#1606,#1607,#1608,
#1609,#1610,#1611,#1612,#1613,#1614,#1615,#1616,#1617,#1618,#1619,#1620));
#1623=STYLED_ITEM('',(#1625),#1638);
#1624=STYLED_ITEM('',(#1626),#1639);
#1625=PRESENTATION_STYLE_ASSIGNMENT((#1627));
#1626=PRESENTATION_STYLE_ASSIGNMENT((#1628));
#1627=SURFACE_STYLE_USAGE(.BOTH.,#1629);
#1628=SURFACE_STYLE_USAGE(.BOTH.,#1630);
#1629=SURFACE_SIDE_STYLE('',(#1631));
#1630=SURFACE_SIDE_STYLE('',(#1632));
#1631=SURFACE_STYLE_FILL_AREA(#1633);
#1632=SURFACE_STYLE_FILL_AREA(#1634);
#1633=FILL_AREA_STYLE('',(#1635));
#1634=FILL_AREA_STYLE('',(#1636));
#1635=FILL_AREA_STYLE_COLOUR('',#1637);
#1636=FILL_AREA_STYLE_COLOUR('',#18);
#1637=COLOUR_RGB('',0.5,0.5,0.5);
#1638=MANIFOLD_SOLID_BREP('TSW-101-23-S-D-LL_body',#1621);
#1639=MANIFOLD_SOLID_BREP('T-1S6-16-TSW-1-23-1-D-LL',#1622);
#1640=SHAPE_DEFINITION_REPRESENTATION(#2591,#1643);
#1641=SHAPE_DEFINITION_REPRESENTATION(#2592,#1644);
#1642=SHAPE_DEFINITION_REPRESENTATION(#2594,#1645);
#1643=SHAPE_REPRESENTATION('TSW-101-23-S-D-LL',(#1646,#1677,#1734),#2579);
#1644=SHAPE_REPRESENTATION('TSW-101-23-S-D-LL_body',(#1646),#2580);
#1645=SHAPE_REPRESENTATION('T-1S6-16-TSW-1-23-1-D-LL',(#1646),#2581);
#1646=AXIS2_PLACEMENT_3D('',#2131,#1735,#1736);
#1647=AXIS2_PLACEMENT_3D('',#2132,#1737,#1738);
#1648=AXIS2_PLACEMENT_3D('',#2141,#1743,#1744);
#1649=AXIS2_PLACEMENT_3D('',#2150,#1749,#1750);
#1650=AXIS2_PLACEMENT_3D('',#2159,#1755,#1756);
#1651=AXIS2_PLACEMENT_3D('',#2168,#1761,#1762);
#1652=AXIS2_PLACEMENT_3D('',#2174,#1766,#1767);
#1653=AXIS2_PLACEMENT_3D('',#2180,#1771,#1772);
#1654=AXIS2_PLACEMENT_3D('',#2186,#1776,#1777);
#1655=AXIS2_PLACEMENT_3D('',#2192,#1781,#1782);
#1656=AXIS2_PLACEMENT_3D('',#2198,#1786,#1787);
#1657=AXIS2_PLACEMENT_3D('',#2204,#1791,#1792);
#1658=AXIS2_PLACEMENT_3D('',#2210,#1796,#1797);
#1659=AXIS2_PLACEMENT_3D('',#2216,#1801,#1802);
#1660=AXIS2_PLACEMENT_3D('',#2227,#1809,#1810);
#1661=AXIS2_PLACEMENT_3D('',#2238,#1817,#1818);
#1662=AXIS2_PLACEMENT_3D('',#2247,#1823,#1824);
#1663=AXIS2_PLACEMENT_3D('',#2253,#1828,#1829);
#1664=AXIS2_PLACEMENT_3D('',#2259,#1833,#1834);
#1665=AXIS2_PLACEMENT_3D('',#2268,#1839,#1840);
#1666=AXIS2_PLACEMENT_3D('',#2274,#1844,#1845);
#1667=AXIS2_PLACEMENT_3D('',#2280,#1849,#1850);
#1668=AXIS2_PLACEMENT_3D('',#2283,#1853,#1854);
#1669=AXIS2_PLACEMENT_3D('',#2286,#1857,#1858);
#1670=AXIS2_PLACEMENT_3D('',#2289,#1861,#1862);
#1671=AXIS2_PLACEMENT_3D('',#2292,#1865,#1866);
#1672=AXIS2_PLACEMENT_3D('',#2293,#1867,#1868);
#1673=AXIS2_PLACEMENT_3D('',#2298,#1873,#1874);
#1674=AXIS2_PLACEMENT_3D('',#2299,#1875,#1876);
#1675=AXIS2_PLACEMENT_3D('',#2300,#1877,#1878);
#1676=AXIS2_PLACEMENT_3D('',#2301,#1879,#1880);
#1677=AXIS2_PLACEMENT_3D('',#2302,#1881,#1882);
#1678=AXIS2_PLACEMENT_3D('',#2303,#1883,#1884);
#1679=AXIS2_PLACEMENT_3D('',#2312,#1889,#1890);
#1680=AXIS2_PLACEMENT_3D('',#2321,#1895,#1896);
#1681=AXIS2_PLACEMENT_3D('',#2330,#1901,#1902);
#1682=AXIS2_PLACEMENT_3D('',#2339,#1907,#1908);
#1683=AXIS2_PLACEMENT_3D('',#2348,#1913,#1914);
#1684=AXIS2_PLACEMENT_3D('',#2357,#1919,#1920);
#1685=AXIS2_PLACEMENT_3D('',#2361,#1924,#1925);
#1686=AXIS2_PLACEMENT_3D('',#2365,#1929,#1930);
#1687=AXIS2_PLACEMENT_3D('',#2369,#1934,#1935);
#1688=AXIS2_PLACEMENT_3D('',#2373,#1939,#1940);
#1689=AXIS2_PLACEMENT_3D('',#2389,#1949,#1950);
#1690=AXIS2_PLACEMENT_3D('',#2405,#1959,#1960);
#1691=AXIS2_PLACEMENT_3D('',#2421,#1969,#1970);
#1692=AXIS2_PLACEMENT_3D('',#2437,#1979,#1980);
#1693=AXIS2_PLACEMENT_3D('',#2446,#1985,#1986);
#1694=AXIS2_PLACEMENT_3D('',#2455,#1991,#1992);
#1695=AXIS2_PLACEMENT_3D('',#2464,#1997,#1998);
#1696=AXIS2_PLACEMENT_3D('',#2473,#2003,#2004);
#1697=AXIS2_PLACEMENT_3D('',#2482,#2009,#2010);
#1698=AXIS2_PLACEMENT_3D('',#2491,#2015,#2016);
#1699=AXIS2_PLACEMENT_3D('',#2495,#2020,#2021);
#1700=AXIS2_PLACEMENT_3D('',#2499,#2025,#2026);
#1701=AXIS2_PLACEMENT_3D('',#2503,#2030,#2031);
#1702=AXIS2_PLACEMENT_3D('',#2507,#2035,#2036);
#1703=AXIS2_PLACEMENT_3D('',#2509,#2038,#2039);
#1704=AXIS2_PLACEMENT_3D('',#2511,#2041,#2042);
#1705=AXIS2_PLACEMENT_3D('',#2513,#2044,#2045);
#1706=AXIS2_PLACEMENT_3D('',#2515,#2047,#2048);
#1707=AXIS2_PLACEMENT_3D('',#2518,#2051,#2052);
#1708=AXIS2_PLACEMENT_3D('',#2521,#2055,#2056);
#1709=AXIS2_PLACEMENT_3D('',#2524,#2059,#2060);
#1710=AXIS2_PLACEMENT_3D('',#2527,#2063,#2064);
#1711=AXIS2_PLACEMENT_3D('',#2536,#2069,#2070);
#1712=AXIS2_PLACEMENT_3D('',#2542,#2074,#2075);
#1713=AXIS2_PLACEMENT_3D('',#2548,#2079,#2080);
#1714=AXIS2_PLACEMENT_3D('',#2551,#2083,#2084);
#1715=AXIS2_PLACEMENT_3D('',#2552,#2085,#2086);
#1716=AXIS2_PLACEMENT_3D('',#2553,#2087,#2088);
#1717=AXIS2_PLACEMENT_3D('',#2555,#2090,#2091);
#1718=AXIS2_PLACEMENT_3D('',#2557,#2093,#2094);
#1719=AXIS2_PLACEMENT_3D('',#2558,#2095,#2096);
#1720=AXIS2_PLACEMENT_3D('',#2560,#2098,#2099);
#1721=AXIS2_PLACEMENT_3D('',#2561,#2100,#2101);
#1722=AXIS2_PLACEMENT_3D('',#2563,#2103,#2104);
#1723=AXIS2_PLACEMENT_3D('',#2565,#2106,#2107);
#1724=AXIS2_PLACEMENT_3D('',#2566,#2108,#2109);
#1725=AXIS2_PLACEMENT_3D('',#2568,#2111,#2112);
#1726=AXIS2_PLACEMENT_3D('',#2569,#2113,#2114);
#1727=AXIS2_PLACEMENT_3D('',#2570,#2115,#2116);
#1728=AXIS2_PLACEMENT_3D('',#2571,#2117,#2118);
#1729=AXIS2_PLACEMENT_3D('',#2572,#2119,#2120);
#1730=AXIS2_PLACEMENT_3D('',#2573,#2121,#2122);
#1731=AXIS2_PLACEMENT_3D('',#2574,#2123,#2124);
#1732=AXIS2_PLACEMENT_3D('',#2575,#2125,#2126);
#1733=AXIS2_PLACEMENT_3D('',#2576,#2127,#2128);
#1734=AXIS2_PLACEMENT_3D('',#2577,#2129,#2130);
#1735=DIRECTION('',(0.,0.,1.));
#1736=DIRECTION('',(1.,0.,0.));
#1737=DIRECTION('',(0.,1.,0.));
#1738=DIRECTION('',(0.,0.,1.));
#1739=DIRECTION('',(-1.,0.,0.));
#1740=DIRECTION('',(0.,0.,-1.));
#1741=DIRECTION('',(1.,0.,0.));
#1742=DIRECTION('',(0.,0.,1.));
#1743=DIRECTION('',(0.,1.,0.));
#1744=DIRECTION('',(0.,0.,1.));
#1745=DIRECTION('',(1.,0.,0.));
#1746=DIRECTION('',(0.,0.,1.));
#1747=DIRECTION('',(-1.,0.,0.));
#1748=DIRECTION('',(0.,0.,-1.));
#1749=DIRECTION('',(0.,1.,0.));
#1750=DIRECTION('',(0.,0.,1.));
#1751=DIRECTION('',(-1.,0.,0.));
#1752=DIRECTION('',(0.,0.,-1.));
#1753=DIRECTION('',(1.,0.,0.));
#1754=DIRECTION('',(0.,0.,1.));
#1755=DIRECTION('',(0.,1.,0.));
#1756=DIRECTION('',(0.,0.,1.));
#1757=DIRECTION('',(1.,0.,0.));
#1758=DIRECTION('',(0.,0.,1.));
#1759=DIRECTION('',(-1.,0.,0.));
#1760=DIRECTION('',(0.,0.,-1.));
#1761=DIRECTION('',(-1.,0.,0.));
#1762=DIRECTION('',(0.,0.,1.));
#1763=DIRECTION('',(0.,0.,-1.));
#1764=DIRECTION('',(0.,-1.,0.));
#1765=DIRECTION('',(0.,1.,0.));
#1766=DIRECTION('',(-1.,0.,0.));
#1767=DIRECTION('',(0.,0.,1.));
#1768=DIRECTION('',(0.,1.,0.));
#1769=DIRECTION('',(0.,0.,-1.));
#1770=DIRECTION('',(0.,-1.,0.));
#1771=DIRECTION('',(1.,0.,0.));
#1772=DIRECTION('',(0.,0.,-1.));
#1773=DIRECTION('',(0.,1.,0.));
#1774=DIRECTION('',(0.,0.,-1.));
#1775=DIRECTION('',(0.,-1.,0.));
#1776=DIRECTION('',(1.,0.,0.));
#1777=DIRECTION('',(0.,0.,-1.));
#1778=DIRECTION('',(0.,0.,-1.));
#1779=DIRECTION('',(0.,-1.,0.));
#1780=DIRECTION('',(0.,1.,0.));
#1781=DIRECTION('',(1.,0.,0.));
#1782=DIRECTION('',(0.,0.,-1.));
#1783=DIRECTION('',(0.,1.,0.));
#1784=DIRECTION('',(0.,0.,-1.));
#1785=DIRECTION('',(0.,-1.,0.));
#1786=DIRECTION('',(1.,0.,0.));
#1787=DIRECTION('',(0.,0.,-1.));
#1788=DIRECTION('',(0.,0.,-1.));
#1789=DIRECTION('',(0.,-1.,0.));
#1790=DIRECTION('',(0.,1.,0.));
#1791=DIRECTION('',(-1.,0.,0.));
#1792=DIRECTION('',(0.,0.,1.));
#1793=DIRECTION('',(0.,0.,-1.));
#1794=DIRECTION('',(0.,-1.,0.));
#1795=DIRECTION('',(0.,1.,0.));
#1796=DIRECTION('',(-1.,0.,0.));
#1797=DIRECTION('',(0.,0.,1.));
#1798=DIRECTION('',(0.,1.,0.));
#1799=DIRECTION('',(0.,0.,-1.));
#1800=DIRECTION('',(0.,-1.,0.));
#1801=DIRECTION('',(0.,0.,1.));
#1802=DIRECTION('',(1.,0.,0.));
#1803=DIRECTION('',(1.,9.23014419849869E-17,0.));
#1804=DIRECTION('',(0.,-1.,0.));
#1805=DIRECTION('',(-1.,0.,0.));
#1806=DIRECTION('',(0.,-1.,0.));
#1807=DIRECTION('',(1.,0.,0.));
#1808=DIRECTION('',(1.,0.,0.));
#1809=DIRECTION('',(0.,0.,-1.));
#1810=DIRECTION('',(-1.,0.,0.));
#1811=DIRECTION('',(-1.,0.,0.));
#1812=DIRECTION('',(-1.,0.,0.));
#1813=DIRECTION('',(0.,-1.,0.));
#1814=DIRECTION('',(1.,0.,0.));
#1815=DIRECTION('',(0.,-1.,0.));
#1816=DIRECTION('',(-1.,-9.23014419849869E-17,0.));
#1817=DIRECTION('',(0.,0.,1.));
#1818=DIRECTION('',(1.,0.,0.));
#1819=DIRECTION('',(0.,-1.,0.));
#1820=DIRECTION('',(1.,0.,0.));
#1821=DIRECTION('',(0.,-1.,0.));
#1822=DIRECTION('',(-1.,0.,0.));
#1823=DIRECTION('',(-1.,0.,0.));
#1824=DIRECTION('',(0.,0.,1.));
#1825=DIRECTION('',(0.,0.,1.));
#1826=DIRECTION('',(0.,-1.,0.));
#1827=DIRECTION('',(0.,0.,-1.));
#1828=DIRECTION('',(0.,0.,-1.));
#1829=DIRECTION('',(-1.,0.,0.));
#1830=DIRECTION('',(-1.,0.,0.));
#1831=DIRECTION('',(0.,-1.,0.));
#1832=DIRECTION('',(1.,0.,0.));
#1833=DIRECTION('',(0.,0.,1.));
#1834=DIRECTION('',(1.,0.,0.));
#1835=DIRECTION('',(0.,-1.,0.));
#1836=DIRECTION('',(1.,0.,0.));
#1837=DIRECTION('',(0.,-1.,0.));
#1838=DIRECTION('',(-1.,0.,0.));
#1839=DIRECTION('',(-1.,0.,0.));
#1840=DIRECTION('',(0.,0.,1.));
#1841=DIRECTION('',(0.,0.,1.));
#1842=DIRECTION('',(0.,-1.,0.));
#1843=DIRECTION('',(0.,0.,-1.));
#1844=DIRECTION('',(0.,0.,-1.));
#1845=DIRECTION('',(-1.,0.,0.));
#1846=DIRECTION('',(-1.,0.,0.));
#1847=DIRECTION('',(0.,-1.,0.));
#1848=DIRECTION('',(1.,0.,0.));
#1849=DIRECTION('',(1.,0.,0.));
#1850=DIRECTION('',(0.,0.,-1.));
#1851=DIRECTION('',(0.,0.,-1.));
#1852=DIRECTION('',(0.,0.,1.));
#1853=DIRECTION('',(1.,0.,0.));
#1854=DIRECTION('',(0.,0.,-1.));
#1855=DIRECTION('',(0.,0.,-1.));
#1856=DIRECTION('',(0.,0.,1.));
#1857=DIRECTION('',(1.,0.,0.));
#1858=DIRECTION('',(0.,0.,-1.));
#1859=DIRECTION('',(0.,0.,-1.));
#1860=DIRECTION('',(0.,0.,1.));
#1861=DIRECTION('',(-1.,0.,0.));
#1862=DIRECTION('',(0.,0.,1.));
#1863=DIRECTION('',(0.,0.,1.));
#1864=DIRECTION('',(0.,0.,-1.));
#1865=DIRECTION('',(0.,1.,0.));
#1866=DIRECTION('',(0.,0.,1.));
#1867=DIRECTION('',(9.23014419849869E-17,-1.,0.));
#1868=DIRECTION('',(1.,9.23014419849869E-17,0.));
#1869=DIRECTION('',(-1.,0.,0.));
#1870=DIRECTION('',(-1.,0.,0.));
#1871=DIRECTION('',(-1.,0.,0.));
#1872=DIRECTION('',(-1.,0.,0.));
#1873=DIRECTION('',(0.,0.,1.));
#1874=DIRECTION('',(1.,0.,0.));
#1875=DIRECTION('',(0.,0.,-1.));
#1876=DIRECTION('',(-1.,0.,0.));
#1877=DIRECTION('',(0.,0.,-1.));
#1878=DIRECTION('',(-1.,0.,0.));
#1879=DIRECTION('',(0.,0.,1.));
#1880=DIRECTION('',(1.,0.,0.));
#1881=DIRECTION('',(0.,0.,1.));
#1882=DIRECTION('',(1.,0.,0.));
#1883=DIRECTION('',(0.,0.,1.));
#1884=DIRECTION('',(1.,0.,0.));
#1885=DIRECTION('',(-1.,0.,0.));
#1886=DIRECTION('',(0.,-1.,0.));
#1887=DIRECTION('',(-1.,0.,0.));
#1888=DIRECTION('',(0.,1.,0.));
#1889=DIRECTION('',(0.,0.,1.));
#1890=DIRECTION('',(1.,0.,0.));
#1891=DIRECTION('',(0.,-1.,0.));
#1892=DIRECTION('',(-1.,0.,0.));
#1893=DIRECTION('',(0.,1.,0.));
#1894=DIRECTION('',(-1.,0.,0.));
#1895=DIRECTION('',(0.,0.,1.));
#1896=DIRECTION('',(1.,0.,0.));
#1897=DIRECTION('',(0.,-1.,0.));
#1898=DIRECTION('',(-1.,0.,0.));
#1899=DIRECTION('',(0.,1.,0.));
#1900=DIRECTION('',(-1.,0.,0.));
#1901=DIRECTION('',(0.,0.,-1.));
#1902=DIRECTION('',(-1.,0.,0.));
#1903=DIRECTION('',(0.,-1.,0.));
#1904=DIRECTION('',(-1.,0.,0.));
#1905=DIRECTION('',(0.,1.,0.));
#1906=DIRECTION('',(-1.,0.,0.));
#1907=DIRECTION('',(0.,1.,0.));
#1908=DIRECTION('',(0.,0.,1.));
#1909=DIRECTION('',(-1.,0.,0.));
#1910=DIRECTION('',(0.,0.,-1.));
#1911=DIRECTION('',(-1.,0.,0.));
#1912=DIRECTION('',(0.,0.,-1.));
#1913=DIRECTION('',(0.,1.,0.));
#1914=DIRECTION('',(0.,0.,1.));
#1915=DIRECTION('',(-1.,0.,0.));
#1916=DIRECTION('',(0.,0.,-1.));
#1917=DIRECTION('',(-1.,0.,0.));
#1918=DIRECTION('',(0.,0.,1.));
#1919=DIRECTION('',(0.866025403784437,-0.500000000000003,0.));
#1920=DIRECTION('',(0.500000000000003,0.866025403784437,0.));
#1921=DIRECTION('',(0.44721359549996,0.774596669241481,-0.44721359549996));
#1922=DIRECTION('',(0.,0.,-1.));
#1923=DIRECTION('',(-0.447213595499966,-0.774596669241491,-0.447213595499938));
#1924=DIRECTION('',(-0.866025403784444,-0.499999999999992,0.));
#1925=DIRECTION('',(0.499999999999991,-0.866025403784443,0.));
#1926=DIRECTION('',(0.,0.,-1.));
#1927=DIRECTION('',(0.447213595499949,-0.774596669241486,0.447213595499963));
#1928=DIRECTION('',(-0.447213595499955,0.774596669241495,0.44721359549994));
#1929=DIRECTION('',(0.866025403784437,-0.500000000000003,0.));
#1930=DIRECTION('',(0.500000000000003,0.866025403784437,0.));
#1931=DIRECTION('',(0.,0.,-1.));
#1932=DIRECTION('',(-0.44721359549996,-0.774596669241481,-0.447213595499961));
#1933=DIRECTION('',(0.44721359549996,0.774596669241481,-0.44721359549996));
#1934=DIRECTION('',(-0.866025403784444,-0.499999999999992,0.));
#1935=DIRECTION('',(0.499999999999991,-0.866025403784443,0.));
#1936=DIRECTION('',(-0.447213595499949,0.774596669241485,0.447213595499963));
#1937=DIRECTION('',(0.,0.,-1.));
#1938=DIRECTION('',(0.447213595499949,-0.774596669241486,0.447213595499963));
#1939=DIRECTION('',(-1.,0.,0.));
#1940=DIRECTION('',(0.,0.,1.));
#1941=DIRECTION('',(0.,-0.529998940003181,-0.847998304005088));
#1942=DIRECTION('',(0.,-0.529998940003181,0.847998304005087));
#1943=DIRECTION('',(0.,1.,0.));
#1944=DIRECTION('',(0.,0.,-1.));
#1945=DIRECTION('',(0.,1.,0.));
#1946=DIRECTION('',(0.,-0.630592640181308,0.776113987858206));
#1947=DIRECTION('',(0.,-1.,0.));
#1948=DIRECTION('',(0.,-0.630592640181308,-0.776113987858206));
#1949=DIRECTION('',(1.,0.,0.));
#1950=DIRECTION('',(0.,0.,-1.));
#1951=DIRECTION('',(0.,-0.630592640181308,-0.776113987858206));
#1952=DIRECTION('',(0.,-1.,0.));
#1953=DIRECTION('',(0.,-0.630592640181308,0.776113987858206));
#1954=DIRECTION('',(0.,-1.,0.));
#1955=DIRECTION('',(0.,0.,1.));
#1956=DIRECTION('',(0.,-1.,0.));
#1957=DIRECTION('',(0.,-0.529998940003181,0.847998304005087));
#1958=DIRECTION('',(0.,-0.529998940003181,-0.847998304005088));
#1959=DIRECTION('',(-1.,0.,0.));
#1960=DIRECTION('',(0.,0.,1.));
#1961=DIRECTION('',(0.,0.630592640181316,-0.776113987858199));
#1962=DIRECTION('',(0.,1.,0.));
#1963=DIRECTION('',(0.,0.630592640181316,0.776113987858199));
#1964=DIRECTION('',(0.,-1.,0.));
#1965=DIRECTION('',(0.,0.,-1.));
#1966=DIRECTION('',(0.,1.,0.));
#1967=DIRECTION('',(0.,0.52999894000318,0.847998304005088));
#1968=DIRECTION('',(0.,0.529998940003181,-0.847998304005088));
#1969=DIRECTION('',(1.,0.,0.));
#1970=DIRECTION('',(0.,0.,-1.));
#1971=DIRECTION('',(0.,0.529998940003181,-0.847998304005088));
#1972=DIRECTION('',(0.,0.52999894000318,0.847998304005088));
#1973=DIRECTION('',(0.,-1.,0.));
#1974=DIRECTION('',(0.,0.,1.));
#1975=DIRECTION('',(0.,1.,0.));
#1976=DIRECTION('',(0.,0.630592640181316,0.776113987858199));
#1977=DIRECTION('',(0.,1.,0.));
#1978=DIRECTION('',(0.,0.630592640181316,-0.776113987858199));
#1979=DIRECTION('',(0.,-1.,0.));
#1980=DIRECTION('',(0.,0.,-1.));
#1981=DIRECTION('',(-1.,0.,0.));
#1982=DIRECTION('',(0.,0.,-1.));
#1983=DIRECTION('',(-1.,0.,0.));
#1984=DIRECTION('',(0.,0.,-1.));
#1985=DIRECTION('',(0.,-1.,0.));
#1986=DIRECTION('',(0.,0.,-1.));
#1987=DIRECTION('',(-1.,0.,0.));
#1988=DIRECTION('',(0.,0.,-1.));
#1989=DIRECTION('',(-1.,0.,0.));
#1990=DIRECTION('',(0.,0.,-1.));
#1991=DIRECTION('',(0.,0.,1.));
#1992=DIRECTION('',(1.,0.,0.));
#1993=DIRECTION('',(0.,1.,0.));
#1994=DIRECTION('',(-1.,0.,0.));
#1995=DIRECTION('',(0.,-1.,0.));
#1996=DIRECTION('',(1.,0.,0.));
#1997=DIRECTION('',(0.,0.,1.));
#1998=DIRECTION('',(1.,0.,0.));
#1999=DIRECTION('',(-1.,0.,0.));
#2000=DIRECTION('',(0.,1.,0.));
#2001=DIRECTION('',(1.,0.,0.));
#2002=DIRECTION('',(0.,-1.,0.));
#2003=DIRECTION('',(0.,0.,-1.));
#2004=DIRECTION('',(-1.,0.,0.));
#2005=DIRECTION('',(0.,1.,0.));
#2006=DIRECTION('',(-1.,0.,0.));
#2007=DIRECTION('',(0.,-1.,0.));
#2008=DIRECTION('',(-1.,0.,0.));
#2009=DIRECTION('',(0.,0.,1.));
#2010=DIRECTION('',(1.,0.,0.));
#2011=DIRECTION('',(0.,1.,0.));
#2012=DIRECTION('',(-1.,0.,0.));
#2013=DIRECTION('',(0.,-1.,0.));
#2014=DIRECTION('',(-1.,0.,0.));
#2015=DIRECTION('',(0.86602540378444,0.499999999999998,0.));
#2016=DIRECTION('',(-0.499999999999998,0.86602540378444,0.));
#2017=DIRECTION('',(0.447213595499957,-0.774596669241485,0.447213595499957));
#2018=DIRECTION('',(0.,0.,-1.));
#2019=DIRECTION('',(-0.447213595499956,0.774596669241484,0.447213595499957));
#2020=DIRECTION('',(-0.86602540378444,0.499999999999998,0.));
#2021=DIRECTION('',(-0.499999999999998,-0.86602540378444,0.));
#2022=DIRECTION('',(0.,0.,-1.));
#2023=DIRECTION('',(0.447213595499956,0.774596669241485,-0.447213595499957));
#2024=DIRECTION('',(-0.447213595499956,-0.774596669241485,-0.447213595499958));
#2025=DIRECTION('',(0.86602540378444,0.499999999999998,0.));
#2026=DIRECTION('',(-0.499999999999998,0.86602540378444,0.));
#2027=DIRECTION('',(0.447213595499956,-0.774596669241484,0.447213595499957));
#2028=DIRECTION('',(0.,0.,-1.));
#2029=DIRECTION('',(-0.447213595499957,0.774596669241484,0.447213595499958));
#2030=DIRECTION('',(-0.86602540378444,0.499999999999998,0.));
#2031=DIRECTION('',(-0.499999999999998,-0.86602540378444,0.));
#2032=DIRECTION('',(0.,0.,-1.));
#2033=DIRECTION('',(0.447213595499956,0.774596669241485,-0.447213595499958));
#2034=DIRECTION('',(-0.447213595499956,-0.774596669241484,-0.447213595499958));
#2035=DIRECTION('',(1.,0.,0.));
#2036=DIRECTION('',(0.,0.,-1.));
#2037=DIRECTION('',(0.,0.,-1.));
#2038=DIRECTION('',(1.,0.,0.));
#2039=DIRECTION('',(0.,0.,-1.));
#2040=DIRECTION('',(0.,0.,-1.));
#2041=DIRECTION('',(-1.,0.,0.));
#2042=DIRECTION('',(0.,0.,1.));
#2043=DIRECTION('',(0.,0.,1.));
#2044=DIRECTION('',(-1.,0.,0.));
#2045=DIRECTION('',(0.,0.,1.));
#2046=DIRECTION('',(0.,0.,1.));
#2047=DIRECTION('',(0.,0.,1.));
#2048=DIRECTION('',(1.,0.,0.));
#2049=DIRECTION('',(-1.,0.,0.));
#2050=DIRECTION('',(-1.,0.,0.));
#2051=DIRECTION('',(0.,0.,1.));
#2052=DIRECTION('',(1.,0.,0.));
#2053=DIRECTION('',(-1.,0.,0.));
#2054=DIRECTION('',(-1.,0.,0.));
#2055=DIRECTION('',(0.,0.,1.));
#2056=DIRECTION('',(1.,0.,0.));
#2057=DIRECTION('',(-1.,0.,0.));
#2058=DIRECTION('',(-1.,0.,0.));
#2059=DIRECTION('',(0.,0.,-1.));
#2060=DIRECTION('',(-1.,0.,0.));
#2061=DIRECTION('',(-1.,0.,0.));
#2062=DIRECTION('',(-1.,0.,0.));
#2063=DIRECTION('',(0.,-1.,0.));
#2064=DIRECTION('',(0.,0.,-1.));
#2065=DIRECTION('',(0.,0.,1.));
#2066=DIRECTION('',(-1.,0.,0.));
#2067=DIRECTION('',(0.,0.,1.));
#2068=DIRECTION('',(-1.,0.,0.));
#2069=DIRECTION('',(0.,0.,-1.));
#2070=DIRECTION('',(-1.,0.,0.));
#2071=DIRECTION('',(0.,-1.,0.));
#2072=DIRECTION('',(-1.,0.,0.));
#2073=DIRECTION('',(0.,-1.,0.));
#2074=DIRECTION('',(0.,1.,0.));
#2075=DIRECTION('',(0.,0.,1.));
#2076=DIRECTION('',(0.,0.,-1.));
#2077=DIRECTION('',(-1.,0.,0.));
#2078=DIRECTION('',(0.,0.,-1.));
#2079=DIRECTION('',(0.,0.,1.));
#2080=DIRECTION('',(1.,0.,0.));
#2081=DIRECTION('',(0.,1.,0.));
#2082=DIRECTION('',(0.,1.,0.));
#2083=DIRECTION('',(1.,0.,0.));
#2084=DIRECTION('',(0.,0.,-1.));
#2085=DIRECTION('',(1.,0.,0.));
#2086=DIRECTION('',(0.,0.,-1.));
#2087=DIRECTION('',(0.,0.776113987858199,0.630592640181316));
#2088=DIRECTION('',(0.,-0.630592640181316,0.776113987858199));
#2089=DIRECTION('',(-1.,0.,0.));
#2090=DIRECTION('',(0.,0.,1.));
#2091=DIRECTION('',(1.,0.,0.));
#2092=DIRECTION('',(-1.,0.,0.));
#2093=DIRECTION('',(0.,-0.776113987858199,0.630592640181316));
#2094=DIRECTION('',(0.,-0.630592640181316,-0.776113987858199));
#2095=DIRECTION('',(0.,-0.847998304005088,0.52999894000318));
#2096=DIRECTION('',(0.,-0.52999894000318,-0.847998304005088));
#2097=DIRECTION('',(-1.,0.,0.));
#2098=DIRECTION('',(0.,0.847998304005088,0.52999894000318));
#2099=DIRECTION('',(0.,-0.52999894000318,0.847998304005088));
#2100=DIRECTION('',(0.,-0.776113987858206,-0.630592640181308));
#2101=DIRECTION('',(0.,0.630592640181308,-0.776113987858206));
#2102=DIRECTION('',(-1.,0.,0.));
#2103=DIRECTION('',(0.,0.,-1.));
#2104=DIRECTION('',(-1.,0.,0.));
#2105=DIRECTION('',(-1.,0.,0.));
#2106=DIRECTION('',(0.,0.776113987858206,-0.630592640181308));
#2107=DIRECTION('',(0.,0.630592640181308,0.776113987858206));
#2108=DIRECTION('',(0.,-0.847998304005087,-0.529998940003181));
#2109=DIRECTION('',(0.,0.529998940003181,-0.847998304005087));
#2110=DIRECTION('',(-1.,0.,0.));
#2111=DIRECTION('',(0.,0.847998304005088,-0.52999894000318));
#2112=DIRECTION('',(0.,0.52999894000318,0.847998304005088));
#2113=DIRECTION('',(0.,0.499999999999999,-0.866025403784439));
#2114=DIRECTION('',(0.,0.866025403784439,0.499999999999999));
#2115=DIRECTION('',(0.,0.499999999999999,0.866025403784439));
#2116=DIRECTION('',(0.,-0.866025403784439,0.499999999999999));
#2117=DIRECTION('',(0.,0.499999999999999,-0.866025403784439));
#2118=DIRECTION('',(0.,0.866025403784439,0.499999999999999));
#2119=DIRECTION('',(0.,0.499999999999999,0.866025403784439));
#2120=DIRECTION('',(0.,-0.866025403784439,0.499999999999999));
#2121=DIRECTION('',(0.,-0.500000000000003,-0.866025403784437));
#2122=DIRECTION('',(0.,0.866025403784437,-0.500000000000003));
#2123=DIRECTION('',(0.,-0.500000000000003,0.866025403784437));
#2124=DIRECTION('',(0.,-0.866025403784437,-0.500000000000004));
#2125=DIRECTION('',(0.,-0.499999999999979,0.86602540378445));
#2126=DIRECTION('',(0.,-0.86602540378445,-0.499999999999979));
#2127=DIRECTION('',(0.,-0.500000000000003,-0.866025403784437));
#2128=DIRECTION('',(0.,0.866025403784437,-0.500000000000003));
#2129=DIRECTION('',(0.,0.,1.));
#2130=DIRECTION('',(1.,0.,0.));
#2131=CARTESIAN_POINT('',(0.,0.,0.));
#2132=CARTESIAN_POINT('',(0.,0.,0.));
#2133=CARTESIAN_POINT('',(0.,0.,0.083));
#2134=CARTESIAN_POINT('',(-0.02312267,0.,0.083));
#2135=CARTESIAN_POINT('',(-0.04012267,0.,0.083));
#2136=CARTESIAN_POINT('',(-0.02312267,0.,0.));
#2137=CARTESIAN_POINT('',(-0.02312267,0.,0.1));
#2138=CARTESIAN_POINT('',(-0.05,0.,0.1));
#2139=CARTESIAN_POINT('',(-0.04012267,-1.73472347597681E-18,0.1));
#2140=CARTESIAN_POINT('',(-0.04012267,0.,0.));
#2141=CARTESIAN_POINT('',(0.,0.,0.));
#2142=CARTESIAN_POINT('',(0.,0.,-0.083));
#2143=CARTESIAN_POINT('',(-0.04012267,0.,-0.083));
#2144=CARTESIAN_POINT('',(-0.02312267,0.,-0.083));
#2145=CARTESIAN_POINT('',(-0.04012267,0.,0.));
#2146=CARTESIAN_POINT('',(-0.04012267,0.,-0.1));
#2147=CARTESIAN_POINT('',(0.05,0.,-0.1));
#2148=CARTESIAN_POINT('',(-0.02312267,0.,-0.1));
#2149=CARTESIAN_POINT('',(-0.02312267,0.,0.));
#2150=CARTESIAN_POINT('',(0.,0.,0.));
#2151=CARTESIAN_POINT('',(0.,0.,0.083));
#2152=CARTESIAN_POINT('',(0.04012267,0.,0.083));
#2153=CARTESIAN_POINT('',(0.02312268,0.,0.083));
#2154=CARTESIAN_POINT('',(0.04012267,0.,0.));
#2155=CARTESIAN_POINT('',(0.04012267,0.,0.1));
#2156=CARTESIAN_POINT('',(-0.05,0.,0.1));
#2157=CARTESIAN_POINT('',(0.02312268,0.,0.1));
#2158=CARTESIAN_POINT('',(0.02312268,0.,0.));
#2159=CARTESIAN_POINT('',(0.,0.,0.));
#2160=CARTESIAN_POINT('',(0.,0.,-0.083));
#2161=CARTESIAN_POINT('',(0.02312268,0.,-0.083));
#2162=CARTESIAN_POINT('',(0.04012267,0.,-0.083));
#2163=CARTESIAN_POINT('',(0.02312268,0.,0.));
#2164=CARTESIAN_POINT('',(0.02312268,0.,-0.1));
#2165=CARTESIAN_POINT('',(0.05,0.,-0.1));
#2166=CARTESIAN_POINT('',(0.04012267,0.,-0.1));
#2167=CARTESIAN_POINT('',(0.04012267,0.,0.));
#2168=CARTESIAN_POINT('',(-0.04012267,-1.73472347597681E-18,0.2));
#2169=CARTESIAN_POINT('',(-0.04012267,0.02,0.2));
#2170=CARTESIAN_POINT('',(-0.04012267,0.02,0.1));
#2171=CARTESIAN_POINT('',(-0.04012267,0.02,0.083));
#2172=CARTESIAN_POINT('',(-0.04012267,-1.73472347597681E-18,0.083));
#2173=CARTESIAN_POINT('',(-0.04012267,0.1,0.1));
#2174=CARTESIAN_POINT('',(-0.04012267,-1.73472347597681E-18,0.2));
#2175=CARTESIAN_POINT('',(-0.04012267,-1.73472347597681E-18,-0.083));
#2176=CARTESIAN_POINT('',(-0.04012267,0.02,-0.083));
#2177=CARTESIAN_POINT('',(-0.04012267,0.02,0.2));
#2178=CARTESIAN_POINT('',(-0.04012267,0.02,-0.1));
#2179=CARTESIAN_POINT('',(-0.04012267,0.1,-0.1));
#2180=CARTESIAN_POINT('',(0.04012267,0.02,0.2));
#2181=CARTESIAN_POINT('',(0.04012267,0.02,0.083));
#2182=CARTESIAN_POINT('',(0.04012267,0.02,0.083));
#2183=CARTESIAN_POINT('',(0.04012267,0.02,0.2));
#2184=CARTESIAN_POINT('',(0.04012267,0.02,0.1));
#2185=CARTESIAN_POINT('',(0.04012267,0.1,0.1));
#2186=CARTESIAN_POINT('',(0.04012267,0.02,0.2));
#2187=CARTESIAN_POINT('',(0.04012267,0.02,0.2));
#2188=CARTESIAN_POINT('',(0.04012267,0.02,-0.083));
#2189=CARTESIAN_POINT('',(0.04012267,0.02,-0.1));
#2190=CARTESIAN_POINT('',(0.04012267,0.02,-0.083));
#2191=CARTESIAN_POINT('',(0.04012267,0.1,-0.1));
#2192=CARTESIAN_POINT('',(-0.02312267,0.02,0.2));
#2193=CARTESIAN_POINT('',(-0.02312267,0.02,0.083));
#2194=CARTESIAN_POINT('',(-0.02312267,0.02,0.083));
#2195=CARTESIAN_POINT('',(-0.02312267,0.02,0.2));
#2196=CARTESIAN_POINT('',(-0.02312267,0.02,0.1));
#2197=CARTESIAN_POINT('',(-0.02312267,0.1,0.1));
#2198=CARTESIAN_POINT('',(-0.02312267,0.02,0.2));
#2199=CARTESIAN_POINT('',(-0.02312267,0.02,0.2));
#2200=CARTESIAN_POINT('',(-0.02312267,0.02,-0.083));
#2201=CARTESIAN_POINT('',(-0.02312267,0.02,-0.1));
#2202=CARTESIAN_POINT('',(-0.02312267,0.02,-0.083));
#2203=CARTESIAN_POINT('',(-0.02312267,0.1,-0.1));
#2204=CARTESIAN_POINT('',(0.02312268,-0.01,0.2));
#2205=CARTESIAN_POINT('',(0.02312268,0.02,0.2));
#2206=CARTESIAN_POINT('',(0.02312268,0.02,0.1));
#2207=CARTESIAN_POINT('',(0.02312268,0.02,0.083));
#2208=CARTESIAN_POINT('',(0.02312268,-0.01,0.083));
#2209=CARTESIAN_POINT('',(0.02312268,0.1,0.1));
#2210=CARTESIAN_POINT('',(0.02312268,-0.01,0.2));
#2211=CARTESIAN_POINT('',(0.02312268,-0.01,-0.083));
#2212=CARTESIAN_POINT('',(0.02312268,0.02,-0.083));
#2213=CARTESIAN_POINT('',(0.02312268,0.02,0.2));
#2214=CARTESIAN_POINT('',(0.02312268,0.02,-0.1));
#2215=CARTESIAN_POINT('',(0.02312268,0.1,-0.1));
#2216=CARTESIAN_POINT('',(0.05,0.1,-0.1));
#2217=CARTESIAN_POINT('',(0.05,0.02,-0.1));
#2218=CARTESIAN_POINT('',(-0.05,0.02,-0.1));
#2219=CARTESIAN_POINT('',(-0.05,0.1,-0.1));
#2220=CARTESIAN_POINT('',(-0.05,0.1,-0.1));
#2221=CARTESIAN_POINT('',(0.05,0.1,-0.1));
#2222=CARTESIAN_POINT('',(0.05,0.1,-0.1));
#2223=CARTESIAN_POINT('',(0.05,0.1,-0.1));
#2224=CARTESIAN_POINT('',(0.05,0.02,-0.1));
#2225=CARTESIAN_POINT('',(0.05,0.02,-0.1));
#2226=CARTESIAN_POINT('',(0.05,0.02,-0.1));
#2227=CARTESIAN_POINT('',(-0.05,0.1,0.1));
#2228=CARTESIAN_POINT('',(-0.05,0.02,0.1));
#2229=CARTESIAN_POINT('',(-0.05,0.02,0.1));
#2230=CARTESIAN_POINT('',(0.05,0.02,0.1));
#2231=CARTESIAN_POINT('',(0.05,0.1,0.1));
#2232=CARTESIAN_POINT('',(0.05,0.1,0.1));
#2233=CARTESIAN_POINT('',(-0.05,0.1,0.1));
#2234=CARTESIAN_POINT('',(-0.05,0.1,0.1));
#2235=CARTESIAN_POINT('',(-0.05,0.1,0.1));
#2236=CARTESIAN_POINT('',(-0.05,0.02,0.1));
#2237=CARTESIAN_POINT('',(-0.05,0.02,0.1));
#2238=CARTESIAN_POINT('',(0.0125,0.1,0.0375));
#2239=CARTESIAN_POINT('',(-0.0125,0.1,0.0375));
#2240=CARTESIAN_POINT('',(-0.0125,0.1,0.0375));
#2241=CARTESIAN_POINT('',(-0.0125,0.02,0.0375));
#2242=CARTESIAN_POINT('',(0.0125,0.02,0.0375));
#2243=CARTESIAN_POINT('',(0.0125,0.02,0.0375));
#2244=CARTESIAN_POINT('',(0.0125,0.1,0.0375));
#2245=CARTESIAN_POINT('',(0.0125,0.1,0.0375));
#2246=CARTESIAN_POINT('',(0.0125,0.1,0.0375));
#2247=CARTESIAN_POINT('',(0.0125,0.1,0.0625));
#2248=CARTESIAN_POINT('',(0.0125,0.02,0.0625));
#2249=CARTESIAN_POINT('',(0.0125,0.02,0.0625));
#2250=CARTESIAN_POINT('',(0.0125,0.1,0.0625));
#2251=CARTESIAN_POINT('',(0.0125,0.1,0.0625));
#2252=CARTESIAN_POINT('',(0.0125,0.1,0.0625));
#2253=CARTESIAN_POINT('',(-0.0125,0.1,0.0625));
#2254=CARTESIAN_POINT('',(-0.0125,0.02,0.0625));
#2255=CARTESIAN_POINT('',(-0.0125,0.02,0.0625));
#2256=CARTESIAN_POINT('',(-0.0125,0.1,0.0625));
#2257=CARTESIAN_POINT('',(-0.0125,0.1,0.0625));
#2258=CARTESIAN_POINT('',(-0.0125,0.1,0.0625));
#2259=CARTESIAN_POINT('',(0.0125,0.1,-0.0625));
#2260=CARTESIAN_POINT('',(-0.0125,0.1,-0.0625));
#2261=CARTESIAN_POINT('',(-0.0125,0.1,-0.0625));
#2262=CARTESIAN_POINT('',(-0.0125,0.02,-0.0625));
#2263=CARTESIAN_POINT('',(0.0125,0.02,-0.0625));
#2264=CARTESIAN_POINT('',(0.0125,0.02,-0.0625));
#2265=CARTESIAN_POINT('',(0.0125,0.1,-0.0625));
#2266=CARTESIAN_POINT('',(0.0125,0.1,-0.0625));
#2267=CARTESIAN_POINT('',(0.0125,0.1,-0.0625));
#2268=CARTESIAN_POINT('',(0.0125,0.1,-0.0375));
#2269=CARTESIAN_POINT('',(0.0125,0.02,-0.0375));
#2270=CARTESIAN_POINT('',(0.0125,0.02,-0.0375));
#2271=CARTESIAN_POINT('',(0.0125,0.1,-0.0375));
#2272=CARTESIAN_POINT('',(0.0125,0.1,-0.0375));
#2273=CARTESIAN_POINT('',(0.0125,0.1,-0.0375));
#2274=CARTESIAN_POINT('',(-0.0125,0.1,-0.0375));
#2275=CARTESIAN_POINT('',(-0.0125,0.02,-0.0375));
#2276=CARTESIAN_POINT('',(-0.0125,0.02,-0.0375));
#2277=CARTESIAN_POINT('',(-0.0125,0.1,-0.0375));
#2278=CARTESIAN_POINT('',(-0.0125,0.1,-0.0375));
#2279=CARTESIAN_POINT('',(-0.0125,0.1,-0.0375));
#2280=CARTESIAN_POINT('',(-0.0125,0.1,0.0375));
#2281=CARTESIAN_POINT('',(-0.0125,0.02,0.0375));
#2282=CARTESIAN_POINT('',(-0.0125,0.1,0.0375));
#2283=CARTESIAN_POINT('',(-0.0125,0.1,-0.0625));
#2284=CARTESIAN_POINT('',(-0.0125,0.02,-0.0625));
#2285=CARTESIAN_POINT('',(-0.0125,0.1,-0.0625));
#2286=CARTESIAN_POINT('',(-0.05,0.1,-0.1));
#2287=CARTESIAN_POINT('',(-0.05,0.02,-0.1));
#2288=CARTESIAN_POINT('',(-0.05,0.1,-0.1));
#2289=CARTESIAN_POINT('',(0.05,0.1,0.1));
#2290=CARTESIAN_POINT('',(0.05,0.02,0.1));
#2291=CARTESIAN_POINT('',(0.05,0.1,0.1));
#2292=CARTESIAN_POINT('',(0.,0.1,0.));
#2293=CARTESIAN_POINT('',(-0.04012267,0.02,0.2));
#2294=CARTESIAN_POINT('',(0.1,0.02,-0.083));
#2295=CARTESIAN_POINT('',(0.1,0.02,-0.083));
#2296=CARTESIAN_POINT('',(0.1,0.02,0.083));
#2297=CARTESIAN_POINT('',(0.1,0.02,0.083));
#2298=CARTESIAN_POINT('',(0.1,-0.01,-0.083));
#2299=CARTESIAN_POINT('',(0.1,0.02,0.083));
#2300=CARTESIAN_POINT('',(0.1,0.02,0.083));
#2301=CARTESIAN_POINT('',(0.1,-0.01,-0.083));
#2302=CARTESIAN_POINT('',(0.,0.,0.));
#2303=CARTESIAN_POINT('',(0.,0.,-0.0625));
#2304=CARTESIAN_POINT('',(0.1,0.012,-0.0625));
#2305=CARTESIAN_POINT('',(0.0124999999999999,0.012,-0.0625));
#2306=CARTESIAN_POINT('',(-0.0124999999999999,0.012,-0.0625));
#2307=CARTESIAN_POINT('',(-0.0125,0.445,-0.0625));
#2308=CARTESIAN_POINT('',(-0.0125,0.0649999999999999,-0.0625));
#2309=CARTESIAN_POINT('',(0.0125,0.0649999999999999,-0.0625));
#2310=CARTESIAN_POINT('',(0.0125,0.0649999999999999,-0.0625));
#2311=CARTESIAN_POINT('',(0.0125,0.,-0.0625));
#2312=CARTESIAN_POINT('',(0.1,-0.28,-0.0375));
#2313=CARTESIAN_POINT('',(-0.0125,0.445,-0.0375));
#2314=CARTESIAN_POINT('',(-0.0125,0.0655000000000002,-0.0375));
#2315=CARTESIAN_POINT('',(-0.0124999999999999,0.012,-0.0375));
#2316=CARTESIAN_POINT('',(0.1,0.012,-0.0375000000000002));
#2317=CARTESIAN_POINT('',(0.0124999999999999,0.012,-0.0375000000000002));
#2318=CARTESIAN_POINT('',(0.0125,0.,-0.0375));
#2319=CARTESIAN_POINT('',(0.0125,0.0655000000000002,-0.0375));
#2320=CARTESIAN_POINT('',(0.0125,0.0655000000000002,-0.0375));
#2321=CARTESIAN_POINT('',(0.,0.,0.0625));
#2322=CARTESIAN_POINT('',(-0.0125,0.445,0.0625));
#2323=CARTESIAN_POINT('',(-0.0125,0.0650000000000001,0.0625));
#2324=CARTESIAN_POINT('',(-0.0124999999999999,0.012,0.0625));
#2325=CARTESIAN_POINT('',(0.1,0.012,0.0625));
#2326=CARTESIAN_POINT('',(0.0124999999999999,0.012,0.0625));
#2327=CARTESIAN_POINT('',(0.0125,0.,0.0625));
#2328=CARTESIAN_POINT('',(0.0125,0.065,0.0625));
#2329=CARTESIAN_POINT('',(0.0125,0.065,0.0625));
#2330=CARTESIAN_POINT('',(0.1,0.165,0.0375));
#2331=CARTESIAN_POINT('',(0.0125,0.,0.0375));
#2332=CARTESIAN_POINT('',(0.0125,0.0655,0.0375));
#2333=CARTESIAN_POINT('',(0.0124999999999999,0.012,0.0374999999999999));
#2334=CARTESIAN_POINT('',(0.1,0.012,0.0374999999999999));
#2335=CARTESIAN_POINT('',(-0.0124999999999999,0.012,0.0374999999999999));
#2336=CARTESIAN_POINT('',(-0.0125,0.445,0.0375));
#2337=CARTESIAN_POINT('',(-0.0125,0.0655,0.0375));
#2338=CARTESIAN_POINT('',(0.0125,0.0655,0.0375));
#2339=CARTESIAN_POINT('',(-0.0125,0.,0.0625));
#2340=CARTESIAN_POINT('',(0.1,0.,0.0555717967697244));
#2341=CARTESIAN_POINT('',(0.00557179676972432,0.,0.0555717967697244));
#2342=CARTESIAN_POINT('',(-0.00557179676972454,0.,0.0555717967697244));
#2343=CARTESIAN_POINT('',(-0.00557179676972454,0.,0.2));
#2344=CARTESIAN_POINT('',(-0.00557179676972454,0.,0.0444282032302755));
#2345=CARTESIAN_POINT('',(0.1,-2.13425624505021E-18,0.0444282032302755));
#2346=CARTESIAN_POINT('',(0.00557179676972432,-2.13425624505021E-18,0.0444282032302755));
#2347=CARTESIAN_POINT('',(0.00557179676972432,0.,0.2));
#2348=CARTESIAN_POINT('',(-0.0125,0.,0.0625));
#2349=CARTESIAN_POINT('',(0.1,-2.13425624505021E-18,-0.0555717967697244));
#2350=CARTESIAN_POINT('',(0.00557179676972432,-2.13425624505021E-18,-0.0555717967697244));
#2351=CARTESIAN_POINT('',(-0.00557179676972454,0.,-0.0555717967697244));
#2352=CARTESIAN_POINT('',(0.00557179676972432,0.,0.0625));
#2353=CARTESIAN_POINT('',(0.00557179676972431,-2.56110749406025E-17,-0.0444282032302753));
#2354=CARTESIAN_POINT('',(0.1,0.,-0.0444282032302753));
#2355=CARTESIAN_POINT('',(-0.00557179676972452,-8.53702498020082E-18,-0.0444282032302753));
#2356=CARTESIAN_POINT('',(-0.00557179676972454,0.,0.0625));
#2357=CARTESIAN_POINT('',(0.0124999999999999,0.012,0.2));
#2358=CARTESIAN_POINT('',(-0.0400000000000006,-0.0789326673973662,-0.00999999999999948));
#2359=CARTESIAN_POINT('',(0.0124999999999999,0.012,0.2));
#2360=CARTESIAN_POINT('',(0.0599999999999986,0.0942724133595188,0.00999999999999559));
#2361=CARTESIAN_POINT('',(-0.00557179676972454,0.,0.2));
#2362=CARTESIAN_POINT('',(-0.0124999999999999,0.012,0.2));
#2363=CARTESIAN_POINT('',(0.0455425625842199,-0.0885326673973673,-0.00445743741577839));
#2364=CARTESIAN_POINT('',(-0.0544574374157773,0.0846724133595196,0.0044574374157759));
#2365=CARTESIAN_POINT('',(0.0124999999999999,0.012,0.2));
#2366=CARTESIAN_POINT('',(0.0124999999999999,0.012,0.2));
#2367=CARTESIAN_POINT('',(0.0400000000000002,0.0596313972081443,0.0900000000000003));
#2368=CARTESIAN_POINT('',(-0.0200000000000004,-0.0442916512459886,0.0700000000000002));
#2369=CARTESIAN_POINT('',(-0.00557179676972454,0.,0.2));
#2370=CARTESIAN_POINT('',(-0.0344574374157794,0.0500313972081449,0.0844574374157802));
#2371=CARTESIAN_POINT('',(-0.0124999999999999,0.012,0.2));
#2372=CARTESIAN_POINT('',(0.0255425625842201,-0.0538916512459893,0.0755425625842211));
#2373=CARTESIAN_POINT('',(0.0125,0.,0.0625));
#2374=CARTESIAN_POINT('',(0.0125,0.0749999999999999,-0.0465));
#2375=CARTESIAN_POINT('',(0.0125,0.0749999999999999,-0.0465));
#2376=CARTESIAN_POINT('',(0.0125,0.0849999999999999,-0.0625));
#2377=CARTESIAN_POINT('',(0.0125,0.0849999999999999,-0.0625));
#2378=CARTESIAN_POINT('',(0.0125,0.,-0.0625));
#2379=CARTESIAN_POINT('',(0.0125,0.165,-0.0625));
#2380=CARTESIAN_POINT('',(0.0125,0.165,0.0625));
#2381=CARTESIAN_POINT('',(0.0125,0.165,-0.0375));
#2382=CARTESIAN_POINT('',(0.0125,0.,-0.0375));
#2383=CARTESIAN_POINT('',(0.0125,0.0845000000000001,-0.0375));
#2384=CARTESIAN_POINT('',(0.0125,0.0845,-0.0375));
#2385=CARTESIAN_POINT('',(0.0125,0.0779999997418264,-0.0295));
#2386=CARTESIAN_POINT('',(0.0125,0.0779999997418264,-0.0295));
#2387=CARTESIAN_POINT('',(0.0125,0.0720000002581738,-0.0295));
#2388=CARTESIAN_POINT('',(0.0125,0.0720000002581738,-0.0295));
#2389=CARTESIAN_POINT('',(-0.0125,0.445,0.0625));
#2390=CARTESIAN_POINT('',(-0.0125,0.0720000002581738,-0.0295));
#2391=CARTESIAN_POINT('',(-0.0125,0.0720000002581738,-0.0295));
#2392=CARTESIAN_POINT('',(-0.0125,0.0779999997418264,-0.0295));
#2393=CARTESIAN_POINT('',(-0.0125,0.0779999997418264,-0.0295));
#2394=CARTESIAN_POINT('',(-0.0125,0.0845,-0.0375));
#2395=CARTESIAN_POINT('',(-0.0125,0.0845000000000001,-0.0375));
#2396=CARTESIAN_POINT('',(-0.0125,0.445,-0.0375));
#2397=CARTESIAN_POINT('',(-0.0125,0.165,-0.0375));
#2398=CARTESIAN_POINT('',(-0.0125,0.165,0.0625));
#2399=CARTESIAN_POINT('',(-0.0125,0.165,-0.0625));
#2400=CARTESIAN_POINT('',(-0.0125,0.445,-0.0625));
#2401=CARTESIAN_POINT('',(-0.0125,0.0849999999999999,-0.0625));
#2402=CARTESIAN_POINT('',(-0.0125,0.0849999999999999,-0.0625));
#2403=CARTESIAN_POINT('',(-0.0125,0.0749999999999999,-0.0465));
#2404=CARTESIAN_POINT('',(-0.0125,0.0749999999999999,-0.0465));
#2405=CARTESIAN_POINT('',(0.0125,0.,0.0625));
#2406=CARTESIAN_POINT('',(0.0125,0.0655,0.0375));
#2407=CARTESIAN_POINT('',(0.0125,0.0720000002581737,0.0295));
#2408=CARTESIAN_POINT('',(0.0125,0.0720000002581737,0.0295));
#2409=CARTESIAN_POINT('',(0.0125,0.0779999997418263,0.0295));
#2410=CARTESIAN_POINT('',(0.0125,0.0779999997418263,0.0295));
#2411=CARTESIAN_POINT('',(0.0125,0.0845,0.0375));
#2412=CARTESIAN_POINT('',(0.0125,0.,0.0375));
#2413=CARTESIAN_POINT('',(0.0125,0.165,0.0375));
#2414=CARTESIAN_POINT('',(0.0125,0.165,0.0625));
#2415=CARTESIAN_POINT('',(0.0125,0.165,0.0625));
#2416=CARTESIAN_POINT('',(0.0125,0.,0.0625));
#2417=CARTESIAN_POINT('',(0.0125,0.085,0.0625));
#2418=CARTESIAN_POINT('',(0.0125,0.075,0.0465));
#2419=CARTESIAN_POINT('',(0.0125,0.075,0.0465));
#2420=CARTESIAN_POINT('',(0.0125,0.065,0.0625));
#2421=CARTESIAN_POINT('',(-0.0125,0.445,0.0625));
#2422=CARTESIAN_POINT('',(-0.0125,0.065,0.0625));
#2423=CARTESIAN_POINT('',(-0.0125,0.075,0.0465));
#2424=CARTESIAN_POINT('',(-0.0125,0.075,0.0465));
#2425=CARTESIAN_POINT('',(-0.0125,0.085,0.0625));
#2426=CARTESIAN_POINT('',(-0.0125,0.445,0.0625));
#2427=CARTESIAN_POINT('',(-0.0125,0.165,0.0625));
#2428=CARTESIAN_POINT('',(-0.0125,0.165,0.0625));
#2429=CARTESIAN_POINT('',(-0.0125,0.165,0.0375));
#2430=CARTESIAN_POINT('',(-0.0125,0.445,0.0375));
#2431=CARTESIAN_POINT('',(-0.0125,0.0845,0.0375));
#2432=CARTESIAN_POINT('',(-0.0125,0.0779999997418263,0.0295));
#2433=CARTESIAN_POINT('',(-0.0125,0.0779999997418263,0.0295));
#2434=CARTESIAN_POINT('',(-0.0125,0.0720000002581737,0.0295));
#2435=CARTESIAN_POINT('',(-0.0125,0.0720000002581737,0.0295));
#2436=CARTESIAN_POINT('',(-0.0125,0.0655,0.0375));
#2437=CARTESIAN_POINT('',(0.0125,0.445,0.0625));
#2438=CARTESIAN_POINT('',(0.1,0.445,0.0555717967697245));
#2439=CARTESIAN_POINT('',(0.00557179676972451,0.445,0.0555717967697245));
#2440=CARTESIAN_POINT('',(-0.00557179676972451,0.445,0.0555717967697245));
#2441=CARTESIAN_POINT('',(0.0055717967697245,0.445,0.2));
#2442=CARTESIAN_POINT('',(0.00557179676972452,0.445,0.0444282032302755));
#2443=CARTESIAN_POINT('',(0.1,0.445,0.0444282032302755));
#2444=CARTESIAN_POINT('',(-0.00557179676972449,0.445,0.0444282032302755));
#2445=CARTESIAN_POINT('',(-0.00557179676972451,0.445,0.2));
#2446=CARTESIAN_POINT('',(0.0125,0.445,0.0625));
#2447=CARTESIAN_POINT('',(0.1,0.445,-0.0444282032302755));
#2448=CARTESIAN_POINT('',(0.00557179676972451,0.445,-0.0444282032302755));
#2449=CARTESIAN_POINT('',(-0.00557179676972451,0.445,-0.0444282032302755));
#2450=CARTESIAN_POINT('',(0.0055717967697245,0.445,0.2));
#2451=CARTESIAN_POINT('',(0.00557179676972448,0.445,-0.0555717967697245));
#2452=CARTESIAN_POINT('',(0.1,0.445,-0.0555717967697245));
#2453=CARTESIAN_POINT('',(-0.00557179676972451,0.445,-0.0555717967697245));
#2454=CARTESIAN_POINT('',(-0.00557179676972451,0.445,0.2));
#2455=CARTESIAN_POINT('',(0.,0.,0.0625));
#2456=CARTESIAN_POINT('',(0.0125,0.,0.0625));
#2457=CARTESIAN_POINT('',(0.0125,0.17,0.0625));
#2458=CARTESIAN_POINT('',(0.0125,0.433,0.0625));
#2459=CARTESIAN_POINT('',(0.1,0.433,0.0625));
#2460=CARTESIAN_POINT('',(-0.0125,0.433,0.0625));
#2461=CARTESIAN_POINT('',(-0.0125,0.445,0.0625));
#2462=CARTESIAN_POINT('',(-0.0125,0.17,0.0625));
#2463=CARTESIAN_POINT('',(0.,0.17,0.0625));
#2464=CARTESIAN_POINT('',(0.,0.,-0.0625));
#2465=CARTESIAN_POINT('',(0.1,0.433,-0.0625));
#2466=CARTESIAN_POINT('',(0.0125,0.433,-0.0625));
#2467=CARTESIAN_POINT('',(-0.0125,0.433,-0.0625));
#2468=CARTESIAN_POINT('',(0.0125,0.,-0.0625));
#2469=CARTESIAN_POINT('',(0.0125,0.17,-0.0625));
#2470=CARTESIAN_POINT('',(0.,0.17,-0.0625));
#2471=CARTESIAN_POINT('',(-0.0125,0.17,-0.0625));
#2472=CARTESIAN_POINT('',(-0.0125,0.445,-0.0625));
#2473=CARTESIAN_POINT('',(0.1,0.615,0.0375));
#2474=CARTESIAN_POINT('',(-0.0125,0.445,0.0375));
#2475=CARTESIAN_POINT('',(-0.0125,0.17,0.0375));
#2476=CARTESIAN_POINT('',(-0.0125,0.433,0.0375));
#2477=CARTESIAN_POINT('',(0.1,0.433,0.0375));
#2478=CARTESIAN_POINT('',(0.0125,0.433,0.0375));
#2479=CARTESIAN_POINT('',(0.0125,0.,0.0375));
#2480=CARTESIAN_POINT('',(0.0125,0.17,0.0375));
#2481=CARTESIAN_POINT('',(0.1,0.17,0.0375));
#2482=CARTESIAN_POINT('',(0.1,0.17,-0.0375));
#2483=CARTESIAN_POINT('',(0.0125,0.,-0.0375));
#2484=CARTESIAN_POINT('',(0.0125,0.17,-0.0375));
#2485=CARTESIAN_POINT('',(0.0125,0.433,-0.0375));
#2486=CARTESIAN_POINT('',(0.1,0.433,-0.0375));
#2487=CARTESIAN_POINT('',(-0.0125,0.433,-0.0375));
#2488=CARTESIAN_POINT('',(-0.0125,0.445,-0.0375));
#2489=CARTESIAN_POINT('',(-0.0125,0.17,-0.0375));
#2490=CARTESIAN_POINT('',(0.1,0.17,-0.0375));
#2491=CARTESIAN_POINT('',(0.0055717967697245,0.445,0.2));
#2492=CARTESIAN_POINT('',(0.0544574374157794,0.360327586640478,0.00445743741577942));
#2493=CARTESIAN_POINT('',(0.0125,0.433,0.2));
#2494=CARTESIAN_POINT('',(-0.0455425625842202,0.533532667397366,-0.00445743741577969));
#2495=CARTESIAN_POINT('',(-0.0125,0.433,0.2));
#2496=CARTESIAN_POINT('',(-0.0125,0.433,0.2));
#2497=CARTESIAN_POINT('',(-0.0599999999999998,0.350727586640478,0.00999999999999986));
#2498=CARTESIAN_POINT('',(0.0399999999999998,0.523932667397366,-0.0100000000000001));
#2499=CARTESIAN_POINT('',(0.0055717967697245,0.445,0.2));
#2500=CARTESIAN_POINT('',(0.0344574374157795,0.394968602791856,0.0844574374157795));
#2501=CARTESIAN_POINT('',(0.0125,0.433,0.2));
#2502=CARTESIAN_POINT('',(-0.0255425625842203,0.498891651245989,0.0755425625842204));
#2503=CARTESIAN_POINT('',(-0.0125,0.433,0.2));
#2504=CARTESIAN_POINT('',(-0.0125,0.433,0.2));
#2505=CARTESIAN_POINT('',(-0.0399999999999999,0.385368602791856,0.0899999999999999));
#2506=CARTESIAN_POINT('',(0.0199999999999999,0.489291651245989,0.07));
#2507=CARTESIAN_POINT('',(-0.0125,0.445,0.0625));
#2508=CARTESIAN_POINT('',(-0.0125,0.17,0.0625));
#2509=CARTESIAN_POINT('',(-0.0125,0.445,0.0625));
#2510=CARTESIAN_POINT('',(-0.0125,0.17,0.0625));
#2511=CARTESIAN_POINT('',(0.0125,0.,0.0625));
#2512=CARTESIAN_POINT('',(0.0125,0.17,0.0625));
#2513=CARTESIAN_POINT('',(0.0125,0.,0.0625));
#2514=CARTESIAN_POINT('',(0.0125,0.17,0.0625));
#2515=CARTESIAN_POINT('',(0.,0.,-0.0625));
#2516=CARTESIAN_POINT('',(0.0125,0.0849999999999999,-0.0625));
#2517=CARTESIAN_POINT('',(0.,0.165,-0.0625));
#2518=CARTESIAN_POINT('',(0.1,-0.28,-0.0375));
#2519=CARTESIAN_POINT('',(0.0125,0.0845,-0.0375));
#2520=CARTESIAN_POINT('',(0.1,0.165,-0.0375));
#2521=CARTESIAN_POINT('',(0.,0.,0.0625));
#2522=CARTESIAN_POINT('',(0.0125,0.085,0.0625));
#2523=CARTESIAN_POINT('',(0.,0.165,0.0625));
#2524=CARTESIAN_POINT('',(0.1,0.165,0.0375));
#2525=CARTESIAN_POINT('',(0.0125,0.0845,0.0375));
#2526=CARTESIAN_POINT('',(0.1,0.165,0.0375));
#2527=CARTESIAN_POINT('',(0.0175,0.17,-0.0675));
#2528=CARTESIAN_POINT('',(-0.0175,0.17,-0.0675));
#2529=CARTESIAN_POINT('',(-0.0175,0.17,-0.0675));
#2530=CARTESIAN_POINT('',(-0.0175,0.17,0.0675));
#2531=CARTESIAN_POINT('',(0.0175,0.17,0.0675));
#2532=CARTESIAN_POINT('',(0.0175,0.17,0.0675));
#2533=CARTESIAN_POINT('',(0.0175,0.17,-0.0675));
#2534=CARTESIAN_POINT('',(0.0175,0.17,-0.0675));
#2535=CARTESIAN_POINT('',(0.0175,0.17,-0.0675));
#2536=CARTESIAN_POINT('',(0.0175,0.17,0.0675));
#2537=CARTESIAN_POINT('',(-0.0175,0.17,0.0675));
#2538=CARTESIAN_POINT('',(-0.0175,0.165,0.0675));
#2539=CARTESIAN_POINT('',(0.0175,0.165,0.0675));
#2540=CARTESIAN_POINT('',(0.0175,0.165,0.0675));
#2541=CARTESIAN_POINT('',(0.0175,0.17,0.0675));
#2542=CARTESIAN_POINT('',(0.0175,0.165,0.0675));
#2543=CARTESIAN_POINT('',(-0.0175,0.165,0.0675));
#2544=CARTESIAN_POINT('',(-0.0175,0.165,-0.0675));
#2545=CARTESIAN_POINT('',(0.0175,0.165,-0.0675));
#2546=CARTESIAN_POINT('',(0.0175,0.165,-0.0675));
#2547=CARTESIAN_POINT('',(0.0175,0.165,0.0675));
#2548=CARTESIAN_POINT('',(0.0175,0.165,-0.0675));
#2549=CARTESIAN_POINT('',(-0.0175,0.165,-0.0675));
#2550=CARTESIAN_POINT('',(0.0175,0.165,-0.0675));
#2551=CARTESIAN_POINT('',(0.0175,0.,0.));
#2552=CARTESIAN_POINT('',(-0.0175,0.,0.));
#2553=CARTESIAN_POINT('',(0.0125,0.0655,0.0375));
#2554=CARTESIAN_POINT('',(0.0125,0.0720000002581737,0.0295));
#2555=CARTESIAN_POINT('',(0.0125,0.0720000002581737,0.0295));
#2556=CARTESIAN_POINT('',(0.0125,0.0779999997418263,0.0295));
#2557=CARTESIAN_POINT('',(0.0125,0.0779999997418263,0.0295));
#2558=CARTESIAN_POINT('',(0.0125,0.075,0.0465));
#2559=CARTESIAN_POINT('',(0.0125,0.075,0.0465));
#2560=CARTESIAN_POINT('',(0.0125,0.065,0.0625));
#2561=CARTESIAN_POINT('',(0.0125,0.0845,-0.0375));
#2562=CARTESIAN_POINT('',(0.0125,0.0779999997418264,-0.0295));
#2563=CARTESIAN_POINT('',(0.0125,0.0779999997418264,-0.0295));
#2564=CARTESIAN_POINT('',(0.0125,0.0720000002581738,-0.0295));
#2565=CARTESIAN_POINT('',(0.0125,0.0720000002581738,-0.0295));
#2566=CARTESIAN_POINT('',(0.0125,0.0849999999999999,-0.0625));
#2567=CARTESIAN_POINT('',(0.0125,0.0749999999999999,-0.0465));
#2568=CARTESIAN_POINT('',(0.0125,0.0749999999999999,-0.0465));
#2569=CARTESIAN_POINT('',(0.1,0.445,0.0444282032302755));
#2570=CARTESIAN_POINT('',(0.1,0.433,0.0625));
#2571=CARTESIAN_POINT('',(0.1,0.445,-0.0555717967697245));
#2572=CARTESIAN_POINT('',(0.1,0.433,-0.0375));
#2573=CARTESIAN_POINT('',(0.1,0.012,0.0375));
#2574=CARTESIAN_POINT('',(0.1,0.,0.0555717967697244));
#2575=CARTESIAN_POINT('',(0.1,0.,-0.0444282032302753));
#2576=CARTESIAN_POINT('',(0.1,0.012,-0.0625));
#2577=CARTESIAN_POINT('',(0.,-0.115,0.));
#2578=MECHANICAL_DESIGN_GEOMETRIC_PRESENTATION_REPRESENTATION('',(#1623,
#1624),#2579);
#2579=(
GEOMETRIC_REPRESENTATION_CONTEXT(3)
GLOBAL_UNCERTAINTY_ASSIGNED_CONTEXT((#2582))
GLOBAL_UNIT_ASSIGNED_CONTEXT((#2587,#2586,#2585))
REPRESENTATION_CONTEXT('TSW-101-23-S-D-LL','TOP_LEVEL_ASSEMBLY_PART')
);
#2580=(
GEOMETRIC_REPRESENTATION_CONTEXT(3)
GLOBAL_UNCERTAINTY_ASSIGNED_CONTEXT((#2583))
GLOBAL_UNIT_ASSIGNED_CONTEXT((#2587,#2586,#2585))
REPRESENTATION_CONTEXT('TSW-101-23-S-D-LL_body','COMPONENT_PART')
);
#2581=(
GEOMETRIC_REPRESENTATION_CONTEXT(3)
GLOBAL_UNCERTAINTY_ASSIGNED_CONTEXT((#2584))
GLOBAL_UNIT_ASSIGNED_CONTEXT((#2587,#2586,#2585))
REPRESENTATION_CONTEXT('T-1S6-16-TSW-1-23-1-D-LL','COMPONENT_PART')
);
#2582=UNCERTAINTY_MEASURE_WITH_UNIT(LENGTH_MEASURE(0.000196850393700787),
#2587,'DISTANCE_ACCURACY_VALUE','Maximum Tolerance applied to model');
#2583=UNCERTAINTY_MEASURE_WITH_UNIT(LENGTH_MEASURE(0.000196850393700787),
#2587,'DISTANCE_ACCURACY_VALUE','Maximum Tolerance applied to model');
#2584=UNCERTAINTY_MEASURE_WITH_UNIT(LENGTH_MEASURE(0.000196850393700787),
#2587,'DISTANCE_ACCURACY_VALUE','Maximum Tolerance applied to model');
#2585=(
NAMED_UNIT(*)
SI_UNIT($,.STERADIAN.)
SOLID_ANGLE_UNIT()
);
#2586=(
NAMED_UNIT(*)
PLANE_ANGLE_UNIT()
SI_UNIT($,.RADIAN.)
);
#2587=(
CONVERSION_BASED_UNIT('INCH',#2589)
LENGTH_UNIT()
NAMED_UNIT(#2588)
);
#2588=DIMENSIONAL_EXPONENTS(1.,0.,0.,0.,0.,0.,0.);
#2589=LENGTH_MEASURE_WITH_UNIT(LENGTH_MEASURE(25.4),#2590);
#2590=(
LENGTH_UNIT()
NAMED_UNIT(*)
SI_UNIT(.MILLI.,.METRE.)
);
#2591=PRODUCT_DEFINITION_SHAPE('','',#2596);
#2592=PRODUCT_DEFINITION_SHAPE('','',#2597);
#2593=PRODUCT_DEFINITION_SHAPE(' ','NAUO PRDDFN',#21);
#2594=PRODUCT_DEFINITION_SHAPE('','',#2598);
#2595=PRODUCT_DEFINITION_SHAPE(' ','NAUO PRDDFN',#22);
#2596=PRODUCT_DEFINITION('','',#2602,#2599);
#2597=PRODUCT_DEFINITION('','',#2603,#2600);
#2598=PRODUCT_DEFINITION('','',#2604,#2601);
#2599=PRODUCT_DEFINITION_CONTEXT('',#2618,'design');
#2600=PRODUCT_DEFINITION_CONTEXT('',#2618,'design');
#2601=PRODUCT_DEFINITION_CONTEXT('',#2618,'design');
#2602=PRODUCT_DEFINITION_FORMATION_WITH_SPECIFIED_SOURCE('','',#2608,
 .NOT_KNOWN.);
#2603=PRODUCT_DEFINITION_FORMATION_WITH_SPECIFIED_SOURCE('','',#2609,
 .NOT_KNOWN.);
#2604=PRODUCT_DEFINITION_FORMATION_WITH_SPECIFIED_SOURCE('','',#2610,
 .NOT_KNOWN.);
#2605=PRODUCT_RELATED_PRODUCT_CATEGORY('','',(#2608));
#2606=PRODUCT_RELATED_PRODUCT_CATEGORY('','',(#2609));
#2607=PRODUCT_RELATED_PRODUCT_CATEGORY('','',(#2610));
#2608=PRODUCT('TSW-101-23-S-D-LL','TSW-101-23-S-D-LL',
'TSW-101-23-S-D-LL',(#2614));
#2609=PRODUCT('TSW-101-23-S-D-LL_body','TSW-101-23-S-D-LL_body',
'TSW-101-23-S-D-LL_body',(#2615));
#2610=PRODUCT('T-1S6-16-TSW-1-23-1-D-LL','T-1S6-16-TSW-1-23-1-D-LL',
'T-1S6-16-TSW-1-23-1-D-LL',(#2616));
#2611=PRODUCT_CATEGORY('','');
#2612=PRODUCT_CATEGORY('','');
#2613=PRODUCT_CATEGORY('','');
#2614=PRODUCT_CONTEXT('',#2618,'mechanical');
#2615=PRODUCT_CONTEXT('',#2618,'mechanical');
#2616=PRODUCT_CONTEXT('',#2618,'mechanical');
#2617=APPLICATION_PROTOCOL_DEFINITION('international standard',
'automotive_design',2010,#2618);
#2618=APPLICATION_CONTEXT(
'core data for automotive mechanical design processes');
ENDSEC;
END-ISO-10303-21;
